additionalInfo/Acessibilidade/0/Assento com acessibilidade para pessoas em cadeira de rodas,additionalInfo/Acessibilidade/0/Banheiro com acessibilidade para pessoas em cadeira de rodas,additionalInfo/Acessibilidade/0/Entrada com acessibilidade para pessoas em cadeira de rodas,additionalInfo/Acessibilidade/0/Estacionamento com acessibilidade para pessoas em cadeira de rodas,additionalInfo/Acessibilidade/1/Assento com acessibilidade para pessoas em cadeira de rodas,additionalInfo/Acessibilidade/1/Banheiro com acessibilidade para pessoas em cadeira de rodas,additionalInfo/Acessibilidade/1/Entrada com acessibilidade para pessoas em cadeira de rodas,additionalInfo/Acessibilidade/1/Estacionamento com acessibilidade para pessoas em cadeira de rodas,additionalInfo/Acessibilidade/2/Banheiro com acessibilidade para pessoas em cadeira de rodas,additionalInfo/Acessibilidade/2/Estacionamento com acessibilidade para pessoas em cadeira de rodas,additionalInfo/Acessibilidade/3/Entrada com acessibilidade para pessoas em cadeira de rodas,additionalInfo/Ambiente/0/Aconchegante,additionalInfo/Ambiente/0/Casual,additionalInfo/Ambiente/1/Casual,additionalInfo/Comodidades/0/Banheiro,additionalInfo/Comodidades/0/Wi-Fi,additionalInfo/Comodidades/1/Bar no local,additionalInfo/Comodidades/1/Wi-Fi,additionalInfo/Comodidades/1/Wi-Fi gratuito,additionalInfo/Comodidades/1/Wi-Fi pago,additionalInfo/Comodidades/2/Banheiro,additionalInfo/Comodidades/2/Wi-Fi,additionalInfo/Comodidades/2/Wi-Fi gratuito,additionalInfo/Comodidades/3/Wi-Fi gratuito,additionalInfo/Destaques/0/Esportes,additionalInfo/Destaques/0/M?sica ao vivo,additionalInfo/Destaques/1/M?sica ao vivo,additionalInfo/Destaques/1/Shows ao vivo,additionalInfo/Destaques/2/?timos coquet?is,additionalInfo/Destaques/3/Shows ao vivo,additionalInfo/Estacionamento/0/Estacionamento descoberto gratuito,additionalInfo/Estacionamento/1/Estacionamento gratuito na rua,additionalInfo/Op??es de refei??o/0/Caf? da manh?,additionalInfo/Op??es de refei??o/0/Lugar para sentar,additionalInfo/Op??es de refei??o/0/Permite trazer comida de fora,additionalInfo/Op??es de servi?o/0/Compras na loja,additionalInfo/Op??es de servi?o/0/Entrega,additionalInfo/Op??es de servi?o/0/Entrega sem contato,additionalInfo/Op??es de servi?o/0/Para viagem,additionalInfo/Op??es de servi?o/0/Refei??o no local,additionalInfo/Op??es de servi?o/0/Retirada na loja,additionalInfo/Op??es de servi?o/0/Retirada na porta,additionalInfo/Op??es de servi?o/1/Compras na loja,additionalInfo/Op??es de servi?o/1/Drive-through,additionalInfo/Op??es de servi?o/1/Entrega,additionalInfo/Op??es de servi?o/1/Entrega no mesmo dia,additionalInfo/Op??es de servi?o/1/Entrega sem contato,additionalInfo/Op??es de servi?o/1/Refei??o no local,additionalInfo/Op??es de servi?o/1/Retirada na loja,additionalInfo/Op??es de servi?o/2/Compras na loja,additionalInfo/Op??es de servi?o/2/Drive-through,additionalInfo/Op??es de servi?o/2/Entrega,additionalInfo/Op??es de servi?o/2/Entrega no mesmo dia,additionalInfo/Op??es de servi?o/2/Para viagem,additionalInfo/Op??es de servi?o/2/Refei??o no local,additionalInfo/Op??es de servi?o/2/Retirada na loja,additionalInfo/Op??es de servi?o/3/Compras na loja,additionalInfo/Op??es de servi?o/3/Entrega,additionalInfo/Op??es de servi?o/3/Entrega no mesmo dia,additionalInfo/Op??es de servi?o/3/Para viagem,additionalInfo/Op??es de servi?o/3/Refei??o no local,additionalInfo/Op??es de servi?o/3/Retirada na loja,additionalInfo/Op??es de servi?o/4/Compras na loja,additionalInfo/Op??es de servi?o/4/Entrega,additionalInfo/Op??es de servi?o/4/Entrega no mesmo dia,additionalInfo/Op??es de servi?o/4/Refei??o no local,additionalInfo/Op??es de servi?o/5/Entrega no mesmo dia,additionalInfo/Op??es de servi?o/5/Para viagem,additionalInfo/Op??es de servi?o/6/Refei??o no local,additionalInfo/Op??es de servi?o/7/Entrega no mesmo dia,additionalInfo/Op??es no menu/0/Alimenta??o,additionalInfo/Op??es no menu/0/Alimentos preparados,additionalInfo/Op??es no menu/0/Bebidas alco?licas,additionalInfo/Op??es no menu/0/Diesel,additionalInfo/Op??es no menu/1/Bebidas alco?licas,additionalInfo/Op??es no menu/1/Bebidas destiladas,additionalInfo/Op??es no menu/2/Bebidas destiladas,additionalInfo/Op??es no menu/2/Caf?,additionalInfo/Op??es no menu/2/Cerveja,additionalInfo/Op??es no menu/3/Cerveja,additionalInfo/Op??es no menu/3/Dan?a,additionalInfo/Op??es no menu/4/Comida no bar,additionalInfo/Op??es no menu/4/Coquet?is,additionalInfo/Op??es no menu/4/Vinho,additionalInfo/Op??es no menu/5/Comida tarde da noite,additionalInfo/Op??es no menu/5/Coquet?is,additionalInfo/Op??es no menu/5/Por??es pequenas,additionalInfo/Op??es no menu/6/Por??es pequenas,additionalInfo/Op??es no menu/6/Vinho,additionalInfo/Pagamentos/0/Aceita somente dinheiro,additionalInfo/Pagamentos/0/Cart?es de cr?dito,additionalInfo/Pagamentos/0/Cart?es de d?bito,additionalInfo/Pagamentos/1/Cart?o de cr?dito,additionalInfo/Pagamentos/1/Cart?es de cr?dito,additionalInfo/Pagamentos/1/Cart?es de d?bito,additionalInfo/Pagamentos/1/Pagamentos por dispositivo m?vel via NFC,additionalInfo/Pagamentos/2/Cart?o de cr?dito,additionalInfo/Pagamentos/2/Cart?es de d?bito,additionalInfo/Pagamentos/2/Pagamentos por dispositivo m?vel via NFC,additionalInfo/Pagamentos/3/Cart?o de cr?dito,additionalInfo/Pagamentos/3/Pagamentos por dispositivo m?vel via NFC,additionalInfo/Pagamentos/4/Cart?o de cr?dito,additionalInfo/Planejamento/0/Aceita reservas,additionalInfo/Planejamento/0/Necess?rio fazer agendamento,additionalInfo/P?blico/0/Empresa que acolhe a comunidade LGBTQ+,additionalInfo/P?blico/0/Grupos,additionalInfo/P?blico/1/Espa?o seguro para pessoas transg?nero,additionalInfo/P?blico/2/Grupos,additionalInfo/Reciclagem/0/Garrafas de vidro,additionalInfo/Reciclagem/0/Garrafas pl?sticas,additionalInfo/Reciclagem/1/Garrafas pl?sticas,address,categories/0,categories/1,categories/2,categories/3,categories/4,categories/5,categories/6,categories/7,categories/8,categoryName,cid,city,countryCode,fid,googleFoodUrl,locatedIn,location/lat,location/lng,menu,neighborhood,openingHours/0/day,openingHours/0/hours,openingHours/1/day,openingHours/1/hours,openingHours/2/day,openingHours/2/hours,openingHours/3/day,openingHours/3/hours,openingHours/4/day,openingHours/4/hours,openingHours/5/day,openingHours/5/hours,openingHours/6/day,openingHours/6/hours,peopleAlsoSearch/0/reviewsCount,peopleAlsoSearch/0/title,peopleAlsoSearch/0/totalScore,peopleAlsoSearch/1/category,peopleAlsoSearch/1/reviewsCount,peopleAlsoSearch/1/title,peopleAlsoSearch/1/totalScore,peopleAlsoSearch/2/category,peopleAlsoSearch/2/reviewsCount,peopleAlsoSearch/2/title,peopleAlsoSearch/2/totalScore,peopleAlsoSearch/3/category,peopleAlsoSearch/3/reviewsCount,peopleAlsoSearch/3/title,peopleAlsoSearch/3/totalScore,peopleAlsoSearch/4/category,peopleAlsoSearch/4/reviewsCount,peopleAlsoSearch/4/title,peopleAlsoSearch/4/totalScore,phone,phoneUnformatted,placeId,plusCode,popularTimesHistogram/Fr/0/hour,popularTimesHistogram/Fr/0/occupancyPercent,popularTimesHistogram/Fr/1/hour,popularTimesHistogram/Fr/1/occupancyPercent,popularTimesHistogram/Fr/2/hour,popularTimesHistogram/Fr/2/occupancyPercent,popularTimesHistogram/Fr/3/hour,popularTimesHistogram/Fr/3/occupancyPercent,popularTimesHistogram/Fr/4/hour,popularTimesHistogram/Fr/4/occupancyPercent,popularTimesHistogram/Fr/5/hour,popularTimesHistogram/Fr/5/occupancyPercent,popularTimesHistogram/Fr/6/hour,popularTimesHistogram/Fr/6/occupancyPercent,popularTimesHistogram/Fr/7/hour,popularTimesHistogram/Fr/7/occupancyPercent,popularTimesHistogram/Fr/8/hour,popularTimesHistogram/Fr/8/occupancyPercent,popularTimesHistogram/Fr/9/hour,popularTimesHistogram/Fr/9/occupancyPercent,popularTimesHistogram/Fr/10/hour,popularTimesHistogram/Fr/10/occupancyPercent,popularTimesHistogram/Fr/11/hour,popularTimesHistogram/Fr/11/occupancyPercent,popularTimesHistogram/Fr/12/hour,popularTimesHistogram/Fr/12/occupancyPercent,popularTimesHistogram/Fr/13/hour,popularTimesHistogram/Fr/13/occupancyPercent,popularTimesHistogram/Fr/14/hour,popularTimesHistogram/Fr/14/occupancyPercent,popularTimesHistogram/Fr/15/hour,popularTimesHistogram/Fr/15/occupancyPercent,popularTimesHistogram/Fr/16/hour,popularTimesHistogram/Fr/16/occupancyPercent,popularTimesHistogram/Fr/17/hour,popularTimesHistogram/Fr/17/occupancyPercent,popularTimesHistogram/Fr/18/hour,popularTimesHistogram/Fr/18/occupancyPercent,popularTimesHistogram/Fr/19/hour,popularTimesHistogram/Fr/19/occupancyPercent,popularTimesHistogram/Fr/20/hour,popularTimesHistogram/Fr/20/occupancyPercent,popularTimesHistogram/Fr/21/hour,popularTimesHistogram/Fr/21/occupancyPercent,popularTimesHistogram/Fr/22/hour,popularTimesHistogram/Fr/22/occupancyPercent,popularTimesHistogram/Fr/23/hour,popularTimesHistogram/Fr/23/occupancyPercent,popularTimesHistogram/Mo/0/hour,popularTimesHistogram/Mo/0/occupancyPercent,popularTimesHistogram/Mo/1/hour,popularTimesHistogram/Mo/1/occupancyPercent,popularTimesHistogram/Mo/2/hour,popularTimesHistogram/Mo/2/occupancyPercent,popularTimesHistogram/Mo/3/hour,popularTimesHistogram/Mo/3/occupancyPercent,popularTimesHistogram/Mo/4/hour,popularTimesHistogram/Mo/4/occupancyPercent,popularTimesHistogram/Mo/5/hour,popularTimesHistogram/Mo/5/occupancyPercent,popularTimesHistogram/Mo/6/hour,popularTimesHistogram/Mo/6/occupancyPercent,popularTimesHistogram/Mo/7/hour,popularTimesHistogram/Mo/7/occupancyPercent,popularTimesHistogram/Mo/8/hour,popularTimesHistogram/Mo/8/occupancyPercent,popularTimesHistogram/Mo/9/hour,popularTimesHistogram/Mo/9/occupancyPercent,popularTimesHistogram/Mo/10/hour,popularTimesHistogram/Mo/10/occupancyPercent,popularTimesHistogram/Mo/11/hour,popularTimesHistogram/Mo/11/occupancyPercent,popularTimesHistogram/Mo/12/hour,popularTimesHistogram/Mo/12/occupancyPercent,popularTimesHistogram/Mo/13/hour,popularTimesHistogram/Mo/13/occupancyPercent,popularTimesHistogram/Mo/14/hour,popularTimesHistogram/Mo/14/occupancyPercent,popularTimesHistogram/Mo/15/hour,popularTimesHistogram/Mo/15/occupancyPercent,popularTimesHistogram/Mo/16/hour,popularTimesHistogram/Mo/16/occupancyPercent,popularTimesHistogram/Mo/17/hour,popularTimesHistogram/Mo/17/occupancyPercent,popularTimesHistogram/Mo/18/hour,popularTimesHistogram/Mo/18/occupancyPercent,popularTimesHistogram/Mo/19/hour,popularTimesHistogram/Mo/19/occupancyPercent,popularTimesHistogram/Mo/20/hour,popularTimesHistogram/Mo/20/occupancyPercent,popularTimesHistogram/Mo/21/hour,popularTimesHistogram/Mo/21/occupancyPercent,popularTimesHistogram/Mo/22/hour,popularTimesHistogram/Mo/22/occupancyPercent,popularTimesHistogram/Mo/23/hour,popularTimesHistogram/Mo/23/occupancyPercent,popularTimesHistogram/Mo/24/hour,popularTimesHistogram/Mo/24/occupancyPercent,popularTimesHistogram/Sa/0/hour,popularTimesHistogram/Sa/0/occupancyPercent,popularTimesHistogram/Sa/1/hour,popularTimesHistogram/Sa/1/occupancyPercent,popularTimesHistogram/Sa/2/hour,popularTimesHistogram/Sa/2/occupancyPercent,popularTimesHistogram/Sa/3/hour,popularTimesHistogram/Sa/3/occupancyPercent,popularTimesHistogram/Sa/4/hour,popularTimesHistogram/Sa/4/occupancyPercent,popularTimesHistogram/Sa/5/hour,popularTimesHistogram/Sa/5/occupancyPercent,popularTimesHistogram/Sa/6/hour,popularTimesHistogram/Sa/6/occupancyPercent,popularTimesHistogram/Sa/7/hour,popularTimesHistogram/Sa/7/occupancyPercent,popularTimesHistogram/Sa/8/hour,popularTimesHistogram/Sa/8/occupancyPercent,popularTimesHistogram/Sa/9/hour,popularTimesHistogram/Sa/9/occupancyPercent,popularTimesHistogram/Sa/10/hour,popularTimesHistogram/Sa/10/occupancyPercent,popularTimesHistogram/Sa/11/hour,popularTimesHistogram/Sa/11/occupancyPercent,popularTimesHistogram/Sa/12/hour,popularTimesHistogram/Sa/12/occupancyPercent,popularTimesHistogram/Sa/13/hour,popularTimesHistogram/Sa/13/occupancyPercent,popularTimesHistogram/Sa/14/hour,popularTimesHistogram/Sa/14/occupancyPercent,popularTimesHistogram/Sa/15/hour,popularTimesHistogram/Sa/15/occupancyPercent,popularTimesHistogram/Sa/16/hour,popularTimesHistogram/Sa/16/occupancyPercent,popularTimesHistogram/Sa/17/hour,popularTimesHistogram/Sa/17/occupancyPercent,popularTimesHistogram/Sa/18/hour,popularTimesHistogram/Sa/18/occupancyPercent,popularTimesHistogram/Sa/19/hour,popularTimesHistogram/Sa/19/occupancyPercent,popularTimesHistogram/Sa/20/hour,popularTimesHistogram/Sa/20/occupancyPercent,popularTimesHistogram/Sa/21/hour,popularTimesHistogram/Sa/21/occupancyPercent,popularTimesHistogram/Sa/22/hour,popularTimesHistogram/Sa/22/occupancyPercent,popularTimesHistogram/Sa/23/hour,popularTimesHistogram/Sa/23/occupancyPercent,popularTimesHistogram/Su/0/hour,popularTimesHistogram/Su/0/occupancyPercent,popularTimesHistogram/Su/1/hour,popularTimesHistogram/Su/1/occupancyPercent,popularTimesHistogram/Su/2/hour,popularTimesHistogram/Su/2/occupancyPercent,popularTimesHistogram/Su/3/hour,popularTimesHistogram/Su/3/occupancyPercent,popularTimesHistogram/Su/4/hour,popularTimesHistogram/Su/4/occupancyPercent,popularTimesHistogram/Su/5/hour,popularTimesHistogram/Su/5/occupancyPercent,popularTimesHistogram/Su/6/hour,popularTimesHistogram/Su/6/occupancyPercent,popularTimesHistogram/Su/7/hour,popularTimesHistogram/Su/7/occupancyPercent,popularTimesHistogram/Su/8/hour,popularTimesHistogram/Su/8/occupancyPercent,popularTimesHistogram/Su/9/hour,popularTimesHistogram/Su/9/occupancyPercent,popularTimesHistogram/Su/10/hour,popularTimesHistogram/Su/10/occupancyPercent,popularTimesHistogram/Su/11/hour,popularTimesHistogram/Su/11/occupancyPercent,popularTimesHistogram/Su/12/hour,popularTimesHistogram/Su/12/occupancyPercent,popularTimesHistogram/Su/13/hour,popularTimesHistogram/Su/13/occupancyPercent,popularTimesHistogram/Su/14/hour,popularTimesHistogram/Su/14/occupancyPercent,popularTimesHistogram/Su/15/hour,popularTimesHistogram/Su/15/occupancyPercent,popularTimesHistogram/Su/16/hour,popularTimesHistogram/Su/16/occupancyPercent,popularTimesHistogram/Su/17/hour,popularTimesHistogram/Su/17/occupancyPercent,popularTimesHistogram/Su/18/hour,popularTimesHistogram/Su/18/occupancyPercent,popularTimesHistogram/Su/19/hour,popularTimesHistogram/Su/19/occupancyPercent,popularTimesHistogram/Su/20/hour,popularTimesHistogram/Su/20/occupancyPercent,popularTimesHistogram/Su/21/hour,popularTimesHistogram/Su/21/occupancyPercent,popularTimesHistogram/Su/22/hour,popularTimesHistogram/Su/22/occupancyPercent,popularTimesHistogram/Su/23/hour,popularTimesHistogram/Su/23/occupancyPercent,popularTimesHistogram/Th/0/hour,popularTimesHistogram/Th/0/occupancyPercent,popularTimesHistogram/Th/1/hour,popularTimesHistogram/Th/1/occupancyPercent,popularTimesHistogram/Th/2/hour,popularTimesHistogram/Th/2/occupancyPercent,popularTimesHistogram/Th/3/hour,popularTimesHistogram/Th/3/occupancyPercent,popularTimesHistogram/Th/4/hour,popularTimesHistogram/Th/4/occupancyPercent,popularTimesHistogram/Th/5/hour,popularTimesHistogram/Th/5/occupancyPercent,popularTimesHistogram/Th/6/hour,popularTimesHistogram/Th/6/occupancyPercent,popularTimesHistogram/Th/7/hour,popularTimesHistogram/Th/7/occupancyPercent,popularTimesHistogram/Th/8/hour,popularTimesHistogram/Th/8/occupancyPercent,popularTimesHistogram/Th/9/hour,popularTimesHistogram/Th/9/occupancyPercent,popularTimesHistogram/Th/10/hour,popularTimesHistogram/Th/10/occupancyPercent,popularTimesHistogram/Th/11/hour,popularTimesHistogram/Th/11/occupancyPercent,popularTimesHistogram/Th/12/hour,popularTimesHistogram/Th/12/occupancyPercent,popularTimesHistogram/Th/13/hour,popularTimesHistogram/Th/13/occupancyPercent,popularTimesHistogram/Th/14/hour,popularTimesHistogram/Th/14/occupancyPercent,popularTimesHistogram/Th/15/hour,popularTimesHistogram/Th/15/occupancyPercent,popularTimesHistogram/Th/16/hour,popularTimesHistogram/Th/16/occupancyPercent,popularTimesHistogram/Th/17/hour,popularTimesHistogram/Th/17/occupancyPercent,popularTimesHistogram/Th/18/hour,popularTimesHistogram/Th/18/occupancyPercent,popularTimesHistogram/Th/19/hour,popularTimesHistogram/Th/19/occupancyPercent,popularTimesHistogram/Th/20/hour,popularTimesHistogram/Th/20/occupancyPercent,popularTimesHistogram/Th/21/hour,popularTimesHistogram/Th/21/occupancyPercent,popularTimesHistogram/Th/22/hour,popularTimesHistogram/Th/22/occupancyPercent,popularTimesHistogram/Th/23/hour,popularTimesHistogram/Th/23/occupancyPercent,popularTimesHistogram/Tu/0/hour,popularTimesHistogram/Tu/0/occupancyPercent,popularTimesHistogram/Tu/1/hour,popularTimesHistogram/Tu/1/occupancyPercent,popularTimesHistogram/Tu/2/hour,popularTimesHistogram/Tu/2/occupancyPercent,popularTimesHistogram/Tu/3/hour,popularTimesHistogram/Tu/3/occupancyPercent,popularTimesHistogram/Tu/4/hour,popularTimesHistogram/Tu/4/occupancyPercent,popularTimesHistogram/Tu/5/hour,popularTimesHistogram/Tu/5/occupancyPercent,popularTimesHistogram/Tu/6/hour,popularTimesHistogram/Tu/6/occupancyPercent,popularTimesHistogram/Tu/7/hour,popularTimesHistogram/Tu/7/occupancyPercent,popularTimesHistogram/Tu/8/hour,popularTimesHistogram/Tu/8/occupancyPercent,popularTimesHistogram/Tu/9/hour,popularTimesHistogram/Tu/9/occupancyPercent,popularTimesHistogram/Tu/10/hour,popularTimesHistogram/Tu/10/occupancyPercent,popularTimesHistogram/Tu/11/hour,popularTimesHistogram/Tu/11/occupancyPercent,popularTimesHistogram/Tu/12/hour,popularTimesHistogram/Tu/12/occupancyPercent,popularTimesHistogram/Tu/13/hour,popularTimesHistogram/Tu/13/occupancyPercent,popularTimesHistogram/Tu/14/hour,popularTimesHistogram/Tu/14/occupancyPercent,popularTimesHistogram/Tu/15/hour,popularTimesHistogram/Tu/15/occupancyPercent,popularTimesHistogram/Tu/16/hour,popularTimesHistogram/Tu/16/occupancyPercent,popularTimesHistogram/Tu/17/hour,popularTimesHistogram/Tu/17/occupancyPercent,popularTimesHistogram/Tu/18/hour,popularTimesHistogram/Tu/18/occupancyPercent,popularTimesHistogram/Tu/19/hour,popularTimesHistogram/Tu/19/occupancyPercent,popularTimesHistogram/Tu/20/hour,popularTimesHistogram/Tu/20/occupancyPercent,popularTimesHistogram/Tu/21/hour,popularTimesHistogram/Tu/21/occupancyPercent,popularTimesHistogram/Tu/22/hour,popularTimesHistogram/Tu/22/occupancyPercent,popularTimesHistogram/Tu/23/hour,popularTimesHistogram/Tu/23/occupancyPercent,popularTimesHistogram/We/0/hour,popularTimesHistogram/We/0/occupancyPercent,popularTimesHistogram/We/1/hour,popularTimesHistogram/We/1/occupancyPercent,popularTimesHistogram/We/2/hour,popularTimesHistogram/We/2/occupancyPercent,popularTimesHistogram/We/3/hour,popularTimesHistogram/We/3/occupancyPercent,popularTimesHistogram/We/4/hour,popularTimesHistogram/We/4/occupancyPercent,popularTimesHistogram/We/5/hour,popularTimesHistogram/We/5/occupancyPercent,popularTimesHistogram/We/6/hour,popularTimesHistogram/We/6/occupancyPercent,popularTimesHistogram/We/7/hour,popularTimesHistogram/We/7/occupancyPercent,popularTimesHistogram/We/8/hour,popularTimesHistogram/We/8/occupancyPercent,popularTimesHistogram/We/9/hour,popularTimesHistogram/We/9/occupancyPercent,popularTimesHistogram/We/10/hour,popularTimesHistogram/We/10/occupancyPercent,popularTimesHistogram/We/11/hour,popularTimesHistogram/We/11/occupancyPercent,popularTimesHistogram/We/12/hour,popularTimesHistogram/We/12/occupancyPercent,popularTimesHistogram/We/13/hour,popularTimesHistogram/We/13/occupancyPercent,popularTimesHistogram/We/14/hour,popularTimesHistogram/We/14/occupancyPercent,popularTimesHistogram/We/15/hour,popularTimesHistogram/We/15/occupancyPercent,popularTimesHistogram/We/16/hour,popularTimesHistogram/We/16/occupancyPercent,popularTimesHistogram/We/17/hour,popularTimesHistogram/We/17/occupancyPercent,popularTimesHistogram/We/18/hour,popularTimesHistogram/We/18/occupancyPercent,popularTimesHistogram/We/19/hour,popularTimesHistogram/We/19/occupancyPercent,popularTimesHistogram/We/20/hour,popularTimesHistogram/We/20/occupancyPercent,popularTimesHistogram/We/21/hour,popularTimesHistogram/We/21/occupancyPercent,popularTimesHistogram/We/22/hour,popularTimesHistogram/We/22/occupancyPercent,popularTimesHistogram/We/23/hour,popularTimesHistogram/We/23/occupancyPercent,popularTimesLivePercent,postalCode,price,rank,reserveTableUrl,reviewsCount,reviewsDistribution,reviewsDistribution/fiveStar,reviewsDistribution/fourStar,reviewsDistribution/oneStar,reviewsDistribution/threeStar,reviewsDistribution/twoStar,state,street,subTitle,tableReservationLinks/0/name,tableReservationLinks/0/url,titleFormatted,title,totalScore,url,website
,,,,,,,,,,,,,,,,,,,,,,,,,,,,,,,,,,,TRUE,,,,,,,,,,,,,,,,,,,,,,,,,,,,,,,,,,,,,,,,,,,,,,,,,,,,,,,TRUE,,,,,,,,,,,,,,,,,,,,,"Jos? sidrim - S?o Braz, Bel?m - PA, 66600-000, Brasil",Loja de Conveni?ncia,,,,,,,,,Loja de Conveni?ncia,10996300000000000000.00,Bel?m,BR,0x92a41595554a32c3:0x989ab93e596b4833,,,-1.1249549,-48.4378367,,S?o Braz,segunda-feira,Atendimento 24 horas,ter?a-feira,Atendimento 24 horas,quarta-feira,Atendimento 24 horas,quinta-feira,Atendimento 24 horas,sexta-feira,Atendimento 24 horas,s?bado,Atendimento 24 horas,domingo,Atendimento 24 horas,1,Pub bee,5,Outras pessoas pesquisaram,0,PubBeer,0,Outras pessoas pesquisaram,102,Point Beer,4.7,Outras pessoas pesquisaram,0,Com?rcio Emp?rio 96,0,,,,,+55 91 98995-1023,5.59199E+12,ChIJwzJKVZUVpJIRM0hrWT65mpg,"VHG6+2V Bel?m, Par?, Brasil",4,50,5,18,6,6,7,6,8,12,9,6,10,0,11,6,12,18,13,25,14,37,15,25,16,18,17,6,18,0,19,0,20,12,21,25,22,31,23,12,0,25,1,31,2,62,3,43,4,25,5,18,6,25,7,18,8,6,9,0,10,6,11,12,12,6,13,6,14,12,15,31,16,31,17,18,18,0,19,0,20,0,21,0,22,0,23,0,0,0,1,0,2,6,3,12,,,4,6,5,0,6,6,7,12,8,12,9,0,10,0,11,0,12,0,13,0,14,0,15,6,16,12,17,31,18,37,19,12,20,18,21,12,22,6,23,0,0,0,1,0,2,6,3,12,4,0,5,0,6,0,7,6,8,18,9,18,10,6,11,25,12,43,13,100,14,87,15,68,16,25,17,18,18,6,19,6,20,12,21,6,22,6,23,12,0,6,1,0,2,6,3,0,4,31,5,62,6,31,7,18,8,18,9,12,10,18,11,43,12,37,13,12,14,0,15,6,16,12,17,6,18,6,19,12,20,12,21,37,22,43,23,37,0,12,1,12,2,0,3,12,4,18,5,12,6,12,7,12,8,12,9,12,10,12,11,37,12,37,13,37,14,12,15,6,16,0,17,12,18,25,19,31,20,18,21,6,22,6,23,0,0,0,1,6,2,0,3,6,4,37,5,25,6,12,7,18,8,25,9,12,10,6,11,0,12,6,13,12,14,6,15,0,16,12,17,31,18,31,19,12,20,6,21,0,22,0,23,6,0,12,1,31,2,25,3,37,,66600-000,,2,,0,,,,,,,Par?,Jos? sidrim,,,,Beer Pub,Beer pub,,https://www.google.com/maps/search/?api=1&query=Beer%20pub&query_place_id=ChIJwzJKVZUVpJIRM0hrWT65mpg,
,,TRUE,,,,,TRUE,,,,,,,,,,,,,,,,,,,,,,,,,,,,,,TRUE,,,,,,,TRUE,,,,,,,,,,,TRUE,,,,,,,,,,,,,,,,,,,,,,,,,,,,,,,,,,,TRUE,,,,TRUE,,,,TRUE,TRUE,,,,,,,,,,,,"R. Boaventura da Silva - Nazar?, Bel?m - PA, 66053-050, Brasil",Loja de Conveni?ncia,,,,,,,,,Loja de Conveni?ncia,4.24989E+17,Bel?m,BR,0x92a48faf1be6880f:0x5e5dcdbb70e1cf1,,,-1.4489398,-48.48796,,Nazar?,segunda-feira,Atendimento 24 horas,ter?a-feira,Atendimento 24 horas,quarta-feira,Atendimento 24 horas,quinta-feira,Atendimento 24 horas,sexta-feira,Atendimento 24 horas,s?bado,Atendimento 24 horas,domingo,Atendimento 24 horas,14,Tudo Conveni?ncia Ant?nio Barreto,4.4,Outras pessoas pesquisaram,63,Tudo Conveniencia Jo?o Paulo,4.6,Outras pessoas pesquisaram,11,Tudo Conveni?ncia Centen?rio,4.4,,,,,,,,,,,ChIJD4jmG6-PpJIR8RwOt9vc5QU,"HG26+CR Nazar?, Bel?m - PA, Brasil",4,27,5,21,6,23,7,33,8,40,9,46,10,50,11,47,12,41,13,40,14,43,15,52,16,63,17,73,18,77,19,73,20,74,21,79,22,88,23,100,0,89,1,77,2,58,3,43,4,13,5,14,6,15,7,25,8,29,9,34,10,34,11,33,12,30,13,29,14,37,15,47,16,60,17,71,18,73,19,63,20,50,21,44,22,44,23,42,0,36,1,28,2,20,3,15,,,4,39,5,32,6,25,7,28,8,29,9,37,10,41,11,44,12,44,13,43,14,39,15,44,16,50,17,59,18,59,19,61,20,65,21,70,22,73,23,83,0,79,1,70,2,60,3,49,4,34,5,29,6,22,7,19,8,18,9,21,10,26,11,30,12,32,13,29,14,27,15,30,16,39,17,47,18,54,19,55,20,55,21,62,22,67,23,70,0,55,1,43,2,35,3,34,4,27,5,22,6,21,7,27,8,34,9,38,10,39,11,37,12,34,13,34,14,43,15,52,16,62,17,67,18,68,19,63,20,61,21,61,22,64,23,66,0,58,1,48,2,40,3,35,4,12,5,9,6,15,7,23,8,33,9,36,10,40,11,40,12,38,13,38,14,44,15,56,16,73,17,81,18,77,19,66,20,56,21,55,22,60,23,62,0,49,1,38,2,28,3,17,4,14,5,11,6,14,7,22,8,33,9,41,10,44,11,42,12,39,13,40,14,44,15,55,16,66,17,76,18,74,19,67,20,59,21,59,22,66,23,74,0,64,1,52,2,39,3,29,48,,,17,,223,,165,34,10,12,2,Par?,R. Boaventura da Silva,,,,Tudo Conveni?ncia Boaventura,Tudo Conveni?ncia Boaventura,4.5,https://www.google.com/maps/search/?api=1&query=Tudo%20Conveni%C3%AAncia%20Boaventura&query_place_id=ChIJD4jmG6-PpJIR8RwOt9vc5QU,
,,TRUE,,,,,TRUE,,,,,,,,,,,,,,,,,,,,,,,,,,,,,TRUE,,,,,,,,,,,,,,,,,,,,,,,,,,,,,,,,,,,,,,,,,,,,,,,,,,,,,,TRUE,,,,,,,,,,,,,,,,,,,,,"Av. Conselheiro Furtado, 585 - Batista Campos, Bel?m - PA, 66025-160, Brasil",Loja de Conveni?ncia,,,,,,,,,Loja de Conveni?ncia,6.80079E+18,Bel?m,BR,0x92a48f084f01fe63:0x5e6141cbff1e1d63,,,-1.4599548,-48.4927233,,Batista Campos,segunda-feira,07:00 to 22:00,ter?a-feira,07:00 to 22:00,quarta-feira,07:00 to 22:00,quinta-feira,07:00 to 22:00,sexta-feira,07:00 to 22:00,s?bado,07:00 to 22:00,domingo,07:00 to 22:00,9,Tudo Conveni?ncia Serzedelo,3.6,Outras pessoas pesquisaram,8,Tudo Conveni?ncia Br?s de Aguiar,3.3,Outras pessoas pesquisaram,223,Tudo Conveni?ncia Boaventura,4.5,,,,,,,,,+55 91 98355-6440,5.59198E+12,ChIJY_4BTwiPpJIRYx0e_8tBYV4,"GGR4+2W Batista Campos, Bel?m - PA, Brasil",6,0,7,32,8,42,9,46,10,51,11,46,12,45,13,45,14,54,15,68,16,90,17,100,18,97,19,81,20,68,21,54,22,0,23,0,,,,,,,,,,,,,6,0,7,18,8,30,9,38,10,43,11,46,12,45,13,42,14,40,15,49,16,63,17,76,18,84,19,79,20,68,21,50,22,0,23,0,,,,,,,,,,,,,,,6,0,7,21,8,39,9,54,10,63,11,66,12,58,13,46,14,45,15,50,16,60,17,72,18,81,19,87,20,85,21,67,22,0,23,0,,,,,,,,,,,,,6,0,7,24,8,36,9,49,10,50,11,47,12,39,13,39,14,45,15,54,16,68,17,75,18,85,19,81,20,74,21,54,22,0,23,0,,,,,,,,,,,,,6,0,7,15,8,33,9,42,10,51,11,51,12,45,13,43,14,46,15,52,16,62,17,70,18,80,19,78,20,69,21,49,22,0,23,0,,,,,,,,,,,,,6,0,7,25,8,33,9,35,10,36,11,38,12,45,13,42,14,47,15,61,16,81,17,93,18,98,19,90,20,77,21,55,22,0,23,0,,,,,,,,,,,,,6,0,7,21,8,27,9,36,10,39,11,44,12,45,13,49,14,48,15,62,16,76,17,94,18,99,19,86,20,71,21,53,22,0,23,0,,,,,,,,,,,,,14,66025-160,,19,,7,,4,0,2,0,1,Par?,"Av. Conselheiro Furtado, 585",,,,Tudo Conveni?ncia Conselheiro,Tudo Conveni?ncia Conselheiro,3.4,https://www.google.com/maps/search/?api=1&query=Tudo%20Conveni%C3%AAncia%20Conselheiro&query_place_id=ChIJY_4BTwiPpJIRYx0e_8tBYV4,
,,TRUE,,,,,TRUE,,,,,,,,,,,,,,,,,,,,,,,,,,,,,,TRUE,,,,,,,TRUE,,,,,,,,,,,TRUE,,,,,,,,,,,,,,,,,,,,,,,,,,,,,,,,,,,TRUE,,,,TRUE,,,,TRUE,TRUE,,,,,,,,,,,,"Av. Duque de Caxias, 586 - Marco, Bel?m - PA, 66093-026, Brasil",Loja de Conveni?ncia,,,,,,,,,Loja de Conveni?ncia,9.42401E+18,Bel?m,BR,0x92a48d6fdbdf362f:0x82c8ce69e94b4a7e,,,-1.4411796,-48.4689418,,Marco,segunda-feira,Atendimento 24 horas,ter?a-feira,Atendimento 24 horas,quarta-feira,Atendimento 24 horas,quinta-feira,Atendimento 24 horas,sexta-feira,Atendimento 24 horas,s?bado,Atendimento 24 horas,domingo,Atendimento 24 horas,63,Tudo Conveniencia Jo?o Paulo,4.6,Outras pessoas pesquisaram,14,Tudo Conveni?ncia Ant?nio Barreto,4.4,Outras pessoas pesquisaram,11,Tudo Conveni?ncia Centen?rio,4.4,,,,,,,,,,,ChIJLzbf22-NpJIRfkpL6WnOyII,"HG5J+GC Marco, Bel?m - PA, Brasil",4,43,5,29,6,34,7,44,8,51,9,53,10,51,11,47,12,44,13,47,14,50,15,63,16,71,17,82,18,91,19,94,20,99,21,100,22,96,23,87,0,69,1,59,2,60,3,57,4,20,5,20,6,27,7,31,8,41,9,41,10,42,11,41,12,45,13,47,14,49,15,46,16,53,17,58,18,70,19,65,20,64,21,56,22,56,23,50,0,44,1,31,2,26,3,16,,,4,52,5,43,6,38,7,39,8,46,9,50,10,56,11,57,12,46,13,34,14,28,15,33,16,46,17,51,18,58,19,59,20,70,21,75,22,78,23,71,0,67,1,62,2,60,3,53,4,31,5,33,6,33,7,30,8,30,9,30,10,39,11,44,12,40,13,37,14,35,15,44,16,49,17,59,18,72,19,85,20,93,21,95,22,85,23,68,0,48,1,41,2,28,3,27,4,33,5,29,6,28,7,37,8,51,9,53,10,50,11,41,12,39,13,34,14,46,15,64,16,80,17,85,18,93,19,89,20,89,21,90,22,84,23,85,0,73,1,66,2,50,3,41,4,11,5,14,6,22,7,32,8,41,9,45,10,50,11,39,12,32,13,29,14,44,15,54,16,64,17,71,18,78,19,74,20,73,21,72,22,73,23,75,0,66,1,52,2,34,3,21,4,15,5,14,6,21,7,36,8,50,9,64,10,63,11,59,12,48,13,45,14,46,15,57,16,69,17,78,18,82,19,82,20,80,21,84,22,85,23,87,0,66,1,52,2,36,3,22,64,66093-026,,18,,35,,20,8,7,0,0,Par?,"Av. Duque de Caxias, 586",,,,Tudo Conveni?ncia,Tudo Conveni?ncia,4,https://www.google.com/maps/search/?api=1&query=Tudo%20Conveni%C3%AAncia&query_place_id=ChIJLzbf22-NpJIRfkpL6WnOyII,
,,TRUE,,,,,TRUE,,,,,,,,,,,,,,,,,,,,,,,,,,,,,TRUE,,,,,,TRUE,,,,,,,,,,,,,,,,,,,,,,,,,,,,,,,,,,,,,,,,,,,,,,,,TRUE,,TRUE,,,,,,,,,,,,,,,,,,,"Av. Gov Magalh?es Barata, 274 - Nazar?, Bel?m - PA, 66040-170, Brasil",Loja de Conveni?ncia,Caixa eletr?nico,Caf?,Posto de combust?vel,Loja de sucos,Servi?o de troca de ?leo,Sanduicheria,Ponto de acesso Wi-Fi,,Loja de Conveni?ncia,4.52675E+18,Bel?m,BR,0x92a48d076ab3cc1d:0x3ed23a9c0515ef3f,,,-1.4523762,-48.4781592,,Nazar?,segunda-feira,07:00 to 23:00,ter?a-feira,07:00 to 23:00,quarta-feira,07:00 to 23:00,quinta-feira,07:00 to 23:00,sexta-feira,07:00 to 23:00,s?bado,07:00 to 23:00,domingo,07:00 to 23:00,0,AM PM Conveni?ncia,0,Outras pessoas pesquisaram,0,ampm,0,Outras pessoas pesquisaram,11,Mercearia M&P,4.7,Outras pessoas pesquisaram,1,PP Tem conveni?ncia,5,,,,,+55 91 98131-4307,5.59198E+12,ChIJHcyzageNpJIRP-8VBZw60j4,"GGXC+2P Nazar?, Bel?m - PA, Brasil",6,0,7,46,8,13,9,0,10,0,11,6,12,0,13,0,14,6,15,13,16,13,17,13,18,6,19,0,20,0,21,0,22,6,23,0,,,,,,,,,,,,,6,0,7,0,8,6,9,20,10,46,11,20,12,6,13,6,14,20,15,46,16,46,17,20,18,6,19,0,20,6,21,0,22,0,23,0,,,,,,,,,,,,,,,6,0,7,6,8,6,9,13,10,13,11,13,12,26,13,13,14,6,15,6,16,20,17,46,18,60,19,26,20,6,21,6,22,13,23,0,,,,,,,,,,,,,6,0,7,13,8,6,9,0,10,0,11,0,12,6,13,26,14,20,15,20,16,13,17,33,18,26,19,20,20,20,21,26,22,26,23,0,,,,,,,,,,,,,6,0,7,20,8,26,9,20,10,40,11,33,12,46,13,40,14,26,15,26,16,13,17,0,18,0,19,6,20,20,21,6,22,6,23,0,,,,,,,,,,,,,6,0,7,0,8,6,9,20,10,26,11,20,12,26,13,46,14,40,15,53,16,20,17,13,18,13,19,26,20,20,21,20,22,26,23,0,,,,,,,,,,,,,6,0,7,33,8,13,9,6,10,0,11,6,12,20,13,13,14,0,15,0,16,26,17,66,18,100,19,46,20,20,21,0,22,6,23,0,,,,,,,,,,,,,,66040-170,,16,,2,,2,0,0,0,0,Par?,"Av. Gov Magalh?es Barata, 274",,,,Conveni?ncia Ampm - Ipiranga,Conveni?ncia AmPm - Ipiranga,5,https://www.google.com/maps/search/?api=1&query=Conveni%C3%AAncia%20AmPm%20-%20Ipiranga&query_place_id=ChIJHcyzageNpJIRP-8VBZw60j4,https://revistakmdevantagens.ipiranga/ofertas-ampm/
,,,,,,,,,,,,,,,,,,,,,,,,,,,,,,,,,,,,,,,,,,,,,,,,,,,,,,,,,,,,,,,,,,,,,,,,,,,,,,,,,,,,,,,,,,TRUE,,,,,,,,,,,,,,,,,,,,,"R. Ant?nio Barreto, 1380 - Umarizal, Bel?m - PA, 66060-020, Brasil",Loja de Conveni?ncia,,,,,,,,,Loja de Conveni?ncia,1.31015E+19,Bel?m,BR,0x92a48d78e93f6e75:0xb5d1eaeff9fd2f45,,Posto Petrobras,-1.4428957,-48.4758863,,Umarizal,segunda-feira,07:00 to 23:00,ter?a-feira,07:00 to 23:00,quarta-feira,07:00 to 23:00,quinta-feira,07:00 to 23:00,sexta-feira,07:00 to 00:00,s?bado,07:00 to 00:00,domingo,07:00 to 23:00,16,Dallas Express - Jo?o Paulo II,3.7,Outras pessoas pesquisaram,0,Dallas Express - Pedreira,0,Outras pessoas pesquisaram,3,Dallas Express - Arthur Bernardes,4.7,Outras pessoas pesquisaram,277,Posto Dallas Umarizal,4.3,,,,,,,ChIJdW4_6XiNpJIRRS_9-e_q0bU,"HG4F+RJ Umarizal, Bel?m - PA, Brasil",6,0,7,54,8,45,9,54,10,70,11,95,12,66,13,45,14,45,15,41,16,37,17,29,18,16,19,16,20,25,21,16,22,29,23,16,,,,,,,,,,,,,6,0,7,45,8,62,9,37,10,16,11,0,12,0,13,8,14,20,15,50,16,37,17,45,18,16,19,16,20,20,21,37,22,37,23,0,,,,,,,,,,,,,,,6,0,7,33,8,29,9,12,10,8,11,4,12,8,13,33,14,41,15,75,16,45,17,33,18,16,19,25,20,41,21,20,22,12,23,12,,,,,,,,,,,,,6,0,7,58,8,58,9,45,10,16,11,4,12,0,13,0,14,0,15,12,16,25,17,50,18,29,19,20,20,20,21,16,22,20,23,0,,,,,,,,,,,,,6,0,7,33,8,20,9,25,10,37,11,29,12,12,13,8,14,0,15,4,16,29,17,62,18,100,19,95,20,45,21,12,22,4,23,0,,,,,,,,,,,,,6,0,7,16,8,4,9,12,10,25,11,54,12,45,13,58,14,70,15,62,16,70,17,100,18,66,19,62,20,50,21,45,22,70,23,0,,,,,,,,,,,,,6,0,7,16,8,0,9,8,10,20,11,37,12,33,13,20,14,12,15,4,16,4,17,12,18,29,19,20,20,20,21,20,22,20,23,0,,,,,,,,,,,,,,66060-020,,15,,2,,2,0,0,0,0,Par?,"R. Ant?nio Barreto, 1380",,,,Dallas Express - Umarizal,Dallas Express - Umarizal,5,https://www.google.com/maps/search/?api=1&query=Dallas%20Express%20-%20Umarizal&query_place_id=ChIJdW4_6XiNpJIRRS_9-e_q0bU,
,,TRUE,,,,,,,,,,,,,,,,,,,,,,,,,,,,,,,,,TRUE,,,,,,,,,,,,,,,,,,,,,,,,,,,,,,,,,,,,,,,,,,,,,,,,,,,,,,,TRUE,,TRUE,,,,,,,,,,,,,,,,,,,"Tv. Rui Barbosa, 2083 - Batista Campos, Bel?m - PA, 66035-220, Brasil",Loja de Conveni?ncia,Caixa eletr?nico,Caf?,Posto de combust?vel,Loja de sucos,Servi?o de troca de ?leo,Sanduicheria,Ponto de acesso Wi-Fi,,Loja de Conveni?ncia,8.63969E+18,Bel?m,BR,0x92a48e7d85acd043:0x77e65a7ea2f9887b,,Posto Ipiranga,-1.459864,-48.485815,,Batista Campos,segunda-feira,07:00 to 23:00,ter?a-feira,07:00 to 23:00,quarta-feira,07:00 to 23:00,quinta-feira,07:00 to 23:00,sexta-feira,07:00 to 23:00,s?bado,07:00 to 23:00,domingo,07:00 to 23:00,,,,,,,,,,,,,,,,,,,,+55 91 98895-1394,5.59199E+12,ChIJQ9CshX2OpJIRe4j5on5a5nc,"GGR7+3M Batista Campos, Bel?m - PA, Brasil",6,0,7,84,8,92,9,57,10,26,11,19,12,34,13,38,14,15,15,7,16,7,17,3,18,0,19,0,20,0,21,3,22,11,23,0,,,,,,,,,,,,,6,0,7,0,8,0,9,3,10,0,11,0,12,3,13,7,14,3,15,0,16,0,17,0,18,3,19,11,20,11,21,19,22,15,23,0,,,,,,,,,,,,,,,6,0,7,7,8,23,9,26,10,42,11,57,12,80,13,61,14,50,15,26,16,26,17,50,18,42,19,57,20,23,21,15,22,11,23,0,,,,,,,,,,,,,6,0,7,34,8,23,9,30,10,50,11,46,12,26,13,15,14,7,15,19,16,19,17,34,18,30,19,42,20,46,21,23,22,7,23,0,,,,,,,,,,,,,6,0,7,7,8,3,9,0,10,15,11,46,12,80,13,100,14,76,15,73,16,30,17,19,18,15,19,7,20,3,21,0,22,7,23,0,,,,,,,,,,,,,6,0,7,30,8,38,9,69,10,42,11,23,12,19,13,34,14,42,15,23,16,19,17,7,18,11,19,19,20,38,21,19,22,7,23,0,,,,,,,,,,,,,6,0,7,92,8,76,9,30,10,11,11,11,12,26,13,38,14,30,15,38,16,61,17,30,18,15,19,3,20,15,21,23,22,50,23,0,,,,,,,,,,,,,,66035-220,,10,,0,,,,,,,Par?,"Tv. Rui Barbosa, 2083",,,,Am Pm,Am Pm,,https://www.google.com/maps/search/?api=1&query=Am%20Pm&query_place_id=ChIJQ9CshX2OpJIRe4j5on5a5nc,https://revistakmdevantagens.ipiranga/ofertas-ampm/
,,TRUE,,,,,,,,,,,,,,,,,,,,,,,,,,,,,,,,,,,,,,,,,,,,,,,,,,,,,,,,,,,,,,,,,,,,,,,,,,,,,,,,,,,,,,,,TRUE,,,,TRUE,,,,TRUE,TRUE,,,,,,,,,,,,"Av. Serzedelo Corr?a, 11 - Nazar?, Bel?m - PA, 66035-400, Brasil",Loja de Conveni?ncia,,,,,,,,,Loja de Conveni?ncia,6.68284E+18,Bel?m,BR,0x92a48f40e651c329:0x5cbe3a25276892f2,,Edif?cio Manoel Pinto da Silva,-1.45427,-48.4925993,,Nazar?,segunda-feira,Atendimento 24 horas,ter?a-feira,Atendimento 24 horas,quarta-feira,Atendimento 24 horas,quinta-feira,06:20 to 22:20,sexta-feira,06:20 to 22:20,s?bado,06:20 to 22:20,domingo,06:20 to 22:20,14,Tudo Conveni?ncia Ant?nio Barreto,4.4,Outras pessoas pesquisaram,63,Tudo Conveniencia Jo?o Paulo,4.6,Outras pessoas pesquisaram,11,Tudo Conveni?ncia Centen?rio,4.4,Outras pessoas pesquisaram,131,Premium Conveni?ncia | Doca,4.9,,,,,,,ChIJKcNR5kCPpJIR8pJoJyU6vlw,"GGW4+7X Nazar?, Bel?m - PA, Brasil",5,0,6,18,7,39,8,47,9,47,10,42,11,28,12,31,13,39,14,34,15,26,16,15,17,21,18,34,19,52,20,55,21,50,22,21,,,,,,,,,,,,,0,0,1,0,2,0,3,5,4,34,5,21,6,15,7,21,8,26,9,39,10,34,11,52,12,26,13,28,14,21,15,42,16,36,17,44,18,31,19,44,20,57,21,39,22,39,23,15,,,5,0,6,50,7,57,8,55,9,28,10,18,11,21,12,34,13,36,14,28,15,39,16,39,17,55,18,63,19,57,20,39,21,23,22,28,,,,,,,,,,,,,5,0,6,34,7,60,8,44,9,47,10,18,11,10,12,7,13,15,14,23,15,23,16,39,17,52,18,57,19,63,20,68,21,36,22,13,,,,,,,,,,,,,5,0,6,100,7,100,8,63,9,23,10,7,11,5,12,10,13,23,14,52,15,60,16,63,17,31,18,36,19,44,20,71,21,65,22,52,,,,,,,,,,,,,0,7,1,2,2,13,3,26,4,26,5,18,6,26,7,36,8,52,9,26,10,13,11,7,12,7,13,15,14,44,15,65,16,78,17,84,18,65,19,63,20,36,21,47,22,57,23,65,0,50,1,31,2,15,3,15,4,10,5,26,6,26,7,23,8,36,9,44,10,36,11,26,12,10,13,15,14,28,15,47,16,34,17,26,18,13,19,15,20,44,21,52,22,71,23,34,,66035-400,,8,,9,,5,0,2,1,1,Par?,"Av. Serzedelo Corr?a, 11",,,,Tudo Conveni?ncia Serzedelo,Tudo Conveni?ncia Serzedelo,3.6,https://www.google.com/maps/search/?api=1&query=Tudo%20Conveni%C3%AAncia%20Serzedelo&query_place_id=ChIJKcNR5kCPpJIR8pJoJyU6vlw,
,,,,,,,,,,,,,,,,,,,,,,,,,,,,,,,,,,,,TRUE,,,,,,,,,,,,,,,,,,,,,,,,,,,,,,,,,,,,,,,,,,,,,,,,,,,,,,TRUE,,,,TRUE,,,,TRUE,TRUE,,,,,,,,,,,,"R. ?ngelo Cust?dio, 402 - Cidade Velha, Bel?m - PA, 66020-710, Brasil",Loja de Conveni?ncia,,,,,,,,,Loja de Conveni?ncia,1.46895E+18,Bel?m,BR,0x92a48ef5611d13d7:0x1462c17375c42315,,,-1.4598262,-48.5002636,,Cidade Velha,segunda-feira,07:00 to 23:00,ter?a-feira,07:00 to 23:00,quarta-feira,07:00 to 23:00,quinta-feira,Atendimento 24 horas,sexta-feira,07:00 to 23:30,s?bado,00:00 to 23:30,domingo,07:00 to 23:00,5,SOS Loja de Conveni?ncias,3.8,Outras pessoas pesquisaram,0,SOS Conveni?ncia.,0,Outras pessoas pesquisaram,0,S.O.S Conveni?ncia Pedreira,0,Outras pessoas pesquisaram,1,Conveni?ncia S.O.S. Bebidas,5,,,,,+55 91 98156-9576,5.59198E+12,ChIJ1xMdYfWOpJIRFSPEdXPBYhQ,"GFRX+3V Cidade Velha, Bel?m - PA, Brasil",6,0,7,90,8,40,9,20,10,0,11,0,12,0,13,0,14,0,15,10,16,20,17,10,18,10,19,20,20,10,21,0,22,0,23,10,,,,,,,,,,,,,6,0,7,20,8,20,9,20,10,30,11,30,12,40,13,10,14,10,15,40,16,30,17,40,18,20,19,10,20,20,21,20,22,30,23,0,,,,,,,,,,,,,,,0,0,1,10,2,20,3,40,4,10,5,0,6,10,7,20,8,20,9,20,10,10,11,0,12,10,13,30,14,80,15,50,16,20,17,0,18,0,19,0,20,10,21,30,22,20,23,20,6,0,7,10,8,20,9,10,10,0,11,20,12,50,13,70,14,40,15,20,16,10,17,30,18,10,19,0,20,10,21,30,22,10,23,0,,,,,,,,,,,,,0,70,1,70,2,40,3,60,4,0,5,10,6,20,7,50,8,40,9,30,10,0,11,0,12,0,13,10,14,20,15,10,16,0,17,10,18,20,19,50,20,40,21,30,22,40,23,40,6,0,7,20,8,60,9,60,10,100,11,40,12,30,13,20,14,20,15,30,16,40,17,60,18,40,19,50,20,50,21,60,22,30,23,0,,,,,,,,,,,,,6,0,7,0,8,0,9,10,10,20,11,40,12,20,13,10,14,0,15,0,16,0,17,0,18,0,19,10,20,20,21,60,22,90,23,0,,,,,,,,,,,,,,66020-710,,7,,2,,2,0,0,0,0,Par?,"R. ?ngelo Cust?dio, 402",,,,Sos Loja De Conveni?ncia,SOS Loja de Conveni?ncia,5,https://www.google.com/maps/search/?api=1&query=SOS%20Loja%20de%20Conveni%C3%AAncia&query_place_id=ChIJ1xMdYfWOpJIRFSPEdXPBYhQ,
,,TRUE,,,,,TRUE,,,,,,,TRUE,,,TRUE,,,,,TRUE,,,,,,,,,,,,,,,,,,,TRUE,,,,,TRUE,,,,,TRUE,,,,,,,,,,TRUE,TRUE,,,,TRUE,,,,,TRUE,,,,,,,,,,,,,,,,,,,TRUE,,,,TRUE,,TRUE,,,,,,,,,,,,,,,"Av. Visc. de Souza Franco, 963 - Umarizal, Bel?m - PA, 66053-000, Brasil",Loja de Conveni?ncia,,,,,,,,,Loja de Conveni?ncia,8.83239E+18,Bel?m,BR,0x92a48ebc6c60757b:0x7a92ef7b8ce02fd3,,,-1.4464793,-48.4876767,,Umarizal,segunda-feira,08:00 to 00:00,ter?a-feira,07:00 to 00:00,quarta-feira,08:00 to 00:00,quinta-feira,08:00 to 01:00,sexta-feira,08:00 to 02:00,s?bado,08:00 to 02:00,domingo,08:00 to 00:00,0,CONVENIENCIA MUNICIPAL,0,Outras pessoas pesquisaram,9,Tudo Conveni?ncia Serzedelo,3.6,Outras pessoas pesquisaram,223,Tudo Conveni?ncia Boaventura,4.5,Outras pessoas pesquisaram,0,Mega Conveni?ncia,0,Outras pessoas pesquisaram,14,Tudo Conveni?ncia Ant?nio Barreto,4.4,+55 91 99235-0011,5.59199E+12,ChIJe3VgbLyOpJIR0y_gjHvvkno,"HG36+CW Umarizal, Bel?m - PA, Brasil",6,0,7,0,8,22,9,27,10,31,11,34,12,42,13,44,14,39,15,40,16,49,17,64,18,68,19,72,20,72,21,76,22,88,23,99,0,82,1,54,,,,,,,,,6,0,7,0,8,17,9,24,10,24,11,23,12,19,13,21,14,31,15,42,16,50,17,55,18,51,19,49,20,45,21,43,22,41,23,41,,,,,,,,,,,,,,,6,0,7,0,8,12,9,15,10,25,11,23,12,28,13,26,14,21,15,22,16,25,17,38,18,41,19,43,20,42,21,54,22,74,23,87,0,69,1,44,,,,,,,,,6,0,7,0,8,18,9,20,10,22,11,25,12,30,13,28,14,25,15,26,16,29,17,28,18,34,19,38,20,39,21,41,22,48,23,44,,,,,,,,,,,,,6,0,7,0,8,12,9,22,10,28,11,33,12,27,13,25,14,24,15,32,16,43,17,50,18,57,19,57,20,56,21,58,22,59,23,50,0,31,,,,,,,,,,,6,0,7,12,8,25,9,28,10,29,11,24,12,22,13,23,14,30,15,39,16,44,17,46,18,50,19,50,20,46,21,44,22,45,23,42,,,,,,,,,,,,,6,0,7,0,8,18,9,22,10,33,11,29,12,26,13,27,14,34,15,44,16,54,17,55,18,61,19,58,20,64,21,78,22,96,23,100,,,,,,,,,,,,,,66053-000,,4,,131,,129,0,2,0,0,Par?,"Av. Visc. de Souza Franco, 963",,,,Premium Conveni?ncia | Doca,Premium Conveni?ncia | Doca,4.9,https://www.google.com/maps/search/?api=1&query=Premium%20Conveni%C3%AAncia%20%7C%20Doca&query_place_id=ChIJe3VgbLyOpJIR0y_gjHvvkno,https://www.instagram.com/premium_conveniencia_doca?igsh=MTlvNHo4MHJzbTh2cA%3D%3D&utm_source=qr
,,,,,,,,,,,,,,,,,,,,,,,,,,,,,,,,,,,,,,,,,,,,,,,,,,,,,,,,,,,,,,,,,,,,,,,,,,,,,,,,,,,,,,,,,,TRUE,,,,,,,,,,,,,,,,,,,,,"R. Domingos Marreiros, 500 - Umarizal, Bel?m - PA, 66055-240, Brasil",Loja de Conveni?ncia,,,,,,,,,Loja de Conveni?ncia,1.58104E+19,Bel?m,BR,0x92a48fd1595406bd:0xdb69d275f105eb5a,,,-1.4461033,-48.48303,,Umarizal,segunda-feira,09:00 to 00:00,ter?a-feira,09:00 to 00:00,quarta-feira,09:00 to 00:00,quinta-feira,09:00 to 00:00,sexta-feira,09:00 to 00:00,s?bado,09:00 to 00:00,domingo,09:00 to 14:00,168,STEAK 1001 - Boutique de Carnes,4.4,Outras pessoas pesquisaram,1517,The Premium Steaks,4.5,,,,,,,,,,,,,,,ChIJvQZUWdGPpJIRWusF8XXSads,"HG38+HQ Umarizal, Bel?m - PA, Brasil",6,0,7,0,8,0,9,100,10,100,11,62,12,75,13,50,14,75,15,50,16,62,17,37,18,50,19,50,20,12,21,0,22,0,23,0,,,,,,,,,,,,,6,0,7,0,8,0,9,12,10,0,11,0,12,12,13,0,14,0,15,0,16,0,17,0,18,0,19,0,20,0,21,12,22,25,23,50,,,,,,,,,,,,,,,6,0,7,0,8,0,9,12,10,25,11,12,12,0,13,0,14,0,15,25,16,50,17,100,18,50,19,25,20,0,21,25,22,37,23,12,,,,,,,,,,,,,6,0,7,0,8,0,9,50,10,50,11,12,12,0,13,25,14,0,15,0,16,0,17,0,18,0,19,0,20,0,21,0,22,0,23,0,,,,,,,,,,,,,6,0,7,0,8,0,9,37,10,37,11,50,12,50,13,62,14,37,15,62,16,25,17,25,18,37,19,50,20,75,21,50,22,25,23,25,,,,,,,,,,,,,6,0,7,0,8,0,9,25,10,12,11,37,12,75,13,50,14,12,15,0,16,0,17,0,18,25,19,37,20,12,21,0,22,12,23,25,,,,,,,,,,,,,6,0,7,0,8,0,9,12,10,12,11,37,12,100,13,75,14,75,15,87,16,50,17,12,18,0,19,0,20,12,21,50,22,87,23,62,,,,,,,,,,,,,,66055-240,,3,,2,,2,0,0,0,0,Par?,"R. Domingos Marreiros, 500",,,,Prime Bel?m - Steak Bar,PRIME BEL?M - STEAK BAR,5,https://www.google.com/maps/search/?api=1&query=PRIME%20BEL%C3%89M%20-%20STEAK%20BAR&query_place_id=ChIJvQZUWdGPpJIRWusF8XXSads,
,TRUE,,,,,,,,,,,,,TRUE,,,TRUE,,,,,TRUE,,,,,,,,,,,,,,,,,TRUE,,,,,,,,,,,,,,,,,,,,,,,,,,,,,,,TRUE,,,,TRUE,,TRUE,,,TRUE,,,,,,,,,,TRUE,,,,,,,,,,,,,,,,TRUE,,,,,,"Tv. Santa Catarina, 198 - Sacramenta, Bel?m - PA, 66083-530, Brasil",Loja de Conveni?ncia,Loja de Conveni?ncia,Bar informal,Loja de bebidas alco?licas,Dep?sito,,,,,Loja de Conveni?ncia,1.84165E+19,Bel?m,BR,0x92a48be27d40d75f:0xff949ea6b5945051,,,-1.4210793,-48.4781473,,Sacramenta,segunda-feira,Fechado,ter?a-feira,08:00 to 22:00,quarta-feira,08:00 to 22:00,quinta-feira,08:00 to 22:00,sexta-feira,08:00 to 22:00,s?bado,08:00 to 00:00,domingo,08:00 to 23:00,1,Conveni?ncia S.O.S. Bebidas,5,Outras pessoas pesquisaram,1,SOS Loja de Conveni?ncia,5,Outras pessoas pesquisaram,0,S.O.S Conveni?ncia Pedreira,0,Outras pessoas pesquisaram,0,SOS Conveni?ncia.,0,Outras pessoas pesquisaram,2,Conveni?ncia Clandestino,4,+55 91 98033-8997,5.59198E+12,ChIJX9dAfeKLpJIRUVCUtaaelP8,"HGHC+HP Sacramenta, Bel?m - PA, Brasil",6,0,7,0,8,5,9,10,10,15,11,25,12,25,13,40,14,25,15,25,16,25,17,45,18,90,19,100,20,75,21,65,22,0,23,0,,,,,,,,,,,,,,,,,,,,,,,,,,,,,,,,,,,,,,,,,,,,,,,,,,,,,,,,,,,,,,,6,0,7,0,8,20,9,15,10,40,11,25,12,30,13,30,14,25,15,35,16,50,17,55,18,70,19,70,20,60,21,45,22,35,23,30,,,,,,,,,,,,,6,0,7,0,8,40,9,20,10,25,11,55,12,70,13,65,14,40,15,50,16,35,17,40,18,20,19,20,20,45,21,90,22,85,23,0,,,,,,,,,,,,,6,0,7,0,8,20,9,10,10,10,11,5,12,20,13,30,14,45,15,50,16,75,17,70,18,75,19,65,20,35,21,25,22,0,23,0,,,,,,,,,,,,,6,0,7,0,8,30,9,35,10,35,11,20,12,15,13,20,14,30,15,40,16,60,17,60,18,50,19,60,20,95,21,90,22,0,23,0,,,,,,,,,,,,,6,0,7,0,8,50,9,70,10,90,11,75,12,55,13,30,14,10,15,5,16,5,17,15,18,30,19,35,20,60,21,50,22,0,23,0,,,,,,,,,,,,,,66083-530,,10,,1,,1,0,0,0,0,Par?,"Tv. Santa Catarina, 198",,,,S.O.S Conveni?ncia,S.o.S Conveni?ncia,5,https://www.google.com/maps/search/?api=1&query=S.o.S%20Conveni%C3%AAncia&query_place_id=ChIJX9dAfeKLpJIRUVCUtaaelP8,
,,,,,,,,,,,,TRUE,,TRUE,,,,,,,,,,,,,,,,,,,,,,TRUE,,,,,,,,,,,TRUE,,,,,,,,,,,,,,,,,,,,,,,TRUE,,,,TRUE,,TRUE,,,TRUE,,,TRUE,,,,,,,,TRUE,,,,,,,,,,,,,,,TRUE,,,,,,"Av. Rodolfo Chermont, 440 - Marambaia, Bel?m - PA, 66615-170, Brasil",Loja de Conveni?ncia,Loja de Conveni?ncia,Delivery,,,,,,,Loja de Conveni?ncia,4.01851E+18,Bel?m,BR,0x92a48b3f7e7970a3:0x37c499b22d5493d7,,,-1.4054342,-48.4530212,,Marambaia,segunda-feira,Fechado,ter?a-feira,Fechado,quarta-feira,19:00 to 00:00,quinta-feira,19:00 to 00:00,sexta-feira,19:00 to 03:00,s?bado,19:00 to 03:00,domingo,19:00 to 00:00,,,,,,,,,,,,,,,,,,,,+55 91 99287-0288,5.59199E+12,ChIJo3B5fj-LpJIR15NULbKZxDc,"HGVW+RQ Marambaia, Bel?m - PA, Brasil",,,,,,,,,,,,,,,,,,,,,,,,,,,,,,,,,,,,,,,,,,,,,,,,,,,,,,,,,,,,,,,,,,,,,,,,,,,,,,,,,,,,,,,,,,,,,,,,,,,,,,,,,,,,,,,,,,,,,,,,,,,,,,,,,,,,,,,,,,,,,,,,,,,,,,,,,,,,,,,,,,,,,,,,,,,,,,,,,,,,,,,,,,,,,,,,,,,,,,,,,,,,,,,,,,,,,,,,,,,,,,,,,,,,,,,,,,,,,,,,,,,,,,,,,,,,,,,,,,,,,,,,,,,,,,,,,,,,,,,,,,,,,,,,,,,,,,,,,,,,,,,,,,,,,,,,,,,,,,,,,,,,,,,,,,,,,,,,,,,,66615-170,,16,,3,,3,0,0,0,0,Par?,"Av. Rodolfo Chermont, 440",,,,Esquenta 021,Esquenta 021,5,https://www.google.com/maps/search/?api=1&query=Esquenta%20021&query_place_id=ChIJo3B5fj-LpJIR15NULbKZxDc,https://www.lojalocal.com/51833910000196
,,,,,,,,,,,,,,,,,,,,,,,,,,,,,,,,,,,,,,,,,,,,,,,,,,,,,,,,,,,,,,,,,,,,,,,,,,,,,,,,,,,,,,,,,,,,,,,,,,,,,,,,,,,,,,,"Maracangalha, Bel?m - PA, 66110-073, Brasil",Loja de Conveni?ncia,,,,,,,,,Loja de Conveni?ncia,5.42103E+18,Bel?m,BR,0x92a48b0077964b81:0x4b3b6008eac9f9ef,,,-1.3975226,-48.4780828,,Maracangalha,segunda-feira,08:00 to 22:00,ter?a-feira,08:00 to 22:00,quarta-feira,08:00 to 22:00,quinta-feira,08:00 to 22:00,sexta-feira,08:00 to 00:00,s?bado,09:00 to 02:00,domingo,09:00 to 02:00,,,,,,,,,,,,,,,,,,,,+55 91 98248-9064,5.59198E+12,ChIJgUuWdwCLpJIR7_nJ6ghgO0s,"JG2C+XQ Maracangalha, Bel?m - PA, Brasil",6,0,7,0,8,30,9,53,10,38,11,15,12,7,13,0,14,0,15,7,16,0,17,7,18,7,19,0,20,7,21,15,22,7,23,7,,,,,,,,,,,,,6,0,7,0,8,0,9,0,10,15,11,30,12,23,13,46,14,38,15,38,16,15,17,15,18,46,19,46,20,53,21,53,22,0,23,0,,,,,,,,,,,,,,,6,0,7,0,8,0,9,0,10,0,11,0,12,0,13,15,14,15,15,7,16,0,17,7,18,0,19,0,20,15,21,30,22,46,23,23,0,23,1,30,,,,,,,,,6,0,7,0,8,0,9,23,10,7,11,0,12,7,13,15,14,15,15,23,16,53,17,38,18,30,19,23,20,15,21,30,22,38,23,76,0,100,1,76,,,,,,,,,6,0,7,0,8,46,9,53,10,23,11,7,12,0,13,0,14,0,15,0,16,7,17,23,18,23,19,38,20,30,21,38,22,0,23,0,,,,,,,,,,,,,6,0,7,0,8,23,9,7,10,0,11,7,12,23,13,7,14,0,15,7,16,0,17,7,18,0,19,7,20,0,21,0,22,0,23,0,,,,,,,,,,,,,6,0,7,0,8,0,9,15,10,15,11,7,12,0,13,0,14,0,15,15,16,15,17,7,18,7,19,15,20,15,21,30,22,0,23,0,,,,,,,,,,,,,,66110-073,,18,,0,,,,,,,Par?,,,,,La Casa De Beer,La Casa de Beer,,https://www.google.com/maps/search/?api=1&query=La%20Casa%20de%20Beer&query_place_id=ChIJgUuWdwCLpJIR7_nJ6ghgO0s,
,,,,,,,,,,,,,,,,,,,,,,,,,,,,,,,,,,,,,,,,,,,,,,,,,,,,,,,,,,,,,,,,,,,,,,,,,,,,,,,,,,,,,,,,,,TRUE,,,,,,,,,,,,,,,,,,,,,"Av. Arthur Bernardes, 151 - Sacramenta, Bel?m - PA, 66115-000, Brasil",Loja de Conveni?ncia,,,,,,,,,Loja de Conveni?ncia,6.00068E+18,Bel?m,BR,0x92a4894dffa69041:0x5346b680af6c040b,,,-1.3725542,-48.4791652,,Sacramenta,segunda-feira,08:00 to 22:00,ter?a-feira,08:00 to 22:00,quarta-feira,08:00 to 22:00,quinta-feira,08:00 to 22:00,sexta-feira,08:00 to 22:00,s?bado,08:00 to 22:00,domingo,08:00 to 22:00,2,Conveni?ncia AmPm - Ipiranga,1,Outras pessoas pesquisaram,2,Conveni?ncia AmPm - Ipiranga,4.5,Outras pessoas pesquisaram,1,Conveni?ncia am.pm - Posto Capital,5,,,,,,,,,+55 91 3244-4686,5.59132E+11,ChIJQZCm_02JpJIRCwRsr4C2RlM,"JGGC+X8 Sacramenta, Bel?m - PA, Brasil",6,0,7,0,8,12,9,0,10,12,11,12,12,37,13,12,14,0,15,12,16,25,17,12,18,12,19,25,20,12,21,0,22,0,23,0,,,,,,,,,,,,,6,0,7,0,8,0,9,12,10,25,11,25,12,50,13,37,14,12,15,12,16,25,17,12,18,12,19,25,20,25,21,12,22,0,23,0,,,,,,,,,,,,,,,6,0,7,0,8,12,9,25,10,12,11,0,12,0,13,0,14,0,15,12,16,25,17,25,18,0,19,0,20,0,21,12,22,0,23,0,,,,,,,,,,,,,6,0,7,0,8,0,9,12,10,50,11,50,12,50,13,50,14,50,15,37,16,12,17,0,18,12,19,37,20,12,21,0,22,0,23,0,,,,,,,,,,,,,6,0,7,0,8,0,9,0,10,0,11,0,12,12,13,25,14,50,15,25,16,12,17,12,18,12,19,37,20,37,21,62,22,0,23,0,,,,,,,,,,,,,6,0,7,0,8,0,9,0,10,0,11,0,12,12,13,50,14,37,15,62,16,50,17,75,18,50,19,25,20,0,21,0,22,0,23,0,,,,,,,,,,,,,6,0,7,0,8,0,9,0,10,12,11,37,12,87,13,37,14,25,15,37,16,62,17,75,18,100,19,37,20,12,21,12,22,0,23,0,,,,,,,,,,,,,,66115-000,,19,,0,,,,,,,Par?,"Av. Arthur Bernardes, 151",,,,Am Pm Conveni?ncia,AM PM Conveni?ncia,,https://www.google.com/maps/search/?api=1&query=AM%20PM%20Conveni%C3%AAncia&query_place_id=ChIJQZCm_02JpJIRCwRsr4C2RlM,
,,,,,,,,,,,,,,,,,,,,,,,,,,,,,,,,,,,,,,,,,,,,,,,,,,,,,,,,,,,,,,,,,,,,,,,,,,,,,,,,,,,,,,,,,TRUE,,,,TRUE,,,,TRUE,,,TRUE,TRUE,,,,,,,,,,"R. Novo Horizonte, 93 - Mangueir?o, Bel?m - PA, 66640-775, Brasil",Loja de Conveni?ncia,,,,,,,,,Loja de Conveni?ncia,4.07282E+18,Bel?m,BR,0x92a48b004f689801:0x38858e973fd15fc1,,,-1.3839175,-48.4512456,,Mangueir?o,segunda-feira,Atendimento 24 horas,ter?a-feira,Atendimento 24 horas,quarta-feira,Atendimento 24 horas,quinta-feira,Atendimento 24 horas,sexta-feira,Atendimento 24 horas,s?bado,Atendimento 24 horas,domingo,Atendimento 24 horas,,,,,,,,,,,,,,,,,,,,+55 91 98234-2457,5.59198E+12,ChIJAZhoTwCLpJIRwV_RP5eOhTg,"JG8X+CG Mangueir?o, Bel?m - PA, Brasil",4,18,5,37,6,25,7,12,8,18,9,37,10,18,11,12,12,12,13,37,14,31,15,43,16,37,17,18,18,6,19,0,20,0,21,12,22,12,23,31,0,12,1,12,2,12,3,12,4,31,5,12,6,0,7,6,8,0,9,0,10,6,11,12,12,12,13,0,14,6,15,12,16,18,17,18,18,6,19,0,20,0,21,0,22,0,23,0,0,6,1,31,2,62,3,68,,,4,68,5,37,6,50,7,81,8,93,9,50,10,31,11,31,12,25,13,31,14,25,15,37,16,50,17,25,18,18,19,18,20,25,21,12,22,12,23,6,0,6,1,18,2,50,3,68,4,6,5,25,6,62,7,100,8,81,9,50,10,50,11,18,12,6,13,6,14,31,15,56,16,56,17,50,18,25,19,18,20,25,21,12,22,12,23,12,0,6,1,6,2,12,3,6,4,43,5,18,6,12,7,6,8,18,9,37,10,18,11,12,12,18,13,18,14,6,15,6,16,18,17,18,18,6,19,6,20,25,21,37,22,56,23,37,0,25,1,31,2,37,3,62,4,31,5,31,6,25,7,6,8,0,9,0,10,12,11,12,12,37,13,25,14,12,15,6,16,0,17,0,18,12,19,25,20,50,21,31,22,25,23,12,0,12,1,25,2,18,3,18,4,37,5,25,6,31,7,37,8,25,9,18,10,6,11,18,12,43,13,18,14,12,15,25,16,31,17,50,18,37,19,43,20,50,21,37,22,56,23,56,0,56,1,68,2,75,3,50,,66640-775,,17,,0,,,,,,,Par?,"R. Novo Horizonte, 93",,,,Resenha Beer,RESENHA BEER,,https://www.google.com/maps/search/?api=1&query=RESENHA%20BEER&query_place_id=ChIJAZhoTwCLpJIRwV_RP5eOhTg,
,,,,,,,,,,,,,,,,,,,,,,,,,,,,,,,,,,,TRUE,,,,,,,,,,,,,,,,,,,,,,,,,,,,,,,,,,,,,,,,,,,,,,,,,,,,,,,TRUE,,,,,,,,,,,,,,,,,,,,,"Tv. Portel - Marambaia, Bel?m - PA, 66620-160, Brasil",Loja de Conveni?ncia,,,,,,,,,Loja de Conveni?ncia,1.19368E+19,Bel?m,BR,0x92a48b6177000d35:0xa5a81448adc12b18,,,-1.3960412,-48.4512066,,Marambaia,segunda-feira,Atendimento 24 horas,ter?a-feira,Atendimento 24 horas,quarta-feira,Atendimento 24 horas,quinta-feira,Atendimento 24 horas,sexta-feira,Atendimento 24 horas,s?bado,Atendimento 24 horas,domingo,Atendimento 24 horas,2,Deposito de Bebidas Marambaia Zero Hora,5,Outras pessoas pesquisaram,2,Moura Conveni?ncia & Distribuidora de Bebidas na Marambaia.,5,Outras pessoas pesquisaram,34,Tudo Conveni?ncia Entroncamento,4.1,,,,,,,,,+55 91 98566-4180,5.59199E+12,ChIJNQ0Ad2GLpJIRGCvBrUgUqKU,"JG3X+HG Marambaia, Bel?m - PA, Brasil",4,54,5,27,6,36,7,27,8,18,9,9,10,0,11,0,12,0,13,0,14,0,15,9,16,27,17,9,18,0,19,0,20,9,21,18,22,45,23,36,0,54,1,27,2,45,3,45,4,54,5,27,6,18,7,36,8,27,9,36,10,18,11,9,12,9,13,18,14,9,15,9,16,27,17,63,18,27,19,9,20,9,21,27,22,63,23,45,0,54,1,18,2,18,3,27,,,4,0,5,9,6,18,7,45,8,18,9,9,10,18,11,36,12,54,13,27,14,9,15,0,16,0,17,0,18,0,19,0,20,18,21,45,22,100,23,45,0,27,1,9,2,18,3,9,4,9,5,9,6,0,7,9,8,9,9,18,10,36,11,18,12,9,13,0,14,9,15,0,16,0,17,9,18,27,19,36,20,45,21,18,22,9,23,0,0,9,1,18,2,9,3,0,4,36,5,27,6,36,7,36,8,9,9,9,10,36,11,36,12,54,13,27,14,18,15,18,16,36,17,18,18,18,19,0,20,0,21,9,22,9,23,18,0,9,1,0,2,18,3,18,4,72,5,45,6,54,7,36,8,18,9,9,10,18,11,45,12,45,13,36,14,9,15,9,16,18,17,45,18,18,19,9,20,0,21,0,22,0,23,0,0,0,1,9,2,36,3,72,4,9,5,0,6,0,7,0,8,0,9,9,10,18,11,18,12,18,13,45,14,27,15,27,16,18,17,18,18,18,19,9,20,9,21,27,22,54,23,27,0,18,1,18,2,36,3,18,,66620-160,,16,,1,,1,0,0,0,0,Par?,Tv. Portel,,,,Bet Conveni?ncia,bet conveni?ncia,5,https://www.google.com/maps/search/?api=1&query=bet%20conveni%C3%AAncia&query_place_id=ChIJNQ0Ad2GLpJIRGCvBrUgUqKU,
,,,,,,,,,,,,,,TRUE,,,,,,,,,,,,,,,,,,,,,,,,,,,,,,,,,,,,,,,,,,,,,,,,,,,,,,,,,,,,,,,,,,,,,,,,,,,,,,,,,,,,,,,,,,,,,,,,,"R. Sete, 1 - Maracangalha, Bel?m - PA, 66110-000, Brasil",Loja de Conveni?ncia,Bar,,,,,,,,Loja de Conveni?ncia,6.05561E+18,Bel?m,BR,0x92a48bf71e1cc8fd:0x5409d892bbfc0048,,,-1.3974529,-48.4770372,,Maracangalha,segunda-feira,Fechado,ter?a-feira,"10:00 to 14:00, 16:00 to 22:00",quarta-feira,"10:00 to 14:00, 16:00 to 22:00",quinta-feira,"10:00 to 14:00, 16:00 to 23:00",sexta-feira,"10:00 to 14:00, 16:00 to 23:00",s?bado,"10:00 to 14:00, 16:00 to 23:00",domingo,13:00 to 18:00,3,Zero Grau Conveni?ncia,4.3,Outras pessoas pesquisaram,27,cervejaria zero grau,4.9,Outras pessoas pesquisaram,31,Zero Grau - Conveni?ncia,4.1,,,,,,,,,+55 91 99238-8318,5.59199E+12,ChIJ_cgcHveLpJIRSAD8u5LYCVQ,"JG3F+25 Maracangalha, Bel?m - PA, Brasil",,,,,,,,,,,,,,,,,,,,,,,,,,,,,,,,,,,,,,,,,,,,,,,,,,,,,,,,,,,,,,,,,,,,,,,,,,,,,,,,,,,,,,,,,,,,,,,,,,,,,,,,,,,,,,,,,,,,,,,,,,,,,,,,,,,,,,,,,,,,,,,,,,,,,,,,,,,,,,,,,,,,,,,,,,,,,,,,,,,,,,,,,,,,,,,,,,,,,,,,,,,,,,,,,,,,,,,,,,,,,,,,,,,,,,,,,,,,,,,,,,,,,,,,,,,,,,,,,,,,,,,,,,,,,,,,,,,,,,,,,,,,,,,,,,,,,,,,,,,,,,,,,,,,,,,,,,,,,,,,,,,,,,,,,,,,,,,,,,,,66110-000,,12,,7,,7,0,0,0,0,Par?,"R. Sete, 1",,,,Cervejaria Zero Grau,CERVEJARIA ZERO GRAU,5,https://www.google.com/maps/search/?api=1&query=CERVEJARIA%20ZERO%20GRAU&query_place_id=ChIJ_cgcHveLpJIRSAD8u5LYCVQ,
,,,,,,,,,,,,,,,,,,,,,,,,,,,,,,,,,,,,,,,,,,,,,,,,,,,,,,,,,,,,,,,,,,,,,,,,,,,,,,,,,,,,,,,,,,TRUE,,,,,,,,,,,,,,,,,,,,,"Av. Pedro ?lvares Cabral, 3604 - Sacramenta, Bel?m - PA, 66120-620, Brasil",Loja de Conveni?ncia,,,,,,,,,Loja de Conveni?ncia,1.80384E+19,Bel?m,BR,0x92a4890555d5b7c1:0xfa55441ff511d8e3,,,-1.4168843,-48.4815303,,Sacramenta,segunda-feira,09:00 to 23:00,ter?a-feira,09:00 to 23:00,quarta-feira,09:00 to 23:00,quinta-feira,09:00 to 23:00,sexta-feira,09:00 to 23:00,s?bado,09:00 to 23:00,domingo,09:00 to 23:00,842,Quintal 500,4.4,Outras pessoas pesquisaram,15,Fiel Beer Espetaria,4.7,Outras pessoas pesquisaram,39,C?sar Conveni?ncia,4.7,Outras pessoas pesquisaram,13,Buteko Beer,5,Outras pessoas pesquisaram,0,Cervejaria Imp?rio,0,+55 91 98032-6822,5.59198E+12,ChIJwbfVVQWJpJIR49gR9R9EVfo,"HGM9+69 Sacramenta, Bel?m - PA, Brasil",6,0,7,0,8,0,9,40,10,10,11,0,12,10,13,0,14,0,15,0,16,10,17,40,18,40,19,30,20,50,21,50,22,20,23,0,,,,,,,,,,,,,6,0,7,0,8,0,9,20,10,30,11,40,12,50,13,20,14,20,15,0,16,10,17,30,18,60,19,50,20,60,21,80,22,60,23,0,,,,,,,,,,,,,,,6,0,7,0,8,0,9,30,10,70,11,100,12,50,13,50,14,40,15,30,16,40,17,30,18,30,19,50,20,20,21,50,22,70,23,0,,,,,,,,,,,,,6,0,7,0,8,0,9,70,10,90,11,60,12,40,13,10,14,10,15,40,16,80,17,80,18,40,19,50,20,50,21,60,22,30,23,0,,,,,,,,,,,,,6,0,7,0,8,0,9,40,10,50,11,60,12,100,13,50,14,30,15,10,16,0,17,0,18,0,19,0,20,0,21,10,22,0,23,0,,,,,,,,,,,,,6,0,7,0,8,0,9,0,10,0,11,10,12,40,13,40,14,20,15,0,16,0,17,0,18,0,19,0,20,20,21,50,22,70,23,0,,,,,,,,,,,,,6,0,7,0,8,0,9,0,10,0,11,10,12,0,13,0,14,0,15,0,16,0,17,20,18,50,19,70,20,30,21,10,22,0,23,0,,,,,,,,,,,,,,66120-620,,10,,0,,,,,,,Par?,"Av. Pedro ?lvares Cabral, 3604",,,,Quintal Espetaria E Cervejaria,Quintal espetaria e cervejaria,,https://www.google.com/maps/search/?api=1&query=Quintal%20espetaria%20e%20cervejaria&query_place_id=ChIJwbfVVQWJpJIR49gR9R9EVfo,
,,TRUE,,,,,TRUE,,,,,,,,,,,,,,,,,,,,,,,,,,,,,TRUE,,,,,,,,,,,,TRUE,,,,,,,,,,,,,,,,,,,,,,,,,,,,,,,,,,,,,,,,,,TRUE,,,,TRUE,,,,TRUE,TRUE,,,,,,,,,,,,"Tv. Mauriti, 1444 - Marco, Bel?m - PA, 66093-180, Brasil",Loja de Conveni?ncia,Loja de bebidas,,,,,,,,Loja de Conveni?ncia,4.32393E+18,Bel?m,BR,0x92a48c0cfe403cd3:0x3c01ab567d7b0d64,,,-1.4352163,-48.4609741,,Marco,segunda-feira,07:30 to 02:00,ter?a-feira,07:30 to 02:00,quarta-feira,07:30 to 02:00,quinta-feira,07:30 to 02:00,sexta-feira,07:30 to 02:00,s?bado,07:30 to 02:00,domingo,07:30 to 00:00,2,BR Mania,4.5,Outras pessoas pesquisaram,9,BR Mania Conveni?ncia,5,,,,,,,,,,,,,+55 91 3085-2849,5.59131E+11,ChIJ0zxA_gyMpJIRZA17fVarATw,"HG7Q+WJ Marco, Bel?m - PA, Brasil",6,0,7,10,8,11,9,22,10,30,11,38,12,31,13,30,14,30,15,35,16,55,17,77,18,91,19,88,20,85,21,88,22,93,23,100,0,80,1,58,,,,,,,,,6,0,7,9,8,14,9,25,10,29,11,29,12,19,13,16,14,13,15,19,16,24,17,32,18,33,19,39,20,40,21,53,22,55,23,44,0,28,1,15,,,,,,,,,,,6,0,7,5,8,8,9,18,10,22,11,33,12,32,13,26,14,19,15,27,16,38,17,50,18,44,19,52,20,59,21,74,22,77,23,78,0,57,1,44,,,,,,,,,6,0,7,1,8,2,9,2,10,7,11,16,12,23,13,23,14,19,15,23,16,31,17,41,18,55,19,62,20,66,21,61,22,50,23,40,,,,,,,,,,,,,6,0,7,9,8,20,9,29,10,26,11,27,12,24,13,28,14,27,15,32,16,33,17,42,18,50,19,58,20,61,21,66,22,66,23,63,0,48,1,26,,,,,,,,,6,0,7,10,8,11,9,13,10,19,11,16,12,13,13,10,14,16,15,21,16,33,17,41,18,43,19,52,20,62,21,63,22,72,23,74,0,61,1,43,,,,,,,,,6,0,7,7,8,3,9,4,10,8,11,19,12,17,13,10,14,11,15,18,16,23,17,20,18,33,19,48,20,66,21,72,22,61,23,52,0,36,1,22,,,,,,,,,95,66093-180,,11,,33,,19,6,6,2,0,Par?,"Tv. Mauriti, 1444",,,,Bonazo Conveniencia,Bonazo Conveniencia,4,https://www.google.com/maps/search/?api=1&query=Bonazo%20Conveniencia&query_place_id=ChIJ0zxA_gyMpJIRZA17fVarATw,
,,TRUE,,,,,TRUE,,,,,,,,TRUE,,,,TRUE,,,,,,,,,,,,,,,,,,,,,,TRUE,,,,,,,TRUE,TRUE,,,,,,,,FALSE,,,,,,,FALSE,,,,,,,,,,,,,,,,,,,,,,,,,,TRUE,,,,TRUE,,TRUE,,,,,,,,,,,,,,,"R. do Aeroporto, 02 - Aeroporto, Bel?m - PA, 66915-010, Brasil",Loja de Conveni?ncia,,,,,,,,,Loja de Conveni?ncia,1.66617E+19,Bel?m,BR,0x92a46b3620645fbd:0xe73a388c7ed75a42,,,-1.1431231,-48.4587145,,Aeroporto,segunda-feira,08:00 to 21:00,ter?a-feira,08:00 to 21:00,quarta-feira,08:00 to 21:00,quinta-feira,08:00 to 21:00,sexta-feira,08:00 to 21:00,s?bado,08:00 to 23:30,domingo,08:00 to 12:00,6,J.W.S,4.7,Outras pessoas pesquisaram,2,J & S Variedades Guam?,5,,,,,,,,,,,,,,,ChIJvV9kIDZrpJIRQlrXfow4Ouc,"VG4R+QG Aeroporto, Bel?m - PA, Brasil",6,0,7,0,8,21,9,25,10,25,11,32,12,28,13,35,14,25,15,17,16,21,17,21,18,17,19,21,20,35,21,0,22,0,23,0,,,,,,,,,,,,,6,0,7,0,8,28,9,10,10,3,11,7,12,14,13,28,14,17,15,17,16,28,17,17,18,17,19,28,20,42,21,0,22,0,23,0,,,,,,,,,,,,,,,6,0,7,0,8,32,9,39,10,35,11,35,12,35,13,39,14,21,15,21,16,28,17,50,18,57,19,60,20,85,21,100,22,92,23,67,,,,,,,,,,,,,6,0,7,0,8,10,9,35,10,50,11,53,12,0,13,0,14,0,15,0,16,0,17,0,18,0,19,0,20,0,21,0,22,0,23,0,,,,,,,,,,,,,6,0,7,0,8,21,9,17,10,28,11,35,12,46,13,21,14,10,15,7,16,14,17,35,18,60,19,67,20,67,21,0,22,0,23,0,,,,,,,,,,,,,6,0,7,0,8,21,9,28,10,50,11,53,12,46,13,39,14,42,15,32,16,21,17,28,18,35,19,39,20,21,21,0,22,0,23,0,,,,,,,,,,,,,6,0,7,0,8,25,9,39,10,46,11,35,12,35,13,25,14,21,15,10,16,7,17,21,18,25,19,42,20,32,21,0,22,0,23,0,,,,,,,,,,,,,,66915-010,,18,,17,,10,4,1,2,0,Par?,"R. do Aeroporto, 02",,,,Conveni?ncia Jgs & Variedades,Conveni?ncia JGS & variedades,4.3,https://www.google.com/maps/search/?api=1&query=Conveni%C3%AAncia%20JGS%20%26%20variedades&query_place_id=ChIJvV9kIDZrpJIRQlrXfow4Ouc,http://cidinhadailha.blogspot.com.br/
,,,,,,,,,,,,,,,,,,,,,,,,,,,,,,,,,,,TRUE,,,,,,,,,,,,,,,,,,,,,,,,,,,,,,,,,,,,,,,,,,,,,,,,,,,,,,,TRUE,,,,TRUE,,TRUE,,,,,,,,,,,,,,,"Tv. Djalma Dutra, 174 - Tel?grafo, Bel?m - PA, 66113-010, Brasil",Loja de Conveni?ncia,,,,,,,,,Loja de Conveni?ncia,1.19017E+19,Bel?m,BR,0x92a48f13588dbf49:0xa52b6995ef1dfe75,,,-1.4308436,-48.4893926,,Tel?grafo,segunda-feira,07:00 to 21:00,ter?a-feira,07:00 to 21:00,quarta-feira,07:00 to 21:00,quinta-feira,07:00 to 21:00,sexta-feira,07:00 to 21:00,s?bado,07:00 to 21:00,domingo,07:00 to 21:00,5,Conveniencia do Dias,5,Outras pessoas pesquisaram,0,Roger Conveni?ncia,0,,,,,,,,,,,,,+55 91 98850-4745,5.59199E+12,ChIJSb-NWBOPpJIRdf4d75VpK6U,"HG96+M6 Tel?grafo, Bel?m - PA, Brasil",6,0,7,30,8,23,9,38,10,15,11,7,12,7,13,7,14,15,15,30,16,23,17,23,18,7,19,15,20,23,21,0,22,0,23,0,,,,,,,,,,,,,6,0,7,30,8,7,9,0,10,0,11,15,12,15,13,30,14,23,15,30,16,53,17,30,18,23,19,7,20,7,21,0,22,0,23,0,,,,,,,,,,,,,,,6,0,7,7,8,23,9,30,10,15,11,15,12,15,13,7,14,0,15,0,16,7,17,7,18,15,19,38,20,15,21,0,22,0,23,0,,,,,,,,,,,,,6,0,7,15,8,7,9,0,10,0,11,7,12,23,13,30,14,23,15,30,16,7,17,7,18,23,19,15,20,23,21,0,22,0,23,0,,,,,,,,,,,,,6,0,7,23,8,7,9,0,10,0,11,0,12,7,13,0,14,7,15,15,16,7,17,0,18,0,19,0,20,7,21,0,22,0,23,0,,,,,,,,,,,,,6,0,7,69,8,92,9,84,10,100,11,69,12,46,13,23,14,30,15,15,16,15,17,23,18,15,19,15,20,30,21,0,22,0,23,0,,,,,,,,,,,,,6,0,7,15,8,38,9,38,10,38,11,23,12,15,13,15,14,7,15,7,16,15,17,46,18,38,19,61,20,30,21,0,22,0,23,0,,,,,,,,,,,,,,66113-010,,20,,4,,4,0,0,0,0,Par?,"Tv. Djalma Dutra, 174",,,,Conveni?ncia Darling,Conveni?ncia Darling,5,https://www.google.com/maps/search/?api=1&query=Conveni%C3%AAncia%20Darling&query_place_id=ChIJSb-NWBOPpJIRdf4d75VpK6U,
,,,,,,,,,,,,,,,,,,,,,,,,,,,,,,,,,,,,,,,,,,,,,,,,,,,,,,,,,,,,,,,,,,,,,,,,,,,,,,,,,,,,,,,,,,,,,,,,,,,,,,,,,,,,,,,"R. Rio Amazonas - Maracangalha, Bel?m - PA, 66110-230, Brasil",Loja de Conveni?ncia,,,,,,,,,Loja de Conveni?ncia,1.46744E+19,Bel?m,BR,0x92a48978ad728e4b:0xcba5e51529fa6b08,,,-1.4014763,-48.4838412,,Maracangalha,,,,,,,,,,,,,,,1,SC ALIMENTOS,5,,,,,,,,,,,,,,,,,,,ChIJS45yrXiJpJIRCGv6KRXlpcs,"HGX8+CF Maracangalha, Bel?m - PA, Brasil",,,,,,,,,,,,,,,,,,,,,,,,,,,,,,,,,,,,,,,,,,,,,,,,,,,,,,,,,,,,,,,,,,,,,,,,,,,,,,,,,,,,,,,,,,,,,,,,,,,,,,,,,,,,,,,,,,,,,,,,,,,,,,,,,,,,,,,,,,,,,,,,,,,,,,,,,,,,,,,,,,,,,,,,,,,,,,,,,,,,,,,,,,,,,,,,,,,,,,,,,,,,,,,,,,,,,,,,,,,,,,,,,,,,,,,,,,,,,,,,,,,,,,,,,,,,,,,,,,,,,,,,,,,,,,,,,,,,,,,,,,,,,,,,,,,,,,,,,,,,,,,,,,,,,,,,,,,,,,,,,,,,,,,,,,,,,,,,,,,,66110-230,,12,,6,,5,1,0,0,0,Par?,R. Rio Amazonas,,,,Casa Cereja,Casa Cereja,4.8,https://www.google.com/maps/search/?api=1&query=Casa%20Cereja&query_place_id=ChIJS45yrXiJpJIRCGv6KRXlpcs,
,,,,,,,,,,,,,,,,,,,,,,,,,,,,,,,,,,,,,,,,,,,,,,,,,,,,,,,,,,,,,,,,,,,,,,,,,,,,,,,,,,,,,,,,,,TRUE,,,,TRUE,,,,TRUE,TRUE,,,,,,,,,,,,"Tv. Mauriti, 233 - Tel?grafo, Bel?m - PA, 66083-000, Brasil",Loja de Conveni?ncia,,,,,,,,,Loja de Conveni?ncia,1.1649E+19,Bel?m,BR,0x92a48976d7b090a9:0xa1a9b846ce263571,,,-1.4225425,-48.4799185,,Tel?grafo,segunda-feira,07:30 to 22:00,ter?a-feira,07:30 to 22:00,quarta-feira,07:30 to 22:00,quinta-feira,07:30 to 22:00,sexta-feira,07:30 to 22:00,s?bado,07:30 to 22:00,domingo,10:00 to 13:00,0,Tem aqui Conveni?ncia,0,Outras pessoas pesquisaram,2,Mercantil Ivan E Artur,5,Outras pessoas pesquisaram,8,Tudo Conveni?ncia Br?s de Aguiar,3.3,,,,,,,,,+55 91 98745-4204,5.59199E+12,ChIJqZCw13aJpJIRcTUmzka4qaE,"HGGC+X2 Tel?grafo, Bel?m - PA, Brasil",6,0,7,0,8,0,9,0,10,0,11,0,12,10,13,10,14,20,15,40,16,20,17,10,18,10,19,10,20,30,21,30,22,0,23,0,,,,,,,,,,,,,6,0,7,20,8,0,9,0,10,0,11,0,12,20,13,30,14,20,15,30,16,30,17,30,18,50,19,70,20,40,21,10,22,0,23,0,,,,,,,,,,,,,,,6,0,7,50,8,50,9,80,10,90,11,50,12,40,13,10,14,0,15,0,16,10,17,20,18,20,19,20,20,30,21,30,22,0,23,0,,,,,,,,,,,,,6,0,7,0,8,0,9,0,10,30,11,60,12,60,13,0,14,0,15,0,16,0,17,0,18,0,19,0,20,0,21,0,22,0,23,0,,,,,,,,,,,,,6,0,7,10,8,20,9,10,10,0,11,0,12,0,13,10,14,0,15,0,16,10,17,30,18,40,19,70,20,50,21,60,22,0,23,0,,,,,,,,,,,,,6,0,7,40,8,10,9,0,10,20,11,20,12,30,13,20,14,10,15,20,16,20,17,80,18,90,19,100,20,40,21,40,22,0,23,0,,,,,,,,,,,,,6,0,7,60,8,20,9,20,10,0,11,20,12,40,13,60,14,40,15,10,16,0,17,10,18,20,19,50,20,20,21,10,22,0,23,0,,,,,,,,,,,,,,66083-000,,15,,2,,2,0,0,0,0,Par?,"Tv. Mauriti, 233",,,,Mercearia Big Central,Mercearia Big Central,5,https://www.google.com/maps/search/?api=1&query=Mercearia%20Big%20Central&query_place_id=ChIJqZCw13aJpJIRcTUmzka4qaE,
,,TRUE,,,,,TRUE,,,,,,,,,,,,,,,,,,,,,,,,,,,,,,,,,,,,,,,,,,,,,,,,,,,,,,,,,,,,,,,,,,,,,,,,,,,,,,,,,,,TRUE,,,,,,,,,,,,,,,,,,,,,"Tv. Ant?nio Baena, 300 - Pedreira, Bel?m - PA, 66093-081, Brasil",Loja de Conveni?ncia,Caixa eletr?nico,Caf?,Posto de combust?vel,Loja de sucos,Servi?o de troca de ?leo,Sanduicheria,Lanchonete,Ponto de acesso Wi-Fi,Loja de Conveni?ncia,1.75483E+19,Bel?m,BR,0x92a48c17db9040c5:0xf38822ded096cc3f,,,-1.440263,-48.4717046,,Pedreira,segunda-feira,06:00 to 22:00,ter?a-feira,06:00 to 22:00,quarta-feira,06:00 to 22:00,quinta-feira,06:00 to 22:00,sexta-feira,06:00 to 22:00,s?bado,06:00 to 22:00,domingo,06:00 to 22:00,399,Posto Petrobras,4.5,Outras pessoas pesquisaram,33,Bonazo Conveniencia,4,Outras pessoas pesquisaram,2,BonazoMania (BR MANIA),4.5,Outras pessoas pesquisaram,9,BR Mania Conveni?ncia,5,,,,,,,ChIJxUCQ2xeMpJIRP8yW0N4iiPM,"HG5H+V8 Pedreira, Bel?m - PA, Brasil",5,0,6,54,7,45,8,45,9,63,10,27,11,9,12,0,13,0,14,27,15,63,16,100,17,72,18,36,19,18,20,27,21,9,22,0,,,,,,,,,,,,,5,0,6,9,7,27,8,63,9,45,10,18,11,9,12,27,13,36,14,36,15,9,16,9,17,9,18,27,19,36,20,36,21,45,22,0,,,,,,,,,,,,,,,5,0,6,9,7,27,8,9,9,0,10,0,11,9,12,9,13,18,14,18,15,27,16,9,17,0,18,9,19,9,20,27,21,54,22,0,,,,,,,,,,,,,5,0,6,0,7,0,8,0,9,0,10,0,11,0,12,0,13,0,14,0,15,0,16,0,17,9,18,18,19,45,20,36,21,18,22,0,,,,,,,,,,,,,5,0,6,72,7,45,8,45,9,36,10,36,11,45,12,54,13,27,14,9,15,9,16,18,17,36,18,27,19,27,20,54,21,54,22,0,,,,,,,,,,,,,5,0,6,45,7,54,8,63,9,72,10,36,11,9,12,0,13,0,14,0,15,18,16,18,17,9,18,9,19,27,20,45,21,45,22,0,,,,,,,,,,,,,5,0,6,45,7,63,8,54,9,45,10,54,11,81,12,45,13,54,14,45,15,72,16,45,17,27,18,18,19,36,20,18,21,18,22,0,,,,,,,,,,,,,,66093-081,,16,,1,,1,0,0,0,0,Par?,"Tv. Ant?nio Baena, 300",,,,Br Mania Conveni?ncia,BR Mania Conveni?ncia,5,https://www.google.com/maps/search/?api=1&query=BR%20Mania%20Conveni%C3%AAncia&query_place_id=ChIJxUCQ2xeMpJIRP8yW0N4iiPM,https://www.postospetrobras.com.br/aproveite-a-parada/br-mania
,,,,,,,,,,,,,,,,,,,,,,,,,,,,,,,,,,,,TRUE,,,,,,,,,,,,,,,,,,,,,,,,,,,,,,,,,,,,,,,,,,,,,,,,,,,,,,TRUE,,,,,,,,,,,,,,,,,,,,,"Passagem Leit?o, 361 - Umarizal, Bel?m - PA, 66050-250, Brasil",Loja de Conveni?ncia,,,,,,,,,Loja de Conveni?ncia,1.00802E+19,Bel?m,BR,0x92a48ea907ec6691:0x8be3e7c472ae6ced,,,-1.4352917,-48.4813087,,Umarizal,segunda-feira,08:00 to 21:00,ter?a-feira,08:00 to 21:00,quarta-feira,08:00 to 21:00,quinta-feira,08:00 to 21:00,sexta-feira,08:00 to 21:00,s?bado,09:00 to 21:00,domingo,Fechado,1,CONVENI?NCIA TOP BEER,5,Outras pessoas pesquisaram,82,Rusty Umarizal,4.4,Outras pessoas pesquisaram,81,F38 - Night Lounge,4.3,,,,,,,,,+55 91 98373-3606,5.59198E+12,ChIJkWbsB6mOpJIR7WyucsTn44s,"HG79+VF Umarizal, Bel?m - PA, Brasil",,,,,,,,,,,,,,,,,,,,,,,,,,,,,,,,,,,,,,,,,,,,,,,,,,,,,,,,,,,,,,,,,,,,,,,,,,,,,,,,,,,,,,,,,,,,,,,,,,,,,,,,,,,,,,,,,,,,,,,,,,,,,,,,,,,,,,,,,,,,,,,,,,,,,,,,,,,,,,,,,,,,,,,,,,,,,,,,,,,,,,,,,,,,,,,,,,,,,,,,,,,,,,,,,,,,,,,,,,,,,,,,,,,,,,,,,,,,,,,,,,,,,,,,,,,,,,,,,,,,,,,,,,,,,,,,,,,,,,,,,,,,,,,,,,,,,,,,,,,,,,,,,,,,,,,,,,,,,,,,,,,,,,,,,,,,,,,,,,,,66050-250,,11,,3,,3,0,0,0,0,Par?,"Passagem Leit?o, 361",,,,Rustic Beer,Rustic beer,5,https://www.google.com/maps/search/?api=1&query=Rustic%20beer&query_place_id=ChIJkWbsB6mOpJIR7WyucsTn44s,
,,,,,,,,,,,,,,,,,,,,,,,,,,,,,,,,,,,,,,,,,,,,,,,,,,,,,,,,,,,,,,,,,,,,,,,,,,,,,,,,,,,,,,,,,,,,,,,,,,,,,,,,,,,,,,,"Av. Pedro ?lvares Cabral, 1970 - Marambaia, Bel?m - PA, 66837-216, Brasil",Loja de Conveni?ncia,,,,,,,,,Loja de Conveni?ncia,1.73754E+19,Bel?m,BR,0x92a489457d336bd1:0xf121de869a9cdcd4,,,-1.4289001,-48.4895733,,Marambaia,segunda-feira,06:00 to 20:00,ter?a-feira,06:00 to 20:00,quarta-feira,06:00 to 20:00,quinta-feira,06:00 to 20:00,sexta-feira,06:00 to 20:00,s?bado,06:00 to 20:00,domingo,06:00 to 20:00,,,,,,,,,,,,,,,,,,,,,,ChIJ0WszfUWJpJIR1NycmobeIfE,"HGC6+C5 Marambaia, Bel?m - PA, Brasil",5,0,6,36,7,9,8,0,9,9,10,0,11,0,12,0,13,0,14,9,15,27,16,45,17,45,18,36,19,9,20,0,21,0,22,0,,,,,,,,,,,,,5,0,6,18,7,9,8,0,9,0,10,18,11,18,12,9,13,9,14,9,15,18,16,45,17,27,18,27,19,9,20,0,21,0,22,0,,,,,,,,,,,,,,,5,0,6,27,7,45,8,72,9,36,10,18,11,9,12,9,13,27,14,45,15,90,16,90,17,63,18,90,19,63,20,0,21,0,22,0,,,,,,,,,,,,,5,0,6,36,7,27,8,18,9,9,10,0,11,0,12,9,13,18,14,45,15,45,16,63,17,45,18,18,19,0,20,0,21,0,22,0,,,,,,,,,,,,,5,0,6,0,7,9,8,18,9,9,10,0,11,0,12,9,13,9,14,27,15,9,16,0,17,0,18,0,19,0,20,0,21,0,22,0,,,,,,,,,,,,,5,0,6,63,7,36,8,27,9,54,10,63,11,54,12,54,13,27,14,27,15,36,16,72,17,54,18,81,19,100,20,0,21,0,22,0,,,,,,,,,,,,,5,0,6,27,7,63,8,54,9,18,10,0,11,0,12,0,13,0,14,0,15,27,16,54,17,81,18,36,19,18,20,0,21,0,22,0,,,,,,,,,,,,,,66837-216,,10,,1,,1,0,0,0,0,Par?,"Av. Pedro ?lvares Cabral, 1970",,,,Primme Conveni?ncia,PRIMME CONVENI?NCIA,5,https://www.google.com/maps/search/?api=1&query=PRIMME%20CONVENI%C3%8ANCIA&query_place_id=ChIJ0WszfUWJpJIR1NycmobeIfE,
,,TRUE,,,,,TRUE,,,,,,,,,,,,,,,,,,,,,,,,,,,,TRUE,,,,,,,,,,,,,,,,,,,,,,,,,,,,,,,,,,,,,,,,,,,,,,,,,,,,,,,TRUE,,TRUE,,,,,,,,,,,,,,,,,,,"ROD ARTHUR BERNARDES 151 ESQ PEDRO A CA - Tel?grafo, Bel?m - PA, 66825-000, Brasil",Loja de Conveni?ncia,Caixa eletr?nico,Caf?,Posto de combust?vel,Loja de sucos,Servi?o de troca de ?leo,Sanduicheria,Ponto de acesso Wi-Fi,,Loja de Conveni?ncia,8.09404E+18,Bel?m,BR,0x92a489103c3489ef:0x7053d0da64c2b834,,,-1.426953,-48.4890508,,Tel?grafo,segunda-feira,07:00 to 23:00,ter?a-feira,07:00 to 23:00,quarta-feira,07:00 to 23:00,quinta-feira,07:00 to 23:00,sexta-feira,07:00 to 23:00,s?bado,07:00 to 23:00,domingo,07:00 to 23:00,,,,,,,,,,,,,,,,,,,,+55 91 98802-1193,5.59199E+12,ChIJ74k0PBCJpJIRNLjCZNrQU3A,"HGF6+69 Tel?grafo, Bel?m - PA, Brasil",6,0,7,22,8,55,9,77,10,33,11,11,12,0,13,0,14,11,15,33,16,44,17,22,18,0,19,0,20,0,21,0,22,0,23,0,,,,,,,,,,,,,6,0,7,22,8,11,9,11,10,22,11,55,12,33,13,55,14,44,15,11,16,11,17,0,18,0,19,11,20,44,21,33,22,55,23,0,,,,,,,,,,,,,,,6,0,7,66,8,33,9,11,10,22,11,44,12,100,13,55,14,55,15,11,16,0,17,0,18,0,19,0,20,0,21,0,22,0,23,0,,,,,,,,,,,,,6,0,7,0,8,0,9,11,10,33,11,22,12,44,13,66,14,33,15,11,16,0,17,0,18,0,19,11,20,33,21,55,22,55,23,0,,,,,,,,,,,,,6,0,7,11,8,22,9,11,10,11,11,22,12,44,13,22,14,11,15,0,16,0,17,0,18,0,19,0,20,11,21,0,22,0,23,0,,,,,,,,,,,,,6,0,7,55,8,88,9,66,10,77,11,77,12,33,13,11,14,0,15,0,16,0,17,11,18,33,19,33,20,55,21,22,22,11,23,0,,,,,,,,,,,,,6,0,7,22,8,11,9,0,10,0,11,0,12,0,13,0,14,11,15,0,16,33,17,66,18,77,19,88,20,66,21,33,22,33,23,0,,,,,,,,,,,,,,66825-000,,9,,0,,,,,,,PA,ROD ARTHUR BERNARDES 151 ESQ PEDRO A CA,,,,Conveni?ncia Ampm - Ipiranga,Conveni?ncia AmPm - Ipiranga,,https://www.google.com/maps/search/?api=1&query=Conveni%C3%AAncia%20AmPm%20-%20Ipiranga&query_place_id=ChIJ74k0PBCJpJIRNLjCZNrQU3A,https://revistakmdevantagens.ipiranga/ofertas-ampm/
,,,,,,,,,,,,,,,,,,,,,,,,,,,,,,,,,,,,,,,,,,,,,,,,,,,,,,,,,,,,,,,,,,,,,,,,,,,,,,,,,,,,,,,,,,,,,,,,,,,,,,,,,,,,,,,"Av. Pedro ?lvares Cabral, 1999 - Tel?grafo, Bel?m - PA, 66120-620, Brasil",Loja de Conveni?ncia,,,,,,,,,Loja de Conveni?ncia,6.80982E+18,Bel?m,BR,0x92a489baf9a325f5:0x5e815861d24add0d,,,-1.4283542,-48.4897963,,Tel?grafo,segunda-feira,09:30 to 21:30,ter?a-feira,09:30 to 21:30,quarta-feira,09:30 to 21:30,quinta-feira,09:30 to 21:30,sexta-feira,09:00 to 23:00,s?bado,09:30 to 23:00,domingo,09:00 to 18:00,0,Quase Conveni?ncia,0,,,,,,,,,,,,,,,,,+55 91 98406-1010,5.59198E+12,ChIJ9SWj-bqJpJIRDd1K0mFYgV4,"HGC6+M3 Tel?grafo, Bel?m - PA, Brasil",6,0,7,0,8,0,9,11,10,0,11,0,12,0,13,0,14,0,15,11,16,22,17,22,18,22,19,44,20,22,21,11,22,0,23,0,,,,,,,,,,,,,6,0,7,0,8,0,9,44,10,44,11,44,12,55,13,44,14,66,15,66,16,33,17,11,18,22,19,44,20,100,21,55,22,0,23,0,,,,,,,,,,,,,,,6,0,7,0,8,0,9,22,10,33,11,77,12,66,13,33,14,22,15,11,16,0,17,0,18,11,19,0,20,0,21,33,22,44,23,0,,,,,,,,,,,,,6,0,7,0,8,0,9,11,10,0,11,22,12,33,13,33,14,11,15,0,16,0,17,11,18,0,19,0,20,0,21,0,22,0,23,0,,,,,,,,,,,,,6,0,7,0,8,0,9,55,10,55,11,33,12,33,13,11,14,0,15,0,16,0,17,0,18,11,19,33,20,22,21,22,22,0,23,0,,,,,,,,,,,,,6,0,7,0,8,0,9,22,10,11,11,0,12,0,13,0,14,0,15,11,16,22,17,66,18,55,19,77,20,66,21,33,22,0,23,0,,,,,,,,,,,,,6,0,7,0,8,0,9,11,10,33,11,44,12,22,13,11,14,0,15,0,16,0,17,0,18,22,19,44,20,100,21,44,22,0,23,0,,,,,,,,,,,,,,66120-620,,5,,1,,1,0,0,0,0,Par?,"Av. Pedro ?lvares Cabral, 1999",,,,Total Conveniencias E Distribuidora,Total Conveniencias e Distribuidora,5,https://www.google.com/maps/search/?api=1&query=Total%20Conveniencias%20e%20Distribuidora&query_place_id=ChIJ9SWj-bqJpJIRDd1K0mFYgV4,
,,,,,,,,,,,,,,,,,,,,,,,,,,,,,,,,,,,,,,,,,,,,,,,,,,,,,,,,,,,,,,,,,,,,,,,,,,,,,,,,,,,,,,,,,,TRUE,,,,,,,,,,,,,,,,,,,,,"Passagem Padre J?li?o - Tel?grafo, Bel?m - PA, 66115-110, Brasil",Loja de Conveni?ncia,,,,,,,,,Loja de Conveni?ncia,8.74383E+18,Bel?m,BR,0x92a4896fce8b5011:0x79584ec478cdeee3,,,-1.4260707,-48.4916961,,Tel?grafo,segunda-feira,08:00 to 22:30,ter?a-feira,08:00 to 22:30,quarta-feira,08:00 to 22:30,quinta-feira,08:00 to 22:30,sexta-feira,08:00 to 22:30,s?bado,08:00 to 22:30,domingo,08:00 to 15:00,,,,,,,,,,,,,,,,,,,,,,ChIJEVCLzm-JpJIR4-7NeMROWHk,"HGF5+H8 Tel?grafo, Bel?m - PA, Brasil",6,0,7,0,8,0,9,0,10,0,11,10,12,0,13,0,14,0,15,10,16,30,17,10,18,0,19,0,20,10,21,20,22,40,23,0,,,,,,,,,,,,,6,0,7,0,8,0,9,10,10,30,11,70,12,60,13,40,14,30,15,50,16,20,17,10,18,20,19,20,20,40,21,30,22,30,23,0,,,,,,,,,,,,,,,6,0,7,0,8,20,9,20,10,40,11,30,12,50,13,60,14,50,15,60,16,30,17,30,18,40,19,20,20,10,21,0,22,0,23,0,,,,,,,,,,,,,6,0,7,0,8,30,9,20,10,20,11,20,12,10,13,0,14,10,15,0,16,0,17,0,18,0,19,0,20,0,21,0,22,0,23,0,,,,,,,,,,,,,6,0,7,0,8,10,9,0,10,20,11,40,12,60,13,50,14,50,15,30,16,20,17,30,18,30,19,40,20,30,21,30,22,10,23,0,,,,,,,,,,,,,6,0,7,0,8,40,9,60,10,40,11,60,12,30,13,30,14,20,15,30,16,60,17,70,18,40,19,40,20,30,21,30,22,40,23,0,,,,,,,,,,,,,6,0,7,0,8,0,9,10,10,20,11,10,12,0,13,0,14,10,15,20,16,30,17,50,18,100,19,60,20,50,21,10,22,0,23,0,,,,,,,,,,,,,,66115-110,,3,,0,,,,,,,Par?,Passagem Padre J?li?o,,,,Mercearia Mauro E Cia,Mercearia Mauro e Cia,,https://www.google.com/maps/search/?api=1&query=Mercearia%20Mauro%20e%20Cia&query_place_id=ChIJEVCLzm-JpJIR4-7NeMROWHk,
,,,,,,,,,,,,,,,,,,,,,,,,,,,,,,,,,,,,,TRUE,,,,,,,TRUE,,,,,TRUE,,,,,,,,,,,,,,,,,,,,,,,,,,,,,,,,,,,,,,,,,TRUE,,,,TRUE,,,,TRUE,TRUE,,,,,,,,,,,,"R. Prof. Nelson Ribeiro, 505 - Tel?grafo, Bel?m - PA, 66113-075, Brasil",Loja de Conveni?ncia,,,,,,,,,Loja de Conveni?ncia,7.62159E+18,Bel?m,BR,0x92a489579c66717d:0x69c5536a9f383c5d,,,-1.428026,-48.490332,,Tel?grafo,segunda-feira,08:00 to 22:00,ter?a-feira,08:00 to 22:00,quarta-feira,08:00 to 22:00,quinta-feira,Atendimento 24 horas,sexta-feira,Atendimento 24 horas,s?bado,Atendimento 24 horas,domingo,08:00 to 22:00,0,Roger Conveni?ncia,0,Outras pessoas pesquisaram,0,BLACK CERVEJA,0,Outras pessoas pesquisaram,6,MR bebidas,4.8,,,,,,,,,+55 91 98041-4571,5.59198E+12,ChIJfXFmnFeJpJIRXTw4n2pTxWk,"HGC5+QV Tel?grafo, Bel?m - PA, Brasil",0,25,1,8,2,4,3,12,4,4,5,4,6,8,7,8,8,12,9,25,10,12,11,8,12,8,13,20,14,8,15,12,16,25,17,45,18,20,19,12,20,4,21,12,22,37,23,45,6,0,7,0,8,41,9,29,10,20,11,37,12,29,13,25,14,4,15,16,16,37,17,79,18,87,19,66,20,25,21,12,22,0,23,0,,,,,,,,,,,,,,,0,79,1,54,2,29,3,12,4,12,5,12,6,16,7,12,8,20,9,12,10,29,11,29,12,37,13,20,14,8,15,0,16,0,17,0,18,4,19,12,20,4,21,0,22,0,23,0,6,0,7,0,8,8,9,8,10,20,11,41,12,25,13,20,14,16,15,29,16,29,17,12,18,8,19,8,20,4,21,0,22,0,23,0,,,,,,,,,,,,,0,0,1,12,2,25,3,54,4,8,5,0,6,4,7,16,8,54,9,75,10,100,11,70,12,50,13,12,14,4,15,0,16,12,17,37,18,58,19,62,20,62,21,58,22,58,23,50,6,0,7,0,8,66,9,29,10,12,11,0,12,0,13,12,14,41,15,83,16,95,17,62,18,62,19,29,20,12,21,0,22,0,23,0,,,,,,,,,,,,,6,0,7,0,8,16,9,37,10,37,11,50,12,79,13,91,14,75,15,45,16,37,17,45,18,37,19,62,20,45,21,62,22,0,23,0,,,,,,,,,,,,,,66113-075,,1,,1,,1,0,0,0,0,Par?,"R. Prof. Nelson Ribeiro, 505",,,,Cervejaria Mma,Cervejaria MMA,5,https://www.google.com/maps/search/?api=1&query=Cervejaria%20MMA&query_place_id=ChIJfXFmnFeJpJIRXTw4n2pTxWk,https://www.lojalocal.com/34892564000106
TRUE,,,,,,,,,,,,,,TRUE,,,,,,,,,,,,,,,,,,,,,,,,,,,,,,,,,,,,,,,,,,,,,,,,,,,,,,,,,TRUE,,,,,,,,,,,,,,,,,,,TRUE,,,,,,,,,,,,,,,,,,,,,"Tv. Benjamin Constant, 1793 - Nazar?, Bel?m - PA, 66035-060, Brasil",Loja de Conveni?ncia,Caf?,,,,,,,,Loja de Conveni?ncia,1.65363E+19,Bel?m,BR,0x92a48f060032bcef:0xe57ccbd8a09b91eb,,,-1.4574868,-48.4876836,,Nazar?,segunda-feira,09:00 to 19:00,ter?a-feira,09:00 to 19:00,quarta-feira,09:00 to 19:00,quinta-feira,09:00 to 19:00,sexta-feira,09:00 to 19:00,s?bado,09:00 to 19:00,domingo,09:00 to 15:00,,,,,,,,,,,,,,,,,,,,+55 91 99232-8187,5.59199E+12,ChIJ77wyAAaPpJIR65GboNjLfOU,"GGV6+2W Nazar?, Bel?m - PA, Brasil",6,0,7,0,8,0,9,12,10,20,11,20,12,34,13,36,14,28,15,32,16,34,17,48,18,46,19,0,20,0,21,0,22,0,23,0,,,,,,,,,,,,,6,0,7,0,8,0,9,8,10,6,11,4,12,4,13,0,14,2,15,4,16,6,17,6,18,14,19,0,20,0,21,0,22,0,23,0,,,,,,,,,,,,,,,6,0,7,0,8,0,9,18,10,22,11,20,12,12,13,10,14,14,15,26,16,22,17,10,18,2,19,0,20,0,21,0,22,0,23,0,,,,,,,,,,,,,6,0,7,0,8,0,9,77,10,100,11,100,12,69,13,42,14,16,15,0,16,0,17,0,18,0,19,0,20,0,21,0,22,0,23,0,,,,,,,,,,,,,6,0,7,0,8,0,9,24,10,40,11,36,12,26,13,14,14,22,15,24,16,36,17,42,18,51,19,0,20,0,21,0,22,0,23,0,,,,,,,,,,,,,6,0,7,0,8,0,9,8,10,12,11,14,12,20,13,18,14,32,15,44,16,61,17,61,18,61,19,0,20,0,21,0,22,0,23,0,,,,,,,,,,,,,6,0,7,0,8,0,9,6,10,18,11,24,12,34,13,42,14,42,15,44,16,46,17,51,18,53,19,0,20,0,21,0,22,0,23,0,,,,,,,,,,,,,,66035-060,,26,,15,,11,1,1,0,2,Par?,"Tv. Benjamin Constant, 1793",,,,Ver-O-Pesinho Casa & Caf?,Ver-o-Pesinho Casa & Caf?,4.3,https://www.google.com/maps/search/?api=1&query=Ver-o-Pesinho%20Casa%20%26%20Caf%C3%A9&query_place_id=ChIJ77wyAAaPpJIR65GboNjLfOU,
,,TRUE,,,,,,,,,,,,,,,,,,,,,,,,,,,,,,,,,,,,,,,,,,,,,,,,,,,,,,,,,,,,,,,,,,,,,,,,,,,,,,,,,,,,,,,,TRUE,,,,,,,,,,,,,,,,,,,,,"Av. Alm. Tamandar?, 870 - Cidade Velha, Bel?m - PA, 66020-000, Brasil",Loja de Conveni?ncia,Caixa eletr?nico,Caf?,Posto de combust?vel,Loja de sucos,Servi?o de troca de ?leo,Sanduicheria,Lanchonete,Ponto de acesso Wi-Fi,Loja de Conveni?ncia,1.73899E+19,Bel?m,BR,0x92a48fd91ca1deb9:0xf155720ad314bd13,,,-1.4580096,-48.4975725,,Cidade Velha,segunda-feira,06:00 to 22:00,ter?a-feira,06:00 to 22:00,quarta-feira,06:00 to 22:00,quinta-feira,06:00 to 22:00,sexta-feira,06:00 to 22:00,s?bado,06:00 to 22:00,domingo,06:00 to 22:00,,,,,,,,,,,,,,,,,,,,+55 45 2543-4500,5.54525E+11,ChIJud6hHNmPpJIRE70U0wpyVfE,"GGR2+QX Cidade Velha, Bel?m - PA, Brasil",5,0,6,41,7,75,8,58,9,33,10,25,11,16,12,8,13,0,14,8,15,50,16,58,17,100,18,58,19,41,20,16,21,33,22,0,,,,,,,,,,,,,5,0,6,33,7,16,8,0,9,8,10,16,11,8,12,0,13,0,14,0,15,0,16,8,17,16,18,33,19,16,20,16,21,0,22,0,,,,,,,,,,,,,,,5,0,6,33,7,25,8,33,9,58,10,66,11,41,12,25,13,33,14,16,15,8,16,0,17,0,18,0,19,0,20,8,21,25,22,0,,,,,,,,,,,,,5,0,6,16,7,41,8,41,9,16,10,8,11,0,12,0,13,8,14,25,15,8,16,0,17,8,18,16,19,8,20,8,21,16,22,0,,,,,,,,,,,,,5,0,6,8,7,0,8,0,9,0,10,0,11,0,12,0,13,0,14,0,15,0,16,8,17,25,18,58,19,50,20,66,21,25,22,0,,,,,,,,,,,,,5,0,6,25,7,41,8,16,9,8,10,8,11,33,12,41,13,25,14,8,15,0,16,16,17,16,18,33,19,25,20,16,21,16,22,0,,,,,,,,,,,,,5,0,6,0,7,0,8,0,9,0,10,0,11,0,12,8,13,25,14,33,15,25,16,16,17,25,18,50,19,50,20,25,21,16,22,0,,,,,,,,,,,,,,66020-000,,25,,0,,,,,,,Par?,"Av. Alm. Tamandar?, 870",,,,Br Mania Conveni?ncia,BR Mania Conveni?ncia,,https://www.google.com/maps/search/?api=1&query=BR%20Mania%20Conveni%C3%AAncia&query_place_id=ChIJud6hHNmPpJIRE70U0wpyVfE,https://www.postospetrobras.com.br/aproveite-a-parada/br-mania
,,TRUE,,,,,TRUE,,,,,,,,,,,,,,,,,,,,,,,,,,,,,,,,,,,,,,,,,,,,,,,,,,,,,,,,,,,,,,,,,,,,,,,,,,,,,,,,,,,TRUE,,,,,,,,,,,,,,,,,,,,,"Tv. Lomas Valentinas, 2629 - Marco, Bel?m - PA, 66095-770, Brasil",Loja de Conveni?ncia,Caixa eletr?nico,Caf?,Posto de combust?vel,Loja de sucos,Servi?o de troca de ?leo,Sanduicheria,Lanchonete,Ponto de acesso Wi-Fi,Loja de Conveni?ncia,1.74016E+19,Bel?m,BR,0x92a48c73d96a814d:0xf17ef4cb350e7cf6,,,-1.4345001,-48.4539417,,Marco,segunda-feira,06:00 to 22:00,ter?a-feira,06:00 to 22:00,quarta-feira,06:00 to 22:00,quinta-feira,06:00 to 22:00,sexta-feira,06:00 to 22:00,s?bado,06:00 to 22:00,domingo,06:00 to 22:00,33,Bonazo Conveniencia,4,Outras pessoas pesquisaram,2,Conveni?ncia AmPm - Ipiranga,5,Outras pessoas pesquisaram,227,Posto Petrobras,4.2,Outras pessoas pesquisaram,399,Posto Petrobras,4.5,,,,,,,ChIJTYFq2XOMpJIR9nwONcv0fvE,"HG8W+5C Marco, Bel?m - PA, Brasil",5,0,6,0,7,0,8,0,9,25,10,75,11,100,12,62,13,75,14,62,15,62,16,37,17,37,18,12,19,12,20,25,21,12,22,0,,,,,,,,,,,,,5,0,6,75,7,25,8,0,9,0,10,0,11,0,12,12,13,0,14,0,15,12,16,25,17,25,18,25,19,62,20,25,21,37,22,0,,,,,,,,,,,,,,,5,0,6,37,7,25,8,25,9,25,10,25,11,62,12,25,13,37,14,37,15,12,16,0,17,0,18,0,19,0,20,0,21,0,22,0,,,,,,,,,,,,,5,0,6,0,7,0,8,12,9,37,10,75,11,50,12,37,13,12,14,25,15,50,16,100,17,50,18,25,19,12,20,37,21,37,22,0,,,,,,,,,,,,,5,0,6,50,7,50,8,12,9,0,10,0,11,12,12,50,13,87,14,100,15,62,16,50,17,50,18,50,19,62,20,25,21,12,22,0,,,,,,,,,,,,,5,0,6,25,7,0,8,12,9,0,10,0,11,25,12,50,13,62,14,50,15,62,16,75,17,25,18,12,19,0,20,0,21,0,22,0,,,,,,,,,,,,,5,0,6,50,7,37,8,25,9,25,10,75,11,75,12,62,13,12,14,0,15,12,16,0,17,0,18,12,19,0,20,0,21,0,22,0,,,,,,,,,,,,,,66095-770,,22,,9,,9,0,0,0,0,Par?,"Tv. Lomas Valentinas, 2629",,,,Br Mania Conveni?ncia,BR Mania Conveni?ncia,5,https://www.google.com/maps/search/?api=1&query=BR%20Mania%20Conveni%C3%AAncia&query_place_id=ChIJTYFq2XOMpJIR9nwONcv0fvE,https://www.postospetrobras.com.br/aproveite-a-parada/br-mania
,,,,,,,,,,,,,,,,,,,,,,,,,,,,,,,,,,,,,,,,,,,,,,,,,,,,,,,,,,,,,,,,,,,,,,,,,,,,,,,,,,,,,,,,,,TRUE,,,,,,,,,,,,,,,,,,,,,"Av. Gentil Bitencourt - S?o Br?s, Bel?m - PA, 66073-220, Brasil",Loja de Conveni?ncia,,,,,,,,,Loja de Conveni?ncia,1.62439E+19,Bel?m,BR,0x92a48d41cf358e37:0xe16dd6be4c029396,,,-1.4545496,-48.4658744,,S?o Br?s,segunda-feira,"07:00 to 13:30, 15:00 to 22:00",ter?a-feira,"07:00 to 13:30, 15:00 to 22:00",quarta-feira,"07:00 to 13:30, 15:00 to 22:00",quinta-feira,"07:00 to 13:30, 15:00 to 22:00",sexta-feira,"07:00 to 13:30, 15:00 to 22:00",s?bado,"07:00 to 13:30, 15:00 to 22:00",domingo,Fechado,9,Primo Conveni?ncia,4.7,,,,,,,,,,,,,,,,,+55 91 3200-2024,5.59132E+11,ChIJN441z0GNpJIRlpMCTL7WbeE,"GGWM+5M S?o Br?s, Bel?m - PA, Brasil",,,,,,,,,,,,,,,,,,,,,,,,,,,,,,,,,,,,,,,,,,,,,,,,,,,,,,,,,,,,,,,,,,,,,,,,,,,,,,,,,,,,,,,,,,,,,,,,,,,,,,,,,,,,,,,,,,,,,,,,,,,,,,,,,,,,,,,,,,,,,,,,,,,,,,,,,,,,,,,,,,,,,,,,,,,,,,,,,,,,,,,,,,,,,,,,,,,,,,,,,,,,,,,,,,,,,,,,,,,,,,,,,,,,,,,,,,,,,,,,,,,,,,,,,,,,,,,,,,,,,,,,,,,,,,,,,,,,,,,,,,,,,,,,,,,,,,,,,,,,,,,,,,,,,,,,,,,,,,,,,,,,,,,,,,,,,,,,,,,,66073-220,,19,,1,,1,0,0,0,0,Par?,Av. Gentil Bitencourt,,,,Conveni?ncia Do Canto,CONVENI?NCIA DO CANTO,5,https://www.google.com/maps/search/?api=1&query=CONVENI%C3%8ANCIA%20DO%20CANTO&query_place_id=ChIJN441z0GNpJIRlpMCTL7WbeE,
,,,TRUE,,,,,,,,,,,,,,,,,,,,,,,,,,,,,,,,,TRUE,,,,,,,,,,,,,,,,,,,,,,,,,,,,,,,,,,,,,,,,,,,,,,,,,,,,,,TRUE,,,,,,,,,,,,,,,,,,,,,"Av. Gov. Jos? Malcher, 2484-2498 - Nazar?, Bel?m - PA, 66090-100, Brasil",Loja de Conveni?ncia,,,,,,,,,Loja de Conveni?ncia,1.41039E+19,Bel?m,BR,0x92a48c2486d514f3:0xc3bb4b3733f846a9,,Posto Shell - Pit Stop,-1.4485996,-48.4710815,,Nazar?,segunda-feira,08:00 to 22:00,ter?a-feira,08:00 to 22:00,quarta-feira,08:00 to 22:00,quinta-feira,08:00 to 22:00,sexta-feira,08:00 to 22:00,s?bado,08:00 to 22:00,domingo,08:00 to 22:00,63,Tudo Conveniencia Jo?o Paulo,4.6,Outras pessoas pesquisaram,0,Conveni?ncia toda hora,0,Outras pessoas pesquisaram,25,Casa Modelo Conveni?ncia,4.2,Outras pessoas pesquisaram,290,Posto Shell - Pit Stop,4.2,,,,,,,ChIJ8xTVhiSMpJIRqUb4MzdLu8M,"HG2H+HH Nazar?, Bel?m - PA, Brasil",6,0,7,0,8,7,9,19,10,42,11,30,12,19,13,15,14,19,15,7,16,15,17,19,18,42,19,23,20,23,21,11,22,0,23,0,,,,,,,,,,,,,6,0,7,0,8,3,9,15,10,19,11,38,12,46,13,23,14,11,15,7,16,34,17,46,18,73,19,30,20,23,21,15,22,0,23,0,,,,,,,,,,,,,,,6,0,7,0,8,46,9,100,10,100,11,65,12,23,13,3,14,11,15,26,16,50,17,30,18,15,19,3,20,7,21,3,22,0,23,0,,,,,,,,,,,,,6,0,7,0,8,7,9,3,10,0,11,0,12,3,13,3,14,11,15,7,16,7,17,19,18,7,19,7,20,15,21,26,22,0,23,0,,,,,,,,,,,,,6,0,7,0,8,23,9,15,10,0,11,3,12,7,13,3,14,3,15,11,16,3,17,3,18,23,19,46,20,61,21,26,22,0,23,0,,,,,,,,,,,,,6,0,7,0,8,46,9,19,10,15,11,7,12,7,13,7,14,15,15,7,16,3,17,3,18,26,19,46,20,61,21,34,22,0,23,0,,,,,,,,,,,,,6,0,7,0,8,0,9,7,10,23,11,46,12,38,13,15,14,3,15,0,16,0,17,0,18,3,19,7,20,3,21,11,22,0,23,0,,,,,,,,,,,,,,66090-100,,18,,6,,5,0,0,1,0,Par?,"Av. Gov. Jos? Malcher, 2484-2498",,,,Castelo Conveni?ncia,Castelo Conveni?ncia,4.7,https://www.google.com/maps/search/?api=1&query=Castelo%20Conveni%C3%AAncia&query_place_id=ChIJ8xTVhiSMpJIRqUb4MzdLu8M,
,,,,,,,,,,,,,,,,,,,,,,,,,,,,,,,,,,,,,,,,,,,,,,,,,,,,,,,,,,,,,,,,,,,,,,,,,,,,,,,,,,,,,,,,,,TRUE,,,,,,,,,,,,,,,,,,,,,"Av. Alm. Barroso, 1814 - Marco, Bel?m - PA, 66093-020, Brasil",Loja de Conveni?ncia,,,,,,,,,Loja de Conveni?ncia,1.45721E+19,Bel?m,BR,0x92a48d167b37b3bb:0xca3a57d8ad1701f2,,,-1.4348466,-48.4569818,,Marco,,,,,,,,,,,,,,,9,Primo Conveni?ncia,4.7,Outras pessoas pesquisaram,2,Rota 59,5,Outras pessoas pesquisaram,733,Shell,3.9,Outras pessoas pesquisaram,6,Rota 68 conveni?ncia,5,,,,,,,ChIJu7M3exaNpJIR8gEXrdhXOso,"HG8V+36 Marco, Bel?m - PA, Brasil",,,,,,,,,,,,,,,,,,,,,,,,,,,,,,,,,,,,,,,,,,,,,,,,,,,,,,,,,,,,,,,,,,,,,,,,,,,,,,,,,,,,,,,,,,,,,,,,,,,,,,,,,,,,,,,,,,,,,,,,,,,,,,,,,,,,,,,,,,,,,,,,,,,,,,,,,,,,,,,,,,,,,,,,,,,,,,,,,,,,,,,,,,,,,,,,,,,,,,,,,,,,,,,,,,,,,,,,,,,,,,,,,,,,,,,,,,,,,,,,,,,,,,,,,,,,,,,,,,,,,,,,,,,,,,,,,,,,,,,,,,,,,,,,,,,,,,,,,,,,,,,,,,,,,,,,,,,,,,,,,,,,,,,,,,,,,,,,,,,,66093-020,,17,,2,,2,0,0,0,0,Par?,"Av. Alm. Barroso, 1814",,,,Caf? Do Rota 66 - Conveni?ncias,Caf? do Rota 66 - Conveni?ncias,5,https://www.google.com/maps/search/?api=1&query=Caf%C3%A9%20do%20Rota%2066%20-%20Conveni%C3%AAncias&query_place_id=ChIJu7M3exaNpJIR8gEXrdhXOso,
,,,,,,,,,,,,,,,,,,,,,,,,,,,,,,,,,,,,TRUE,,,,,,TRUE,,,,,,,,,,,,,,,,,,,,,,,,,,,,,,,,,,,,,,,,,,,,,,,,TRUE,,,,,,,,,,,,,,,,,,,,,"R. Domingos Marreiros - Umarizal, Bel?m - PA, 66055-210, Brasil",Loja de Conveni?ncia,,,,,,,,,Loja de Conveni?ncia,1.61414E+19,Bel?m,BR,0x92a48d4616309819:0xe001c0bd37bdc9c0,,,-1.44458,-48.4779586,,Umarizal,segunda-feira,14:00 to 23:00,ter?a-feira,14:00 to 23:00,quarta-feira,14:00 to 23:00,quinta-feira,14:00 to 00:00,sexta-feira,14:00 to 00:00,s?bado,14:00 to 00:00,domingo,Fechado,0,Biritas conveni?ncia,0,Outras pessoas pesquisaram,5,Conveni?ncia AmPm - Ipiranga,1,,,,,,,,,,,,,,,ChIJGZgwFkaNpJIRwMm9N73AAeA,"HG4C+5R Umarizal, Bel?m - PA, Brasil",,,,,,,,,,,,,,,,,,,,,,,,,,,,,,,,,,,,,,,,,,,,,,,,,,,,,,,,,,,,,,,,,,,,,,,,,,,,,,,,,,,,,,,,,,,,,,,,,,,,,,,,,,,,,,,,,,,,,,,,,,,,,,,,,,,,,,,,,,,,,,,,,,,,,,,,,,,,,,,,,,,,,,,,,,,,,,,,,,,,,,,,,,,,,,,,,,,,,,,,,,,,,,,,,,,,,,,,,,,,,,,,,,,,,,,,,,,,,,,,,,,,,,,,,,,,,,,,,,,,,,,,,,,,,,,,,,,,,,,,,,,,,,,,,,,,,,,,,,,,,,,,,,,,,,,,,,,,,,,,,,,,,,,,,,,,,,,,,,,,66055-210,,11,,3,,3,0,0,0,0,Par?,R. Domingos Marreiros,,,,Los Triboz - Conveni?ncia,Los Triboz - Conveni?ncia,5,https://www.google.com/maps/search/?api=1&query=Los%20Triboz%20-%20Conveni%C3%AAncia&query_place_id=ChIJGZgwFkaNpJIRwMm9N73AAeA,https://instagram.com/lostriboz?igshid=YmMyMTA2M2Y=
,,TRUE,,,,,TRUE,,,,,,,,TRUE,,,TRUE,,,,,,,,,,,,,,,,,,TRUE,,,,,,,,,TRUE,,,,,,,,,,,,,,,,,,,,,,,,,,TRUE,,,,,,,,,,,,,,,,,,,TRUE,,,,TRUE,,,,TRUE,TRUE,,,,,,,,,,,,"R. Ferreira Pena, 614 - Umarizal, Bel?m - PA, 66050-140, Brasil",Loja de Conveni?ncia,,,,,,,,,Loja de Conveni?ncia,1.65951E+19,Bel?m,BR,0x92a48f82a51f896d:0xe64da50a3572e3b8,,,-1.437548,-48.4793585,,Umarizal,segunda-feira,08:00 to 03:00,ter?a-feira,08:00 to 03:00,quarta-feira,08:00 to 03:00,quinta-feira,08:00 to 03:00,sexta-feira,08:00 to 03:00,s?bado,08:00 to 03:00,domingo,08:00 to 03:00,0,Na Hora Conv?niencia,0,Outras pessoas pesquisaram,0,Conveni?ncia 24 H,0,Outras pessoas pesquisaram,0,CONVENIENCIA MUNICIPAL,0,,,,,,,,,+55 91 98919-5279,5.59199E+12,ChIJbYkfpYKPpJIRuONyNQqlTeY,"HG6C+X7 Umarizal, Bel?m - PA, Brasil",6,0,7,0,8,18,9,9,10,4,11,0,12,9,13,9,14,9,15,9,16,4,17,0,18,4,19,13,20,22,21,59,22,77,23,90,0,72,1,63,2,27,,,,,,,6,0,7,0,8,9,9,22,10,31,11,18,12,13,13,9,14,18,15,13,16,36,17,54,18,72,19,45,20,31,21,27,22,45,23,40,0,31,1,9,2,4,,,,,,,,,6,0,7,0,8,4,9,13,10,27,11,22,12,13,13,27,14,31,15,36,16,36,17,22,18,36,19,40,20,81,21,90,22,86,23,77,0,72,1,40,2,40,,,,,,,6,0,7,0,8,9,9,27,10,36,11,40,12,40,13,27,14,22,15,13,16,4,17,4,18,4,19,13,20,36,21,40,22,31,23,27,0,27,1,36,2,27,,,,,,,6,0,7,0,8,9,9,22,10,9,11,13,12,22,13,27,14,18,15,9,16,0,17,0,18,9,19,22,20,45,21,45,22,40,23,63,0,90,1,90,2,68,,,,,,,6,0,7,0,8,9,9,18,10,40,11,31,12,13,13,0,14,0,15,0,16,4,17,9,18,4,19,9,20,18,21,36,22,68,23,77,0,77,1,59,2,40,,,,,,,6,0,7,0,8,0,9,4,10,9,11,18,12,13,13,18,14,9,15,9,16,4,17,0,18,9,19,22,20,50,21,59,22,100,23,86,0,50,1,13,2,0,,,,,,,,66050-140,,15,,1,,1,0,0,0,0,Par?,"R. Ferreira Pena, 614",,,,Conveni?ncia A Refer?ncia,Conveni?ncia A Refer?ncia,5,https://www.google.com/maps/search/?api=1&query=Conveni%C3%AAncia%20A%20Refer%C3%AAncia&query_place_id=ChIJbYkfpYKPpJIRuONyNQqlTeY,
,,TRUE,,,,,,,,,,,,,,,,,,,,,,,,,,,,,,,,,,TRUE,,,,,,,,,,,,TRUE,,,,,,,,,,,,,,,,,,,,,,,,,,,,,,,,,,,,,,,,,,TRUE,,,,TRUE,,,,TRUE,TRUE,,,,,,,,,,,,"Marco, Bel?m - PA, 66095-491, Brasil",Loja de Conveni?ncia,,,,,,,,,Loja de Conveni?ncia,1.67043E+19,Bel?m,BR,0x92a48d8a2943bc5f:0xe7d16b99a99fb3d9,,,-1.4455013,-48.4605562,,Marco,segunda-feira,08:00 to 22:00,ter?a-feira,08:00 to 22:00,quarta-feira,08:00 to 22:00,quinta-feira,08:00 to 22:00,sexta-feira,Atendimento 24 horas,s?bado,Atendimento 24 horas,domingo,Atendimento 24 horas,14,Tudo Conveni?ncia Ant?nio Barreto,4.4,Outras pessoas pesquisaram,223,Tudo Conveni?ncia Boaventura,4.5,Outras pessoas pesquisaram,34,Tudo Conveni?ncia Entroncamento,4.1,Outras pessoas pesquisaram,9,Tudo Conveni?ncia Serzedelo,3.6,,,,,,,ChIJX7xDKYqNpJIR2bOfqZlr0ec,"HG3Q+QQ Marco, Bel?m - PA, Brasil",0,13,1,7,2,8,3,5,4,7,5,13,6,22,7,30,8,27,9,26,10,26,11,33,12,35,13,36,14,35,15,43,16,57,17,73,18,92,19,95,20,92,21,72,22,60,23,47,6,0,7,0,8,22,9,26,10,22,11,22,12,22,13,25,14,29,15,43,16,61,17,77,18,80,19,69,20,55,21,42,22,0,23,0,,,,,,,,,,,,,,,0,35,1,21,2,12,3,9,4,7,5,9,6,16,7,27,8,42,9,50,10,48,11,45,12,38,13,32,14,33,15,33,16,41,17,44,18,56,19,66,20,73,21,72,22,59,23,46,0,30,1,19,2,11,3,8,4,8,5,9,6,12,7,19,8,27,9,27,10,30,11,27,12,28,13,26,14,32,15,28,16,32,17,42,18,53,19,57,20,54,21,47,22,39,23,28,6,0,7,0,8,20,9,26,10,31,11,33,12,30,13,26,14,26,15,34,16,47,17,64,18,75,19,70,20,57,21,41,22,0,23,0,,,,,,,,,,,,,6,0,7,0,8,27,9,26,10,27,11,29,12,30,13,26,14,25,15,32,16,49,17,70,18,94,19,100,20,87,21,63,22,0,23,0,,,,,,,,,,,,,6,0,7,0,8,26,9,25,10,28,11,28,12,30,13,30,14,30,15,32,16,45,17,63,18,77,19,77,20,70,21,52,22,0,23,0,,,,,,,,,,,,,39,66095-491,,12,,64,,49,7,2,5,1,Par?,,,,,Tudo Conveniencia Jo?o Paulo,Tudo Conveniencia Jo?o Paulo,4.6,https://www.google.com/maps/search/?api=1&query=Tudo%20Conveniencia%20Jo%C3%A3o%20Paulo&query_place_id=ChIJX7xDKYqNpJIR2bOfqZlr0ec,
,,,,,,,,,,,,,,,,,,,,,,,,,,,,,,,,,,,,,,,,,,,,,,,,,,,,,,,,,,,,,,,,,,,,,,,,,,,,,,,,,,,,,,,,,,TRUE,,,,,,,,,,,,,,,,,,,,,"Tv. da Estrella, 2114 - Marco, Bel?m - PA, 66080-009, Brasil",Loja de Conveni?ncia,,,,,,,,,Loja de Conveni?ncia,5.46326E+18,Bel?m,BR,0x92a48da591caec79:0x4bd168d2352f8c95,,,-1.4343678,-48.4654886,,Marco,,,,,,,,,,,,,,,63,Tudo Conveniencia Jo?o Paulo,4.6,Outras pessoas pesquisaram,4,Conveni?ncia Bom Jesus. - Marco,4.3,,,,,,,,,,,,,+55 91 98993-2269,5.59199E+12,ChIJeezKkaWNpJIRlYwvNdJo0Us,"HG8M+7R Marco, Bel?m - PA, Brasil",,,,,,,,,,,,,,,,,,,,,,,,,,,,,,,,,,,,,,,,,,,,,,,,,,,,,,,,,,,,,,,,,,,,,,,,,,,,,,,,,,,,,,,,,,,,,,,,,,,,,,,,,,,,,,,,,,,,,,,,,,,,,,,,,,,,,,,,,,,,,,,,,,,,,,,,,,,,,,,,,,,,,,,,,,,,,,,,,,,,,,,,,,,,,,,,,,,,,,,,,,,,,,,,,,,,,,,,,,,,,,,,,,,,,,,,,,,,,,,,,,,,,,,,,,,,,,,,,,,,,,,,,,,,,,,,,,,,,,,,,,,,,,,,,,,,,,,,,,,,,,,,,,,,,,,,,,,,,,,,,,,,,,,,,,,,,,,,,,,,66080-009,,10,,2,,2,0,0,0,0,Par?,"Tv. da Estrella, 2114",,,,W.E Conveni?ncia,W.E Conveni?ncia,5,https://www.google.com/maps/search/?api=1&query=W.E%20Conveni%C3%AAncia&query_place_id=ChIJeezKkaWNpJIRlYwvNdJo0Us,
,,TRUE,,,,,TRUE,,,,,,,,,,,,,,,,,,,,,,,,,,,,,TRUE,,,,,,,,,,,,,,,,,,,,,,,,,,,,,,,,,,,,,,,,,,,,,,,,,,,,,,TRUE,,,,,,,,,,,,,,,,,,,,,"Esq. com a - Trav. Ant?nio Baena, Av. Jo?o Paulo II, 882 - Marco, Bel?m - PA, 66093-082, Brasil",Loja de Conveni?ncia,,,,,,,,,Loja de Conveni?ncia,6.4909E+18,Bel?m,BR,0x92a48d5c72b4c90f:0x5a144b73975b0ba3,,,-1.4473357,-48.462248,,Marco,segunda-feira,06:00 to 23:00,ter?a-feira,06:00 to 23:00,quarta-feira,06:00 to 23:00,quinta-feira,06:00 to 23:00,sexta-feira,06:00 to 23:00,s?bado,06:00 to 00:00,domingo,06:00 to 23:00,2,Dallas Express - Umarizal,5,Outras pessoas pesquisaram,0,Dallas Express - Pedreira,0,Outras pessoas pesquisaram,3,Dallas Express - Arthur Bernardes,4.7,Outras pessoas pesquisaram,250,Posto Petrobras,4.1,,,,,+55 91 98334-0008,5.59198E+12,ChIJD8m0clyNpJIRowtbl3NLFFo,"HG3Q+34 Marco, Bel?m - PA, Brasil",5,0,6,6,7,11,8,14,9,17,10,27,11,39,12,51,13,56,14,53,15,51,16,49,17,59,18,71,19,86,20,94,21,100,22,94,,,,,,,,,,,,,5,0,6,4,7,6,8,8,9,8,10,11,11,20,12,24,13,25,14,26,15,22,16,22,17,21,18,25,19,29,20,31,21,25,22,14,,,,,,,,,,,,,,,5,0,6,1,7,2,8,9,9,17,10,29,11,38,12,42,13,41,14,39,15,36,16,36,17,38,18,47,19,57,20,66,21,73,22,69,23,54,,,,,,,,,,,5,0,6,4,7,4,8,8,9,8,10,14,11,30,12,42,13,44,14,35,15,20,16,19,17,25,18,36,19,35,20,38,21,35,22,28,,,,,,,,,,,,,5,0,6,4,7,2,8,3,9,8,10,20,11,35,12,51,13,52,14,44,15,29,16,26,17,34,18,49,19,60,20,61,21,56,22,47,,,,,,,,,,,,,5,0,6,3,7,7,8,12,9,15,10,22,11,28,12,37,13,37,14,38,15,28,16,26,17,28,18,40,19,49,20,50,21,47,22,36,,,,,,,,,,,,,5,0,6,3,7,5,8,11,9,21,10,30,11,36,12,40,13,45,14,44,15,39,16,41,17,42,18,51,19,57,20,67,21,68,22,56,,,,,,,,,,,,,,66093-082,,8,,16,,10,1,5,0,0,PA,"Esq. com a - Trav. Ant?nio Baena, Av. Jo?o Paulo II, 882",,,,Dallas Express - Jo?o Paulo Ii,Dallas Express - Jo?o Paulo II,3.7,https://www.google.com/maps/search/?api=1&query=Dallas%20Express%20-%20Jo%C3%A3o%20Paulo%20II&query_place_id=ChIJD8m0clyNpJIRowtbl3NLFFo,
,,,,,,,,,,,,,,,,,,,,,,,,,,,,,,,,,,,,,,,,,,,,,,,,,,,,,,,,,,,,,,,,,,,,,,,,,,,,,,,,,,,,,,,,,,TRUE,,,,TRUE,,,,TRUE,TRUE,,,,,,,,,,,,"Tv. Quatorze de Abril, 1061 - loja - F?tima, Bel?m - PA, 66060-460, Brasil",Loja de Conveni?ncia,,,,,,,,,Loja de Conveni?ncia,1.93484E+18,Bel?m,BR,0x92a48dfdb8b29819:0x1ad9edbace8f114c,,,-1.4492027,-48.4726522,,F?tima,,,,,,,,,,,,,,,0,Baiuca Variedades,0,,,,,,,,,,,,,,,,,+55 91 98290-0881,5.59198E+12,ChIJGZiyuP2NpJIRTBGPzrrt2Ro,"HG2G+8W F?tima, Bel?m - PA, Brasil",,,,,,,,,,,,,,,,,,,,,,,,,,,,,,,,,,,,,,,,,,,,,,,,,,,,,,,,,,,,,,,,,,,,,,,,,,,,,,,,,,,,,,,,,,,,,,,,,,,,,,,,,,,,,,,,,,,,,,,,,,,,,,,,,,,,,,,,,,,,,,,,,,,,,,,,,,,,,,,,,,,,,,,,,,,,,,,,,,,,,,,,,,,,,,,,,,,,,,,,,,,,,,,,,,,,,,,,,,,,,,,,,,,,,,,,,,,,,,,,,,,,,,,,,,,,,,,,,,,,,,,,,,,,,,,,,,,,,,,,,,,,,,,,,,,,,,,,,,,,,,,,,,,,,,,,,,,,,,,,,,,,,,,,,,,,,,,,,,,,66060-460,,5,,12,,7,2,2,0,1,Par?,"Tv. Quatorze de Abril, 1061 - loja",,,,Baiuca Da Resenha,Baiuca da Resenha,3.9,https://www.google.com/maps/search/?api=1&query=Baiuca%20da%20Resenha&query_place_id=ChIJGZiyuP2NpJIRTBGPzrrt2Ro,
,,FALSE,,,,,FALSE,,,,,,,,,,,,,,,,,,,,,,,,,,,,,,,,,,,,,,,,,,,,,,,,,,,,,,,,,,,,,,,,,,,,,,,,,,,,,,,,,,,,TRUE,,,,TRUE,TRUE,,,,,,,,,,,,,,,"Av. Conselheiro Furtado, 231 - Canudos, Bel?m - PA, 66075-050, Brasil",Loja de Conveni?ncia,,,,,,,,,Loja de Conveni?ncia,1.3692E+19,Bel?m,BR,0x92a48c33d0ae823b:0xbe03dc476826e72b,,,-1.4557692,-48.4656256,,Canudos,segunda-feira,08:00 to 00:00,ter?a-feira,08:00 to 00:00,quarta-feira,08:00 to 00:00,quinta-feira,08:00 to 00:00,sexta-feira,08:00 to 00:00,s?bado,08:00 to 00:00,domingo,08:00 to 00:00,9,Casa do Alimento,4.3,Outras pessoas pesquisaram,1,Mercearia do pity,5,,,,,,,,,,,,,+55 91 98285-5756,5.59198E+12,ChIJO4Ku0DOMpJIRK-cmaEfcA74,"GGVM+MP Canudos, Bel?m - PA, Brasil",6,0,7,0,8,25,9,29,10,29,11,29,12,29,13,22,14,29,15,16,16,19,17,25,18,41,19,32,20,25,21,35,22,58,23,70,,,,,,,,,,,,,6,0,7,0,8,48,9,51,10,41,11,29,12,25,13,41,14,51,15,61,16,41,17,48,18,64,19,100,20,83,21,58,22,41,23,32,,,,,,,,,,,,,,,6,0,7,0,8,35,9,58,10,32,11,25,12,25,13,29,14,22,15,25,16,48,17,58,18,80,19,90,20,87,21,51,22,45,23,32,,,,,,,,,,,,,6,0,7,0,8,9,9,25,10,22,11,29,12,32,13,29,14,16,15,16,16,22,17,38,18,58,19,61,20,58,21,45,22,35,23,22,,,,,,,,,,,,,6,0,7,0,8,25,9,32,10,58,11,51,12,38,13,22,14,12,15,16,16,35,17,74,18,77,19,83,20,41,21,19,22,12,23,12,,,,,,,,,,,,,6,0,7,0,8,9,9,19,10,29,11,38,12,25,13,16,14,19,15,35,16,45,17,54,18,58,19,54,20,41,21,41,22,54,23,35,,,,,,,,,,,,,6,0,7,0,8,3,9,6,10,19,11,48,12,48,13,48,14,61,15,64,16,77,17,74,18,90,19,74,20,77,21,61,22,45,23,19,,,,,,,,,,,,,,66075-050,,3,,12,,7,1,2,1,1,Par?,"Av. Conselheiro Furtado, 231",,,,Mercearia Da Pretinha,Mercearia da Pretinha,3.8,https://www.google.com/maps/search/?api=1&query=Mercearia%20da%20Pretinha&query_place_id=ChIJO4Ku0DOMpJIRK-cmaEfcA74,
,,,,,,,,,,,,,,,,,,,,,,,,,,,,,,,,,,,,,,,,,,,,,,,,,,,,,,,,,,,,,,,,,,,,,,,,,,,,,,,,,,,,,,,,,,,,,,,,,,,,,,,,,,,,,,,"Passagem Iracema, 41 - Marambaia, Bel?m - PA, 66623-140, Brasil",Loja de Conveni?ncia,,,,,,,,,Loja de Conveni?ncia,9.19642E+18,Bel?m,BR,0x92a48bb28da7855b:0x7fa03fdafec071e5,,,-1.4033758,-48.4479361,,Marambaia,segunda-feira,08:00 to 00:00,ter?a-feira,08:00 to 00:00,quarta-feira,08:00 to 00:00,quinta-feira,08:00 to 00:00,sexta-feira,08:00 to 00:00,s?bado,08:00 to 00:00,domingo,08:00 to 00:00,1,Anne Beer Conveni?ncia,5,Outras pessoas pesquisaram,3,M. Alves Conveni?ncia,4.7,Outras pessoas pesquisaram,1,Kelly Bebidas e conveni?ncia,5,,,,,,,,,,,ChIJW4WnjbKLpJIR5XHA_to_oH8,"HHW2+JR Marambaia, Bel?m - PA, Brasil",6,0,7,0,8,26,9,10,10,10,11,10,12,15,13,26,14,52,15,36,16,31,17,26,18,36,19,52,20,47,21,47,22,47,23,52,,,,,,,,,,,,,6,0,7,0,8,100,9,68,10,47,11,42,12,26,13,36,14,15,15,5,16,10,17,15,18,15,19,26,20,26,21,21,22,5,23,0,,,,,,,,,,,,,,,6,0,7,0,8,5,9,21,10,47,11,73,12,78,13,78,14,47,15,26,16,15,17,10,18,10,19,31,20,42,21,57,22,63,23,68,,,,,,,,,,,,,6,0,7,0,8,10,9,26,10,15,11,31,12,57,13,57,14,31,15,31,16,15,17,5,18,0,19,5,20,10,21,26,22,10,23,5,,,,,,,,,,,,,6,0,7,0,8,68,9,42,10,21,11,26,12,52,13,57,14,26,15,15,16,10,17,5,18,10,19,26,20,36,21,31,22,21,23,26,,,,,,,,,,,,,6,0,7,0,8,0,9,0,10,0,11,5,12,10,13,10,14,15,15,5,16,5,17,15,18,36,19,31,20,21,21,26,22,26,23,52,,,,,,,,,,,,,6,0,7,0,8,68,9,31,10,10,11,5,12,21,13,47,14,42,15,26,16,31,17,36,18,63,19,78,20,47,21,36,22,10,23,5,,,,,,,,,,,,,,66623-140,,20,,1,,1,0,0,0,0,Par?,"Passagem Iracema, 41",,,,Anne Kelly Conveni?ncia,Anne Kelly conveni?ncia,5,https://www.google.com/maps/search/?api=1&query=Anne%20Kelly%20conveni%C3%AAncia&query_place_id=ChIJW4WnjbKLpJIR5XHA_to_oH8,
,TRUE,,,,,TRUE,,,TRUE,,TRUE,,TRUE,TRUE,,,,,,,,,,TRUE,,TRUE,,TRUE,TRUE,TRUE,TRUE,,,,,,TRUE,,,,,,,TRUE,,,,,,,,,,TRUE,,,,,,,,,,,,,,,,TRUE,,,,TRUE,,TRUE,,,TRUE,,TRUE,,,,TRUE,,,TRUE,,TRUE,,,,TRUE,,,,TRUE,TRUE,,,TRUE,,,TRUE,,,,,,"Av. Rodolfo Chermont, 8 - Marambaia, Bel?m - PA, 66615-170, Brasil",Loja de Conveni?ncia,Loja de Conveni?ncia,Loja de bebidas,,,,,,,Bar,1.40152E+19,Bel?m,BR,0x92a48bba1019a44d:0xc2801bb3df8a7e2e,"https://food.google.com/chooseprovider?restaurantId=/g/1pzpxbldw&g2lbs=AOHF13kMEjg_cJlDefp-UZlLRflCMV_ihQlQHIumnpQeSXUCcrHhehyVeyZRFNIZIqCaODjV9wIxKmSnyh0vRQWHPqLzTYNHSVPHGknc6zFjqHJZt1r2OR4%3D&hl=pt-BR&gl=us&fo_m=MfohQo559jFvMUOzJVpjPL1YMfZ3bInYwBDuMfaXTPp5KXh-&utm_source=tactile&gei=UXCxZpn4I-7dptQPuYuDqA4&ei=UXCxZpn4I-7dptQPuYuDqA4&fo_s=OA,SOE&opi=79508299&foub=mcpp",,-1.408137,-48.453235,,Marambaia,segunda-feira,Fechado,ter?a-feira,08:00 to 04:00,quarta-feira,08:00 to 04:00,quinta-feira,08:00 to 04:00,sexta-feira,08:00 to 04:00,s?bado,08:00 to 04:00,domingo,08:00 to 04:00,384,RIO VIBE CARIOCA,4.4,Outras pessoas pesquisaram,7,Medell?n Pub,3.9,Outras pessoas pesquisaram,29,Mendes Bar,4.2,,,,,,,,,+55 91 98396-5563,5.59198E+12,ChIJTaQZELqLpJIRLn6K37MbgMI,"HGRW+PP Marambaia, Bel?m - PA, Brasil",6,0,7,0,8,4,9,5,10,9,11,11,12,12,13,12,14,11,15,11,16,13,17,16,18,21,19,29,20,43,21,63,22,84,23,95,0,79,1,65,2,46,3,32,,,,,,,,,,,,,,,,,,,,,,,,,,,,,,,,,,,,,,,,,,,,,,,,,,,,,,,6,0,7,0,8,5,9,8,10,11,11,14,12,15,13,16,14,16,15,18,16,21,17,25,18,28,19,33,20,46,21,70,22,91,23,100,0,80,1,65,2,50,3,37,,,,,6,0,7,0,8,3,9,3,10,5,11,8,12,11,13,12,14,13,15,13,16,16,17,19,18,23,19,29,20,37,21,42,22,44,23,41,0,32,1,23,2,15,3,10,,,,,6,0,7,0,8,2,9,5,10,7,11,8,12,8,13,7,14,7,15,7,16,9,17,12,18,14,19,16,20,20,21,27,22,33,23,36,0,28,1,21,2,13,3,7,,,,,6,0,7,0,8,3,9,4,10,6,11,8,12,9,13,7,14,6,15,7,16,9,17,10,18,11,19,13,20,15,21,20,22,22,23,23,0,17,1,11,2,6,3,3,,,,,6,0,7,0,8,3,9,3,10,5,11,7,12,8,13,9,14,10,15,9,16,9,17,10,18,13,19,17,20,26,21,36,22,43,23,44,0,33,1,23,2,14,3,8,,,,,,66615-170,$$,23,,138,,79,37,7,11,4,Par?,"Av. Rodolfo Chermont, 8",,,,Momentum Bar & Conveni?ncia,Momentum Bar & Conveni?ncia,4.3,https://www.google.com/maps/search/?api=1&query=Momentum%20Bar%20%26%20Conveni%C3%AAncia&query_place_id=ChIJTaQZELqLpJIRLn6K37MbgMI,
,,,,,,,,,,,,,,,,,,,,,,,,,,,,,,,,,,,,,,,,,,,,,,,,,,,,,,,,,,,,,,,,,,,,,,,,,,,,,,,,,,,,,,,,,,,,,,,,,,,,,,,,,,,,,,,"Av. Dr. Freitas, 3102 - Marco, Bel?m - PA, 66077-830, Brasil",Loja de Conveni?ncia,,,,,,,,,Loja de Conveni?ncia,7.42022E+18,Bel?m,BR,0x92a48ddf9a3aaa8b:0x66f9e95851af9a35,,,-1.4303107,-48.452171,,Marco,segunda-feira,09:00 to 23:00,ter?a-feira,09:00 to 23:00,quarta-feira,09:00 to 23:00,quinta-feira,09:00 to 23:00,sexta-feira,09:00 to 23:00,s?bado,09:00 to 23:00,domingo,09:00 to 23:00,2,REIS CONVENI?NCIA,5,Outras pessoas pesquisaram,63,Tudo Conveniencia Jo?o Paulo,4.6,,,,,,,,,,,,,+55 91 98525-7906,5.59199E+12,ChIJi6o6mt-NpJIRNZqvUVjp-WY,"HG9X+V4 Marco, Bel?m - PA, Brasil",6,0,7,0,8,0,9,54,10,45,11,54,12,27,13,27,14,9,15,18,16,45,17,45,18,18,19,27,20,27,21,9,22,0,23,0,,,,,,,,,,,,,6,0,7,0,8,0,9,72,10,54,11,81,12,45,13,54,14,45,15,45,16,72,17,100,18,90,19,45,20,27,21,45,22,18,23,0,,,,,,,,,,,,,,,6,0,7,0,8,0,9,9,10,27,11,63,12,54,13,54,14,27,15,18,16,18,17,18,18,18,19,9,20,9,21,18,22,9,23,0,,,,,,,,,,,,,6,0,7,0,8,0,9,0,10,0,11,9,12,18,13,36,14,45,15,72,16,90,17,54,18,63,19,72,20,27,21,9,22,0,23,0,,,,,,,,,,,,,6,0,7,0,8,0,9,0,10,9,11,18,12,18,13,18,14,54,15,45,16,63,17,36,18,36,19,36,20,27,21,18,22,27,23,0,,,,,,,,,,,,,6,0,7,0,8,0,9,27,10,54,11,36,12,45,13,27,14,18,15,18,16,9,17,0,18,0,19,0,20,0,21,9,22,9,23,0,,,,,,,,,,,,,6,0,7,0,8,0,9,9,10,27,11,54,12,90,13,36,14,18,15,9,16,0,17,9,18,9,19,27,20,18,21,18,22,18,23,0,,,,,,,,,,,,,,66077-830,,19,,12,,12,0,0,0,0,Par?,"Av. Dr. Freitas, 3102",,,,Dep?sito & Conveni?ncia.A.S,Dep?sito & Conveni?ncia.A.S,5,https://www.google.com/maps/search/?api=1&query=Dep%C3%B3sito%20%26%20Conveni%C3%AAncia.A.S&query_place_id=ChIJi6o6mt-NpJIRNZqvUVjp-WY,
,,TRUE,,,,,TRUE,,,,,,,,,,,,,,,,,,,,,,,,,,,,TRUE,,,,,,,,,,FALSE,,,,,,,,,,,,,,,,,,,,,,,,,,,,,,,,,,,,,,,,,,,,,TRUE,,,,,,,,,,,,,,,,,,,,,"Av Joao Paulo Ii 262 A, Bel?m - PA, 66630-505, Brasil",Loja de Conveni?ncia,Caixa eletr?nico,Caf?,Posto de combust?vel,Loja de sucos,Servi?o de troca de ?leo,Sanduicheria,Ponto de acesso Wi-Fi,,Loja de Conveni?ncia,1.90763E+18,Bel?m,BR,0x92a48b86a277d12f:0x1a7941cc27ea30f5,,,-1.426112,-48.4450096,,Curi?-Utinga,,,,,,,,,,,,,,,0,ampm,0,Outras pessoas pesquisaram,9,BR Mania Conveni?ncia,5,Outras pessoas pesquisaram,2,Conveni?ncia AmPm - Ipiranga,1,,,,,,,,,+55 3003-3451,,ChIJL9F3ooaLpJIR9TDqJ8xBeRo,"HHF3+HX Bel?m, Par?, Brasil",,,,,,,,,,,,,,,,,,,,,,,,,,,,,,,,,,,,,,,,,,,,,,,,,,,,,,,,,,,,,,,,,,,,,,,,,,,,,,,,,,,,,,,,,,,,,,,,,,,,,,,,,,,,,,,,,,,,,,,,,,,,,,,,,,,,,,,,,,,,,,,,,,,,,,,,,,,,,,,,,,,,,,,,,,,,,,,,,,,,,,,,,,,,,,,,,,,,,,,,,,,,,,,,,,,,,,,,,,,,,,,,,,,,,,,,,,,,,,,,,,,,,,,,,,,,,,,,,,,,,,,,,,,,,,,,,,,,,,,,,,,,,,,,,,,,,,,,,,,,,,,,,,,,,,,,,,,,,,,,,,,,,,,,,,,,,,,,,,,,66630-505,,18,,2,,2,0,0,0,0,PA,Av Joao Paulo Ii 262 A,,,,Conveni?ncia Ampm - Ipiranga,Conveni?ncia AmPm - Ipiranga,5,https://www.google.com/maps/search/?api=1&query=Conveni%C3%AAncia%20AmPm%20-%20Ipiranga&query_place_id=ChIJL9F3ooaLpJIR9TDqJ8xBeRo,http://www.ipiranga.com.br/
,,,,,,,,,,,,,,,,,,,,,,,,,,,,,,,,,,,,TRUE,,,,,,,,,,,,TRUE,TRUE,,,,,,,,,,,,,,,,,,,,,,,,,,,,,,,,,,,,,,,,,TRUE,,,,,,,,,,,,,,,,,,,,,"Av. Dalva, 763 - Marambaia, Bel?m - PA, 66615-850, Brasil",Loja de Conveni?ncia,,,,,,,,,Loja de Conveni?ncia,4.79464E+18,Bel?m,BR,0x92a45f910fa69613:0x4289fd1d1bf488e3,,,-1.4057741,-48.4384651,,Marambaia,segunda-feira,07:30 to 21:30,ter?a-feira,07:30 to 21:30,quarta-feira,07:30 to 21:30,quinta-feira,07:30 to 21:30,sexta-feira,07:30 to 21:30,s?bado,07:30 to 21:30,domingo,08:00 to 21:00,174,Bar Maramba's Beer,4.3,Outras pessoas pesquisaram,0,3n - Conveni?ncias,0,Outras pessoas pesquisaram,2,Deposito de Bebidas Marambaia Zero Hora,5,Outras pessoas pesquisaram,3,M. Alves Conveni?ncia,4.7,,,,,+55 91 98621-5214,5.59199E+12,ChIJE5amD5FfpJIR44j0Gx39iUI,"HHV6+MJ Marambaia, Bel?m - PA, Brasil",6,0,7,8,8,16,9,16,10,16,11,8,12,16,13,16,14,16,15,0,16,0,17,8,18,0,19,0,20,0,21,16,22,0,23,0,,,,,,,,,,,,,6,0,7,0,8,8,9,16,10,41,11,25,12,33,13,25,14,41,15,66,16,58,17,50,18,83,19,58,20,50,21,58,22,0,23,0,,,,,,,,,,,,,,,6,0,7,0,8,0,9,8,10,25,11,8,12,0,13,8,14,8,15,16,16,8,17,0,18,0,19,0,20,0,21,8,22,0,23,0,,,,,,,,,,,,,6,0,7,0,8,8,9,16,10,16,11,25,12,33,13,25,14,8,15,0,16,0,17,8,18,16,19,8,20,8,21,0,22,0,23,0,,,,,,,,,,,,,6,0,7,91,8,83,9,100,10,75,11,33,12,8,13,8,14,0,15,0,16,8,17,16,18,33,19,16,20,16,21,8,22,0,23,0,,,,,,,,,,,,,6,0,7,50,8,58,9,58,10,25,11,16,12,33,13,75,14,58,15,33,16,33,17,33,18,58,19,50,20,25,21,33,22,0,23,0,,,,,,,,,,,,,6,0,7,25,8,8,9,0,10,0,11,8,12,25,13,8,14,0,15,0,16,8,17,16,18,33,19,25,20,25,21,16,22,0,23,0,,,,,,,,,,,,,,66615-850,,16,,11,,11,0,0,0,0,Par?,"Av. Dalva, 763",,,,Marambeer,Marambeer,5,https://www.google.com/maps/search/?api=1&query=Marambeer&query_place_id=ChIJE5amD5FfpJIR44j0Gx39iUI,https://marambeer.negocio.site/?utm_source=gmb&utm_medium=referral
,,,,,,,,,,,,,,,,,,,,,,,,,,,,,,,,,,,TRUE,,,,,,,,,,,,,,,,,,,,,,,,,,,,,,,,,,,,,,,,,,,,,,,,,,,,,,,TRUE,,,,,,,,,,,,,,,,,,,,,"R. da Mata, 542 - Marambaia, Bel?m - PA, 66615-420, Brasil",Loja de Conveni?ncia,,,,,,,,,Loja de Conveni?ncia,4.66999E+18,Bel?m,BR,0x92a48bacc0b04dc5:0x40cf2585de53919d,,,-1.4018331,-48.4485076,,Marambaia,segunda-feira,11:00 to 00:00,ter?a-feira,11:00 to 00:00,quarta-feira,11:00 to 00:00,quinta-feira,11:00 to 00:00,sexta-feira,11:00 to 00:00,s?bado,11:00 to 00:00,domingo,11:00 to 00:00,2,Moura Conveni?ncia & Distribuidora de Bebidas na Marambaia.,5,Outras pessoas pesquisaram,1,bet conveni?ncia,5,Outras pessoas pesquisaram,4,Conveni?ncia do Zeca Marambaia,4,Outras pessoas pesquisaram,1,Conveni?ncia,5,Outras pessoas pesquisaram,125,Icebode Marambaia,4.4,+55 91 98296-3867,5.59198E+12,ChIJxU2wwKyLpJIRnZFT3oUlz0A,"HHX2+7H Marambaia, Bel?m - PA, Brasil",6,0,7,0,8,0,9,0,10,0,11,17,12,17,13,29,14,23,15,35,16,41,17,17,18,5,19,5,20,29,21,64,22,100,23,82,,,,,,,,,,,,,6,0,7,0,8,0,9,0,10,0,11,23,12,35,13,47,14,35,15,29,16,17,17,17,18,11,19,0,20,11,21,29,22,52,23,29,,,,,,,,,,,,,,,6,0,7,0,8,0,9,0,10,0,11,0,12,0,13,17,14,29,15,58,16,70,17,58,18,41,19,17,20,11,21,29,22,41,23,76,,,,,,,,,,,,,6,0,7,0,8,0,9,0,10,0,11,23,12,11,13,11,14,35,15,23,16,23,17,17,18,41,19,17,20,11,21,0,22,0,23,0,,,,,,,,,,,,,6,0,7,0,8,0,9,0,10,0,11,17,12,5,13,0,14,0,15,0,16,17,17,41,18,58,19,29,20,29,21,41,22,52,23,35,,,,,,,,,,,,,6,0,7,0,8,0,9,0,10,0,11,0,12,0,13,5,14,17,15,5,16,0,17,5,18,11,19,23,20,11,21,17,22,17,23,23,,,,,,,,,,,,,6,0,7,0,8,0,9,0,10,0,11,17,12,23,13,35,14,17,15,23,16,35,17,41,18,23,19,29,20,47,21,52,22,35,23,17,,,,,,,,,,,,,,66615-420,,12,,3,,3,0,0,0,0,Par?,"R. da Mata, 542",,,,Conveni?ncia Dudu,Conveni?ncia Dudu,5,https://www.google.com/maps/search/?api=1&query=Conveni%C3%AAncia%20Dudu&query_place_id=ChIJxU2wwKyLpJIRnZFT3oUlz0A,
,,TRUE,,,,,TRUE,,,,,,,,,,,,,,,,,,,,,,,,,,,,,TRUE,,,,,,,,,,,,,,,,,,,,,,,,,,,,,,,,,,,,,,,,,,,,,,,,,,,,,,TRUE,,,,TRUE,,,,TRUE,TRUE,,,,,,,,,,,,"Av. Alm. Barroso, 5501 - Castanheira, Bel?m - PA, 66645-250, Brasil",Loja de Conveni?ncia,Loja de bebidas,,,,,,,,Loja de Conveni?ncia,7.67214E+18,Bel?m,BR,0x92a48bcf6b42c429:0x6a78e74fd0f9abdb,,Posto Shell,-1.4080894,-48.4372672,,Castanheira,segunda-feira,Atendimento 24 horas,ter?a-feira,Atendimento 24 horas,quarta-feira,Atendimento 24 horas,quinta-feira,Atendimento 24 horas,sexta-feira,Atendimento 24 horas,s?bado,Atendimento 24 horas,domingo,Atendimento 24 horas,63,Tudo Conveniencia Jo?o Paulo,4.6,Outras pessoas pesquisaram,14,Tudo Conveni?ncia Ant?nio Barreto,4.4,Outras pessoas pesquisaram,11,Tudo Conveni?ncia Centen?rio,4.4,,,,,,,,,+55 91 99310-2500,5.59199E+12,ChIJKcRCa8-LpJIR26v50E_neGo,"HHR7+Q3 Castanheira, Bel?m - PA, Brasil",,,,,,,,,,,,,,,,,,,,,,,,,,,,,,,,,,,,,,,,,,,,,,,,,,,,,,,,,,,,,,,,,,,,,,,,,,,,,,,,,,,,,,,,,,,,,,,,,,,,,,,,,,,,,,,,,,,,,,,,,,,,,,,,,,,,,,,,,,,,,,,,,,,,,,,,,,,,,,,,,,,,,,,,,,,,,,,,,,,,,,,,,,,,,,,,,,,,,,,,,,,,,,,,,,,,,,,,,,,,,,,,,,,,,,,,,,,,,,,,,,,,,,,,,,,,,,,,,,,,,,,,,,,,,,,,,,,,,,,,,,,,,,,,,,,,,,,,,,,,,,,,,,,,,,,,,,,,,,,,,,,,,,,,,,,,,,,,,,,,66645-250,,11,,34,,22,4,6,2,0,Par?,"Av. Alm. Barroso, 5501",,,,Tudo Conveni?ncia Entroncamento,Tudo Conveni?ncia Entroncamento,4.1,https://www.google.com/maps/search/?api=1&query=Tudo%20Conveni%C3%AAncia%20Entroncamento&query_place_id=ChIJKcRCa8-LpJIR26v50E_neGo,
,,,,,,,,,,,,,,,,,,,,,,,,,,,,,,,,,,,,,,,,,,,,,,,,,,,,,,,,,,,,,,,,,,,,,,,,,,,,,,,,,,,,,,,,,,TRUE,,,,,,,,,,,,,,,,,,,,,"Av. Dalva, 705A - Marambaia, Bel?m - PA, 66615-850, Brasil",Loja de Conveni?ncia,,,,,,,,,Loja de Conveni?ncia,7.1411E+18,Bel?m,BR,0x92a48b28dba4efa9:0x631a4cd325e10c32,,,-1.4052126,-48.4388738,,Marambaia,,,,,,,,,,,,,,,1,Disk Breja Delivery,5,Outras pessoas pesquisaram,1,Dep?sito de Bebidas Express,5,Outras pessoas pesquisaram,2,Moura Conveni?ncia & Distribuidora de Bebidas na Marambaia.,5,,,,,,,,,+55 91 3229-0677,5.59132E+11,ChIJqe-k2yiLpJIRMgzhJdNMGmM,"HHV6+WF Marambaia, Bel?m - PA, Brasil",,,,,,,,,,,,,,,,,,,,,,,,,,,,,,,,,,,,,,,,,,,,,,,,,,,,,,,,,,,,,,,,,,,,,,,,,,,,,,,,,,,,,,,,,,,,,,,,,,,,,,,,,,,,,,,,,,,,,,,,,,,,,,,,,,,,,,,,,,,,,,,,,,,,,,,,,,,,,,,,,,,,,,,,,,,,,,,,,,,,,,,,,,,,,,,,,,,,,,,,,,,,,,,,,,,,,,,,,,,,,,,,,,,,,,,,,,,,,,,,,,,,,,,,,,,,,,,,,,,,,,,,,,,,,,,,,,,,,,,,,,,,,,,,,,,,,,,,,,,,,,,,,,,,,,,,,,,,,,,,,,,,,,,,,,,,,,,,,,,,66615-850,,10,,2,,2,0,0,0,0,Par?,"Av. Dalva, 705A",,,,Deposito De Bebidas Marambaia Zero Hora,Deposito de Bebidas Marambaia Zero Hora,5,https://www.google.com/maps/search/?api=1&query=Deposito%20de%20Bebidas%20Marambaia%20Zero%20Hora&query_place_id=ChIJqe-k2yiLpJIRMgzhJdNMGmM,
,,,,,,,,,,,,,,,,,,,,,,,,,,,,,,,,,,,,,,,,,,,,,,,,,,,,,,,,,,,,,,,,,,,,,,,,,,,,,,,,,,,,,,,,,,TRUE,,,,TRUE,,,,TRUE,TRUE,,,,,,,,,,,,"Av. Rodolfo Chermont, 469 - Marambaia, Bel?m - PA, 66615-170, Brasil",Loja de Conveni?ncia,,,,,,,,,Loja de Conveni?ncia,3.52858E+18,Bel?m,BR,0x92a48b5dd46ca7ed:0x30f8075daad95143,,,-1.4058835,-48.4532746,,Marambaia,,,,,,,,,,,,,,,2,King Beer,5,Outras pessoas pesquisaram,2,Moura Conveni?ncia & Distribuidora de Bebidas na Marambaia.,5,Outras pessoas pesquisaram,0,N?poli Conveni?ncia,0,Outras pessoas pesquisaram,138,Momentum Bar & Conveni?ncia,4.3,,,,,,,ChIJ7ads1F2LpJIRQ1HZql0H-DA,"HGVW+JM Marambaia, Bel?m - PA, Brasil",,,,,,,,,,,,,,,,,,,,,,,,,,,,,,,,,,,,,,,,,,,,,,,,,,,,,,,,,,,,,,,,,,,,,,,,,,,,,,,,,,,,,,,,,,,,,,,,,,,,,,,,,,,,,,,,,,,,,,,,,,,,,,,,,,,,,,,,,,,,,,,,,,,,,,,,,,,,,,,,,,,,,,,,,,,,,,,,,,,,,,,,,,,,,,,,,,,,,,,,,,,,,,,,,,,,,,,,,,,,,,,,,,,,,,,,,,,,,,,,,,,,,,,,,,,,,,,,,,,,,,,,,,,,,,,,,,,,,,,,,,,,,,,,,,,,,,,,,,,,,,,,,,,,,,,,,,,,,,,,,,,,,,,,,,,,,,,,,,,,66615-170,,8,,0,,,,,,,Par?,"Av. Rodolfo Chermont, 469",,,,King'S Beer Conveni?ncia,King's Beer Conveni?ncia,,https://www.google.com/maps/search/?api=1&query=King's%20Beer%20Conveni%C3%AAncia&query_place_id=ChIJ7ads1F2LpJIRQ1HZql0H-DA,
,,,,,,,,,,,,,,,,,,,,,,,,,,,,,,,,,,,,,,,,,TRUE,,,,,,,TRUE,TRUE,,,,,,,,,,,,,,,,,,,,,,,,,,,,,,,,,,,,,,,,,TRUE,,,,TRUE,,,,TRUE,TRUE,,,,,,,,,,,,"Passagem S?o Tom?, 330 - Marambaia, Bel?m - PA, 66620-600, Brasil",Loja de Conveni?ncia,Loja de bebidas,,,,,,,,Loja de Conveni?ncia,1.73481E+19,Bel?m,BR,0x92a48a4ccd003e59:0xf0c0fa017d1f5f9d,,,-1.4001898,-48.4520026,,Marambaia,segunda-feira,07:00 to 00:00,ter?a-feira,07:00 to 00:00,quarta-feira,07:00 to 00:00,quinta-feira,07:00 to 00:00,sexta-feira,07:00 to 00:00,s?bado,07:00 to 00:00,domingo,07:00 to 00:00,2,Deposito de Bebidas Marambaia Zero Hora,5,Outras pessoas pesquisaram,1,Disk Breja Delivery,5,Outras pessoas pesquisaram,0,2E Dep?sito de Bebidas,0,Outras pessoas pesquisaram,1,Dep?sito de Bebidas Express,5,,,,,,,ChIJWT4AzUyKpJIRnV8ffQH6wPA,"HGXX+W5 Marambaia, Bel?m - PA, Brasil",6,0,7,6,8,0,9,0,10,6,11,20,12,26,13,26,14,40,15,53,16,26,17,20,18,20,19,26,20,33,21,53,22,73,23,60,,,,,,,,,,,,,6,0,7,0,8,0,9,0,10,6,11,20,12,53,13,33,14,33,15,20,16,20,17,13,18,13,19,40,20,26,21,13,22,6,23,13,,,,,,,,,,,,,,,6,0,7,46,8,66,9,46,10,60,11,53,12,26,13,6,14,6,15,13,16,6,17,13,18,46,19,73,20,86,21,60,22,26,23,6,,,,,,,,,,,,,6,0,7,26,8,33,9,40,10,20,11,20,12,33,13,40,14,60,15,73,16,40,17,26,18,33,19,13,20,13,21,13,22,33,23,33,,,,,,,,,,,,,6,0,7,13,8,13,9,46,10,53,11,66,12,53,13,33,14,20,15,6,16,6,17,20,18,20,19,33,20,40,21,40,22,73,23,100,,,,,,,,,,,,,6,0,7,0,8,6,9,26,10,46,11,60,12,53,13,20,14,6,15,6,16,13,17,6,18,6,19,13,20,33,21,53,22,46,23,26,,,,,,,,,,,,,6,0,7,40,8,33,9,20,10,20,11,46,12,40,13,20,14,13,15,13,16,33,17,26,18,46,19,53,20,86,21,66,22,66,23,40,,,,,,,,,,,,,,66620-600,,7,,2,,2,0,0,0,0,Par?,"Passagem S?o Tom?, 330",,,,Moura Conveni?ncia & Distribuidora De Bebidas Na Marambaia.,Moura Conveni?ncia & Distribuidora de Bebidas na Marambaia.,5,https://www.google.com/maps/search/?api=1&query=Moura%20Conveni%C3%AAncia%20%26%20Distribuidora%20de%20Bebidas%20na%20Marambaia.&query_place_id=ChIJWT4AzUyKpJIRnV8ffQH6wPA,
,,,,,,,,,,,,,,,,,,,,,,,,,,,,,,,,,,,,TRUE,,,,,,,,,,,,,,,,,,,,,,,,,,,,,,,,,,,,,,,,,,,,,,,,,,,,,,,TRUE,,,,TRUE,TRUE,,,,,,,,,,,,,,,"Tv. Soares Carneiro, 313 - Umarizal, Bel?m - PA, 66050-520, Brasil",Loja de Conveni?ncia,,,,,,,,,Loja de Conveni?ncia,1.76783E+19,Bel?m,BR,0x92a48fec40fd852d:0xf5561891d9acf8b2,,,-1.4347176,-48.4892105,,Umarizal,segunda-feira,17:00 to 00:30,ter?a-feira,16:00 to 01:00,quarta-feira,10:00 to 01:00,quinta-feira,10:00 to 01:00,sexta-feira,10:00 to 02:00,s?bado,09:00 to 02:30,domingo,09:00 to 01:00,131,Premium Conveni?ncia | Doca,4.9,Outras pessoas pesquisaram,0,Na Hora Conv?niencia,0,Outras pessoas pesquisaram,5,Conveniencia do Dias,5,Outras pessoas pesquisaram,1,Conveni?ncia A Refer?ncia,5,,,,,,,ChIJLYX9QOyPpJIRsvis2ZEYVvU,"HG86+48 Umarizal, Bel?m - PA, Brasil",6,0,7,0,8,0,9,0,10,10,11,40,12,40,13,20,14,20,15,40,16,20,17,20,18,20,19,20,20,10,21,30,22,10,23,10,0,20,1,10,,,,,,,,,6,0,7,0,8,0,9,0,10,0,11,0,12,0,13,0,14,0,15,0,16,0,17,40,18,40,19,50,20,60,21,20,22,10,23,10,0,20,,,,,,,,,,,,,6,0,7,0,8,0,9,40,10,60,11,100,12,60,13,50,14,60,15,90,16,70,17,80,18,60,19,70,20,30,21,20,22,30,23,70,0,30,1,10,2,0,,,,,,,6,0,7,0,8,0,9,30,10,10,11,0,12,10,13,30,14,20,15,30,16,70,17,80,18,40,19,10,20,0,21,0,22,10,23,30,0,10,,,,,,,,,,,6,0,7,0,8,0,9,0,10,30,11,30,12,40,13,20,14,10,15,10,16,20,17,20,18,30,19,40,20,10,21,0,22,10,23,20,0,20,,,,,,,,,,,6,0,7,0,8,0,9,0,10,0,11,0,12,0,13,0,14,0,15,0,16,10,17,20,18,40,19,80,20,40,21,20,22,0,23,10,0,30,,,,,,,,,,,6,0,7,0,8,0,9,0,10,40,11,40,12,10,13,10,14,0,15,0,16,0,17,0,18,20,19,40,20,50,21,40,22,50,23,60,0,20,,,,,,,,,,,,66050-520,,20,,0,,,,,,,Par?,"Tv. Soares Carneiro, 313",,,,Conveniencia Municipal,CONVENIENCIA MUNICIPAL,,https://www.google.com/maps/search/?api=1&query=CONVENIENCIA%20MUNICIPAL&query_place_id=ChIJLYX9QOyPpJIRsvis2ZEYVvU,
,,TRUE,,,,,TRUE,,,,,,,,,,,,,,,,,,,,,,,,,,,,,TRUE,,,,,,,,,,,,,,,,,,,,,,,,,,,,,,,,,,,,,,,,,,,,,,,,,,,,,,TRUE,,,,TRUE,,,,TRUE,TRUE,,,,,,,,,,,,"R. Ant?nio Barreto, 74 - Umarizal, Bel?m - PA, 66055-170, Brasil",Loja de Conveni?ncia,,,,,,,,,Loja de Conveni?ncia,1.32094E+19,Bel?m,BR,0x92a48f02643709f5:0xb751550c54b5c823,,,-1.4461123,-48.4875188,,Umarizal,segunda-feira,Atendimento 24 horas,ter?a-feira,Atendimento 24 horas,quarta-feira,Atendimento 24 horas,quinta-feira,Atendimento 24 horas,sexta-feira,Atendimento 24 horas,s?bado,Atendimento 24 horas,domingo,Atendimento 24 horas,223,Tudo Conveni?ncia Boaventura,4.5,Outras pessoas pesquisaram,9,Tudo Conveni?ncia Serzedelo,3.6,Outras pessoas pesquisaram,63,Tudo Conveniencia Jo?o Paulo,4.6,Outras pessoas pesquisaram,34,Tudo Conveni?ncia Entroncamento,4.1,Outras pessoas pesquisaram,8,Tudo Conveni?ncia Br?s de Aguiar,3.3,+55 91 98404-1739,5.59198E+12,ChIJ9Qk3ZAKPpJIRI8i1VAxVUbc,"HG36+HX Umarizal, Bel?m - PA, Brasil",4,22,5,16,6,20,7,33,8,47,9,56,10,57,11,52,12,50,13,47,14,50,15,50,16,58,17,63,18,68,19,72,20,69,21,72,22,82,23,100,0,95,1,83,2,63,3,40,4,8,5,8,6,12,7,19,8,27,9,36,10,40,11,41,12,39,13,38,14,41,15,47,16,53,17,59,18,67,19,68,20,66,21,63,22,67,23,63,0,48,1,30,2,14,3,7,,,4,30,5,25,6,19,7,26,8,35,9,48,10,55,11,53,12,45,13,33,14,32,15,34,16,36,17,36,18,38,19,44,20,55,21,66,22,82,23,88,0,83,1,73,2,61,3,47,4,21,5,21,6,21,7,21,8,24,9,29,10,34,11,36,12,35,13,31,14,25,15,25,16,24,17,31,18,40,19,55,20,59,21,63,22,63,23,62,0,51,1,43,2,33,3,27,4,11,5,10,6,18,7,36,8,47,9,51,10,52,11,50,12,44,13,43,14,50,15,55,16,66,17,72,18,77,19,80,20,74,21,78,22,77,23,84,0,69,1,54,2,39,3,25,4,11,5,11,6,15,7,21,8,31,9,38,10,42,11,44,12,38,13,38,14,40,15,47,16,54,17,62,18,63,19,66,20,60,21,66,22,67,23,68,0,53,1,33,2,20,3,13,4,9,5,10,6,16,7,27,8,36,9,41,10,45,11,45,12,40,13,33,14,39,15,44,16,52,17,58,18,67,19,72,20,70,21,63,22,72,23,77,0,70,1,52,2,34,3,17,40,66055-170,,18,,14,,11,1,2,0,0,Par?,"R. Ant?nio Barreto, 74",,,,Tudo Conveni?ncia Ant?nio Barreto,Tudo Conveni?ncia Ant?nio Barreto,4.4,https://www.google.com/maps/search/?api=1&query=Tudo%20Conveni%C3%AAncia%20Ant%C3%B4nio%20Barreto&query_place_id=ChIJ9Qk3ZAKPpJIRI8i1VAxVUbc,
,,,,,,,,,,,,,,,,,,,,,,,,,,,,,,,,,,,TRUE,,,,,,,,,,,,,,,,,,,,,,,,,,,,,,,,,,,,,,,,,,,,,,,,,,,,,,,TRUE,,,,TRUE,,,,TRUE,,,,,,,,,,,,,"Tv. Vileta, 3500 - Marco, Bel?m - PA, 66095-346, Brasil",Loja de Conveni?ncia,,,,,,,,,Loja de Conveni?ncia,7.47224E+18,Bel?m,BR,0x92a48dd61a583609:0x67b2b71ef849beeb,,,-1.4447533,-48.4548857,,Marco,segunda-feira,17:00 to 00:00,ter?a-feira,17:00 to 00:00,quarta-feira,17:00 to 00:00,quinta-feira,17:00 to 00:00,sexta-feira,17:00 to 00:00,s?bado,17:00 to 00:00,domingo,17:00 to 00:00,4,Emp?rio Real,5,Outras pessoas pesquisaram,3678,Armaz?m Auto Servi?o,4.1,Outras pessoas pesquisaram,0,RL Bebidas,0,,,,,,,,,+55 91 98574-9628,5.59199E+12,ChIJCTZYGtaNpJIR675J-B63smc,"HG4W+32 Marco, Bel?m - PA, Brasil",,,,,,,,,,,,,,,,,,,,,,,,,,,,,,,,,,,,,,,,,,,,,,,,,,,,,,,,,,,,,,,,,,,,,,,,,,,,,,,,,,,,,,,,,,,,,,,,,,,,,,,,,,,,,,,,,,,,,,,,,,,,,,,,,,,,,,,,,,,,,,,,,,,,,,,,,,,,,,,,,,,,,,,,,,,,,,,,,,,,,,,,,,,,,,,,,,,,,,,,,,,,,,,,,,,,,,,,,,,,,,,,,,,,,,,,,,,,,,,,,,,,,,,,,,,,,,,,,,,,,,,,,,,,,,,,,,,,,,,,,,,,,,,,,,,,,,,,,,,,,,,,,,,,,,,,,,,,,,,,,,,,,,,,,,,,,,,,,,,,66095-346,,5,,0,,,,,,,Par?,"Tv. Vileta, 3500",,,,Emp?rio Me Beer,Emp?rio Me Beer,,https://www.google.com/maps/search/?api=1&query=Emp%C3%B3rio%20Me%20Beer&query_place_id=ChIJCTZYGtaNpJIR675J-B63smc,https://www.lojalocal.com/00001842197282
,,TRUE,,,,,TRUE,,,,,,,,,,,,,,,,,,,,,,,,,,,,,TRUE,,,,,,,,,,,,,,,,,,,,,,,,,,,,,,,,,,,,,,,,,,,,,,,,,,,,,,TRUE,,,,TRUE,,,,TRUE,TRUE,,,,,,,,,,,,"Av. Cmte. Br?s de Aguiar, 607 - Nazar?, Bel?m - PA, 66035-405, Brasil",Loja de Conveni?ncia,,,,,,,,,Loja de Conveni?ncia,1.67963E+19,Bel?m,BR,0x92a48f6aebc6779b:0xe918701157774d66,,,-1.4544109,-48.4864661,,Nazar?,segunda-feira,06:00 to 22:00,ter?a-feira,06:00 to 22:00,quarta-feira,06:00 to 22:00,quinta-feira,06:00 to 22:00,sexta-feira,06:00 to 22:00,s?bado,06:00 to 22:00,domingo,06:00 to 22:00,14,Tudo Conveni?ncia Ant?nio Barreto,4.4,Outras pessoas pesquisaram,63,Tudo Conveniencia Jo?o Paulo,4.6,Outras pessoas pesquisaram,11,Tudo Conveni?ncia Centen?rio,4.4,Outras pessoas pesquisaram,0,Na 14 Conveni?ncia e Doceria,0,,,,,+55 91 98521-3645,5.59199E+12,ChIJm3fG62qPpJIRZk13VxFwGOk,"GGW7+6C Nazar?, Bel?m - PA, Brasil",5,0,6,11,7,31,8,50,9,68,10,76,11,73,12,63,13,66,14,70,15,76,16,81,17,88,18,81,19,70,20,55,21,41,22,0,,,,,,,,,,,,,5,0,6,23,7,38,8,56,9,58,10,73,11,63,12,61,13,50,14,56,15,68,16,86,17,83,18,88,19,73,20,50,21,25,22,0,,,,,,,,,,,,,,,5,0,6,13,7,26,8,43,9,55,10,50,11,45,12,43,13,35,14,30,15,21,16,35,17,46,18,51,19,48,20,43,21,33,22,0,,,,,,,,,,,,,5,0,6,8,7,21,8,28,9,33,10,33,11,35,12,33,13,25,14,33,15,30,16,43,17,50,18,58,19,60,20,51,21,33,22,0,,,,,,,,,,,,,5,0,6,18,7,48,8,65,9,80,10,70,11,58,12,45,13,50,14,53,15,66,16,80,17,88,18,78,19,66,20,50,21,41,22,0,,,,,,,,,,,,,5,0,6,21,7,36,8,56,9,60,10,63,11,46,12,41,13,43,14,58,15,65,16,80,17,88,18,91,19,78,20,58,21,48,22,0,,,,,,,,,,,,,5,0,6,11,7,28,8,45,9,43,10,45,11,40,12,28,13,30,14,40,15,50,16,76,17,93,18,100,19,85,20,68,21,51,22,0,,,,,,,,,,,,,30,66035-405,,17,,8,,4,0,3,1,0,Par?,"Av. Cmte. Br?s de Aguiar, 607",,,,Tudo Conveni?ncia Br?s De Aguiar,Tudo Conveni?ncia Br?s de Aguiar,3.3,https://www.google.com/maps/search/?api=1&query=Tudo%20Conveni%C3%AAncia%20Br%C3%A1s%20de%20Aguiar&query_place_id=ChIJm3fG62qPpJIRZk13VxFwGOk,
,,,,,,,,,,,,,,,,,,,,,,,,,,,,,,,,,,,,,,,,,,,,,,,,,,,,,,,,,,,,,,,,,,,,,,,,,,,,,,,,,,,,,,,,,,TRUE,,,,,,,,,,,,,,,,,,,,,"R. dos Quarenta e Oito, 90A - Batista Campos, Bel?m - PA, 66015-200, Brasil",Loja de Conveni?ncia,,,,,,,,,Loja de Conveni?ncia,9.33084E+18,Bel?m,BR,0x92a48e8bdffd3f69:0x817dca60a043bf5d,,,-1.4570932,-48.4937564,,Batista Campos,,,,,,,,,,,,,,,,,,,,,,,,,,,,,,,,,,,,ChIJaT_934uOpJIRXb9DoGDKfYE,"GGV4+5F Batista Campos, Bel?m - PA, Brasil",,,,,,,,,,,,,,,,,,,,,,,,,,,,,,,,,,,,,,,,,,,,,,,,,,,,,,,,,,,,,,,,,,,,,,,,,,,,,,,,,,,,,,,,,,,,,,,,,,,,,,,,,,,,,,,,,,,,,,,,,,,,,,,,,,,,,,,,,,,,,,,,,,,,,,,,,,,,,,,,,,,,,,,,,,,,,,,,,,,,,,,,,,,,,,,,,,,,,,,,,,,,,,,,,,,,,,,,,,,,,,,,,,,,,,,,,,,,,,,,,,,,,,,,,,,,,,,,,,,,,,,,,,,,,,,,,,,,,,,,,,,,,,,,,,,,,,,,,,,,,,,,,,,,,,,,,,,,,,,,,,,,,,,,,,,,,,,,,,,,66015-200,,15,,0,,,,,,,Par?,"R. dos Quarenta e Oito, 90A",,,,Stela Conveni?ncia,Stela Conveni?ncia,,https://www.google.com/maps/search/?api=1&query=Stela%20Conveni%C3%AAncia&query_place_id=ChIJaT_934uOpJIRXb9DoGDKfYE,
,,,,,,,,,,,,,,,,,,,,,,,,,,,,,,,,,,,,,,,,,,,,,,,,,,,,,,,,,,,,,,,,,,,,,,,,,,,,,,,,,,,,,,,,,,,,,,,,,,,,,,,,,,,,,,,"R. Vinte e Oito de Setembro, 64 - Campina, Bel?m - PA, 66015-051, Brasil",Loja de Conveni?ncia,,,,,,,,,Loja de Conveni?ncia,1.4846E+19,Bel?m,BR,0x92a48eed3903ee7f:0xce079eacd54c6216,,,-1.450816,-48.498437,,Campina,,,,,,,,,,,,,,,0,Rose Conveni?ncia,0,Outras pessoas pesquisaram,0,Conveni?ncia da Rose,0,,,,,,,,,,,,,+55 91 3241-0934,5.59132E+11,ChIJf-4DOe2OpJIRFmJM1ayeB84,"GGX2+MJ Campina, Bel?m - PA, Brasil",,,,,,,,,,,,,,,,,,,,,,,,,,,,,,,,,,,,,,,,,,,,,,,,,,,,,,,,,,,,,,,,,,,,,,,,,,,,,,,,,,,,,,,,,,,,,,,,,,,,,,,,,,,,,,,,,,,,,,,,,,,,,,,,,,,,,,,,,,,,,,,,,,,,,,,,,,,,,,,,,,,,,,,,,,,,,,,,,,,,,,,,,,,,,,,,,,,,,,,,,,,,,,,,,,,,,,,,,,,,,,,,,,,,,,,,,,,,,,,,,,,,,,,,,,,,,,,,,,,,,,,,,,,,,,,,,,,,,,,,,,,,,,,,,,,,,,,,,,,,,,,,,,,,,,,,,,,,,,,,,,,,,,,,,,,,,,,,,,,,66015-051,,10,,1,,0,1,0,0,0,Par?,"R. Vinte e Oito de Setembro, 64",,,,Rosineide M Santa Rosa,Rosineide M Santa Rosa,4,https://www.google.com/maps/search/?api=1&query=Rosineide%20M%20Santa%20Rosa&query_place_id=ChIJf-4DOe2OpJIRFmJM1ayeB84,
,,,,,,,,,,,,,,,,,,,,,,,,,,,,,,,,,,,TRUE,,,,,,,,,,,,,,,,,,,,,,,,,,,,,,,,,,,,,,,,,,,,,,,,,,,,,,,TRUE,,,,TRUE,,,,TRUE,TRUE,,,,,,,,,,,,"Tv. Benjamin Constant, 300 - Loja 103 - Reduto, Bel?m - PA, 66053-355, Brasil",Loja de Conveni?ncia,,,,,,,,,Loja de Conveni?ncia,6.69513E+18,Bel?m,BR,0x92a48e95d84cc26d:0x5ce9dd14a44bb3ee,,,-1.4464898,-48.4938713,,Reduto,segunda-feira,07:00 to 23:00,ter?a-feira,07:00 to 23:00,quarta-feira,07:00 to 23:00,quinta-feira,07:00 to 23:00,sexta-feira,07:00 to 03:30,s?bado,07:00 to 03:30,domingo,08:00 to 20:00,1,Athena Loja de Conveni?ncia,5,Outras pessoas pesquisaram,4,Panificadora e conveni?ncia,4.8,Outras pessoas pesquisaram,0,Na Hora Conv?niencia,0,Outras pessoas pesquisaram,14,Tudo Conveni?ncia Ant?nio Barreto,4.4,,,,,+55 91 3348-5445,5.59133E+11,ChIJbcJM2JWOpJIR7rNLpBTd6Vw,"HG34+CF Reduto, Bel?m - PA, Brasil",6,0,7,14,8,35,9,42,10,50,11,21,12,7,13,0,14,14,15,28,16,64,17,78,18,50,19,35,20,14,21,14,22,7,23,7,0,7,1,0,2,0,3,7,,,,,6,0,7,0,8,0,9,0,10,0,11,0,12,0,13,0,14,0,15,7,16,14,17,35,18,28,19,28,20,21,21,42,22,50,23,0,,,,,,,,,,,,,,,6,0,7,21,8,64,9,71,10,100,11,42,12,21,13,0,14,7,15,0,16,14,17,21,18,28,19,21,20,35,21,28,22,64,23,50,0,50,1,14,2,7,3,0,,,,,6,0,7,0,8,50,9,28,10,14,11,7,12,21,13,42,14,21,15,7,16,14,17,35,18,57,19,28,20,0,21,0,22,0,23,0,,,,,,,,,,,,,6,0,7,0,8,0,9,0,10,0,11,0,12,14,13,28,14,42,15,21,16,21,17,7,18,7,19,28,20,42,21,57,22,28,23,0,,,,,,,,,,,,,6,0,7,7,8,7,9,21,10,14,11,0,12,0,13,0,14,7,15,14,16,21,17,14,18,35,19,42,20,28,21,28,22,14,23,0,,,,,,,,,,,,,6,0,7,42,8,14,9,14,10,14,11,35,12,14,13,7,14,0,15,0,16,14,17,50,18,78,19,78,20,42,21,14,22,0,23,0,,,,,,,,,,,,,,66053-355,,13,,1,,0,0,0,1,0,Par?,"Tv. Benjamin Constant, 300 - Loja 103",,,,Athena Conveni?ncia,Athena Conveni?ncia,3,https://www.google.com/maps/search/?api=1&query=Athena%20Conveni%C3%AAncia&query_place_id=ChIJbcJM2JWOpJIR7rNLpBTd6Vw,
,,,,,,,,,,,,,,,,,,,,,,,,,,,,,,,,,,,,,,,,,TRUE,,,,,TRUE,,,,,TRUE,,,,,,,,,,,,,,,,,,,,,,,,,,,,,,,,,,,,,,,,,,,,,,,,,,,,,TRUE,,TRUE,,,,,"Av. Assis de Vasconcelos, 623 subsolo - Campina, Bel?m - PA, 66017-070, Brasil",Loja de Conveni?ncia,,,,,,,,,Loja de Conveni?ncia,2.53416E+18,Bel?m,BR,0x92a48fa2803888ef:0x232b2874a0ae4795,,,-1.4513971,-48.4937341,,Campina,segunda-feira,08:00 to 18:00,ter?a-feira,08:00 to 18:00,quarta-feira,08:00 to 18:00,quinta-feira,08:00 to 18:00,sexta-feira,08:00 to 18:00,s?bado,08:00 to 16:00,domingo,08:00 to 16:00,8,Tudo Conveni?ncia Br?s de Aguiar,3.3,Outras pessoas pesquisaram,1,Box 26,5,,,,,,,,,,,,,+55 91 98161-2608,5.59198E+12,ChIJ74g4gKKPpJIRlUeuoHQoKyM,"GGX4+CG Campina, Bel?m - PA, Brasil",,,,,,,,,,,,,,,,,,,,,,,,,,,,,,,,,,,,,,,,,,,,,,,,,,,,,,,,,,,,,,,,,,,,,,,,,,,,,,,,,,,,,,,,,,,,,,,,,,,,,,,,,,,,,,,,,,,,,,,,,,,,,,,,,,,,,,,,,,,,,,,,,,,,,,,,,,,,,,,,,,,,,,,,,,,,,,,,,,,,,,,,,,,,,,,,,,,,,,,,,,,,,,,,,,,,,,,,,,,,,,,,,,,,,,,,,,,,,,,,,,,,,,,,,,,,,,,,,,,,,,,,,,,,,,,,,,,,,,,,,,,,,,,,,,,,,,,,,,,,,,,,,,,,,,,,,,,,,,,,,,,,,,,,,,,,,,,,,,,,66017-070,,14,,1,,1,0,0,0,0,Par?,"Av. Assis de Vasconcelos, 623 subsolo",,,,Conveni?ncia Do Momento,Conveni?ncia do Momento,5,https://www.google.com/maps/search/?api=1&query=Conveni%C3%AAncia%20do%20Momento&query_place_id=ChIJ74g4gKKPpJIRlUeuoHQoKyM,
,,,,,,,,,,,,,,,,,,,,,,,,,,,,,,,,,,,,,,,,,,,,,,,,,,,,,,,,,,,,,,,,,,,,,,,,,,,,,,,,,,,,,,,,,,,,,,,,,,,,,,,,,,,,,,,"R. S?o Boaventura, 9 - Cidade Velha, Bel?m - PA, 66020-550, Brasil",Loja de Conveni?ncia,,,,,,,,,Loja de Conveni?ncia,6.91484E+18,Bel?m,BR,0x92a48fdd98a91d6f:0x5ff672b4d9c5d0c0,,,-1.4600173,-48.5060842,,Cidade Velha,segunda-feira,08:00 to 20:00,ter?a-feira,08:00 to 20:00,quarta-feira,08:00 to 20:00,quinta-feira,08:00 to 20:00,sexta-feira,08:00 to 20:00,s?bado,08:00 to 20:00,domingo,11:00 to 18:00,0,Tem aqui Conveni?ncia,0,Outras pessoas pesquisaram,223,Tudo Conveni?ncia Boaventura,4.5,Outras pessoas pesquisaram,8,Tudo Conveni?ncia Br?s de Aguiar,3.3,,,,,,,,,+55 91 99805-8158,5.592E+12,ChIJbx2pmN2PpJIRwNDF2bRy9l8,"GFQV+XH Cidade Velha, Bel?m - PA, Brasil",,,,,,,,,,,,,,,,,,,,,,,,,,,,,,,,,,,,,,,,,,,,,,,,,,,,,,,,,,,,,,,,,,,,,,,,,,,,,,,,,,,,,,,,,,,,,,,,,,,,,,,,,,,,,,,,,,,,,,,,,,,,,,,,,,,,,,,,,,,,,,,,,,,,,,,,,,,,,,,,,,,,,,,,,,,,,,,,,,,,,,,,,,,,,,,,,,,,,,,,,,,,,,,,,,,,,,,,,,,,,,,,,,,,,,,,,,,,,,,,,,,,,,,,,,,,,,,,,,,,,,,,,,,,,,,,,,,,,,,,,,,,,,,,,,,,,,,,,,,,,,,,,,,,,,,,,,,,,,,,,,,,,,,,,,,,,,,,,,,,66020-550,,6,,4,,4,0,0,0,0,Par?,"R. S?o Boaventura, 9",,,,Conveni?ncia Aqui Tem!,Conveni?ncia aqui tem!,5,https://www.google.com/maps/search/?api=1&query=Conveni%C3%AAncia%20aqui%20tem!&query_place_id=ChIJbx2pmN2PpJIRwNDF2bRy9l8,https://instagram.com/conveniencia_aqui_tem?igshid=ZDdkNTZiNTM=
,,TRUE,,,,,TRUE,,,,,,,,,,,,,,,,,,,,,,,,,,,,,,,,,,,,,,,,,,,,,,,,,,,,,,,,,,,,,,,,,,,,,,,,,,,,,,,,,,,TRUE,,,,,,,,,,,,,,,,,,,,,"Av. Centen?rio, 2000 - Mangueir?o, Bel?m - PA, 66635-679, Brasil",Loja de Conveni?ncia,,,,,,,,,Loja de Conveni?ncia,1.6675E+19,Bel?m,BR,0x92a48b0b4a90719b:0xe76985e0c73756da,,,-1.3859657,-48.4595201,,Mangueir?o,,,,,,,,,,,,,,,34,Tudo Conveni?ncia Entroncamento,4.1,Outras pessoas pesquisaram,63,Tudo Conveniencia Jo?o Paulo,4.6,Outras pessoas pesquisaram,9,Tudo Conveni?ncia Serzedelo,3.6,Outras pessoas pesquisaram,223,Tudo Conveni?ncia Boaventura,4.5,,,,,,,ChIJm3GQSguLpJIR2lY3x-CFaec,"JG7R+J5 Mangueir?o, Bel?m - PA, Brasil",,,,,,,,,,,,,,,,,,,,,,,,,,,,,,,,,,,,,,,,,,,,,,,,,,,,,,,,,,,,,,,,,,,,,,,,,,,,,,,,,,,,,,,,,,,,,,,,,,,,,,,,,,,,,,,,,,,,,,,,,,,,,,,,,,,,,,,,,,,,,,,,,,,,,,,,,,,,,,,,,,,,,,,,,,,,,,,,,,,,,,,,,,,,,,,,,,,,,,,,,,,,,,,,,,,,,,,,,,,,,,,,,,,,,,,,,,,,,,,,,,,,,,,,,,,,,,,,,,,,,,,,,,,,,,,,,,,,,,,,,,,,,,,,,,,,,,,,,,,,,,,,,,,,,,,,,,,,,,,,,,,,,,,,,,,,,,,,,,,,66635-679,,7,,11,,8,1,1,1,0,Par?,"Av. Centen?rio, 2000",,,,Tudo Conveni?ncia Centen?rio,Tudo Conveni?ncia Centen?rio,4.4,https://www.google.com/maps/search/?api=1&query=Tudo%20Conveni%C3%AAncia%20Centen%C3%A1rio&query_place_id=ChIJm3GQSguLpJIR2lY3x-CFaec,
,,,,,,,,,,,,,,,,,,,,,,,,,,,,,,,,,,,TRUE,,,,,,,,,,,,,,,,,,,,,,,,,,,,,,,,,,,,,,,,,,,,,,,,,,,,,,,TRUE,,,,TRUE,,,,TRUE,TRUE,,,,,,,,,,,,"Passagem Jos? Leal Martins, 676 - Marco, Bel?m - PA, 66095-280, Brasil",Loja de Conveni?ncia,,,,,,,,,Loja de Conveni?ncia,7.22245E+18,Bel?m,BR,0x92a48d9dc594c677:0x643b4b1ee93a95cd,,,-1.437721,-48.451869,,Marco,segunda-feira,08:00 to 23:00,ter?a-feira,08:00 to 23:00,quarta-feira,08:00 to 23:00,quinta-feira,08:00 to 23:00,sexta-feira,08:00 to 23:00,s?bado,08:00 to 23:00,domingo,08:00 to 23:00,64,Tudo Conveniencia Jo?o Paulo,4.6,Outras pessoas pesquisaram,1,Distribuidora do Jones,5,Outras pessoas pesquisaram,12,Dep?sito & Conveni?ncia.A.S,5,,,,,,,,,+55 91 99919-6736,5.592E+12,ChIJd8aUxZ2NpJIRzZU66R5LO2Q,"HG6X+W7 Marco, Bel?m - PA, Brasil",6,0,7,0,8,16,9,41,10,33,11,25,12,0,13,0,14,8,15,16,16,33,17,41,18,50,19,58,20,58,21,75,22,75,23,0,,,,,,,,,,,,,6,0,7,0,8,0,9,0,10,0,11,0,12,0,13,0,14,8,15,25,16,41,17,66,18,50,19,41,20,25,21,66,22,100,23,0,,,,,,,,,,,,,,,6,0,7,0,8,33,9,66,10,33,11,41,12,41,13,50,14,33,15,16,16,8,17,8,18,16,19,41,20,41,21,41,22,16,23,0,,,,,,,,,,,,,6,0,7,0,8,0,9,16,10,33,11,66,12,50,13,25,14,16,15,41,16,50,17,33,18,50,19,58,20,100,21,75,22,75,23,0,,,,,,,,,,,,,6,0,7,0,8,33,9,25,10,16,11,16,12,16,13,41,14,83,15,50,16,33,17,33,18,16,19,16,20,16,21,41,22,33,23,0,,,,,,,,,,,,,6,0,7,0,8,8,9,16,10,16,11,33,12,75,13,91,14,66,15,58,16,33,17,16,18,16,19,41,20,75,21,41,22,25,23,0,,,,,,,,,,,,,6,0,7,0,8,0,9,8,10,25,11,50,12,33,13,16,14,0,15,0,16,25,17,58,18,100,19,66,20,33,21,16,22,25,23,0,,,,,,,,,,,,,,66095-280,,18,,2,,2,0,0,0,0,Par?,"Passagem Jos? Leal Martins, 676",,,,Reis Conveni?ncia,REIS CONVENI?NCIA,5,https://www.google.com/maps/search/?api=1&query=REIS%20CONVENI%C3%8ANCIA&query_place_id=ChIJd8aUxZ2NpJIRzZU66R5LO2Q,https://www.lojalocal.com/30750821000106
,,,,,,,,,,,,,,,,,,,,,,,,,,,,,,,,,,,,,,,,,,,,,,,,,,,,,,,,,,,,,,,,,,,,,,,,,,,,,,,,,,,,,,,,,,,,,,,,,,,,,,,,,,,,,,,"Tv. da Estrella, 3622 - Marco, Bel?m - PA, 66080-471, Brasil",Loja de Conveni?ncia,,,,,,,,,Loja de Conveni?ncia,1.24107E+19,Bel?m,BR,0x92a48d1d6ce20a9b:0xac3bae19c1964563,,,-1.4425577,-48.4533185,,Marco,segunda-feira,09:00 to 00:00,ter?a-feira,09:00 to 00:00,quarta-feira,09:00 to 00:00,quinta-feira,09:00 to 00:00,sexta-feira,09:00 to 00:00,s?bado,09:00 to 00:00,domingo,09:00 to 23:30,64,Tudo Conveniencia Jo?o Paulo,4.6,,,,,,,,,,,,,,,,,+55 91 98308-0490,5.59198E+12,ChIJmwribB2NpJIRY0WWwRmuO6w,"HG4W+XM Marco, Bel?m - PA, Brasil",6,0,7,0,8,0,9,8,10,2,11,0,12,8,13,20,14,28,15,22,16,20,17,22,18,28,19,62,20,68,21,57,22,31,23,22,,,,,,,,,,,,,6,0,7,0,8,0,9,14,10,11,11,17,12,20,13,11,14,17,15,17,16,22,17,8,18,2,19,8,20,22,21,48,22,40,23,25,,,,,,,,,,,,,,,6,0,7,0,8,0,9,8,10,17,11,20,12,40,13,40,14,40,15,34,16,37,17,62,18,60,19,82,20,82,21,100,22,85,23,65,,,,,,,,,,,,,6,0,7,0,8,0,9,5,10,17,11,31,12,25,13,11,14,5,15,14,16,20,17,37,18,48,19,51,20,54,21,34,22,17,23,11,,,,,,,,,,,,,6,0,7,0,8,0,9,31,10,22,11,11,12,8,13,22,14,25,15,31,16,20,17,28,18,25,19,34,20,31,21,25,22,20,23,17,,,,,,,,,,,,,6,0,7,0,8,0,9,28,10,14,11,8,12,5,13,2,14,2,15,8,16,11,17,22,18,17,19,17,20,25,21,42,22,31,23,14,,,,,,,,,,,,,6,0,7,0,8,0,9,17,10,11,11,8,12,2,13,0,14,5,15,14,16,28,17,31,18,25,19,25,20,34,21,42,22,31,23,28,,,,,,,,,,,,,,66080-471,,16,,4,,2,1,0,1,0,Par?,"Tv. da Estrella, 3622",,,,Conveni?ncia Bom Jesus. - Marco,Conveni?ncia Bom Jesus. - Marco,4.3,https://www.google.com/maps/search/?api=1&query=Conveni%C3%AAncia%20Bom%20Jesus.%20-%20Marco&query_place_id=ChIJmwribB2NpJIRY0WWwRmuO6w,
,,TRUE,,,,,,,,,,,,,,,,,,,,,,,,,,,,,,,,,,,TRUE,,,,,,,TRUE,,,,,,,,,,,,,,,,,,,,,,,,,,,,,,,,,,,,,,,,,,,,,,TRUE,,,,,,,,,,,,,,,,,,,,,"Av. Perimetral, 3303 - Curi?-Utinga, Bel?m - PA, 66095-310, Brasil",Loja de Conveni?ncia,,,,,,,,,Loja de Conveni?ncia,4.53066E+18,Bel?m,BR,0x92a48d3239a5dabb:0x3ee02532f6c5b16b,,,-1.4322213,-48.450944,,Curi?-Utinga,segunda-feira,Atendimento 24 horas,ter?a-feira,Atendimento 24 horas,quarta-feira,Atendimento 24 horas,quinta-feira,Atendimento 24 horas,sexta-feira,Atendimento 24 horas,s?bado,Atendimento 24 horas,domingo,Atendimento 24 horas,917,Point Show,4.1,Outras pessoas pesquisaram,6,Dep?sito de bebidas 24 horas,4.7,Outras pessoas pesquisaram,3,Point PUB - Conveni?ncia,5,,,,,,,,,+55 91 98160-9125,5.59198E+12,ChIJu9qlOTKNpJIRa7HF9jIl4D4,"HG9X+4J Curi?-Utinga, Bel?m - PA, Brasil",4,7,5,15,6,30,7,15,8,15,9,15,10,7,11,0,12,0,13,0,14,7,15,0,16,0,17,0,18,0,19,0,20,0,21,0,22,0,23,0,0,0,1,7,2,15,3,7,4,0,5,7,6,23,7,7,8,0,9,0,10,0,11,7,12,0,13,0,14,0,15,0,16,0,17,7,18,15,19,7,20,0,21,0,22,7,23,30,0,30,1,30,2,15,3,7,,,4,92,5,84,6,30,7,7,8,7,9,23,10,69,11,76,12,84,13,69,14,100,15,46,16,23,17,0,18,0,19,0,20,7,21,0,22,0,23,0,0,0,1,15,2,23,3,61,4,23,5,7,6,0,7,7,8,15,9,15,10,23,11,61,12,69,13,38,14,23,15,7,16,0,17,0,18,7,19,0,20,0,21,0,22,0,23,15,0,38,1,76,2,61,3,61,4,0,5,0,6,0,7,0,8,0,9,7,10,15,11,7,12,7,13,23,14,53,15,38,16,15,17,0,18,0,19,0,20,0,21,7,22,30,23,23,0,7,1,7,2,0,3,0,4,23,5,7,6,0,7,0,8,0,9,7,10,15,11,7,12,15,13,23,14,7,15,0,16,0,17,7,18,23,19,30,20,7,21,0,22,0,23,0,0,0,1,7,2,15,3,30,4,7,5,7,6,15,7,15,8,15,9,30,10,15,11,7,12,0,13,15,14,30,15,69,16,38,17,38,18,7,19,0,20,0,21,0,22,7,23,15,0,7,1,7,2,23,3,30,,66095-310,,15,,1,,1,0,0,0,0,Par?,"Av. Perimetral, 3303",,,,Point Conveni?ncia 24 Horas,Point Conveni?ncia 24 Horas,5,https://www.google.com/maps/search/?api=1&query=Point%20Conveni%C3%AAncia%2024%20Horas&query_place_id=ChIJu9qlOTKNpJIRa7HF9jIl4D4,
,,,,,,,,,,,,,,,,,,,,,,,,,,,,,,,,,,,,,,,,,TRUE,,,,,TRUE,,,,,TRUE,,,,,,,,,,TRUE,TRUE,,,,TRUE,,,,,,,,,,,,,,,,,,,,,,,,TRUE,,,,TRUE,,,,TRUE,,,,,,TRUE,,,,,,,"66065-160, Passagem Bom Sossego Ramo I, n? 10 - Condor, Bel?m - PA, 66065-160, Brasil",Loja de Conveni?ncia,,,,,,,,,Loja de Conveni?ncia,1.08677E+19,Bel?m,BR,0x92a48db794a51301:0x96d1dcdbb32f7916,,,-1.4738994,-48.4719424,,Condor,segunda-feira,08:30 to 02:30,ter?a-feira,08:30 to 02:30,quarta-feira,08:30 to 02:30,quinta-feira,08:30 to 00:00,sexta-feira,07:00 to 00:00,s?bado,Atendimento 24 horas,domingo,08:30 to 04:00,1,Dep?sito de bebidas G.S,4,,,,,,,,,,,,,,,,,+55 91 99138-2139,5.59199E+12,ChIJAROllLeNpJIRFnkvs9vc0ZY,"GGGH+C6 Condor, Bel?m - PA, Brasil",6,0,7,0,8,0,9,0,10,0,11,8,12,25,13,50,14,33,15,8,16,0,17,0,18,0,19,8,20,16,21,16,22,16,23,41,,,,,,,,,,,,,6,0,7,0,8,0,9,0,10,0,11,0,12,0,13,0,14,0,15,8,16,16,17,50,18,41,19,33,20,33,21,25,22,41,23,58,0,83,1,91,2,83,,,,,,,,,0,16,1,16,2,25,3,50,4,25,5,8,6,0,7,0,8,8,9,25,10,25,11,41,12,16,13,25,14,33,15,41,16,16,17,8,18,0,19,8,20,25,21,58,22,100,23,100,6,0,7,0,8,0,9,0,10,8,11,16,12,33,13,16,14,16,15,0,16,0,17,0,18,8,19,25,20,33,21,25,22,16,23,25,0,8,1,0,2,8,3,25,,,,,6,0,7,0,8,8,9,25,10,16,11,25,12,25,13,50,14,33,15,41,16,16,17,8,18,0,19,8,20,0,21,0,22,0,23,0,,,,,,,,,,,,,6,0,7,0,8,0,9,8,10,16,11,25,12,58,13,25,14,16,15,0,16,16,17,41,18,75,19,83,20,58,21,25,22,25,23,58,0,50,1,25,2,16,,,,,,,6,0,7,0,8,16,9,8,10,0,11,0,12,8,13,33,14,41,15,75,16,33,17,25,18,0,19,0,20,8,21,33,22,33,23,33,0,75,1,66,2,50,,,,,,,,66065-160,,17,,3,,3,0,0,0,0,PA,"66065-160, Passagem Bom Sossego Ramo I, n? 10",,,,G9 Conveni?ncia,G9 CONVENI?NCIA,5,https://www.google.com/maps/search/?api=1&query=G9%20CONVENI%C3%8ANCIA&query_place_id=ChIJAROllLeNpJIRFnkvs9vc0ZY,
,,,,,,,,,,,,,,,,,,,,,,,,,,,,,,,,,,,,,,,,,,,,,,,,,,,,,,,,,,,,,,,,,,,,,,,,,,,,,,,,,,,,,,,,,,TRUE,,,,TRUE,,,,TRUE,TRUE,,,,,,,,,,,,"Passagem Vinte e Um de Abril, 245 - Condor, Bel?m - PA, 66065-168, Brasil",Loja de Conveni?ncia,,,,,,,,,Loja de Conveni?ncia,2.17859E+18,Bel?m,BR,0x92a48df46cd4255b:0x1e3beb6d781c331a,,,-1.4702071,-48.4736209,,Condor,segunda-feira,08:30 to 00:30,ter?a-feira,08:30 to 00:30,quarta-feira,08:30 to 00:30,quinta-feira,08:30 to 00:30,sexta-feira,08:30 to 00:30,s?bado,08:30 to 00:30,domingo,08:30 to 00:30,0,R/A Conveni?ncia,0,Outras pessoas pesquisaram,0,Loja De Conveni?ncia,0,Outras pessoas pesquisaram,0,Almeida Mercearia,0,Outras pessoas pesquisaram,1,Mercearia do Vizinho,5,,,,,,,ChIJWyXUbPSNpJIRGjMceG3rOx4,"GGHG+WH Condor, Bel?m - PA, Brasil",6,0,7,0,8,36,9,54,10,45,11,72,12,27,13,18,14,27,15,45,16,27,17,27,18,36,19,36,20,54,21,81,22,81,23,45,0,18,,,,,,,,,,,6,0,7,0,8,9,9,0,10,9,11,18,12,36,13,27,14,9,15,9,16,18,17,36,18,18,19,18,20,18,21,36,22,18,23,9,0,0,,,,,,,,,,,,,6,0,7,0,8,0,9,9,10,27,11,18,12,27,13,36,14,27,15,9,16,9,17,0,18,0,19,9,20,36,21,36,22,54,23,27,0,27,,,,,,,,,,,6,0,7,0,8,36,9,18,10,18,11,18,12,27,13,45,14,63,15,45,16,18,17,9,18,18,19,9,20,0,21,0,22,9,23,9,0,0,,,,,,,,,,,6,0,7,0,8,36,9,36,10,54,11,45,12,63,13,81,14,63,15,27,16,9,17,9,18,0,19,9,20,27,21,81,22,100,23,100,0,72,,,,,,,,,,,6,0,7,0,8,0,9,9,10,0,11,0,12,0,13,0,14,0,15,18,16,54,17,63,18,36,19,27,20,72,21,72,22,90,23,36,0,18,,,,,,,,,,,6,0,7,0,8,9,9,9,10,18,11,18,12,27,13,27,14,18,15,36,16,72,17,63,18,45,19,27,20,36,21,18,22,18,23,0,0,9,,,,,,,,,,,,66065-168,,14,,0,,,,,,,Par?,"Passagem Vinte e Um de Abril, 245",,,,Almeida Conveni?ncia,Almeida conveni?ncia,,https://www.google.com/maps/search/?api=1&query=Almeida%20conveni%C3%AAncia&query_place_id=ChIJWyXUbPSNpJIRGjMceG3rOx4,
,,,,,,,,,,,,,,,,,,,,,,,,,,,,,,,,,,,,,,,,,,,,,,,,,,,,,,,,,,,,,,,,,,,,,,,,,,,,,,,,,,,,,,,,,,,,,,,,,,,,,,,,,,,,,,,"Av. Pedro Miranda - Pedreira, Bel?m - PA, 68447-000, Brasil",Loja de Conveni?ncia,,,,,,,,,Loja de Conveni?ncia,1.41182E+19,Bel?m,BR,0x92a48bfa63613cc1:0xc3ee002dbd1e112c,,Posto de Gasolina Ipiranga,-1.4246239,-48.4695857,,Pedreira,segunda-feira,08:00 to 22:00,ter?a-feira,08:00 to 22:00,quarta-feira,08:00 to 22:00,quinta-feira,08:00 to 22:00,sexta-feira,08:00 to 22:00,s?bado,08:00 to 22:00,domingo,08:00 to 22:00,2,Dallas Express - Umarizal,5,Outras pessoas pesquisaram,3,Dallas Express - Arthur Bernardes,4.7,Outras pessoas pesquisaram,16,Dallas Express - Jo?o Paulo II,3.7,Outras pessoas pesquisaram,0,Shell Select,0,,,,,,,ChIJwTxhY_qLpJIRLBEevS0A7sM,"HGGJ+55 Pedreira, Bel?m - PA, Brasil",,,,,,,,,,,,,,,,,,,,,,,,,,,,,,,,,,,,,,,,,,,,,,,,,,,,,,,,,,,,,,,,,,,,,,,,,,,,,,,,,,,,,,,,,,,,,,,,,,,,,,,,,,,,,,,,,,,,,,,,,,,,,,,,,,,,,,,,,,,,,,,,,,,,,,,,,,,,,,,,,,,,,,,,,,,,,,,,,,,,,,,,,,,,,,,,,,,,,,,,,,,,,,,,,,,,,,,,,,,,,,,,,,,,,,,,,,,,,,,,,,,,,,,,,,,,,,,,,,,,,,,,,,,,,,,,,,,,,,,,,,,,,,,,,,,,,,,,,,,,,,,,,,,,,,,,,,,,,,,,,,,,,,,,,,,,,,,,,,,,,,14,,0,,,,,,,Par?,Av. Pedro Miranda,,,,Dallas Express - Pedreira,Dallas Express - Pedreira,,https://www.google.com/maps/search/?api=1&query=Dallas%20Express%20-%20Pedreira&query_place_id=ChIJwTxhY_qLpJIRLBEevS0A7sM,
,,,,,,,,,,,,,,,,,,,,,,,,,,,,,,,,,,,,,,,,,TRUE,,,TRUE,,,,,,,,,,,TRUE,TRUE,,,,,,,,TRUE,,,,,,,,,,,,,,,,,,,,,,,,,,TRUE,,,,TRUE,,,,TRUE,TRUE,,,,,,,,,,,,"Cj para?so dos p?ssaros - Maracangalha, Bel?m - PA, 66110-131, Brasil",Loja de Conveni?ncia,,,,,,,,,Loja de Conveni?ncia,1.69279E+19,Bel?m,BR,0x92a489333e7e69f7:0xeaebf97df316b3b1,,,-1.4047775,-48.4820505,,Maracangalha,segunda-feira,08:00 to 00:00,ter?a-feira,08:00 to 00:00,quarta-feira,08:00 to 00:00,quinta-feira,08:00 to 00:00,sexta-feira,08:00 to 00:00,s?bado,08:00 to 00:00,domingo,08:00 to 17:00,0,Comercial da esquina,0,Outras pessoas pesquisaram,1,SC ALIMENTOS,5,Outras pessoas pesquisaram,0,N?bia Conveni?ncia,0,,,,,,,,,+55 91 3223-0849,5.59132E+11,ChIJ92l-PjOJpJIRsbMW83356-o,"HGW9+35 Maracangalha, Bel?m - PA, Brasil",6,0,7,0,8,22,9,22,10,11,11,0,12,0,13,11,14,33,15,66,16,100,17,88,18,77,19,22,20,22,21,22,22,55,23,44,,,,,,,,,,,,,6,0,7,0,8,33,9,11,10,11,11,22,12,55,13,44,14,77,15,55,16,44,17,44,18,22,19,11,20,22,21,55,22,77,23,33,,,,,,,,,,,,,,,6,0,7,0,8,0,9,11,10,33,11,55,12,100,13,100,14,55,15,11,16,0,17,22,18,33,19,11,20,0,21,11,22,33,23,77,,,,,,,,,,,,,6,0,7,0,8,33,9,66,10,66,11,33,12,22,13,11,14,0,15,0,16,22,17,0,18,0,19,0,20,0,21,0,22,0,23,0,,,,,,,,,,,,,6,0,7,0,8,0,9,11,10,22,11,66,12,44,13,22,14,0,15,0,16,11,17,11,18,22,19,55,20,77,21,77,22,55,23,22,,,,,,,,,,,,,6,0,7,0,8,33,9,22,10,22,11,11,12,0,13,0,14,11,15,11,16,44,17,44,18,33,19,66,20,77,21,44,22,44,23,11,,,,,,,,,,,,,6,0,7,0,8,11,9,0,10,0,11,0,12,11,13,33,14,11,15,11,16,22,17,22,18,22,19,11,20,22,21,22,22,11,23,22,,,,,,,,,,,,,,66110-131,,18,,0,,,,,,,PA,Cj para?so dos p?ssaros,,,,Super Conveni?ncia Skina Para?so,Super Conveni?ncia Skina para?so,,https://www.google.com/maps/search/?api=1&query=Super%20Conveni%C3%AAncia%20Skina%20para%C3%ADso&query_place_id=ChIJ92l-PjOJpJIRsbMW83356-o,
,,,,,,,,,,,,,,,,,,,,,,,,,,,,,,,,,,,,,,,,,,,,,,,,,,,,,,,,,,,,,,,,,,,,,,,,,,,,,,,,,,,,,,,,,,TRUE,,,,,,,,,,,,,,,,,,,,,"R. Jo?o Balbi, 784 - Nazar?, Bel?m - PA, 66055-280, Brasil",Loja de Conveni?ncia,,,,,,,,,Loja de Conveni?ncia,5.78569E+18,Bel?m,BR,0x92a48f01513a5f87:0x504ae990986ceb7a,,A?a? da 14 de Mar?o,-1.4481135,-48.4809121,,Nazar?,segunda-feira,06:00 to 23:00,ter?a-feira,06:00 to 23:00,quarta-feira,06:00 to 23:00,quinta-feira,06:00 to 23:00,sexta-feira,06:00 to 23:00,s?bado,06:00 to 23:00,domingo,06:00 to 23:00,,,,,,,,,,,,,,,,,,,,,,ChIJh186UQGPpJIReutsmJDpSlA,"HG29+QJ Nazar?, Bel?m - PA, Brasil",5,0,6,47,7,69,8,60,9,52,10,39,11,47,12,47,13,21,14,17,15,21,16,43,17,34,18,39,19,69,20,78,21,52,22,21,,,,,,,,,,,,,5,0,6,21,7,34,8,73,9,91,10,65,11,34,12,30,13,60,14,47,15,47,16,39,17,56,18,26,19,21,20,26,21,39,22,30,,,,,,,,,,,,,,,5,0,6,34,7,39,8,47,9,78,10,78,11,52,12,52,13,34,14,60,15,52,16,82,17,47,18,52,19,43,20,56,21,34,22,13,,,,,,,,,,,,,5,0,6,60,7,100,8,43,9,21,10,8,11,13,12,13,13,8,14,0,15,0,16,4,17,8,18,17,19,21,20,8,21,8,22,8,,,,,,,,,,,,,5,0,6,52,7,39,8,47,9,56,10,56,11,39,12,43,13,30,14,21,15,13,16,30,17,30,18,21,19,30,20,52,21,56,22,34,,,,,,,,,,,,,5,0,6,34,7,65,8,65,9,65,10,52,11,60,12,52,13,30,14,26,15,34,16,52,17,65,18,52,19,73,20,52,21,43,22,56,,,,,,,,,,,,,5,0,6,4,7,8,8,26,9,34,10,21,11,30,12,60,13,69,14,39,15,13,16,17,17,39,18,82,19,52,20,39,21,30,22,47,,,,,,,,,,,,,7,66055-280,,20,,4,,1,1,0,1,1,Par?,"R. Jo?o Balbi, 784",,,,Tudo Conveni?ncia Jo?o Balbi,Tudo conveni?ncia Jo?o balbi,3.5,https://www.google.com/maps/search/?api=1&query=Tudo%20conveni%C3%AAncia%20Jo%C3%A3o%20balbi&query_place_id=ChIJh186UQGPpJIReutsmJDpSlA,https://www.instagram.com/tudoconveniencia?igsh=MTFrcjZybGFoa2Zkbg==
,,,,,,,,,,,,,,TRUE,,,TRUE,,,,,TRUE,,,,,,,,,,,,,,,,,,,TRUE,,,TRUE,,,,,,,,,,,TRUE,TRUE,,,,,,,,TRUE,,,,,,,,,,,,,,,,,,,,,,,,,,TRUE,,,,TRUE,,,,TRUE,TRUE,,,,,,,,,,,,"Viela Cidade Jardim, 06 - Pedreira, Bel?m - PA, 66083-170, Brasil",Loja de Conveni?ncia,,,,,,,,,Loja de Conveni?ncia,8.71833E+18,Bel?m,BR,0x92a48bb3c99dd53f:0x78fdb7b8434c8be8,,,-1.4228869,-48.4753078,,Pedreira,segunda-feira,17:00 to 00:00,ter?a-feira,Fechado,quarta-feira,17:00 to 00:00,quinta-feira,17:00 to 00:00,sexta-feira,17:00 to 00:00,s?bado,17:00 to 00:00,domingo,17:00 to 00:00,6,JS Conveni?ncia,4.2,Outras pessoas pesquisaram,1,S.o.S Conveni?ncia,5,Outras pessoas pesquisaram,1,SOS Loja de Conveni?ncia,5,Outras pessoas pesquisaram,5,SOS Loja de Conveni?ncias,3.8,Outras pessoas pesquisaram,0,CONVENI?NCIA SP,0,+55 91 98233-2475,5.59198E+12,ChIJP9WdybOLpJIR6ItMQ7i3_Xg,"HGGF+RV Pedreira, Bel?m - PA, Brasil",,,,,,,,,,,,,,,,,,,,,,,,,,,,,,,,,,,,,,,,,,,,,,,,,,,,,,,,,,,,,,,,,,,,,,,,,,,,,,,,,,,,,,,,,,,,,,,,,,,,,,,,,,,,,,,,,,,,,,,,,,,,,,,,,,,,,,,,,,,,,,,,,,,,,,,,,,,,,,,,,,,,,,,,,,,,,,,,,,,,,,,,,,,,,,,,,,,,,,,,,,,,,,,,,,,,,,,,,,,,,,,,,,,,,,,,,,,,,,,,,,,,,,,,,,,,,,,,,,,,,,,,,,,,,,,,,,,,,,,,,,,,,,,,,,,,,,,,,,,,,,,,,,,,,,,,,,,,,,,,,,,,,,,,,,,,,,,,,,,,66083-170,,20,,0,,,,,,,Par?,"Viela Cidade Jardim, 06",,,,S.O.S Conveni?ncia Pedreira,S.O.S Conveni?ncia Pedreira,,https://www.google.com/maps/search/?api=1&query=S.O.S%20Conveni%C3%AAncia%20Pedreira&query_place_id=ChIJP9WdybOLpJIR6ItMQ7i3_Xg,https://www.facebook.com/robertynha.pantoja?mibextid=ZbWKwL
,,,,,,,,,,,,,,,,,,,,,,,,,,,,,,,,,,,,TRUE,,,,,,TRUE,,,,,,,,,,,,,,,,,,,,,,,,,,,,,,,,,,,,,,,,,,,,,,,,,,,,,,,,,,,,,,,,,,,,,"Tv. S?o Sebasti?o, SN - Sacramenta, Bel?m - PA, 66123-620, Brasil",Loja de Conveni?ncia,,,,,,,,,Loja de Conveni?ncia,1.42462E+19,Bel?m,BR,0x92a48bf4e4d1a15f:0xc5b48bb35b898a13,,,-1.4121184,-48.4761112,,Sacramenta,segunda-feira,14:00 to 00:00,ter?a-feira,14:00 to 00:00,quarta-feira,14:00 to 00:00,quinta-feira,14:00 to 00:00,sexta-feira,14:00 to 00:00,s?bado,14:00 to 00:00,domingo,14:00 to 00:00,0,Conveni?ncia F? em Deus,0,Outras pessoas pesquisaram,0,Souza Dep?sito e conveni?ncia,0,Outras pessoas pesquisaram,0,RL Bebidas,0,,,,,,,,,+55 91 98552-1298,5.59199E+12,ChIJX6HR5PSLpJIRE4qJW7OLtMU,"HGQF+5H Sacramenta, Bel?m - PA, Brasil",6,0,7,0,8,0,9,0,10,0,11,0,12,0,13,0,14,13,15,8,16,26,17,30,18,52,19,47,20,34,21,8,22,0,23,0,,,,,,,,,,,,,6,0,7,0,8,0,9,0,10,0,11,0,12,0,13,0,14,8,15,0,16,0,17,0,18,4,19,17,20,13,21,21,22,21,23,30,,,,,,,,,,,,,,,6,0,7,0,8,0,9,0,10,0,11,0,12,0,13,0,14,17,15,8,16,21,17,47,18,95,19,100,20,78,21,43,22,26,23,13,,,,,,,,,,,,,6,0,7,0,8,0,9,0,10,0,11,0,12,0,13,0,14,21,15,21,16,8,17,0,18,8,19,21,20,39,21,21,22,21,23,26,,,,,,,,,,,,,6,0,7,0,8,0,9,0,10,0,11,0,12,0,13,0,14,21,15,30,16,43,17,43,18,39,19,26,20,39,21,30,22,21,23,4,,,,,,,,,,,,,6,0,7,0,8,0,9,0,10,0,11,0,12,0,13,0,14,4,15,8,16,17,17,21,18,26,19,26,20,13,21,13,22,4,23,0,,,,,,,,,,,,,6,0,7,0,8,0,9,0,10,0,11,0,12,0,13,0,14,8,15,17,16,30,17,56,18,47,19,47,20,34,21,56,22,34,23,26,,,,,,,,,,,,,,66123-620,,11,,1,,0,0,1,0,0,Par?,"Tv. S?o Sebasti?o, SN",,,,Conveni?ncia E Deposito 2D,Conveni?ncia e deposito 2D,1,https://www.google.com/maps/search/?api=1&query=Conveni%C3%AAncia%20e%20deposito%202D&query_place_id=ChIJX6HR5PSLpJIRE4qJW7OLtMU,https://www.lojalocal.com/amstel/00059009349268
,,,,,,,,,,,,,,,,,,,,,,,,,,,,,,,,,,,,,,,,,TRUE,,,,,,,TRUE,TRUE,,,,,,,,,,,,,,,,,,,,,,,,,,,,,,,,,,,,,,,,,TRUE,,,,TRUE,,,,TRUE,TRUE,,,,,,,,,,,,"Av. Marqu?s de Herval, 2279 - Pedreira, Bel?m - PA, 66080-680, Brasil",Loja de Conveni?ncia,,,,,,,,,Loja de Conveni?ncia,6.98181E+18,Bel?m,BR,0x92a48b8781e64695:0x60e46250a9b1d601,,,-1.421887,-48.4645021,,Pedreira,segunda-feira,09:00 to 00:30,ter?a-feira,08:00 to 00:30,quarta-feira,09:00 to 00:30,quinta-feira,09:00 to 00:30,sexta-feira,09:00 to 00:30,s?bado,09:00 to 00:30,domingo,08:00 to 00:30,0,3n - Conveni?ncias,0,Outras pessoas pesquisaram,4,Conveni?ncia do Zeca Marambaia,4,Outras pessoas pesquisaram,0,TEM (CONVENI?NCIA),0,Outras pessoas pesquisaram,0,Sp conveni?ncia,0,,,,,+55 91 98968-4917,5.59199E+12,ChIJlUbmgYeLpJIRAdaxqVBi5GA,"HGHP+65 Pedreira, Bel?m - PA, Brasil",6,0,7,0,8,0,9,23,10,15,11,23,12,7,13,0,14,7,15,23,16,7,17,0,18,0,19,7,20,7,21,23,22,15,23,7,0,30,,,,,,,,,,,6,0,7,0,8,0,9,15,10,7,11,0,12,0,13,0,14,7,15,0,16,0,17,0,18,0,19,7,20,15,21,7,22,15,23,15,0,38,,,,,,,,,,,,,6,0,7,0,8,0,9,7,10,0,11,0,12,0,13,0,14,0,15,15,16,46,17,69,18,38,19,38,20,30,21,46,22,61,23,23,0,23,,,,,,,,,,,6,0,7,0,8,0,9,7,10,15,11,7,12,7,13,23,14,76,15,69,16,100,17,53,18,38,19,7,20,0,21,0,22,7,23,23,0,30,,,,,,,,,,,6,0,7,0,8,0,9,15,10,30,11,23,12,23,13,23,14,15,15,7,16,0,17,0,18,0,19,0,20,0,21,0,22,0,23,23,0,46,,,,,,,,,,,6,0,7,0,8,0,9,0,10,7,11,15,12,46,13,53,14,92,15,100,16,69,17,76,18,53,19,30,20,23,21,15,22,0,23,0,0,0,,,,,,,,,,,6,0,7,0,8,0,9,0,10,7,11,7,12,0,13,0,14,7,15,23,16,7,17,0,18,0,19,7,20,23,21,7,22,0,23,0,0,0,,,,,,,,,,,,66080-680,,9,,0,,,,,,,Par?,"Av. Marqu?s de Herval, 2279",,,,Conveni?ncia Sp,CONVENI?NCIA SP,,https://www.google.com/maps/search/?api=1&query=CONVENI%C3%8ANCIA%20SP&query_place_id=ChIJlUbmgYeLpJIRAdaxqVBi5GA,
,,,,,,,,,,,,,,,,,,,,,,,,,,,,,,,,,,,TRUE,,,,,,,,,,,,,,,,,,,,,,,,,,,,,,,,,,,,TRUE,,,,,,,,,,,,,,,,,,,TRUE,,,,TRUE,,TRUE,,,,,,,,TRUE,,TRUE,,,,,"R. da Pedreira, 194 - Aeroporto, Bel?m - PA, 66915-000, Brasil",Loja de Conveni?ncia,,,,,,,,,Loja de Conveni?ncia,1.15204E+19,Bel?m,BR,0x92a46b3cf3111827:0x9fe0d8272427e3c4,,,-1.1430048,-48.455153,,Aeroporto,segunda-feira,07:00 to 20:00,ter?a-feira,07:10 to 20:00,quarta-feira,07:10 to 20:00,quinta-feira,07:10 to 20:00,sexta-feira,07:10 to 20:00,s?bado,07:10 to 20:00,domingo,07:30 to 13:00,0,Dep?sito do Kaka,0,Outras pessoas pesquisaram,0,Comercial da ilha,0,Outras pessoas pesquisaram,1,Shopping Caiak,3,Outras pessoas pesquisaram,9,Comercial T? na m?o,5,,,,,+55 91 98524-7862,5.59199E+12,ChIJJxgR8zxrpJIRxOMnJCfY4J8,"VG4V+QW Aeroporto, Bel?m - PA, Brasil",,,,,,,,,,,,,,,,,,,,,,,,,,,,,,,,,,,,,,,,,,,,,,,,,,,,,,,,,,,,,,,,,,,,,,,,,,,,,,,,,,,,,,,,,,,,,,,,,,,,,,,,,,,,,,,,,,,,,,,,,,,,,,,,,,,,,,,,,,,,,,,,,,,,,,,,,,,,,,,,,,,,,,,,,,,,,,,,,,,,,,,,,,,,,,,,,,,,,,,,,,,,,,,,,,,,,,,,,,,,,,,,,,,,,,,,,,,,,,,,,,,,,,,,,,,,,,,,,,,,,,,,,,,,,,,,,,,,,,,,,,,,,,,,,,,,,,,,,,,,,,,,,,,,,,,,,,,,,,,,,,,,,,,,,,,,,,,,,,,,66915-000,,18,,0,,,,,,,Par?,"R. da Pedreira, 194",,,,Comercial Kaka,Comercial kaka,,https://www.google.com/maps/search/?api=1&query=Comercial%20kaka&query_place_id=ChIJJxgR8zxrpJIRxOMnJCfY4J8,
,,,,,,,,,,,,,,,,,,,,,,,,,,,,,,,,,,,,,,,,,,,,,,,,,,,,,,,,,,,,,,,,,,,,,,,,,,,,,,,,,,,,,,,,,,,,,,,,,,,,,,,,,,,,,,,"Chap?u virado, R. Camilo Salgado - Aeroporto, Bel?m - PA, 66913-320, Brasil",Loja de Conveni?ncia,,,,,,,,,Loja de Conveni?ncia,1.17004E+19,Bel?m,BR,0x92a46b221f9e7937:0xa2603a16e25889a2,,,-1.1438187,-48.4562639,,Aeroporto,,,,,,,,,,,,,,,1,Descart?veis Da Ilha,4,Outras pessoas pesquisaram,1,Comecial Muniz,5,Outras pessoas pesquisaram,1,Emp?rio da Ilha - Dep?sito e Conveni?ncia,5,Outras pessoas pesquisaram,0,Comercial kaka,0,,,,,,,ChIJN3meHyJrpJIRoolY4hY6YKI,"VG4V+FF Aeroporto, Bel?m - PA, Brasil",,,,,,,,,,,,,,,,,,,,,,,,,,,,,,,,,,,,,,,,,,,,,,,,,,,,,,,,,,,,,,,,,,,,,,,,,,,,,,,,,,,,,,,,,,,,,,,,,,,,,,,,,,,,,,,,,,,,,,,,,,,,,,,,,,,,,,,,,,,,,,,,,,,,,,,,,,,,,,,,,,,,,,,,,,,,,,,,,,,,,,,,,,,,,,,,,,,,,,,,,,,,,,,,,,,,,,,,,,,,,,,,,,,,,,,,,,,,,,,,,,,,,,,,,,,,,,,,,,,,,,,,,,,,,,,,,,,,,,,,,,,,,,,,,,,,,,,,,,,,,,,,,,,,,,,,,,,,,,,,,,,,,,,,,,,,,,,,,,,,66913-320,,12,,0,,,,,,,PA,"Chap?u virado, R. Camilo Salgado",,,,Comercial Da Ilha,Comercial da ilha,,https://www.google.com/maps/search/?api=1&query=Comercial%20da%20ilha&query_place_id=ChIJN3meHyJrpJIRoolY4hY6YKI,
,,,,,,,,,,,,,,,,,,,,,,,,,,,,,,,,,,,,,,,,,TRUE,,,TRUE,,,,,,TRUE,,,,,,TRUE,,,,,,,,,,,,,,,,,,,,,,,,,,,,,,,,,,TRUE,,,,TRUE,,,,TRUE,TRUE,,,,,,,,,,,,"R. Morada dos Ventos, 152 - Mangueir?o, Bel?m - PA, 66640-425, Brasil",Loja de Conveni?ncia,,,,,,,,,Loja de Conveni?ncia,9.55688E+18,Bel?m,BR,0x92a48a89547584d7:0x84a0db784d04ff39,,,-1.3814938,-48.4339863,,Mangueir?o,segunda-feira,10:00 to 22:00,ter?a-feira,10:00 to 22:00,quarta-feira,10:00 to 22:00,quinta-feira,10:00 to 23:00,sexta-feira,10:00 to 23:00,s?bado,10:00 to 23:00,domingo,10:00 to 22:00,3,Zero Grau Conveni?ncia,4.3,Outras pessoas pesquisaram,7,CERVEJARIA ZERO GRAU,5,Outras pessoas pesquisaram,2,Dep?sito de Bebidas Zero Grau,3,,,,,,,,,+55 91 98012-3823,5.59198E+12,ChIJ14R1VImKpJIROf8ETXjboIQ,"JH98+CC Mangueir?o, Bel?m - PA, Brasil",6,0,7,0,8,0,9,0,10,58,11,76,12,82,13,94,14,92,15,84,16,64,17,64,18,61,19,71,20,71,21,61,22,61,23,0,,,,,,,,,,,,,6,0,7,0,8,0,9,0,10,56,11,58,12,53,13,48,14,56,15,51,16,53,17,58,18,74,19,61,20,53,21,43,22,0,23,0,,,,,,,,,,,,,,,6,0,7,0,8,0,9,0,10,71,11,82,12,82,13,71,14,76,15,69,16,76,17,69,18,69,19,84,20,92,21,94,22,76,23,0,,,,,,,,,,,,,6,0,7,0,8,0,9,0,10,20,11,33,12,61,13,71,14,84,15,74,16,79,17,79,18,84,19,84,20,87,21,92,22,0,23,0,,,,,,,,,,,,,6,0,7,0,8,0,9,0,10,53,11,66,12,61,13,61,14,48,15,53,16,48,17,58,18,58,19,79,20,76,21,71,22,66,23,0,,,,,,,,,,,,,6,0,7,0,8,0,9,0,10,58,11,64,12,71,13,64,14,56,15,56,16,74,17,82,18,79,19,74,20,61,21,56,22,0,23,0,,,,,,,,,,,,,6,0,7,0,8,0,9,0,10,46,11,66,12,84,13,100,14,92,15,87,16,79,17,82,18,82,19,58,20,51,21,35,22,0,23,0,,,,,,,,,,,,,,66640-425,$,3,,31,,21,3,4,1,2,Par?,"R. Morada dos Ventos, 152",,,,Zero Grau - Conveni?ncia,Zero Grau - Conveni?ncia,4.1,https://www.google.com/maps/search/?api=1&query=Zero%20Grau%20-%20Conveni%C3%AAncia&query_place_id=ChIJ14R1VImKpJIROf8ETXjboIQ,
,,,,,,,,,,,,,,,,,,,,,,,,,,,,,,,,,,,,,,,,,,,,,,,,,,,,,,,,,,,,,,,,,,,,,,,,,,,,,,,,,,,,,,,,,,TRUE,,,,,,,,,,,,,,,,,,,,,"R. Mariano, 270 - Castanheira, Bel?m - PA, 66645-414, Brasil",Loja de Conveni?ncia,,,,,,,,,Loja de Conveni?ncia,9.67231E+17,Bel?m,BR,0x92a48bb442eab50f:0xd6c4b58c52e3b30,,,-1.4111686,-48.4321116,,Castanheira,segunda-feira,"08:00 to 14:00, 15:30 to 22:00",ter?a-feira,"08:00 to 14:00, 15:30 to 22:00",quarta-feira,"08:00 to 14:00, 15:30 to 22:00",quinta-feira,"08:00 to 14:00, 15:30 to 22:00",sexta-feira,"08:00 to 14:00, 15:30 to 22:00",s?bado,08:00 to 22:00,domingo,08:00 to 22:00,0,UBN Conveni?ncia,0,Outras pessoas pesquisaram,1,Dep?sito Noronha,5,Outras pessoas pesquisaram,34,Tudo Conveni?ncia Entroncamento,4.1,,,,,,,,,+55 91 98420-6818,5.59198E+12,ChIJD7XqQrSLpJIRMDsuxVhLbA0,"HHQ9+G5 Castanheira, Bel?m - PA, Brasil",6,0,7,0,8,22,9,55,10,55,11,77,12,66,13,33,14,0,15,44,16,44,17,11,18,11,19,33,20,66,21,44,22,0,23,0,,,,,,,,,,,,,6,0,7,0,8,0,9,11,10,11,11,33,12,77,13,44,14,0,15,66,16,44,17,33,18,11,19,0,20,11,21,33,22,0,23,0,,,,,,,,,,,,,,,6,0,7,0,8,11,9,33,10,66,11,55,12,66,13,100,14,88,15,66,16,77,17,66,18,77,19,33,20,11,21,0,22,0,23,0,,,,,,,,,,,,,6,0,7,0,8,33,9,22,10,44,11,22,12,11,13,0,14,0,15,0,16,11,17,33,18,44,19,22,20,33,21,77,22,0,23,0,,,,,,,,,,,,,6,0,7,0,8,55,9,22,10,22,11,33,12,33,13,11,14,0,15,0,16,22,17,44,18,55,19,22,20,11,21,0,22,0,23,0,,,,,,,,,,,,,6,0,7,0,8,33,9,44,10,33,11,22,12,33,13,22,14,0,15,22,16,33,17,44,18,11,19,0,20,0,21,0,22,0,23,0,,,,,,,,,,,,,6,0,7,0,8,0,9,0,10,0,11,0,12,0,13,11,14,0,15,44,16,11,17,0,18,22,19,55,20,88,21,55,22,0,23,0,,,,,,,,,,,,,,66645-414,,18,,0,,,,,,,Par?,"R. Mariano, 270",,,,Conveni?ncia Do Guilherme,Conveni?ncia do Guilherme,,https://www.google.com/maps/search/?api=1&query=Conveni%C3%AAncia%20do%20Guilherme&query_place_id=ChIJD7XqQrSLpJIRMDsuxVhLbA0,
,,,,,,,,,,,,,,,,,,,,,,,,,,,,,,,,,,,TRUE,,,,,,,,,,,,,,,,,,,,,,,,,,,,,,,,,,,,,,,,,,,,,,,,,,,,,,,,,,,,,,,,,,,,,,,,,,,,"Passagem Otil, 60 - Castanheira, Bel?m - PA, 66645-100, Brasil",Loja de Conveni?ncia,,,,,,,,,Loja de Conveni?ncia,1.41243E+19,Bel?m,BR,0x92a48bb1bb1e76ef:0xc403ba9482e408b6,,,-1.4090442,-48.4273854,,Castanheira,segunda-feira,09:00 to 00:00,ter?a-feira,09:00 to 00:00,quarta-feira,09:00 to 00:00,quinta-feira,09:00 to 00:00,sexta-feira,09:00 to 00:00,s?bado,09:00 to 03:00,domingo,08:00 to 00:00,5,Conveni?ncia Pit Stop BR,4.8,Outras pessoas pesquisaram,0,Conveni?ncia Piraj?,0,Outras pessoas pesquisaram,12,Bar do Paraguai,4.2,,,,,,,,,+55 91 98597-0090,5.59199E+12,ChIJ73Yeu7GLpJIRtgjkgpS6A8Q,"HHRF+92 Castanheira, Bel?m - PA, Brasil",6,0,7,0,8,0,9,11,10,5,11,5,12,11,13,5,14,0,15,0,16,5,17,0,18,0,19,0,20,11,21,29,22,41,23,29,,,,,,,,,,,,,6,0,7,0,8,0,9,41,10,23,11,11,12,0,13,0,14,0,15,11,16,17,17,23,18,35,19,17,20,5,21,0,22,11,23,11,,,,,,,,,,,,,,,6,0,7,0,8,0,9,47,10,29,11,35,12,47,13,47,14,23,15,11,16,17,17,41,18,17,19,23,20,41,21,64,22,35,23,29,0,23,1,35,2,29,,,,,,,6,0,7,0,8,11,9,0,10,5,11,23,12,17,13,29,14,23,15,35,16,29,17,47,18,17,19,17,20,17,21,5,22,0,23,0,,,,,,,,,,,,,6,0,7,0,8,0,9,5,10,0,11,5,12,17,13,29,14,23,15,35,16,23,17,23,18,35,19,52,20,52,21,82,22,100,23,76,,,,,,,,,,,,,6,0,7,0,8,0,9,5,10,0,11,5,12,5,13,11,14,29,15,17,16,23,17,41,18,52,19,41,20,23,21,29,22,41,23,23,,,,,,,,,,,,,6,0,7,0,8,0,9,23,10,29,11,35,12,52,13,58,14,47,15,29,16,5,17,0,18,0,19,0,20,17,21,23,22,29,23,17,,,,,,,,,,,,,,66645-100,,15,,1,,1,0,0,0,0,Par?,"Passagem Otil, 60",,,,Conveni?ncia Piau?,Conveni?ncia Piau?,5,https://www.google.com/maps/search/?api=1&query=Conveni%C3%AAncia%20Piau%C3%AD&query_place_id=ChIJ73Yeu7GLpJIRtgjkgpS6A8Q,
,,,,,,,,,,,,,,,,,,,,,,,,,,,,,,,,,,,,,,,,,,,,,,,,,,,,,,,,,,,,,,,,,,,,,,,,,,,,,,,,,,,,,,,,,,,,,,,,,,,,,,,,,,,,,,,"R. Euclides da Cunha - Castanheira, Bel?m - PA, 66645-130, Brasil",Loja de Conveni?ncia,,,,,,,,,Loja de Conveni?ncia,1.69713E+18,Bel?m,BR,0x92a48b001d807967:0x178d6d73c954c6a1,,,-1.4091969,-48.4284666,,Castanheira,,,,,,,,,,,,,,,,,,,,,,,,,,,,,,,,,,,,ChIJZ3mAHQCLpJIRocZUyXNtjRc,"HHRC+8J Castanheira, Bel?m - PA, Brasil",,,,,,,,,,,,,,,,,,,,,,,,,,,,,,,,,,,,,,,,,,,,,,,,,,,,,,,,,,,,,,,,,,,,,,,,,,,,,,,,,,,,,,,,,,,,,,,,,,,,,,,,,,,,,,,,,,,,,,,,,,,,,,,,,,,,,,,,,,,,,,,,,,,,,,,,,,,,,,,,,,,,,,,,,,,,,,,,,,,,,,,,,,,,,,,,,,,,,,,,,,,,,,,,,,,,,,,,,,,,,,,,,,,,,,,,,,,,,,,,,,,,,,,,,,,,,,,,,,,,,,,,,,,,,,,,,,,,,,,,,,,,,,,,,,,,,,,,,,,,,,,,,,,,,,,,,,,,,,,,,,,,,,,,,,,,,,,,,,,,66645-130,,13,,0,,,,,,,Par?,R. Euclides da Cunha,,,,Bar Do Drag?o,Bar do drag?o,,https://www.google.com/maps/search/?api=1&query=Bar%20do%20drag%C3%A3o&query_place_id=ChIJZ3mAHQCLpJIRocZUyXNtjRc,
,,,,,,,,,,,,,,,,,,,,,,,,,,,,,,,,,,,,,,,,,,,,,,,,,,,,,,,,,,,,,,,,,,,,,,,,,,,,,,,,,,,,,,,,,,TRUE,,,,TRUE,,,,TRUE,TRUE,,,,,,,,,,,,"Passagem Sta Terezinha, 49 - Condor, Bel?m - PA, 66033-190, Brasil",Loja de Conveni?ncia,,,,,,,,,Loja de Conveni?ncia,1.64291E+19,Bel?m,BR,0x92a48f8dad19b2fb:0xe3ffb61c0562f1b3,,,-1.4766927,-48.4825734,,Condor,segunda-feira,09:00 to 22:00,ter?a-feira,09:00 to 22:00,quarta-feira,09:00 to 22:00,quinta-feira,09:00 to 22:00,sexta-feira,09:00 to 22:00,s?bado,09:00 to 22:00,domingo,09:00 to 22:00,,,,,,,,,,,,,,,,,,,,+55 62 99362-0315,5.56299E+12,ChIJ-7IZrY2PpJIRs_FiBRy2_-M,"GGF8+8X Condor, Bel?m - PA, Brasil",6,0,7,0,8,0,9,37,10,25,11,18,12,37,13,50,14,62,15,68,16,56,17,43,18,37,19,18,20,25,21,18,22,0,23,0,,,,,,,,,,,,,6,0,7,0,8,0,9,56,10,50,11,56,12,31,13,37,14,12,15,12,16,0,17,0,18,0,19,6,20,12,21,31,22,0,23,0,,,,,,,,,,,,,,,6,0,7,0,8,0,9,43,10,62,11,37,12,31,13,25,14,12,15,18,16,37,17,37,18,43,19,75,20,75,21,50,22,0,23,0,,,,,,,,,,,,,6,0,7,0,8,0,9,37,10,56,11,56,12,37,13,25,14,37,15,43,16,50,17,100,18,75,19,87,20,43,21,18,22,0,23,0,,,,,,,,,,,,,6,0,7,0,8,0,9,43,10,56,11,25,12,18,13,18,14,37,15,25,16,18,17,25,18,18,19,12,20,6,21,12,22,0,23,0,,,,,,,,,,,,,6,0,7,0,8,0,9,25,10,37,11,37,12,25,13,18,14,6,15,6,16,12,17,12,18,25,19,37,20,56,21,50,22,0,23,0,,,,,,,,,,,,,6,0,7,0,8,0,9,56,10,25,11,12,12,0,13,6,14,0,15,6,16,12,17,6,18,0,19,0,20,6,21,6,22,0,23,0,,,,,,,,,,,,,,66033-190,,10,,2,,2,0,0,0,0,Par?,"Passagem Sta Terezinha, 49",,,,C?lia Variedades,C?lia variedades,5,https://www.google.com/maps/search/?api=1&query=C%C3%A9lia%20variedades&query_place_id=ChIJ-7IZrY2PpJIRs_FiBRy2_-M,
