additionalInfo/Accessibility/0/Wheelchair accessible entrance,additionalInfo/Accessibility/0/Wheelchair-accessible car park,additionalInfo/Accessibility/0/Wheelchair-accessible entrance,additionalInfo/Accessibility/1/Wheelchair-accessible entrance,additionalInfo/Accessibility/1/Wheelchair-accessible seating,additionalInfo/Accessibility/2/Wheelchair-accessible toilet,additionalInfo/Accessibility/3/Wheelchair-accessible car park,additionalInfo/Amenities/0/Air-conditioned,additionalInfo/Amenities/0/Bar on site,additionalInfo/Amenities/0/Free Wi-Fi,additionalInfo/Amenities/0/Restroom,additionalInfo/Amenities/0/Wi-Fi,additionalInfo/Amenities/1/Breakfast,additionalInfo/Amenities/1/Free breakfast,additionalInfo/Amenities/1/Free parking,additionalInfo/Amenities/1/Paid breakfast,additionalInfo/Amenities/1/Parking,additionalInfo/Amenities/1/Pool,additionalInfo/Amenities/1/Toilets,additionalInfo/Amenities/2/Accessible,additionalInfo/Amenities/2/Air-conditioned,additionalInfo/Amenities/2/Fitness center,additionalInfo/Amenities/2/Free parking,additionalInfo/Amenities/2/Paid parking,additionalInfo/Amenities/2/Parking,additionalInfo/Amenities/2/Pool,additionalInfo/Amenities/2/Restaurant,additionalInfo/Amenities/2/Room service,additionalInfo/Amenities/3/Accessible,additionalInfo/Amenities/3/Air-conditioned,additionalInfo/Amenities/3/Fitness center,additionalInfo/Amenities/3/Kid-friendly,additionalInfo/Amenities/3/Kitchens in some rooms,additionalInfo/Amenities/3/Outdoor pool,additionalInfo/Amenities/3/Pet-friendly,additionalInfo/Amenities/3/Pool,additionalInfo/Amenities/3/Restaurant,additionalInfo/Amenities/4/Air-conditioned,additionalInfo/Amenities/4/Fitness center,additionalInfo/Amenities/4/Kid-friendly,additionalInfo/Amenities/4/Kitchen in all rooms,additionalInfo/Amenities/4/Kitchens in some rooms,additionalInfo/Amenities/4/Laundry service,additionalInfo/Amenities/4/Outdoor pool,additionalInfo/Amenities/4/Pet-friendly,additionalInfo/Amenities/4/Pool,additionalInfo/Amenities/4/Restaurant,additionalInfo/Amenities/5/Air-conditioned,additionalInfo/Amenities/5/Bar,additionalInfo/Amenities/5/Business center,additionalInfo/Amenities/5/Fitness center,additionalInfo/Amenities/5/Kid-friendly,additionalInfo/Amenities/5/Kitchens in some rooms,additionalInfo/Amenities/5/Laundry service,additionalInfo/Amenities/5/Pet-friendly,additionalInfo/Amenities/5/Restaurant,additionalInfo/Amenities/6/Airport shuttle,additionalInfo/Amenities/6/Business center,additionalInfo/Amenities/6/Fitness center,additionalInfo/Amenities/6/Kid-friendly,additionalInfo/Amenities/6/Kitchens in some rooms,additionalInfo/Amenities/6/Laundry service,additionalInfo/Amenities/6/Pet-friendly,additionalInfo/Amenities/6/Restaurant,additionalInfo/Amenities/6/Room service,additionalInfo/Amenities/6/Smoke-free,additionalInfo/Amenities/7/Airport shuttle,additionalInfo/Amenities/7/Business center,additionalInfo/Amenities/7/Fitness center,additionalInfo/Amenities/7/Kid-friendly,additionalInfo/Amenities/7/Kitchen in all rooms,additionalInfo/Amenities/7/Pet-friendly,additionalInfo/Amenities/7/Restaurant,additionalInfo/Amenities/7/Room service,additionalInfo/Amenities/7/Smoke-free,additionalInfo/Amenities/8/Airport shuttle,additionalInfo/Amenities/8/Bar,additionalInfo/Amenities/8/Fitness center,additionalInfo/Amenities/8/Kid-friendly,additionalInfo/Amenities/8/Kitchens in some rooms,additionalInfo/Amenities/8/Pet-friendly,additionalInfo/Amenities/8/Restaurant,additionalInfo/Amenities/8/Room service,additionalInfo/Amenities/8/Smoke-free,additionalInfo/Amenities/8/Spa,additionalInfo/Amenities/9/Airport shuttle,additionalInfo/Amenities/9/Bar,additionalInfo/Amenities/9/Fitness center,additionalInfo/Amenities/9/Kid-friendly,additionalInfo/Amenities/9/Kitchens in some rooms,additionalInfo/Amenities/9/Restaurant,additionalInfo/Amenities/9/Room service,additionalInfo/Amenities/9/Smoke-free,additionalInfo/Amenities/10/Airport shuttle,additionalInfo/Amenities/10/Bar,additionalInfo/Amenities/10/Fitness center,additionalInfo/Amenities/10/Kid-friendly,additionalInfo/Amenities/10/Kitchens in some rooms,additionalInfo/Amenities/10/Restaurant,additionalInfo/Amenities/10/Smoke-free,additionalInfo/Amenities/11/Airport shuttle,additionalInfo/Amenities/11/Bar,additionalInfo/Amenities/11/Fitness center,additionalInfo/Amenities/11/Restaurant,additionalInfo/Amenities/12/Airport shuttle,additionalInfo/Amenities/12/Bar,additionalInfo/Amenities/12/Fitness center,additionalInfo/Amenities/12/Smoke-free,additionalInfo/Amenities/12/Spa,additionalInfo/Amenities/13/Bar,additionalInfo/Amenities/13/Fitness center,additionalInfo/Amenities/13/Hot tub,additionalInfo/Amenities/13/Smoke-free,additionalInfo/Amenities/14/Bar,additionalInfo/Amenities/14/Smoke-free,additionalInfo/Amenities/14/Spa,additionalInfo/Amenities/15/Fitness center,additionalInfo/Amenities/15/Smoke-free,additionalInfo/Amenities/16/Bar,additionalInfo/Amenities/17/Smoke-free,additionalInfo/Atmosphere/0/Casual,additionalInfo/Atmosphere/1/Cosy,additionalInfo/Atmosphere/2/Romantic,additionalInfo/Children/0/Good for kids,additionalInfo/Children/0/Kids' menu,additionalInfo/Children/1/High chairs,additionalInfo/Children/2/Kids' menu,additionalInfo/Crowd/0/Family friendly,additionalInfo/Crowd/0/Groups,additionalInfo/Crowd/0/LGBTQ+ friendly,additionalInfo/Crowd/1/Groups,additionalInfo/Crowd/2/LGBTQ+ friendly,additionalInfo/Crowd/3/Transgender safe space,additionalInfo/Dining options/0/Breakfast,additionalInfo/Dining options/0/Lunch,additionalInfo/Dining options/1/Dessert,additionalInfo/Dining options/1/Dinner,additionalInfo/Dining options/1/Lunch,additionalInfo/Dining options/2/Dessert,additionalInfo/Dining options/2/Dinner,additionalInfo/Dining options/2/Seating,additionalInfo/Dining options/3/Dessert,additionalInfo/Dining options/3/Seating,additionalInfo/Dining options/4/Seating,additionalInfo/From the business/0/Identifies as women-owned,additionalInfo/Highlights/0/Great cocktails,additionalInfo/Highlights/0/Great tea selection,additionalInfo/Highlights/1/Live music,additionalInfo/Highlights/2/Sport,additionalInfo/Offerings/0/Alcohol,additionalInfo/Offerings/0/Coffee,additionalInfo/Offerings/1/Beer,additionalInfo/Offerings/1/Happy-hour drinks,additionalInfo/Offerings/2/Cocktails,additionalInfo/Offerings/2/Happy-hour food,additionalInfo/Offerings/3/Coffee,additionalInfo/Offerings/3/Small plates,additionalInfo/Offerings/4/Happy-hour drinks,additionalInfo/Offerings/4/Vegetarian options,additionalInfo/Offerings/5/Happy-hour food,additionalInfo/Offerings/5/Late-night food,additionalInfo/Offerings/6/Small plates,additionalInfo/Offerings/7/Spirits,additionalInfo/Offerings/8/Vegetarian options,additionalInfo/Offerings/8/Wine,additionalInfo/Offerings/9/Wine,additionalInfo/Parking/0/Free of charge street parking,additionalInfo/Parking/0/On-site parking,additionalInfo/Parking/1/Free parking lot,additionalInfo/Payments/0/Credit cards,additionalInfo/Payments/0/Debit cards,additionalInfo/Payments/1/Debit cards,additionalInfo/Payments/1/NFC mobile payments,additionalInfo/Payments/2/Credit cards,additionalInfo/Payments/2/NFC mobile payments,additionalInfo/Payments/3/Credit cards,additionalInfo/Pets/0/Dogs allowed inside,additionalInfo/Pets/1/Dogs allowed outside,additionalInfo/Planning/0/Accepts reservations,additionalInfo/Planning/0/Appointment required,additionalInfo/Planning/0/Getting tickets in advance recommended,additionalInfo/Recycling/0/Clothing,additionalInfo/Service options/0/Delivery,additionalInfo/Service options/0/Kerbside pickup,additionalInfo/Service options/0/Online appointments,additionalInfo/Service options/0/Outdoor seating,additionalInfo/Service options/1,additionalInfo/Service options/1/Delivery,additionalInfo/Service options/1/Dine-in,additionalInfo/Service options/1/Takeaway,additionalInfo/Service options/2/Delivery,additionalInfo/Service options/2/Dine-in,additionalInfo/Service options/2/On-site services,additionalInfo/Service options/3/Takeaway,additionalInfo/Service options/4/Dine-in,address,bookingLinks/0/name,bookingLinks/0/url,categories/0,categories/1,categories/2,categories/3,categories/4,categories/5,categories/6,categories/7,categories/8,categories/9,categoryName,cid,city,countryCode,description,fid,googleFoodUrl,hotelDescription,kgmid,locatedIn,location/lat,location/lng,menu,neighborhood,openingHours/0/day,openingHours/0/hours,openingHours/1/day,openingHours/1/hours,openingHours/2/day,openingHours/2/hours,openingHours/3/day,openingHours/3/hours,openingHours/4/day,openingHours/4/hours,openingHours/5/day,openingHours/5/hours,openingHours/6/day,openingHours/6/hours,parentPlaceUrl,peopleAlsoSearch/0/category,peopleAlsoSearch/0/reviewsCount,peopleAlsoSearch/0/title,peopleAlsoSearch/0/totalScore,peopleAlsoSearch/1/category,peopleAlsoSearch/1/reviewsCount,peopleAlsoSearch/1/title,peopleAlsoSearch/1/totalScore,peopleAlsoSearch/2/category,peopleAlsoSearch/2/reviewsCount,peopleAlsoSearch/2/title,peopleAlsoSearch/2/totalScore,peopleAlsoSearch/3/category,peopleAlsoSearch/3/reviewsCount,peopleAlsoSearch/3/title,peopleAlsoSearch/3/totalScore,peopleAlsoSearch/4/category,peopleAlsoSearch/4/reviewsCount,peopleAlsoSearch/4/title,peopleAlsoSearch/4/totalScore,permanentlyClosed,phone,phoneUnformatted,placeId,placesTags/0/count,placesTags/0/title,placesTags/1/count,placesTags/1/title,placesTags/2/count,placesTags/2/title,placesTags/3/count,placesTags/3/title,placesTags/4/count,placesTags/4/title,plusCode,popularTimesHistogram/Fr/0/hour,popularTimesHistogram/Fr/0/occupancyPercent,popularTimesHistogram/Fr/1/hour,popularTimesHistogram/Fr/1/occupancyPercent,popularTimesHistogram/Fr/2/hour,popularTimesHistogram/Fr/2/occupancyPercent,popularTimesHistogram/Fr/3/hour,popularTimesHistogram/Fr/3/occupancyPercent,popularTimesHistogram/Fr/4/hour,popularTimesHistogram/Fr/4/occupancyPercent,popularTimesHistogram/Fr/5/hour,popularTimesHistogram/Fr/5/occupancyPercent,popularTimesHistogram/Fr/6/hour,popularTimesHistogram/Fr/6/occupancyPercent,popularTimesHistogram/Fr/7/hour,popularTimesHistogram/Fr/7/occupancyPercent,popularTimesHistogram/Fr/8/hour,popularTimesHistogram/Fr/8/occupancyPercent,popularTimesHistogram/Fr/9/hour,popularTimesHistogram/Fr/9/occupancyPercent,popularTimesHistogram/Fr/10/hour,popularTimesHistogram/Fr/10/occupancyPercent,popularTimesHistogram/Fr/11/hour,popularTimesHistogram/Fr/11/occupancyPercent,popularTimesHistogram/Fr/12/hour,popularTimesHistogram/Fr/12/occupancyPercent,popularTimesHistogram/Fr/13/hour,popularTimesHistogram/Fr/13/occupancyPercent,popularTimesHistogram/Fr/14/hour,popularTimesHistogram/Fr/14/occupancyPercent,popularTimesHistogram/Fr/15/hour,popularTimesHistogram/Fr/15/occupancyPercent,popularTimesHistogram/Fr/16/hour,popularTimesHistogram/Fr/16/occupancyPercent,popularTimesHistogram/Fr/17/hour,popularTimesHistogram/Fr/17/occupancyPercent,popularTimesHistogram/Fr/18/hour,popularTimesHistogram/Fr/18/occupancyPercent,popularTimesHistogram/Fr/19/hour,popularTimesHistogram/Fr/19/occupancyPercent,popularTimesHistogram/Mo/0/hour,popularTimesHistogram/Mo/0/occupancyPercent,popularTimesHistogram/Mo/1/hour,popularTimesHistogram/Mo/1/occupancyPercent,popularTimesHistogram/Mo/2/hour,popularTimesHistogram/Mo/2/occupancyPercent,popularTimesHistogram/Mo/3/hour,popularTimesHistogram/Mo/3/occupancyPercent,popularTimesHistogram/Mo/4/hour,popularTimesHistogram/Mo/4/occupancyPercent,popularTimesHistogram/Mo/5/hour,popularTimesHistogram/Mo/5/occupancyPercent,popularTimesHistogram/Mo/6/hour,popularTimesHistogram/Mo/6/occupancyPercent,popularTimesHistogram/Mo/7/hour,popularTimesHistogram/Mo/7/occupancyPercent,popularTimesHistogram/Mo/8/hour,popularTimesHistogram/Mo/8/occupancyPercent,popularTimesHistogram/Mo/9/hour,popularTimesHistogram/Mo/9/occupancyPercent,popularTimesHistogram/Mo/10/hour,popularTimesHistogram/Mo/10/occupancyPercent,popularTimesHistogram/Mo/11/hour,popularTimesHistogram/Mo/11/occupancyPercent,popularTimesHistogram/Mo/12/hour,popularTimesHistogram/Mo/12/occupancyPercent,popularTimesHistogram/Mo/13/hour,popularTimesHistogram/Mo/13/occupancyPercent,popularTimesHistogram/Mo/14/hour,popularTimesHistogram/Mo/14/occupancyPercent,popularTimesHistogram/Mo/15/hour,popularTimesHistogram/Mo/15/occupancyPercent,popularTimesHistogram/Mo/16/hour,popularTimesHistogram/Mo/16/occupancyPercent,popularTimesHistogram/Mo/17/hour,popularTimesHistogram/Mo/17/occupancyPercent,popularTimesHistogram/Sa/0/hour,popularTimesHistogram/Sa/0/occupancyPercent,popularTimesHistogram/Sa/1/hour,popularTimesHistogram/Sa/1/occupancyPercent,popularTimesHistogram/Sa/2/hour,popularTimesHistogram/Sa/2/occupancyPercent,popularTimesHistogram/Sa/3/hour,popularTimesHistogram/Sa/3/occupancyPercent,popularTimesHistogram/Sa/4/hour,popularTimesHistogram/Sa/4/occupancyPercent,popularTimesHistogram/Sa/5/hour,popularTimesHistogram/Sa/5/occupancyPercent,popularTimesHistogram/Sa/6/hour,popularTimesHistogram/Sa/6/occupancyPercent,popularTimesHistogram/Sa/7/hour,popularTimesHistogram/Sa/7/occupancyPercent,popularTimesHistogram/Sa/8/hour,popularTimesHistogram/Sa/8/occupancyPercent,popularTimesHistogram/Sa/9/hour,popularTimesHistogram/Sa/9/occupancyPercent,popularTimesHistogram/Sa/10/hour,popularTimesHistogram/Sa/10/occupancyPercent,popularTimesHistogram/Sa/11/hour,popularTimesHistogram/Sa/11/occupancyPercent,popularTimesHistogram/Sa/12/hour,popularTimesHistogram/Sa/12/occupancyPercent,popularTimesHistogram/Sa/13/hour,popularTimesHistogram/Sa/13/occupancyPercent,popularTimesHistogram/Sa/14/hour,popularTimesHistogram/Sa/14/occupancyPercent,popularTimesHistogram/Sa/15/hour,popularTimesHistogram/Sa/15/occupancyPercent,popularTimesHistogram/Sa/16/hour,popularTimesHistogram/Sa/16/occupancyPercent,popularTimesHistogram/Sa/17/hour,popularTimesHistogram/Sa/17/occupancyPercent,popularTimesHistogram/Sa/18/hour,popularTimesHistogram/Sa/18/occupancyPercent,popularTimesHistogram/Sa/19/hour,popularTimesHistogram/Sa/19/occupancyPercent,popularTimesHistogram/Su/0/hour,popularTimesHistogram/Su/0/occupancyPercent,popularTimesHistogram/Su/1/hour,popularTimesHistogram/Su/1/occupancyPercent,popularTimesHistogram/Su/2/hour,popularTimesHistogram/Su/2/occupancyPercent,popularTimesHistogram/Su/3/hour,popularTimesHistogram/Su/3/occupancyPercent,popularTimesHistogram/Su/4/hour,popularTimesHistogram/Su/4/occupancyPercent,popularTimesHistogram/Su/5/hour,popularTimesHistogram/Su/5/occupancyPercent,popularTimesHistogram/Su/6/hour,popularTimesHistogram/Su/6/occupancyPercent,popularTimesHistogram/Su/7/hour,popularTimesHistogram/Su/7/occupancyPercent,popularTimesHistogram/Su/8/hour,popularTimesHistogram/Su/8/occupancyPercent,popularTimesHistogram/Su/9/hour,popularTimesHistogram/Su/9/occupancyPercent,popularTimesHistogram/Su/10/hour,popularTimesHistogram/Su/10/occupancyPercent,popularTimesHistogram/Su/11/hour,popularTimesHistogram/Su/11/occupancyPercent,popularTimesHistogram/Su/12/hour,popularTimesHistogram/Su/12/occupancyPercent,popularTimesHistogram/Su/13/hour,popularTimesHistogram/Su/13/occupancyPercent,popularTimesHistogram/Su/14/hour,popularTimesHistogram/Su/14/occupancyPercent,popularTimesHistogram/Su/15/hour,popularTimesHistogram/Su/15/occupancyPercent,popularTimesHistogram/Su/16/hour,popularTimesHistogram/Su/16/occupancyPercent,popularTimesHistogram/Su/17/hour,popularTimesHistogram/Su/17/occupancyPercent,popularTimesHistogram/Th/0/hour,popularTimesHistogram/Th/0/occupancyPercent,popularTimesHistogram/Th/1/hour,popularTimesHistogram/Th/1/occupancyPercent,popularTimesHistogram/Th/2/hour,popularTimesHistogram/Th/2/occupancyPercent,popularTimesHistogram/Th/3/hour,popularTimesHistogram/Th/3/occupancyPercent,popularTimesHistogram/Th/4/hour,popularTimesHistogram/Th/4/occupancyPercent,popularTimesHistogram/Th/5/hour,popularTimesHistogram/Th/5/occupancyPercent,popularTimesHistogram/Th/6/hour,popularTimesHistogram/Th/6/occupancyPercent,popularTimesHistogram/Th/7/hour,popularTimesHistogram/Th/7/occupancyPercent,popularTimesHistogram/Th/8/hour,popularTimesHistogram/Th/8/occupancyPercent,popularTimesHistogram/Th/9/hour,popularTimesHistogram/Th/9/occupancyPercent,popularTimesHistogram/Th/10/hour,popularTimesHistogram/Th/10/occupancyPercent,popularTimesHistogram/Th/11/hour,popularTimesHistogram/Th/11/occupancyPercent,popularTimesHistogram/Th/12/hour,popularTimesHistogram/Th/12/occupancyPercent,popularTimesHistogram/Th/13/hour,popularTimesHistogram/Th/13/occupancyPercent,popularTimesHistogram/Th/14/hour,popularTimesHistogram/Th/14/occupancyPercent,popularTimesHistogram/Th/15/hour,popularTimesHistogram/Th/15/occupancyPercent,popularTimesHistogram/Th/16/hour,popularTimesHistogram/Th/16/occupancyPercent,popularTimesHistogram/Th/17/hour,popularTimesHistogram/Th/17/occupancyPercent,popularTimesHistogram/Th/18/hour,popularTimesHistogram/Th/18/occupancyPercent,popularTimesHistogram/Tu/0/hour,popularTimesHistogram/Tu/0/occupancyPercent,popularTimesHistogram/Tu/1/hour,popularTimesHistogram/Tu/1/occupancyPercent,popularTimesHistogram/Tu/2/hour,popularTimesHistogram/Tu/2/occupancyPercent,popularTimesHistogram/Tu/3/hour,popularTimesHistogram/Tu/3/occupancyPercent,popularTimesHistogram/Tu/4/hour,popularTimesHistogram/Tu/4/occupancyPercent,popularTimesHistogram/Tu/5/hour,popularTimesHistogram/Tu/5/occupancyPercent,popularTimesHistogram/Tu/6/hour,popularTimesHistogram/Tu/6/occupancyPercent,popularTimesHistogram/Tu/7/hour,popularTimesHistogram/Tu/7/occupancyPercent,popularTimesHistogram/Tu/8/hour,popularTimesHistogram/Tu/8/occupancyPercent,popularTimesHistogram/Tu/9/hour,popularTimesHistogram/Tu/9/occupancyPercent,popularTimesHistogram/Tu/10/hour,popularTimesHistogram/Tu/10/occupancyPercent,popularTimesHistogram/Tu/11/hour,popularTimesHistogram/Tu/11/occupancyPercent,popularTimesHistogram/Tu/12/hour,popularTimesHistogram/Tu/12/occupancyPercent,popularTimesHistogram/Tu/13/hour,popularTimesHistogram/Tu/13/occupancyPercent,popularTimesHistogram/Tu/14/hour,popularTimesHistogram/Tu/14/occupancyPercent,popularTimesHistogram/Tu/15/hour,popularTimesHistogram/Tu/15/occupancyPercent,popularTimesHistogram/Tu/16/hour,popularTimesHistogram/Tu/16/occupancyPercent,popularTimesHistogram/Tu/17/hour,popularTimesHistogram/Tu/17/occupancyPercent,popularTimesHistogram/Tu/18/hour,popularTimesHistogram/Tu/18/occupancyPercent,popularTimesHistogram/We/0/hour,popularTimesHistogram/We/0/occupancyPercent,popularTimesHistogram/We/1/hour,popularTimesHistogram/We/1/occupancyPercent,popularTimesHistogram/We/2/hour,popularTimesHistogram/We/2/occupancyPercent,popularTimesHistogram/We/3/hour,popularTimesHistogram/We/3/occupancyPercent,popularTimesHistogram/We/4/hour,popularTimesHistogram/We/4/occupancyPercent,popularTimesHistogram/We/5/hour,popularTimesHistogram/We/5/occupancyPercent,popularTimesHistogram/We/6/hour,popularTimesHistogram/We/6/occupancyPercent,popularTimesHistogram/We/7/hour,popularTimesHistogram/We/7/occupancyPercent,popularTimesHistogram/We/8/hour,popularTimesHistogram/We/8/occupancyPercent,popularTimesHistogram/We/9/hour,popularTimesHistogram/We/9/occupancyPercent,popularTimesHistogram/We/10/hour,popularTimesHistogram/We/10/occupancyPercent,popularTimesHistogram/We/11/hour,popularTimesHistogram/We/11/occupancyPercent,popularTimesHistogram/We/12/hour,popularTimesHistogram/We/12/occupancyPercent,popularTimesHistogram/We/13/hour,popularTimesHistogram/We/13/occupancyPercent,popularTimesHistogram/We/14/hour,popularTimesHistogram/We/14/occupancyPercent,popularTimesHistogram/We/15/hour,popularTimesHistogram/We/15/occupancyPercent,popularTimesHistogram/We/16/hour,popularTimesHistogram/We/16/occupancyPercent,popularTimesHistogram/We/17/hour,popularTimesHistogram/We/17/occupancyPercent,popularTimesHistogram/We/18/hour,popularTimesHistogram/We/18/occupancyPercent,popularTimesLivePercent,popularTimesLiveText,postalCode,price,rank,reserveTableUrl,reviewsCount,reviewsDistribution/fiveStar,reviewsDistribution/fourStar,reviewsDistribution/oneStar,reviewsDistribution/threeStar,reviewsDistribution/twoStar,reviewsTags/0/count,reviewsTags/0/title,reviewsTags/1/count,reviewsTags/1/title,reviewsTags/2/count,reviewsTags/2/title,reviewsTags/3/count,reviewsTags/3/title,reviewsTags/4/count,reviewsTags/4/title,reviewsTags/5/count,reviewsTags/5/title,reviewsTags/6/count,reviewsTags/6/title,reviewsTags/7/count,reviewsTags/7/title,reviewsTags/8/count,reviewsTags/8/title,reviewsTags/9/count,reviewsTags/9/title,state,street,subTitle,temporarilyClosed,titleFormatted,title,totalScore,url,website
,,,,,,,,,,,,,,,,,,,,,,,,,,,,,,,,,,,,,,,,,,,,,,,,,,,,,,,,,,,,,,,,,,,,,,,,,,,,,,,,,,,,,,,,,,,,,,,,,,,,,,,,,,,,,,,,,,,,,,,,,,,,,,,,,,,,,,,,,,,,,,,,,,,,,,,,,,,,,,,,,,,,,,,,,,,,,,,,,,,,,,,,,,,,,,,,,,,"Av. José Bonifácio, 2889 - Guamá, Belém - PA, 66065-362, Brazil",,,Love hotel,,,,,,,,,,Love hotel,16389888211500652700,Belém,BR,,0x92a48dc33248cab9:0xe374947db2dbd89c,,,/g/1vc6fgn9,,-1.4723805,-48.4682792,,Guamá,,,,,,,,,,,,,,,,People also search for,2,Pousada Aquários,5,People also search for,1,Motel oron,5,People also search for,42,Oasis Motel,4.2,People also search for,0,Hotel Gold,0,People also search for,0,Motel,0,FALSE,,,ChIJucpIMsONpJIRnNjbsn2UdOM,,,,,,,,,,,"GGHJ+2M Guamá, Belém - State of Pará, Brazil",,,,,,,,,,,,,,,,,,,,,,,,,,,,,,,,,,,,,,,,,,,,,,,,,,,,,,,,,,,,,,,,,,,,,,,,,,,,,,,,,,,,,,,,,,,,,,,,,,,,,,,,,,,,,,,,,,,,,,,,,,,,,,,,,,,,,,,,,,,,,,,,,,,,,,,,,,,,,,,,,,,,,,,,,,,,,,,,,,,,,,,,,,,,,,,,,,,,,,,,,,,,,,,,,,,,,,,,,,,,,,,,,,,,,,,,,,,,,,,,,,,,,,,,,,,,,,,,,,,,,,,,,,,,,66065-362,,22,,4,3,0,0,1,0,,,,,,,,,,,,,,,,,,,,,PA,"Av. José Bonifácio, 2889",,FALSE,Aquarios Motel,Aquarios Motel,4.5,https://www.google.com/maps/search/?api=1&query=Aquarios%20Motel&query_place_id=ChIJucpIMsONpJIRnNjbsn2UdOM,
,,,,,,,,,TRUE,,,,TRUE,,,,,,,,,TRUE,,,,,,TRUE,,,,,,,,,,,,,,,,,FALSE,,TRUE,,,,,,,,,,,,,,TRUE,,,,,,,,,,,TRUE,,,,,,,,,,,,,,,,,,,,,,,,,,,,,,,,,,,,,,,,,,,,,,,,,,,,,,,,,,,,,,,,,,,,,,,,,,,,,,,,,,,,,,,,,,,,,,,,,,,,,,,,,,,,,,,,,,,,,,,,,,,"Tv. Dom Pedro I, 1104 - Umarizal, Belém - PA, 66050-100, Brazil",,,Hotel,,,,,,,,,,Love hotel,14734251171921066651,Belém,BR,"Straightforward rooms in a relaxed hotel offering a restaurant/bar, a fitness room & free Wi-Fi.",0x92a48ea432abc807:0xcc7a93601dbcfa9b,,"In a building with a glass facade, this casual hotel is 2 km from the Guajará Bay coast, 3 km from the Ver-o-peso market and 7 km from the Belém–Val-de-Cans–Júlio Cezar Ribeiro International Airport.
 Straightforward rooms provide complimentary Wi-Fi, flat-screen TVs, minifridges and in-room safes.
 Breakfast is included. Other amenities consist of a down-to-earth restaurant/bar and a fitness room. Parking is available for a surcharge.",/g/11g690lrhk,,-1.4396709,-48.4841677,,Umarizal,,,,,,,,,,,,,,,,,,,,,,,,,,,,,,,,,,,,FALSE,+55 91 3349-6326,5.59133E+11,ChIJB8irMqSOpJIRm_q8HWCTesw,1,Shopping,,,,,,,,,"HG68+48 Umarizal, Belém - State of Pará, Brazil",,,,,,,,,,,,,,,,,,,,,,,,,,,,,,,,,,,,,,,,,,,,,,,,,,,,,,,,,,,,,,,,,,,,,,,,,,,,,,,,,,,,,,,,,,,,,,,,,,,,,,,,,,,,,,,,,,,,,,,,,,,,,,,,,,,,,,,,,,,,,,,,,,,,,,,,,,,,,,,,,,,,,,,,,,,,,,,,,,,,,,,,,,,,,,,,,,,,,,,,,,,,,,,,,,,,,,,,,,,,,,,,,,,,,,,,,,,,,,,,,,,,,,,,,,,,,,,,,,,,,,,,,,,,,66050-100,$50 ,20,,1462,773,433,31,186,39,24,supermarkets,20,noise,14,wall,14,hallway,14,structure,11,tvs,6,acoustics,6,pharmacy,5,median,5,shopping center,PA,"Tv. Dom Pedro I, 1104",,FALSE,Bristol Umarizal Hotel,Bristol Umarizal Hotel,4.3,https://www.google.com/maps/search/?api=1&query=Bristol%20Umarizal%20Hotel&query_place_id=ChIJB8irMqSOpJIRm_q8HWCTesw,https://www.bristolhoteis.com.br/hotel-umarizal-belem/
,,,,,,,,,TRUE,,,,TRUE,,,,,,,,,,,TRUE,,,,,,,,,TRUE,,,,TRUE,,,,,,,,,,,,,,,,TRUE,,,,,,,,,FALSE,,,,,,,,,,TRUE,,,FALSE,,,,,,,,,,,,FALSE,,,,,,,TRUE,,,,,,,,,,,,,,,,,,,,,,,,,,,,,,,,,,,,,,,,,,,,,,,,,,,,,,,,,,,,,,,,,,,,,,,,,,,,,,,,,,,,,,,,,,,,,,,,,,,,,"R. Gen. Henrique Gurjão, 236 - Reduto, Belém - PA, 66053-360, Brazil",,,Hotel,Guest house,Inn,Resort hotel,,,,,,,Love hotel,7651470655948522609,Belém,BR,"Unpretentious lodging & a French restaurant/bar, plus free breakfast, a garden & an outdoor pool.",0x92a48e9108d202b1:0x6a2f7c05b9230471,,"A 13-minute walk from the concerts and shows at the 19th-century Theatro da Paz, this unpretentious, rustic hotel with a brightly colored facade is 2 km from the Museu Paraense Emílio Goeldi.
 Accessed via exterior corridors, the warmly decorated rooms feature wood accents, free Wi-Fi and minifridges, as well as cable TV and safes. Some have exposed-brick walls. Upgraded rooms add whirlpool tubs and/or loft bedrooms. Room service is available.
 A complimentary breakfast buffet is served in a cozy, old-world-style restaurant/bar that also offers French cuisine and open-air dining. A garden courtyard with sunloungers surrounds an outdoor pool.",/g/1tfdzy4n,,-1.4503837,-48.4918804,,Reduto,,,,,,,,,,,,,,,,,,,,,,,,,,,,,,,,,,,,FALSE,+55 91 3224-7147,5.59132E+11,ChIJsQLSCJGOpJIRcQQjuQV8L2o,1,Food & Drink,,,,,,,,,"GGX5+R6 Reduto, Belém - State of Pará, Brazil",,,,,,,,,,,,,,,,,,,,,,,,,,,,,,,,,,,,,,,,,,,,,,,,,,,,,,,,,,,,,,,,,,,,,,,,,,,,,,,,,,,,,,,,,,,,,,,,,,,,,,,,,,,,,,,,,,,,,,,,,,,,,,,,,,,,,,,,,,,,,,,,,,,,,,,,,,,,,,,,,,,,,,,,,,,,,,,,,,,,,,,,,,,,,,,,,,,,,,,,,,,,,,,,,,,,,,,,,,,,,,,,,,,,,,,,,,,,,,,,,,,,,,,,,,,,,,,,,,,,,,,,,,,,,66053-360,$39 ,19,,454,306,81,18,36,13,32,pool,13,french,12,AC,10,receptionist,9,garden,8,inn,7,belém,7,area,5,tourist,5,note,PA,"R. Gen. Henrique Gurjão, 236",,FALSE,Hotel Le Massilia,Hotel Le Massilia,4.4,https://www.google.com/maps/search/?api=1&query=Hotel%20Le%20Massilia&query_place_id=ChIJsQLSCJGOpJIRcQQjuQV8L2o,
,,,,,,,,,TRUE,,,,,,,,FALSE,,,TRUE,,,,,,,,,,,,,,FALSE,,,,,,,,,,,,FALSE,,,,,,TRUE,,,,,,FALSE,,,,,,,,,,,,,,,,,,,,,,,,,,,,,,,,,,,,,,,,,,,,,,,,,,,,,,,,,,,,,,,,,,,,,,,,,,,,,,,,,,,,,,,,,,,,,,,,,,,,,,,,,,,,,,,,,,,,,,,,,,,,,,,,,,,,,,,,,"Tv. 1º de Março - Campina, Belém - PA, 66017-100, Brazil",,,Hotel,,,,,,,,,,Love hotel,12096151787274522702,Belém,BR,,0x92a48f1f37c7fa79:0xa7de29f65db4504e,,,/g/11y3jjtzsp,,-1.4523763,-48.496643,,Campina,,,,,,,,,,,,,,,,,,,,,,,,,,,,,,,,,,,,FALSE,+55 91 99203-6644,5.59199E+12,ChIJefrHNx-PpJIRTlC0XfYp3qc,,,,,,,,,,,"GGX3+28 Campina, Belém - State of Pará, Brazil",,,,,,,,,,,,,,,,,,,,,,,,,,,,,,,,,,,,,,,,,,,,,,,,,,,,,,,,,,,,,,,,,,,,,,,,,,,,,,,,,,,,,,,,,,,,,,,,,,,,,,,,,,,,,,,,,,,,,,,,,,,,,,,,,,,,,,,,,,,,,,,,,,,,,,,,,,,,,,,,,,,,,,,,,,,,,,,,,,,,,,,,,,,,,,,,,,,,,,,,,,,,,,,,,,,,,,,,,,,,,,,,,,,,,,,,,,,,,,,,,,,,,,,,,,,,,,,,,,,,,,,,,,,,,66017-100,$13 ,20,,2,1,0,0,1,0,,,,,,,,,,,,,,,,,,,,,PA,Tv. 1º de Março,,FALSE,Carpe Dien Suítes,CARPE DIEN SUÍTES,4,https://www.google.com/maps/search/?api=1&query=CARPE%20DIEN%20SU%C3%8DTES&query_place_id=ChIJefrHNx-PpJIRTlC0XfYp3qc,
,,,,,,,,,,,,,,,,,,,,,,,,,,,,,,,,,,,,,,,,,,,,,,,,,,,,,,,,,,,,,,,,,,,,,,,,,,,,,,,,,,,,,,,,,,,,,,,,,,,,,,,,,,,,,,,,,,,,,,,,,,,,,,,,,,,,,,,,,,,,,,,,,,,,,,,,,,,,,,,,,,,,,,,,,,,,,,,,,,,,,,,,,,,,,,,,,,,"Tv. Nina Ribeiro, 433 - Canudos, Belém - PA, 66070-350, Brazil",,,Inn,,,,,,,,,,Love hotel,6028559060654083684,Belém,BR,,0x92a48d0ee488d703:0x53a9be8665bfce64,,,/g/11vb1h3jzz,,-1.4519644,-48.4640951,,Canudos,,,,,,,,,,,,,,,,,,,,,,,,,,,,,,,,,,,,FALSE,+55 91 98804-5183,5.59199E+12,ChIJA9eI5A6NpJIRZM6_ZYa-qVM,,,,,,,,,,,"GGXP+69 Canudos, Belém - State of Pará, Brazil",,,,,,,,,,,,,,,,,,,,,,,,,,,,,,,,,,,,,,,,,,,,,,,,,,,,,,,,,,,,,,,,,,,,,,,,,,,,,,,,,,,,,,,,,,,,,,,,,,,,,,,,,,,,,,,,,,,,,,,,,,,,,,,,,,,,,,,,,,,,,,,,,,,,,,,,,,,,,,,,,,,,,,,,,,,,,,,,,,,,,,,,,,,,,,,,,,,,,,,,,,,,,,,,,,,,,,,,,,,,,,,,,,,,,,,,,,,,,,,,,,,,,,,,,,,,,,,,,,,,,,,,,,,,,66070-350,,18,,34,27,5,0,1,1,3,mini fridge,3,receptionist,2,customer,2,price,,,,,,,,,,,,,PA,"Tv. Nina Ribeiro, 433",,FALSE,Pousada La Niña,Pousada La Niña,4.7,https://www.google.com/maps/search/?api=1&query=Pousada%20La%20Ni%C3%B1a&query_place_id=ChIJA9eI5A6NpJIRZM6_ZYa-qVM,
,,,,,,,,,TRUE,,,,,TRUE,,,,,TRUE,,,,,,,,,,,,,,,,FALSE,,TRUE,,,,,,,,,,,,,,,,,FALSE,,,,,,,,,FALSE,,,FALSE,,,,,,,,,,,FALSE,,,,,,,,,,,,,,,TRUE,,,,,,,,,,,,,,,,,,,,,,,,,,,,,,,,,,,,,,,,,,,,,,,,,,,,,,,,,,,,,,,,,,,,,,,,,,,,,,,,,,,,,,,,,,,,,,,,,,,,,,,"Tv. Jutaí, 147 - São Brás, Belém - PA, 66093-650, Brazil",,,Hotel,Contractor,Guest house,Inn,,,,,,,Love hotel,6372723703565318250,Belém,BR,,0x92a48d9725485d2f:0x58707671bab8f86a,,,/g/11fpnnxc_f,,-1.4469696,-48.4675929,,São Brás,,,,,,,,,,,,,,,,,,,,,,,,,,,,,,,,,,,,FALSE,+55 91 3351-9375,5.59134E+11,ChIJL11IJZeNpJIRavi4unF2cFg,1,Shopping,,,,,,,,,"HG3J+6X São Brás, Belém - State of Pará, Brazil",,,,,,,,,,,,,,,,,,,,,,,,,,,,,,,,,,,,,,,,,,,,,,,,,,,,,,,,,,,,,,,,,,,,,,,,,,,,,,,,,,,,,,,,,,,,,,,,,,,,,,,,,,,,,,,,,,,,,,,,,,,,,,,,,,,,,,,,,,,,,,,,,,,,,,,,,,,,,,,,,,,,,,,,,,,,,,,,,,,,,,,,,,,,,,,,,,,,,,,,,,,,,,,,,,,,,,,,,,,,,,,,,,,,,,,,,,,,,,,,,,,,,,,,,,,,,,,,,,,,,,,,,,,,,66093-650,,14,,181,124,29,6,18,4,9,price,8,receptionist,5,wifi,5,environment,4,tvs,4,organized,3,hosting,3,mini fridge,2,benefit–cost ratio,2,education,PA,"Tv. Jutaí, 147",,FALSE,Hotel Dos Reis,Hotel dos Reis,4.4,https://www.google.com/maps/search/?api=1&query=Hotel%20dos%20Reis&query_place_id=ChIJL11IJZeNpJIRavi4unF2cFg,https://www.facebook.com/profile.php?id=100080252025590
,,,,,,,,,TRUE,,,,,,,,FALSE,,,TRUE,,,,,,,,,,,,,,TRUE,,,,,,,,,,,,TRUE,,,,FALSE,,,,,,,,,,,,,,,,,,,,,,,,,,,,,,,,,,,,,,,,,,,,,,,,,,,,,,,,,,,,,,,,,,,,,,,,,,,,,,,,,,,,,,,,,,,,,,,,,,,,,,,,,,,,,,,,,,,,,,,,,,,,,,,,,,,,,,,,,,,,,,,,,"Ilha do combu - Outeiro, Belém - PA, 66620-600, Brazil",,,Hotel,,,,,,,,,,Love hotel,12561543821150030507,Belém,BR,,0x92a4937f2f48c639:0xae53918d2a268aab,,,/g/11h5rg3zk5,,-1.4897744,-48.4645681,,Outeiro,,,,,,,,,,,,,,,,,,,,,,,,,,,,,,,,,,,,FALSE,+55 91 98433-6086,5.59198E+12,ChIJOcZIL3-TpJIRq4omKo2RU64,,,,,,,,,,,"GG6P+35 Belém, State of Pará, Brazil",,,,,,,,,,,,,,,,,,,,,,,,,,,,,,,,,,,,,,,,,,,,,,,,,,,,,,,,,,,,,,,,,,,,,,,,,,,,,,,,,,,,,,,,,,,,,,,,,,,,,,,,,,,,,,,,,,,,,,,,,,,,,,,,,,,,,,,,,,,,,,,,,,,,,,,,,,,,,,,,,,,,,,,,,,,,,,,,,,,,,,,,,,,,,,,,,,,,,,,,,,,,,,,,,,,,,,,,,,,,,,,,,,,,,,,,,,,,,,,,,,,,,,,,,,,,,,,,,,,,,,,,,,,,,66620-600,,19,,71,54,7,5,3,2,5,island,5,music,4,education,3,sympathy,3,host,3,cocktails,2,suite,2,furo,2,acoustics,2,wall,PA,Ilha do combu,,FALSE,Olaria River Hostel,Olaria River Hostel,4.5,https://www.google.com/maps/search/?api=1&query=Olaria%20River%20Hostel&query_place_id=ChIJOcZIL3-TpJIRq4omKo2RU64,
,,,,,,,,,TRUE,,,,TRUE,,,,,,,,,,,,FALSE,,,,TRUE,,,,,,,,,,,,,,,TRUE,,,,,,,,,,,FALSE,,,FALSE,,,,,,,,,,,,,,,,,,,,,,,,,,,,,,,,,,,,,,,,,,,,,,,,,,,,,,,,,,,,,,,,,,,,,,,,,,,,,,,,,,,,,,,,,,,,,,,,,,,,,,,,,,,,,,,,,,,,,,,,,,,,,,,,,,,,,,,,,"Tv. Curuzú, 1919 - Marco, Belém - PA, 66087-346, Brazil",,,Hotel,Contractor,Guest house,Inn,,,,,,,Love hotel,3832186303765436430,Belém,BR,,0x92a48c165abf2025:0x352ea923b50e580e,,,/g/1tjt3005,,-1.4434857,-48.4646224,,Marco,,,,,,,,,,,,,,,,,,,,,,,,,,,,,,,,,,,,FALSE,+55 91 99635-8318,5.592E+12,ChIJJSC_WhaMpJIRDlgOtSOpLjU,,,,,,,,,,,"HG4P+J5 Marco, Belém - State of Pará, Brazil",,,,,,,,,,,,,,,,,,,,,,,,,,,,,,,,,,,,,,,,,,,,,,,,,,,,,,,,,,,,,,,,,,,,,,,,,,,,,,,,,,,,,,,,,,,,,,,,,,,,,,,,,,,,,,,,,,,,,,,,,,,,,,,,,,,,,,,,,,,,,,,,,,,,,,,,,,,,,,,,,,,,,,,,,,,,,,,,,,,,,,,,,,,,,,,,,,,,,,,,,,,,,,,,,,,,,,,,,,,,,,,,,,,,,,,,,,,,,,,,,,,,,,,,,,,,,,,,,,,,,,,,,,,,,66087-346,$30 ,13,,40,21,11,5,1,2,2,fruit,,,,,,,,,,,,,,,,,,,PA,"Tv. Curuzú, 1919",,FALSE,Hotel Porto Da Lua,Hotel Porto da Lua,4,https://www.google.com/maps/search/?api=1&query=Hotel%20Porto%20da%20Lua&query_place_id=ChIJJSC_WhaMpJIRDlgOtSOpLjU,
,,,,,,,,,TRUE,,,,,TRUE,,,,,,,,,,,FALSE,,,,,FALSE,,,,,,,,,,,,,,,,,,,,,,,,,,,,,,,,,,,,,,,,,,,,,,,,,,,,,,,,,,,,,,,,,,,,,,,,,,,,,,,,,,,,,,,,,,,,,,,,,,,,,,,,,,,,,,,,,,,,,,,,,,,,,,,,,,,,,,,,,,,,,,,,,,,,,,,,,,,,,,,,,,,,,"Tv. Francisco Caldeira Castelo Branco, 2339 - Fátima, Belém - PA, 66063-000, Brazil",,,Inn,,,,,,,,,,Love hotel,13927128929596878728,Belém,BR,,0x92a48dd1bc4caf03:0xc14719f8edb02f88,,,/g/1tf2ywd2,,-1.4640473,-48.4704156,,Fátima,,,,,,,,,,,,,,,,,,,,,,,,,,,,,,,,,,,,FALSE,+55 91 98129-7043,5.59198E+12,ChIJA69MvNGNpJIRiC-w7fgZR8E,1,Services,,,,,,,,,"GGPH+9R Fátima, Belém - State of Pará, Brazil",,,,,,,,,,,,,,,,,,,,,,,,,,,,,,,,,,,,,,,,,,,,,,,,,,,,,,,,,,,,,,,,,,,,,,,,,,,,,,,,,,,,,,,,,,,,,,,,,,,,,,,,,,,,,,,,,,,,,,,,,,,,,,,,,,,,,,,,,,,,,,,,,,,,,,,,,,,,,,,,,,,,,,,,,,,,,,,,,,,,,,,,,,,,,,,,,,,,,,,,,,,,,,,,,,,,,,,,,,,,,,,,,,,,,,,,,,,,,,,,,,,,,,,,,,,,,,,,,,,,,,,,,,,,,66063-000,,9,,805,606,127,9,50,13,20,price,5,hygiene,5,benefit–cost ratio,4,environment,3,comfortable,3,towels,2,motel,2,HVAC,2,television channel,2,suite,PA,"Tv. Francisco Caldeira Castelo Branco, 2339",,FALSE,Pousada Castelo,Pousada Castelo,4.6,https://www.google.com/maps/search/?api=1&query=Pousada%20Castelo&query_place_id=ChIJA69MvNGNpJIRiC-w7fgZR8E,http://www.pousadacentauros.com.br/castelo/index.htm
,,,,,,,,,TRUE,,,,TRUE,,,,,,,,,,,TRUE,,,,,,,,,,,FALSE,,TRUE,,,,,,,,,,,,,,TRUE,,,,,,,,,,,,FALSE,,,,,FALSE,,,,,,,,,,,,,,,,,,,,,,,,,,,,,,,,,,,,,,,,,,,,,,,,,,,,,,,,,,,,,,,,,,,,,,,,,,,,,,,,,,,,,,,,,,,,,,,,,,,,,,,,,,,,,,,,,,,,,,,,,,,,,,,"Tv. Rui Barbosa, 942 - Nazaré, Belém - PA, 66053-260, Brazil",,,Hotel,,,,,,,,,,Love hotel,1980817889353525071,Belém,BR,,0x92a48fb7f1df3523:0x1b7d476023a7e74f,,,/g/11wbd1mmp2,,-1.4503249,-48.4894661,,Nazaré,,,,,,,,,,,,,,,,,,,,,,,,,,,,,,,,,,,,FALSE,,,ChIJIzXf8bePpJIRT-enI2BHfRs,,,,,,,,,,,"GGX6+V6 Nazaré, Belém - State of Pará, Brazil",,,,,,,,,,,,,,,,,,,,,,,,,,,,,,,,,,,,,,,,,,,,,,,,,,,,,,,,,,,,,,,,,,,,,,,,,,,,,,,,,,,,,,,,,,,,,,,,,,,,,,,,,,,,,,,,,,,,,,,,,,,,,,,,,,,,,,,,,,,,,,,,,,,,,,,,,,,,,,,,,,,,,,,,,,,,,,,,,,,,,,,,,,,,,,,,,,,,,,,,,,,,,,,,,,,,,,,,,,,,,,,,,,,,,,,,,,,,,,,,,,,,,,,,,,,,,,,,,,,,,,,,,,,,,66053-260,,12,,24,21,1,0,1,1,2,hosting,2,shopping center,2,supermarket,,,,,,,,,,,,,,,PA,"Tv. Rui Barbosa, 942",,FALSE,Aba Hotel,ABA HOTEL,4.8,https://www.google.com/maps/search/?api=1&query=ABA%20HOTEL&query_place_id=ChIJIzXf8bePpJIRT-enI2BHfRs,https://abahostel.com/
,,,,,,,,,TRUE,,,,TRUE,,,,,,,,,,,,FALSE,,,,TRUE,,,,,,,,,FALSE,,,,,,,,,,,,,,,,,,,,,,,,,,,,,,,,,,,,,,,,,,,,,,,,,,,,,,,,,,,,,,,,,,,,,,,,,,,,,,,,,,,,,,,,,,,,,,,,,,,,,,,,,,,,,,,,,,,,,,,,,,,,,,,,,,,,,,,,,,,,,,,,,,,,,,,,,,,,,"R. Pe. Prudêncio, 656 - Campina, Belém - PA, 66015-180, Brazil",,,Hotel,,,,,,,,,,Love hotel,1081959108529038558,Belém,BR,,0x92a48e8c44fba62f:0xf03e413a55f24de,,,/g/1txnqjgc,,-1.455067,-48.4953792,,Campina,,,,,,,,,,,,,,,,,,,,,,,,,,,,,,,,,,,,FALSE,+55 91 3252-2218,5.59133E+11,ChIJL6b7RIyOpJIR3iRfpRPkAw8,,,,,,,,,,,"GGV3+XR Campina, Belém - State of Pará, Brazil",,,,,,,,,,,,,,,,,,,,,,,,,,,,,,,,,,,,,,,,,,,,,,,,,,,,,,,,,,,,,,,,,,,,,,,,,,,,,,,,,,,,,,,,,,,,,,,,,,,,,,,,,,,,,,,,,,,,,,,,,,,,,,,,,,,,,,,,,,,,,,,,,,,,,,,,,,,,,,,,,,,,,,,,,,,,,,,,,,,,,,,,,,,,,,,,,,,,,,,,,,,,,,,,,,,,,,,,,,,,,,,,,,,,,,,,,,,,,,,,,,,,,,,,,,,,,,,,,,,,,,,,,,,,,66015-180,,6,,444,244,100,21,57,22,17,benefit–cost ratio,15,receptionist,14,kitchen,13,belém,10,tourist,10,environment,8,point,6,shopping center,6,education,5,proprietary,PA,"R. Pe. Prudêncio, 656",,FALSE,Ecopousada Miriti,Ecopousada Miriti,4.2,https://www.google.com/maps/search/?api=1&query=Ecopousada%20Miriti&query_place_id=ChIJL6b7RIyOpJIR3iRfpRPkAw8,
,,,,,,,,,,,,,,,,,,,,,,,,,,,,,,,,,,,,,,,,,,,,,,,,,,,,,,,,,,,,,,,,,,,,,,,,,,,,,,,,,,,,,,,,,,,,,,,,,,,,,,,,,,,,,,,,,,,,,,,,,,,,,,,,,,,,,,,,,,,,,,,,,,,,,,,,,,,,,,,,,,,,,,,,,,,,,,,,,,,,,,,,,,,,,,,,,,,"Tv. Dr. Enéas Pinheiro, 2657 - Marco, Belém - PA, 66095-015, Brazil",,,Hotel,,,,,,,,,,Love hotel,27072624636683638,Belém,BR,,0x92a48d0012676f05:0x602e689e9b6576,,,/g/11lchzj6q2,,-1.4341582,-48.4520387,,Marco,,,,,,,,,,,,,,,,,,,,,,,,,,,,,,,,,,,,FALSE,+55 91 99291-8334,5.59199E+12,ChIJBW9nEgCNpJIRdmWbnmguYAA,,,,,,,,,,,"HG8X+85 Marco, Belém - State of Pará, Brazil",,,,,,,,,,,,,,,,,,,,,,,,,,,,,,,,,,,,,,,,,,,,,,,,,,,,,,,,,,,,,,,,,,,,,,,,,,,,,,,,,,,,,,,,,,,,,,,,,,,,,,,,,,,,,,,,,,,,,,,,,,,,,,,,,,,,,,,,,,,,,,,,,,,,,,,,,,,,,,,,,,,,,,,,,,,,,,,,,,,,,,,,,,,,,,,,,,,,,,,,,,,,,,,,,,,,,,,,,,,,,,,,,,,,,,,,,,,,,,,,,,,,,,,,,,,,,,,,,,,,,,,,,,,,,66095-015,,7,,16,14,1,0,1,0,3,hosting,2,insurance,2,environment,2,certainty,,,,,,,,,,,,,PA,"Tv. Dr. Enéas Pinheiro, 2657",,FALSE,Pousada Elizondo,Pousada Elizondo,4.8,https://www.google.com/maps/search/?api=1&query=Pousada%20Elizondo&query_place_id=ChIJBW9nEgCNpJIRdmWbnmguYAA,
,,,,,,,,,TRUE,,,,,,TRUE,,,,,,,TRUE,,,,,,TRUE,,,,,,,,,,,,,,,,,FALSE,,TRUE,,,,,,,,,,TRUE,,,,,,,,,,,,,,TRUE,,,,,,,TRUE,,,,,,,,,,,,TRUE,,,FALSE,,,,,,,,,FALSE,,,TRUE,,,,,,,TRUE,,,,,,,,,,,,,,,,,,,,,,,,,,,,,,,,,,,,,,,,,,,,,,,,,,,,,,,,,,,,,,,,,,,,,,,,,,,,,,,,,,,"Av. José Bonifácio, 244 - São Brás, Belém - PA, 66090-363, Brazil",,,Hotel,,,,,,,,,,Love hotel,13474042177907329947,Belém,BR,Functional rooms with flat-screens in a basic budget hotel offering free parking & Wi-Fi.,0x92a48c234eb8a5eb:0xbafd69f8e6cc0b9b,,"This basic budget hotel in a modern building is a 5-minute walk from Belém Bus Terminal, a 13-minute walk from natural history exhibits at the Emílio Goeldi Museum and 9 km from Val de Cans Airport.
 Bright, utilitarian rooms come with free Wi-Fi and flat-screen TVs; some have bunk beds.
 Parking is complimentary. A breakfast buffet is available, and dogs are welcome, both for a fee.",/g/11bbrfzwgz,,-1.4488831,-48.4695846,,São Brás,,,,,,,,,,,,,,,,,,,,,,,,,,,,,,,,,,,,FALSE,+55 91 3202-7600,5.59132E+11,ChIJ66W4TiOMpJIRmwvM5vhp_bo,,,,,,,,,,,"HG2J+C5 Belém, State of Pará, Brazil",,,,,,,,,,,,,,,,,,,,,,,,,,,,,,,,,,,,,,,,,,,,,,,,,,,,,,,,,,,,,,,,,,,,,,,,,,,,,,,,,,,,,,,,,,,,,,,,,,,,,,,,,,,,,,,,,,,,,,,,,,,,,,,,,,,,,,,,,,,,,,,,,,,,,,,,,,,,,,,,,,,,,,,,,,,,,,,,,,,,,,,,,,,,,,,,,,,,,,,,,,,,,,,,,,,,,,,,,,,,,,,,,,,,,,,,,,,,,,,,,,,,,,,,,,,,,,,,,,,,,,,,,,,,,66090-363,$33 ,18,,3872,1482,1030,335,722,303,170,mini fridge,78,benefit–cost ratio,39,hosting,38,economic,31,pattern,22,door phone,15,shower,13,vase,11,bunk,10,shower cabin,PA,"Av. José Bonifácio, 244",Ibis Budget Belém São Brás,FALSE,Ibis Budget Belém,ibis budget Belém,3.8,https://www.google.com/maps/search/?api=1&query=ibis%20budget%20Bel%C3%A9m&query_place_id=ChIJ66W4TiOMpJIRmwvM5vhp_bo,https://all.accor.com/lien_externe.svlt?goto=fiche_hotel&code_hotel=5624&merchantid=seo-maps-BR-5624&sourceid=aw-cen&utm_medium=seo%20maps&utm_source=google%20Maps&utm_campaign=seo%20maps
,,,,,,,,,,,,,,,,,,,,,,,,,,,,,,,,,,,,,,,,,,,,,,,,,,,,,,,,,,,,,,,,,,,,,,,,,,,,,,,,,,,,,,,,,,,,,,,,,,,,,,,,,,,,,,,,,,,,,,,,,,,,,,,,,,,,,,,,,,,,,,,,,,,,,,,,,,,,,,,,,,,,,,,,,,,,,,,,,,,,,,,,,,,,,,,,,,,"Tv. Francisco Caldeira Castelo Branco, 2116 - Guamá, Belém - PA, 66065-310, Brazil",,,Inn,Lodging,,,,,,,,,Love hotel,6129934231936311994,Belém,BR,,0x92a48d54b542b351:0x5511e6b4c71222ba,,,/g/11gy2z0r32,,-1.4617301,-48.4706789,,Guamá,,,,,,,,,,,,,,,,,,,,,,,,,,,,,,,,,,,,FALSE,+55 91 3349-2567,5.59133E+11,ChIJUbNCtVSNpJIRuiISx7TmEVU,,,,,,,,,,,"GGQH+8P Guamá, Belém - State of Pará, Brazil",,,,,,,,,,,,,,,,,,,,,,,,,,,,,,,,,,,,,,,,,,,,,,,,,,,,,,,,,,,,,,,,,,,,,,,,,,,,,,,,,,,,,,,,,,,,,,,,,,,,,,,,,,,,,,,,,,,,,,,,,,,,,,,,,,,,,,,,,,,,,,,,,,,,,,,,,,,,,,,,,,,,,,,,,,,,,,,,,,,,,,,,,,,,,,,,,,,,,,,,,,,,,,,,,,,,,,,,,,,,,,,,,,,,,,,,,,,,,,,,,,,,,,,,,,,,,,,,,,,,,,,,,,,,,66065-310,,5,,225,156,33,8,24,4,9,price,2,privacy,,,,,,,,,,,,,,,,,PA,"Tv. Francisco Caldeira Castelo Branco, 2116",,FALSE,Pousada Tropical,Pousada Tropical,4.4,https://www.google.com/maps/search/?api=1&query=Pousada%20Tropical&query_place_id=ChIJUbNCtVSNpJIRuiISx7TmEVU,
,,,,,,,,,TRUE,,,,TRUE,,,,,,,,,,,TRUE,,,,,,,,,,,FALSE,,TRUE,,,,,,,,,,,,,,,,,FALSE,,,,,,,,,FALSE,,,,,FALSE,,,,,,,,,,,,,,,,,,,,,,,,,,,,,,,,,,,,,,,,,,,,,,,,,,,,,,,,,,,,,,,,,,,,,,,,,,,,,,,,,,,,,,,,,,,,,,,,,,,,,,,,,,,,,,,,,,,,,,,,,,,,,,,"Av. Cipriano Santos, 243 - São Brás, Belém - PA, 66090-340, Brazil",,,Hotel,,,,,,,,,,Love hotel,8931968182243979639,Belém,BR,"Simple rooms with flat-screens in a relaxed property featuring free Wi-Fi, breakfast & parking.",0x92a48c3bd980985b:0x7bf4b9bcf7be7177,,"This straightforward hotel is 3 km from the Basilica Sanctuary of Nazareth, 2 km from the Museu Paraense Emílio Goeldi and 7 km from the Aeroporto de Belém–Brigadeiro Protásio de Oliveira
 Featuring traditional decor, the basic rooms provide free Wi-Fi, flat-screen TVs and minifridges. Room service is available.
 Parking and breakfast are complimentary.",/g/1ptyr80gv,,-1.4493846,-48.4639695,,São Brás,,,,,,,,,,,,,,,,,,,,,,,,,,,,,,,,,,,,FALSE,+55 91 3228-2500,5.59132E+11,ChIJW5iA2TuMpJIRd3G-97y59Hs,,,,,,,,,,,"HG2P+6C São Brás, Belém - State of Pará, Brazil",,,,,,,,,,,,,,,,,,,,,,,,,,,,,,,,,,,,,,,,,,,,,,,,,,,,,,,,,,,,,,,,,,,,,,,,,,,,,,,,,,,,,,,,,,,,,,,,,,,,,,,,,,,,,,,,,,,,,,,,,,,,,,,,,,,,,,,,,,,,,,,,,,,,,,,,,,,,,,,,,,,,,,,,,,,,,,,,,,,,,,,,,,,,,,,,,,,,,,,,,,,,,,,,,,,,,,,,,,,,,,,,,,,,,,,,,,,,,,,,,,,,,,,,,,,,,,,,,,,,,,,,,,,,,66090-340,$32 ,17,,856,392,203,45,173,43,23,receptionist,16,bus station,14,cost,14,AC,14,parking,10,elevator,10,shower,8,organized,7,tvs,6,education,PA,"Av. Cipriano Santos, 243",,FALSE,Hotel Trans Brasil,Hotel Trans Brasil,4,https://www.google.com/maps/search/?api=1&query=Hotel%20Trans%20Brasil&query_place_id=ChIJW5iA2TuMpJIRd3G-97y59Hs,
,,,,,,,,,TRUE,,,,TRUE,,,,,,,,,,,FALSE,,,,TRUE,,,,,,,,,,,,,,,,,TRUE,,TRUE,,,,,,,,,,,,,,,FALSE,,,,FALSE,,,,,,,,,,,,,,,,,,TRUE,,,FALSE,,,,,,,,,,,,,,,,,,,,,,,,,,,,,,,,,,,,,,,,,,TRUE,,,,,,,,,,,,,,,,,,,,,,,,,,,,,,,,,,,,,,,,,,,,,,,,,,,,,,,,,,,,,,,,,,"Tv. Benjamin Constant - Nazaré, Belém - PA, 66035-060, Brazil",,,Hotel,Cocktail bar,Extended stay hotel,Gastropub,Guest house,Hostel,Resort hotel,,,,Love hotel,5131691739456024996,Belém,BR,,0x92a48f13375ae4bf:0x47376e72bb1531a4,,,/g/11y421wn7g,,-1.4565161,-48.4879717,,Nazaré,,,,,,,,,,,,,,,,,,,,,,,,,,,,,,,,,,,,FALSE,,,ChIJv-RaNxOPpJIRpDEVu3JuN0c,,,,,,,,,,,"GGV6+9R Nazaré, Belém - State of Pará, Brazil",,,,,,,,,,,,,,,,,,,,,,,,,,,,,,,,,,,,,,,,,,,,,,,,,,,,,,,,,,,,,,,,,,,,,,,,,,,,,,,,,,,,,,,,,,,,,,,,,,,,,,,,,,,,,,,,,,,,,,,,,,,,,,,,,,,,,,,,,,,,,,,,,,,,,,,,,,,,,,,,,,,,,,,,,,,,,,,,,,,,,,,,,,,,,,,,,,,,,,,,,,,,,,,,,,,,,,,,,,,,,,,,,,,,,,,,,,,,,,,,,,,,,,,,,,,,,,,,,,,,,,,,,,,,,66035-060,$44 ,16,,1,1,0,0,0,0,,,,,,,,,,,,,,,,,,,,,PA,Tv. Benjamin Constant,,FALSE,Hotel Filha Do Cacique | Belém - Pará,Hotel Filha do Cacique | Belém - Pará,5,https://www.google.com/maps/search/?api=1&query=Hotel%20Filha%20do%20Cacique%20%7C%20Bel%C3%A9m%20-%20Par%C3%A1&query_place_id=ChIJv-RaNxOPpJIRpDEVu3JuN0c,
,,,,,,,,,TRUE,,,,TRUE,,,,,,,,,TRUE,,,,,,TRUE,,,,,,,,,,,,,,,,,FALSE,,TRUE,,,,,,,,,,,,,,TRUE,,,,,,TRUE,,,,,,,,,,,,,FALSE,,,,,,,,TRUE,,,,,,,,,,TRUE,,,,FALSE,,,,,TRUE,,,,,,,,,,,,,,,,,,,,,,,,,,,,,,,,,,,,,,,,,,,,,,,,,,,,,,,,,,,,,,,,,,,,,,,,,,,,,,,,,,,,,,,,"Tv. Joaquim Nabuco, 59 - Nazaré, Belém - PA, 66055-300, Brazil",,,Hotel,Bed & breakfast,,,,,,,,,Love hotel,14583373449200182746,Belém,BR,"Basic rooms in a colorful, laid-back hotel set in a mural-fronted building, offering free Wi-Fi.",0x92a48e9b5bb808a1:0xca628ce2d270a5da,,"Set in a mural-fronted building, this colorful, laid-back hotel is 3 km from open-air Ver-o-peso market as well as the bayside Estação das Docas. The historic Basilica of Our Lady of Nazareth of Exile is 7 minutes away by foot.
 Basic, no-frills rooms feature free Wi-Fi, TVs, and minifridges. Family rooms accommodate up to 4 people.
 Breakfast is available.",/g/11b698rnty,,-1.4510791,-48.483939,,Nazaré,,,,,,,,,,,,,,,,,,,,,,,,,,,,,,,,,,,,FALSE,+55 91 98286-3569,5.59198E+12,ChIJoQi4W5uOpJIR2qVw0uKMYso,,,,,,,,,,,"GGX8+HC Nazaré, Belém - State of Pará, Brazil",,,,,,,,,,,,,,,,,,,,,,,,,,,,,,,,,,,,,,,,,,,,,,,,,,,,,,,,,,,,,,,,,,,,,,,,,,,,,,,,,,,,,,,,,,,,,,,,,,,,,,,,,,,,,,,,,,,,,,,,,,,,,,,,,,,,,,,,,,,,,,,,,,,,,,,,,,,,,,,,,,,,,,,,,,,,,,,,,,,,,,,,,,,,,,,,,,,,,,,,,,,,,,,,,,,,,,,,,,,,,,,,,,,,,,,,,,,,,,,,,,,,,,,,,,,,,,,,,,,,,,,,,,,,,66055-300,,15,,302,200,67,8,23,4,12,benefit–cost ratio,11,interior,11,environment,10,receptionist,9,coffee,9,price,7,certainty,7,team,5,organized,3,basilica,PA,"Tv. Joaquim Nabuco, 59",,FALSE,Hotel Marajoara,Hotel Marajoara,4.5,https://www.google.com/maps/search/?api=1&query=Hotel%20Marajoara&query_place_id=ChIJoQi4W5uOpJIR2qVw0uKMYso,
,,,,,,,,,TRUE,,,,TRUE,,,,,,,,,TRUE,,,,,,TRUE,,,,,,,,,,,,,,,,,FALSE,,TRUE,,,,,,,,,,,,,,TRUE,,,,,,,,,,FALSE,,,,,,,TRUE,,,,,,,FALSE,,,,,,,,,,TRUE,,,,,,,,,,,,,,,,,,,,,,,,,,,,,,,,,,,,,,,,,,,,,,,,,,,,,,,,,,,,,,,,,,,,,,,,,,,,,,,,,,,,,,,,,,,,,,,,,,,,"Av. Cmte. Brás de Aguiar, 612 - Nazaré, Belém - PA, 66035-000, Brazil",,,Hotel,,,,,,,,,,Love hotel,17300626184125476889,Belém,BR,"Straightforward rooms in an informal lodging, plus complimentary Wi-Fi & breakfast.",0x92a48e85ae0839c7:0xf0182bda109ef019,,"A 12-minute walk from the neoclassical Paz theater, this unpretentious hotel is also 1.3 km from the Paraense Emílio Goeldi museum and research center.
 Featuring Wi-Fi, the cozy, functional rooms also offer flat-screen TVs, minibars and desks.
 The hotel provides a breakfast buffet and parking. Other amenities include a relaxed lobby lounge and a gym.",/g/11rxmwrf6,,-1.4546371,-48.486313,,Nazaré,,,,,,,,,,,,,,,,,,,,,,,,,,,,,,,,,,,,FALSE,+55 91 3323-3400,5.59133E+11,ChIJxzkIroWOpJIRGfCeENorGPA,,,,,,,,,,,"GGW7+4F Nazaré, Belém - State of Pará, Brazil",,,,,,,,,,,,,,,,,,,,,,,,,,,,,,,,,,,,,,,,,,,,,,,,,,,,,,,,,,,,,,,,,,,,,,,,,,,,,,,,,,,,,,,,,,,,,,,,,,,,,,,,,,,,,,,,,,,,,,,,,,,,,,,,,,,,,,,,,,,,,,,,,,,,,,,,,,,,,,,,,,,,,,,,,,,,,,,,,,,,,,,,,,,,,,,,,,,,,,,,,,,,,,,,,,,,,,,,,,,,,,,,,,,,,,,,,,,,,,,,,,,,,,,,,,,,,,,,,,,,,,,,,,,,,66035-000,$60 ,14,,1960,976,608,54,263,59,49,benefit–cost ratio,32,structure,25,internet,15,mini fridge,10,options,8,lectures,7,education,6,auditorium,6,ac power socket,5,shower,PA,"Av. Cmte. Brás de Aguiar, 612",,FALSE,Belém Soft Hotel,BELÉM SOFT HOTEL,4.2,https://www.google.com/maps/search/?api=1&query=BEL%C3%89M%20SOFT%20HOTEL&query_place_id=ChIJxzkIroWOpJIRGfCeENorGPA,http://www.belemsofthotel.com.br/
,,,,,,,,,TRUE,,,,,,TRUE,,,,,,,TRUE,,,,,,TRUE,,,,,,,,,,,,,,,,,FALSE,,TRUE,,,,,,,,,,,,,,TRUE,,,,,,FALSE,,,,,,,,,,,,,TRUE,,,,,,,,,,TRUE,,,FALSE,,,,,,,,,FALSE,,,TRUE,,,,,,,TRUE,,,,,,,,,,,,,,,,,,,,,,,,,,,,,,,,,,,,,,,,,,,,,,,,,,,,,,,,,,,,,,,,,,,,,,,,,,,,,,,,,,,"R. Pres. Pernambuco, 116 - Batista Campos, Belém - PA, 66015-200, Brazil",,,Hotel,,,,,,,,,,Love hotel,3944473430008833912,Belém,BR,"Simply furnished rooms in a straightforward hotel with free breakfast & Wi-Fi, plus a restaurant.",0x92a48e8be2bb3591:0x36bd95af95a4a778,,"Set 3 km from bustling Ver-o-peso market, this straightforward hotel is 2 km both from the 17th-century Forte do Presépio and from the Emílio Goeldi Museum.
 Simply furnished rooms feature free Wi-Fi, flat-screens and desks, plus minibars. Room service is available.
 A breakfast buffet is complimentary. Other amenities include a casual restaurant and a business center. Parking is available, and pets are welcome for a fee.",/g/1v2f1lfh,,-1.4567694,-48.493972,,Batista Campos,,,,,,,,,,,,,,,,,,,,,,,,,,,,,,,,,,,,FALSE,+55 91 3342-2121,5.59133E+11,ChIJkTW74ouOpJIReKekla-VvTY,,,,,,,,,,,"GGV4+7C Batista Campos, Belém - State of Pará, Brazil",,,,,,,,,,,,,,,,,,,,,,,,,,,,,,,,,,,,,,,,,,,,,,,,,,,,,,,,,,,,,,,,,,,,,,,,,,,,,,,,,,,,,,,,,,,,,,,,,,,,,,,,,,,,,,,,,,,,,,,,,,,,,,,,,,,,,,,,,,,,,,,,,,,,,,,,,,,,,,,,,,,,,,,,,,,,,,,,,,,,,,,,,,,,,,,,,,,,,,,,,,,,,,,,,,,,,,,,,,,,,,,,,,,,,,,,,,,,,,,,,,,,,,,,,,,,,,,,,,,,,,,,,,,,,66015-200,$50 ,12,,917,510,245,25,103,34,33,shopping center,24,education,14,host,12,attractions,11,officials,10,tapioca,10,benefit–cost ratio,8,shower,7,jam,5,blocks,PA,"R. Pres. Pernambuco, 116",,FALSE,Ibis Styles Belém Batista Campos,ibis Styles Belém Batista Campos,4.3,https://www.google.com/maps/search/?api=1&query=ibis%20Styles%20Bel%C3%A9m%20Batista%20Campos&query_place_id=ChIJkTW74ouOpJIReKekla-VvTY,https://all.accor.com/hotel/B1Z6/index.pt-br.shtml
,,,,,,,,,TRUE,,,,,,TRUE,,,,,,,,TRUE,,,,,TRUE,,,,,,,,,,,,,,,,,FALSE,,TRUE,,,,,,,,,,,,,,TRUE,,,,,,,,,,TRUE,,,,,,,TRUE,,,,,,,,,,,,TRUE,,,FALSE,,,,,,,,,FALSE,,,,,TRUE,,,,,,,,,,,,,,,,,,,,,,,,,,,,,,,,,,,,,,,,,,,,,,,,,,,,,,,,,,,,,,,,,,,,,,,,,,,,,,,,,,,,,,,,"Av. Gentil Bitencourt, 85 - Batista Campos, Belém - PA, 66015-140, Brazil",,,Hotel,,,,,,,,,,Love hotel,2051945496383410672,Belém,BR,"Down-to-earth rooms in an unpretentious hotel offering a cafe & a TV lounge, plus guest computers",0x92a48e89028d32b1:0x1c79f98eaa6551f0,,"Set on a tree-lined street, this unpretentious glass-fronted hotel with a modern vibe is a 7-minute walk from Shopping Pátio Belém and 2 km from Ver-o-peso, a sprawling outdoor market selling Amazonian food and goods.
 The unfussy rooms come with complimentary Wi-Fi, flat-screen TVs, desks and minibars.
 Amenities include a cafe, guest computers and a TV lounge. Breakfast is offered for a surcharge. Parking is available (fee).",/g/1tkspfjs,,-1.4574981,-48.4914286,,Batista Campos,,,,,,,,,,,,,,,,,,,,,,,,,,,,,,,,,,,,FALSE,+55 91 3323-7171,5.59133E+11,ChIJsTKNAomOpJIR8FFlqo75eRw,1,Food & Drink,1,Other,,,,,,,"GGV5+2C Batista Campos, Belém - State of Pará, Brazil",,,,,,,,,,,,,,,,,,,,,,,,,,,,,,,,,,,,,,,,,,,,,,,,,,,,,,,,,,,,,,,,,,,,,,,,,,,,,,,,,,,,,,,,,,,,,,,,,,,,,,,,,,,,,,,,,,,,,,,,,,,,,,,,,,,,,,,,,,,,,,,,,,,,,,,,,,,,,,,,,,,,,,,,,,,,,,,,,,,,,,,,,,,,,,,,,,,,,,,,,,,,,,,,,,,,,,,,,,,,,,,,,,,,,,,,,,,,,,,,,,,,,,,,,,,,,,,,,,,,,,,,,,,,,66015-140,,13,,3064,1446,797,150,505,166,30,benefit–cost ratio,28,education,21,shopping center,16,outsourced,15,ac power socket,11,economic,10,shower,8,ibis budget,7,tapioca,6,ver-o-peso,PA,"Av. Gentil Bitencourt, 85",Ibis Styles Belém do Pará,FALSE,Hotel Soft Inn Belém Batista Campos,Hotel Soft Inn Belém Batista Campos,4.1,https://www.google.com/maps/search/?api=1&query=Hotel%20Soft%20Inn%20Bel%C3%A9m%20Batista%20Campos&query_place_id=ChIJsTKNAomOpJIR8FFlqo75eRw,https://all.accor.com/hotel/B9K8/index.pt.shtml
,,,,,,,,,TRUE,,,,TRUE,,,,,,,,,TRUE,,,,,,TRUE,,,,,,,,,,,,,,,TRUE,,,,TRUE,,,,,,,,,,,,,,TRUE,,,,,,TRUE,,,,,,,,,,,,,TRUE,,,,,,,,,,,TRUE,,,,,TRUE,,,,,,,TRUE,FALSE,,,,,TRUE,,,,,,,,,,,,,,,,,,,,,,,,,,,,,,,,,,,,,,,,,,,,,,,,,,,,,,,,,,,,,,,,,,,,,,,,,,,,,,,,,,,,,,"Av. Gov. José Malcher, 2927 - São Brás, Belém - PA, 66090-100, Brazil",,,Hotel,,,,,,,,,,Hotel,18423738498103843277,Belém,BR,"Down-to-earth hotel featuring a restaurant, a bar & an outdoor pool, plus free breakfast & parking.",0x92a48c3b7dc25eff:0xffae448d062b19cd,,"A 5-minute walk from Terminal Rodoviário de Belém bus station, this low-key hotel is 2 km from the Museu Cultural–UFPA and 3 km from the music of Theatro da Paz.
 Simply furnished rooms offer free Wi-Fi, flat-screen TVs and sitting areas, as well as minifridges and safes. Suites add separate living areas. Room service is available 24/7.
 Complimentary amenities include breakfast and parking. There’s also a bar and a restaurant. Other amenities consist of an outdoor pool, a hot tub and a terrace.",/g/1tfcv93p,,-1.4478922,-48.4677685,,São Brás,,,,,,,,,,,,,,,,,,,,,,,,,,,,,,,,,,,,FALSE,+55 91 4005-0005,5.5914E+11,ChIJ_17CfTuMpJIRzRkrBo1Erv8,1,Food & Drink,1,Lodging,,,,,,,"HG2J+RV São Brás, Belém - State of Pará, Brazil",,,,,,,,,,,,,,,,,,,,,,,,,,,,,,,,,,,,,,,,,,,,,,,,,,,,,,,,,,,,,,,,,,,,,,,,,,,,,,,,,,,,,,,,,,,,,,,,,,,,,,,,,,,,,,,,,,,,,,,,,,,,,,,,,,,,,,,,,,,,,,,,,,,,,,,,,,,,,,,,,,,,,,,,,,,,,,,,,,,,,,,,,,,,,,,,,,,,,,,,,,,,,,,,,,,,,,,,,,,,,,,,,,,,,,,,,,,,,,,,,,,,,,,,,,,,,,,,,,,,,,,,,,,,,66090-100,,10,,5363,3459,1307,118,396,83,76,structure,50,belém,44,education,37,bus station,34,organized,29,auditorium,27,options,26,lectures,8,congress,5,conventional,PA,"Av. Gov. José Malcher, 2927",,FALSE,Hotel Sagres,Hotel Sagres,4.5,https://www.google.com/maps/search/?api=1&query=Hotel%20Sagres&query_place_id=ChIJ_17CfTuMpJIRzRkrBo1Erv8,https://www.hotelsagres.com/
,,,,,,,,,TRUE,,,,TRUE,,,,,,,,,TRUE,,,,,,TRUE,,,,,,,,,,,,,,,TRUE,,,,TRUE,,,,,,,,,,,,,,TRUE,,,,,,TRUE,,,,,,,,,,,,,FALSE,,,,,,,,,,,TRUE,,,,,,,TRUE,,FALSE,,,,,,,,TRUE,,FALSE,,,TRUE,,,,TRUE,,,,,,,,,,,,,,,,,,,,,,,,,,,,,,,,,,,,,,,,,,,,,,,,,,,,,,,,,,,,,,,,,,,,,,,,,,,,,,"Av. Pres. Vargas, 882 - Campina, Belém - PA, 66017-904, Brazil",,,Hotel,Brazilian restaurant,Event venue,,,,,,,,Hotel,4410566061109515218,Belém,BR,"Informal hotel offering a 24-hour restaurant, a gym & an outdoor pool, plus complimentary breakfast.",0x92a48e8ddf50719f:0x3d357a76e2d393d2,,"Offering views of Guajará Bay, this laid-back hotel set among shops and restaurants is a 16-minute walk from Ver-o-Peso, an open-air market, and 9 km from Aeroporto Internacional de Belém.
 The informal rooms provide free Wi-Fi, cable TV and minifridges, plus coffeemakers and balconies. Some rooms feature bay or city views. Room service is available. Kids age 10 and under (1 per room) stay for no charge with an adult.
 Parking and breakfast are complimentary. Amenities include a 24-hour regional restaurant and 2 bars, as well as a gym, an outdoor pool and a sauna.",/g/1yl459hyc,,-1.4535068,-48.4942432,,Campina,,,,,,,,,,,,,,,,,,,,,,,,,,,,,,,,,,,,FALSE,+55 91 4006-7000,5.5914E+11,ChIJn3FQ342OpJIR0pPT4nZ6NT0,1,Food & Drink,1,Health & Beauty,,,,,,,"GGW4+H8 Campina, Belém - State of Pará, Brazil",,,,,,,,,,,,,,,,,,,,,,,,,,,,,,,,,,,,,,,,,,,,,,,,,,,,,,,,,,,,,,,,,,,,,,,,,,,,,,,,,,,,,,,,,,,,,,,,,,,,,,,,,,,,,,,,,,,,,,,,,,,,,,,,,,,,,,,,,,,,,,,,,,,,,,,,,,,,,,,,,,,,,,,,,,,,,,,,,,,,,,,,,,,,,,,,,,,,,,,,,,,,,,,,,,,,,,,,,,,,,,,,,,,,,,,,,,,,,,,,,,,,,,,,,,,,,,,,,,,,,,,,,,,,,66017-904,$57 ,8,,5060,2936,1278,135,571,140,89,structure,74,belém,21,tapioca,18,shower cabin,17,shower,16,auditorium,14,estação das docas,14,modernization,10,ver-o-peso,7,círio de nazaré,PA,"Av. Pres. Vargas, 882",,FALSE,Hotel Princesa Louçã,Hotel Princesa Louçã,4.3,https://www.google.com/maps/search/?api=1&query=Hotel%20Princesa%20Lou%C3%A7%C3%A3&query_place_id=ChIJn3FQ342OpJIR0pPT4nZ6NT0,https://www.princesabelem.com.br/
,,,,,,,,,TRUE,,,,TRUE,,,,,,,,,,,TRUE,,,,,,,,,TRUE,,,,TRUE,,,,,,,,,,,,,,,,TRUE,,,,,,,,,TRUE,,,,,,,,,,,TRUE,,,,,TRUE,,,,,,,,,,,,TRUE,,,FALSE,,,,,,,,,TRUE,,,TRUE,,,,,,,,,,,,,,,,,,,,,,,,,,,,,,,,,,,,,,,,,,,,,,,,,,,,,,,,,,,,,,,,,,,,,,,,,,,,,,,,,,,,,,,,,,"R. Dr. Assis, 834 - Cidade Velha, Belém - PA, 66020-010, Brazil",,,Hotel,,,,,,,,,,Hotel,7411968709892366437,Belém,BR,"Relaxed hotel in a restored 18th-century building featuring a restaurant, an outdoor pool & a gym.",0x92a48e594fae0a4d:0x66dc9a457771e065,,"Set in a restored 18th-century building that was once an orphanage, this casual hotel is a 3-minute walk from Mangal das Garças ecological park along the Guamá River. It's 12 km from Federal Highway 010.
 Relaxed suites come with Wi-Fi, flat-screen TVs and minibars; some feature pool views and/or sitting areas. Room service is available 24/7.
 A breakfast buffet is served in an informal restaurant. Other amenities include 2 outdoor pools (1 for kids) with sunloungers, plus a sauna and a gym. There's also a chapel, a gallery with exhibits, and meeting and event space.",/g/11b8_8sl5c,,-1.46319,-48.50421,,Cidade Velha,,,,,,,,,,,,,,,,,,,,,,,,,,,,,,,,,,,,FALSE,+55 800 151 5123,,ChIJTQquT1mOpJIRZeBxd0Wa3GY,1,Food & Drink,,,,,,,,,"GFPW+P8 Cidade Velha, Belém - State of Pará, Brazil",,,,,,,,,,,,,,,,,,,,,,,,,,,,,,,,,,,,,,,,,,,,,,,,,,,,,,,,,,,,,,,,,,,,,,,,,,,,,,,,,,,,,,,,,,,,,,,,,,,,,,,,,,,,,,,,,,,,,,,,,,,,,,,,,,,,,,,,,,,,,,,,,,,,,,,,,,,,,,,,,,,,,,,,,,,,,,,,,,,,,,,,,,,,,,,,,,,,,,,,,,,,,,,,,,,,,,,,,,,,,,,,,,,,,,,,,,,,,,,,,,,,,,,,,,,,,,,,,,,,,,,,,,,,,66020-010,$75 ,6,,1622,1183,293,31,90,25,48,historical,38,belém,18,structure,14,education,10,options,8,decoration,7,outsourced,6,convent,6,good taste,5,cuisine of pará,PA,"R. Dr. Assis, 834",,FALSE,Atrium Quinta De Pedras,Atrium Quinta de Pedras,4.6,https://www.google.com/maps/search/?api=1&query=Atrium%20Quinta%20de%20Pedras&query_place_id=ChIJTQquT1mOpJIRZeBxd0Wa3GY,https://quintadepedras.atriumhoteis.com.br/
,,,,,,,,,TRUE,,,,,,TRUE,,,,,,,,TRUE,,,,,TRUE,,,,,,,,,,,,,,,TRUE,,,,TRUE,,,,,,,,,,FALSE,,,,,,,,,,,,,,TRUE,,,,,,,,,,TRUE,,,,FALSE,,,,,,,,,,TRUE,,,,,,TRUE,,,,,,TRUE,,,,,,,,,,,,,,,,,,,,,,,,,,,,,,,,,,,,,,,,,,,,,,,,,,,,,,,,,,,,,,,,,,,,,,,,,,,,,,,,,,,,,,,,"Av. Nª Sra. de Nazaré, 569 - Nazaré, Belém - PA, 66035-170, Brazil",,,Hotel,,,,,,,,,,Hotel,14436628909788571240,Belém,BR,"Down-to-earth hotel offering a restaurant & free breakfast, plus a gym, a sauna & an outdoor pool.",0x92a48e854a4275e9:0xc859358142152668,,"In a bustling area, this laid-back hotel is a 10-minute walk from concerts at the Theatro da Paz and 1 km from the Museu Paraense Emílio Goeldi.
 The plain rooms come with Wi-Fi and flat-screen TVs, plus minifridges, safes and desks. Some rooms have balconies. Room service is available 24/7.
 Breakfast is free. There’s an airy restaurant with floor-to-ceiling windows. Other amenities include an outdoor pool, a gym and a sauna. Parking is offered (fee).",/g/1jglt3gh8,,-1.4521846,-48.4877168,,Nazaré,,,,,,,,,,,,,,,,,,,,,,,,,,,,,,,,,,,,FALSE,+55 91 3321-7177,5.59133E+11,ChIJ6XVCSoWOpJIRaCYVQoE1Wcg,,,,,,,,,,,"GGX6+4W Nazaré, Belém - State of Pará, Brazil",,,,,,,,,,,,,,,,,,,,,,,,,,,,,,,,,,,,,,,,,,,,,,,,,,,,,,,,,,,,,,,,,,,,,,,,,,,,,,,,,,,,,,,,,,,,,,,,,,,,,,,,,,,,,,,,,,,,,,,,,,,,,,,,,,,,,,,,,,,,,,,,,,,,,,,,,,,,,,,,,,,,,,,,,,,,,,,,,,,,,,,,,,,,,,,,,,,,,,,,,,,,,,,,,,,,,,,,,,,,,,,,,,,,,,,,,,,,,,,,,,,,,,,,,,,,,,,,,,,,,,,,,,,,,66035-170,,9,,892,483,226,32,109,42,34,receptionist,32,pool,22,fitness center,10,pattern,10,hosting,9,structure,8,education,8,point,8,sauna,5,shower,PA,"Av. Nª Sra. de Nazaré, 569",ibis Styles Belém Nazaré,FALSE,Hotel Ibis Styles Belem Nazaré,Hotel ibis Styles Belem Nazaré,4.2,https://www.google.com/maps/search/?api=1&query=Hotel%20ibis%20Styles%20Belem%20Nazar%C3%A9&query_place_id=ChIJ6XVCSoWOpJIRaCYVQoE1Wcg,https://all.accor.com/lien_externe.svlt?goto=fiche_hotel&code_hotel=B1Z9&merchantid=seo-maps-BR-B1Z9&sourceid=aw-cen&utm_medium=seo%20maps&utm_source=google%20Maps&utm_campaign=seo%20maps
,,,,,,,,,TRUE,,,,TRUE,,,,,,,,,,TRUE,,,,,TRUE,,,,,,,,,,,,,,,,,FALSE,,TRUE,,,,,,,,,,,,,,TRUE,,,,,,FALSE,,,,,,,,,,,,,TRUE,,,,,,,,,,,TRUE,,,,,TRUE,,,,,,,TRUE,FALSE,,,,,,TRUE,,,TRUE,,,,TRUE,,,,,,,,,,,,,,,,,,,,,,,,,,,,,,,,,,,,,,,,,,,,,,,,,,,,,,,,,,,,,,,,,,,,,,,,,,,,,,"Tv. Dom Romualdo de Seixas, 1560 - Umarizal, Belém - PA, 66055-200, Brazil",,,Hotel,,,,,,,,,,Hotel,15537650569185071606,Belém,BR,"Modern high-rise hotel with casual rooms & suites, plus an Italian restaurant & a rooftop pool.",0x92a48e9f2b6cca57:0xd7a0d2dee46c11f6,,"Set in a modern high-rise in the city's central shopping district, this upscale hotel is an 8-minute walk from the Museu Cultural - UFPA and a 12-minute walk from the ornate Basílica Nossa Senhora de Nazaré.
 The casual rooms feature balconies and neutral tones, plus free Wi-Fi, flat-screen TVs and minifridges. Modern suites, some with duplex layouts, add sitting areas and dining tables. Room service is available 24/7.
 A free breakfast buffet is offered in a relaxed Italian restaurant. Other amenities include a bar, a fitness room and a sauna, plus a rooftop terrace with a pool and city views.",/g/1wg5z2c8,,-1.4459381,-48.4840379,,Umarizal,,,,,,,,,,,,,,,,,,,,,,,,,,,,,,,,,,,,FALSE,+55 91 3366-7575,5.59134E+11,ChIJV8psK5-OpJIR9hFs5N7SoNc,1,Food & Drink,1,Shopping,3,Services,1,Parking,3,Other,"HG38+J9 Umarizal, Belém - State of Pará, Brazil",,,,,,,,,,,,,,,,,,,,,,,,,,,,,,,,,,,,,,,,,,,,,,,,,,,,,,,,,,,,,,,,,,,,,,,,,,,,,,,,,,,,,,,,,,,,,,,,,,,,,,,,,,,,,,,,,,,,,,,,,,,,,,,,,,,,,,,,,,,,,,,,,,,,,,,,,,,,,,,,,,,,,,,,,,,,,,,,,,,,,,,,,,,,,,,,,,,,,,,,,,,,,,,,,,,,,,,,,,,,,,,,,,,,,,,,,,,,,,,,,,,,,,,,,,,,,,,,,,,,,,,,,,,,,66055-200,$57 ,5,,1458,960,340,37,98,23,62,team,25,structure,21,fitness center,17,hosting,12,shopping center,12,education,8,pattern,7,veranda,6,outsourced,5,invoice,PA,"Tv. Dom Romualdo de Seixas, 1560",,FALSE,Mercure Belém Boulevard,Mercure Belém Boulevard,4.5,https://www.google.com/maps/search/?api=1&query=Mercure%20Bel%C3%A9m%20Boulevard&query_place_id=ChIJV8psK5-OpJIR9hFs5N7SoNc,https://all.accor.com/lien_externe.svlt?goto=fiche_hotel&code_hotel=B203&merchantid=seo-maps-BR-B203&sourceid=aw-cen&utm_medium=seo%20maps&utm_source=google%20Maps&utm_campaign=seo%20maps
,,,,,,,,,TRUE,,,,TRUE,,,,,,,,,TRUE,,,,,,TRUE,,,,,,,,,,,,,,,,,FALSE,,TRUE,,,,,,,,,,,,,,TRUE,,,,,,TRUE,,,,,,,,,,,,,TRUE,,,,,,,,,,,TRUE,,,,,TRUE,,,,,,,TRUE,TRUE,,,,,,TRUE,,,TRUE,,,,TRUE,,,,,,,,,,,,,,,,,,,,,,,,,,,,,,,,,,,,,,,,,,,,,,,,,,,,,,,,,,,,,,,,,,,,,,,,,,,,,,"Av. Nª Sra. de Nazaré, 375 - Nazaré, Belém - PA, 66035-115, Brazil",,,Hotel,,,,,,,,,,Hotel,12707567479207810590,Belém,BR,"Modern hotel with an international restaurant & a bar, plus an outdoor pool & an exercise room.",0x92a48e8fe4c7a7a5:0xb05a594b757cd61e,,"A 12-minute walk from Basílica Nossa Senhora de Nazaré, this upscale hotel is 1.9 km from Ver-o-Peso market and 2.2 km from the Forte do Presepio.
 The modern rooms come with Wi-Fi, flat-screen TVs and minibars, as well as desks and safes. Room service is available.
 There's a lobby bar and a casual restaurant serving international cuisine. Other amenities include an outdoor pool and an exercise room, plus a business center and parking.",/g/1td0hl1h,,-1.4526807,-48.4892814,,Nazaré,,,,,,,,,,,,,,,,,,,,,,,,,,,,,,,,,,,,FALSE,+55 91 3202-2000,5.59132E+11,ChIJpafH5I-OpJIRHtZ8dUtZWrA,1,Food & Drink,,,,,,,,,"GGW6+W7 Belém, State of Pará, Brazil",,,,,,,,,,,,,,,,,,,,,,,,,,,,,,,,,,,,,,,,,,,,,,,,,,,,,,,,,,,,,,,,,,,,,,,,,,,,,,,,,,,,,,,,,,,,,,,,,,,,,,,,,,,,,,,,,,,,,,,,,,,,,,,,,,,,,,,,,,,,,,,,,,,,,,,,,,,,,,,,,,,,,,,,,,,,,,,,,,,,,,,,,,,,,,,,,,,,,,,,,,,,,,,,,,,,,,,,,,,,,,,,,,,,,,,,,,,,,,,,,,,,,,,,,,,,,,,,,,,,,,,,,,,,,66035-115,$225 ,4,,2322,1561,454,89,173,45,33,structure,14,education,14,5 star,11,hosting,11,safety,8,auditorium,7,círio de nazaré,6,pattern,5,lectures,5,printing,PA,"Av. Nª Sra. de Nazaré, 375",,FALSE,Grand Mercure Belém Do Pará,Grand Mercure Belém do Pará,4.4,https://www.google.com/maps/search/?api=1&query=Grand%20Mercure%20Bel%C3%A9m%20do%20Par%C3%A1&query_place_id=ChIJpafH5I-OpJIRHtZ8dUtZWrA,https://all.accor.com/lien_externe.svlt?goto=fiche_hotel&code_hotel=A7P1&merchantid=seo-maps-BR-A7P1&sourceid=aw-cen&utm_medium=seo%20maps&utm_source=google%20Maps&utm_campaign=seo%20maps
,,,,,,,,,TRUE,,,,TRUE,,,,,,,,,,TRUE,,,,,TRUE,,,,,,,,,,,,,,,TRUE,,,,TRUE,,,,,,,,,,,,,,TRUE,,,,,,TRUE,,,,,,,,,,,,,TRUE,,,,,,,,,,,TRUE,,,,,TRUE,,,,,,,TRUE,FALSE,,,,,,,TRUE,,,,TRUE,TRUE,,TRUE,TRUE,,,,,,,,,,TRUE,,,,,,,,,,,,,,,,,,,,,,,,,,,,,,,,,,,,,,,,,,,,,,,,,,,,,,,,,,,,,,,,,,"Av. Cmte. Brás de Aguiar, 301-321 - Nazaré, Belém - PA, 66035-395, Brazil",,,Hotel,,,,,,,,,,Hotel,7240872488110935040,Belém,BR,"Polished hotel offering upscale quarters, plus a casual restaurant, a chic bar & a rooftop pool.",0x92a48f95cb9ab92b:0x647cbf2a05c04c00,,"This modern, glass-fronted hotel is set 1.6 km from the Museu Paraense Emílio Goeldi research institution and 10 km from Val de Cans International Airport.
 Polished rooms come with free Wi-Fi and flat-screen TVs, plus minibars, coffeemakers and microwaves. Upgraded rooms and suites add living areas. Room service is available 24/7.
 Complimentary amenities include a breakfast buffet, which is served in a relaxed restaurant. There's also a sleek bar, a rooftop pool and a game room with a pool table, plus a sauna, a hot tub and an exercise room.",/g/119wyv5ly,,-1.454813,-48.4891089,,Nazaré,,,,,,,,,,,,,,,,,,,,,,,,,,,,,,,,,,,,FALSE,+55 91 3182-8797,5.59132E+11,ChIJK7may5WPpJIRAEzABSq_fGQ,1,Food & Drink,,,,,,,,,"GGW6+39 Nazaré, Belém - State of Pará, Brazil",,,,,,,,,,,,,,,,,,,,,,,,,,,,,,,,,,,,,,,,,,,,,,,,,,,,,,,,,,,,,,,,,,,,,,,,,,,,,,,,,,,,,,,,,,,,,,,,,,,,,,,,,,,,,,,,,,,,,,,,,,,,,,,,,,,,,,,,,,,,,,,,,,,,,,,,,,,,,,,,,,,,,,,,,,,,,,,,,,,,,,,,,,,,,,,,,,,,,,,,,,,,,,,,,,,,,,,,,,,,,,,,,,,,,,,,,,,,,,,,,,,,,,,,,,,,,,,,,,,,,,,,,,,,,66035-395,$103 ,2,,2579,1817,543,42,138,39,61,pool,41,structure,30,hosting,25,organized,14,fitness center,12,sauna,9,fee,7,tapioca,6,pattern,5,penthouse,PA,"Av. Cmte. Brás de Aguiar, 301-321",,FALSE,Radisson Hotel Maiorana Belém,Radisson Hotel Maiorana Belém,4.6,https://www.google.com/maps/search/?api=1&query=Radisson%20Hotel%20Maiorana%20Bel%C3%A9m&query_place_id=ChIJK7may5WPpJIRAEzABSq_fGQ,https://www.letsatlantica.com.br/hotel/radisson-hotel-belem?utm_source=gmb&utm_medium=organic&utm_campaign=gmb-rbel-cta-profile
,,,,,,,,,TRUE,,,,TRUE,,,,,,,,,TRUE,,,,,,,,,,,TRUE,,,,TRUE,,,,,,,,,,,,,,,,TRUE,,,,,,,,,TRUE,,,,,,,TRUE,,,,,,,,,,,,TRUE,,,,,,FALSE,,,,,,,TRUE,,,,,,,,,,,,,,,,,,,,,,,,,,,,,,,,,,,,,,,,,,,,,,,,,,,,,,,,,,,,,,,,,,,,,,,,,,,,,,,,,,,,,,,,,,,,,,,,,,,,,"Av. Bernardo Sayão - Guamá, Belém - PA, 66075-150, Brazil",,,Hotel,,,,,,,,,,Hotel,4926919239508656658,Belém,BR,"Relaxed riverfront property offering a restaurant & an outdoor pool, plus free breakfast.",0x92a48debb37b9dcd:0x445feef1c3f38212,,"Set along the Guamá River, this low-key hotel is 5 km from the Emílio Goeldi Museum and 7 km from lively Ver-o-Peso market.
 Functional, simply furnished rooms offer minifridges, flat-screens and safes. Upgraded rooms add river views. Wi-Fi and room service are available.
 Breakfast and parking are complimentary. There's also a restaurant with a thatched roof and river views. Other amenities include an outdoor pool, a sundeck and event space.",/g/1vg_dydt,,-1.475508,-48.4646632,,Guamá,,,,,,,,,,,,,,,,,,,,,,,,,,,,,,,,,,,,FALSE,+55 91 4008-9000,5.5914E+11,ChIJzZ17s-uNpJIREoLzw_HuX0Q,1,Food & Drink,,,,,,,,,"GGFP+Q4 Guamá, Belém - State of Pará, Brazil",,,,,,,,,,,,,,,,,,,,,,,,,,,,,,,,,,,,,,,,,,,,,,,,,,,,,,,,,,,,,,,,,,,,,,,,,,,,,,,,,,,,,,,,,,,,,,,,,,,,,,,,,,,,,,,,,,,,,,,,,,,,,,,,,,,,,,,,,,,,,,,,,,,,,,,,,,,,,,,,,,,,,,,,,,,,,,,,,,,,,,,,,,,,,,,,,,,,,,,,,,,,,,,,,,,,,,,,,,,,,,,,,,,,,,,,,,,,,,,,,,,,,,,,,,,,,,,,,,,,,,,,,,,,,66075-150,,1,,2641,1456,646,117,341,81,69,environment,41,structure,35,belém,27,landscape,18,boat,11,bank,9,puppet,9,cuisine,9,bay,5,urban forestry,PA,Av. Bernardo Sayão,,FALSE,Beira Rio Hotel,Beira Rio Hotel,4.2,https://www.google.com/maps/search/?api=1&query=Beira%20Rio%20Hotel&query_place_id=ChIJzZ17s-uNpJIREoLzw_HuX0Q,https://beirariohotel.com.br/
,,,,,,,,,TRUE,,,TRUE,,,,,,,,,,,,TRUE,,,,,,,,,,,FALSE,,TRUE,,,,,,,,,,,,,,,,,,FALSE,,,FALSE,,,,,,,,,,,,,,,,,,,,,,,,,,,,,,,,,,,,,,,,,,,,,,,,,,,,,,,,,,,,,,,,,,,,,,,,,,,,,,,,,,,,,,,,,,,,,,,,,,,,,,,,,,,,,,,,,,,,,,,,,,,,,,,,,,,,,,,,,"R. Pe. Prudêncio, 688 - Campina, Belém - PA, 66015-180, Brazil",,,Hostel,Boarding house,,,,,,,,,Hostel,8390477142625525526,Belém,BR,,0x92a48f4d7cc633a7:0x7470f681ae3a9f16,,,/g/11h80hmbhv,,-1.4552404,-48.4952124,,Campina,,,,,,,,,,,,,,,,,,,,,,,,,,,,,,,,,,,,FALSE,,,ChIJpzPGfE2PpJIRFp86roH2cHQ,,,,,,,,,,,"GGV3+WW Campina, Belém - State of Pará, Brazil",,,,,,,,,,,,,,,,,,,,,,,,,,,,,,,,,,,,,,,,,,,,,,,,,,,,,,,,,,,,,,,,,,,,,,,,,,,,,,,,,,,,,,,,,,,,,,,,,,,,,,,,,,,,,,,,,,,,,,,,,,,,,,,,,,,,,,,,,,,,,,,,,,,,,,,,,,,,,,,,,,,,,,,,,,,,,,,,,,,,,,,,,,,,,,,,,,,,,,,,,,,,,,,,,,,,,,,,,,,,,,,,,,,,,,,,,,,,,,,,,,,,,,,,,,,,,,,,,,,,,,,,,,,,,66015-180,,6,,24,21,0,3,0,0,,,,,,,,,,,,,,,,,,,,,PA,"R. Pe. Prudêncio, 688",,TRUE,Hostel Paidégua,Hostel Paidégua,4.5,https://www.google.com/maps/search/?api=1&query=Hostel%20Paid%C3%A9gua&query_place_id=ChIJpzPGfE2PpJIRFp86roH2cHQ,
,,,,,,,,,,,,,,,,,,,,,,,,,,,,,,,,,,,,,,,,,,,,,,,,,,,,,,,,,,,,,,,,,,,,,,,,,,,,,,,,,,,,,,,,,,,,,,,,,,,,,,,,,,,,,,,,,,,,,,,,,,,,,,,,,,,,,,,,,,,,,,,,,,,,,,,,,,,,,,,,,,,,,,,,,,,,,,,,,,,,,,,,,,,,,,,,,,,"GGX3+2J - Av. Pres. Vargas, 646 - Campina, Belém - PA, 66017-000, Brazil",,,Hostel,Beauty salon,Guest house,Restaurant,,,,,,,Hostel,2533785037696549182,Belém,BR,,0x92a48f62ad3f2221:0x2329d011351a413e,,,/g/11st6fv5t9,,-1.4525831,-48.4959118,,Campina,,,,,,,,,,,,,,,,,,,,,,,,,,,,,,,,,,,,FALSE,+55 91 99322-4433,5.59199E+12,ChIJISI_rWKPpJIRPkEaNRHQKSM,,,,,,,,,,,,,,,,,,,,,,,,,,,,,,,,,,,,,,,,,,,,,,,,,,,,,,,,,,,,,,,,,,,,,,,,,,,,,,,,,,,,,,,,,,,,,,,,,,,,,,,,,,,,,,,,,,,,,,,,,,,,,,,,,,,,,,,,,,,,,,,,,,,,,,,,,,,,,,,,,,,,,,,,,,,,,,,,,,,,,,,,,,,,,,,,,,,,,,,,,,,,,,,,,,,,,,,,,,,,,,,,,,,,,,,,,,,,,,,,,,,,,,,,,,,,,,,,,,,,,,,,,,,,,,,,,,,,,,,,66017-000,,7,,9,5,0,4,0,0,2,shower,2,wash,2,clothes,2,sheets,,,,,,,,,,,,,PA,"GGX3+2J - Av. Pres. Vargas, 646",,FALSE,Sabor Di Maria,Sabor di Maria,3.2,https://www.google.com/maps/search/?api=1&query=Sabor%20di%20Maria&query_place_id=ChIJISI_rWKPpJIRPkEaNRHQKSM,
,,,,,,,,,TRUE,,,,TRUE,,,,,,,,,TRUE,,,,,,FALSE,,,,,,,,,,,,,,,,,FALSE,,TRUE,,,,,,,,,,,,,,,FALSE,,,,,,,,,,FALSE,,,,,,,TRUE,,,,,,TRUE,,,,,,,,,,FALSE,,,,,,,,,,,,,,,,,,,,,,,,,,,,,,,,,,,,,,,,,,,,,,,,,,,,,,,,,,,,,,,,,,,,,,,,,,,,,,,,,,,,,,,,,,,,,,,,,,,,"Tv. Liberato de Castro, 263 - Altos - Guamá, Belém - PA, 66075-420, Brazil",,,Hostel,,,,,,,,,,Hostel,17156727262545633275,Belém,BR,,0x92a48dd1ebb4bb6b:0xee18f08b884adffb,,,/g/11lp6vs51y,,-1.4654236,-48.4630133,,Guamá,,,,,,,,,,,,,,,,,,,,,,,,,,,,,,,,,,,,FALSE,+55 91 98919-6454,5.59199E+12,ChIJa7u069GNpJIR-99KiIvwGO4,,,,,,,,,,,"GGMP+RQ Guamá, Belém - State of Pará, Brazil",,,,,,,,,,,,,,,,,,,,,,,,,,,,,,,,,,,,,,,,,,,,,,,,,,,,,,,,,,,,,,,,,,,,,,,,,,,,,,,,,,,,,,,,,,,,,,,,,,,,,,,,,,,,,,,,,,,,,,,,,,,,,,,,,,,,,,,,,,,,,,,,,,,,,,,,,,,,,,,,,,,,,,,,,,,,,,,,,,,,,,,,,,,,,,,,,,,,,,,,,,,,,,,,,,,,,,,,,,,,,,,,,,,,,,,,,,,,,,,,,,,,,,,,,,,,,,,,,,,,,,,,,,,,,66075-420,,5,,10,9,1,0,0,0,2,environment,,,,,,,,,,,,,,,,,,,PA,"Tv. Liberato de Castro, 263 - Altos",,FALSE,Jambu Hostel Belém,Jambu Hostel Belém,4.9,https://www.google.com/maps/search/?api=1&query=Jambu%20Hostel%20Bel%C3%A9m&query_place_id=ChIJa7u069GNpJIR-99KiIvwGO4,
,,,,,,,,,TRUE,,,,,,,,FALSE,,,TRUE,,,,,,,,,,,,,,TRUE,,,,,,,,,,,,FALSE,,,,,,TRUE,,,,TRUE,,,,,,,,,,,,FALSE,,,,,,,,,,,,,,,,,,,,,,,,,,,,,,,,,,,,,,,,,,,,,,,,,,,,,,,,,,,,,,,,,,,,,,,,,,,,,,,,,,,,,,,,,,,,,,,,,,,,,,,,,,,,,,,,,,,,,,,,,,,,,,,"Tv. Joaquim Távora, 328 - Cidade Velha, Belém - PA, 66020-340, Brazil",,,Hostel,Hotel,,,,,,,,,Hostel,12382267872079499836,Belém,BR,Straightforward dormitories in a down-to-earth hostel offering a low-key cafe & a guest lounge.,0x92a48ef4262a8a39:0xabd6a7068d07d23c,,,/g/1yfjd89t3,,-1.4576952,-48.5035216,,Cidade Velha,,,,,,,,,,,,,,,,,,,,,,,,,,,,,,,,,,,,FALSE,+55 91 98453-3131,5.59198E+12,ChIJOYoqJvSOpJIRPNIHjQan1qs,,,,,,,,,,,"GFRW+WH Cidade Velha, Belém - State of Pará, Brazil",,,,,,,,,,,,,,,,,,,,,,,,,,,,,,,,,,,,,,,,,,,,,,,,,,,,,,,,,,,,,,,,,,,,,,,,,,,,,,,,,,,,,,,,,,,,,,,,,,,,,,,,,,,,,,,,,,,,,,,,,,,,,,,,,,,,,,,,,,,,,,,,,,,,,,,,,,,,,,,,,,,,,,,,,,,,,,,,,,,,,,,,,,,,,,,,,,,,,,,,,,,,,,,,,,,,,,,,,,,,,,,,,,,,,,,,,,,,,,,,,,,,,,,,,,,,,,,,,,,,,,,,,,,,,66020-340,$33 ,4,,28,15,7,1,3,2,,,,,,,,,,,,,,,,,,,,,PA,"Tv. Joaquim Távora, 328",,FALSE,Hostel Cidade Velha,Hostel Cidade Velha,4.2,https://www.google.com/maps/search/?api=1&query=Hostel%20Cidade%20Velha&query_place_id=ChIJOYoqJvSOpJIRPNIHjQan1qs,
,,,,,,,,,TRUE,,,,TRUE,,,,,,,,,,,,FALSE,,,,TRUE,,,,,,,,,,,,,,,TRUE,,,,,,,,,,,TRUE,TRUE,,,,,,,,,,,,FALSE,,,,,,,,,,,,,,,,,,,,,,,,,,,,,,,,,,,,,,,,,,,,,,,,,,,,,,,,,,,,,,,,,,,,,,,,,,,,,,,,,,,,,,,,,,,,,,,,,,,,,,,,,,,,,,,,,,,,,,,,,,,,,,,"Tv. Benjamin Constant, 1374 - Nazaré, Belém - PA, 66035-060, Brazil",,,Hostel,Cafe,Cocktail bar,Hotel,Restaurant,,,,,,Hostel,16053431700901646907,Belém,BR,Basic dorms & private rooms in a trendy hostel offering a snack bar & a communal kitchen.,0x92a48ffa3139bacb:0xdec93f13c63cd23b,,"Set on a tree-lined street, this trendy hostel is 2 km from Ver-o-peso market, 7 km from a lake and trails at Parque Estadual do Utinga, and 11 km from Highway 010.
 Basic, single-gender dorms provide free Wi-Fi and shared bathrooms. Modest private rooms add flat-screen TVs and en suite facilities.
 Amenities include an industrial-chic snack bar with a hip vibe, and a communal kitchen, plus a music room and an art gallery.",/g/11g05kx_61,,-1.4540826,-48.4886907,,Nazaré,,,,,,,,,,,,,,,,,,,,,,,,,,,,,,,,,,,,FALSE,+55 91 3349-0008,5.59133E+11,ChIJy7o5MfqPpJIRO9I8xhM_yd4,,,,,,,,,,,"GGW6+9G Nazaré, Belém - State of Pará, Brazil",,,,,,,,,,,,,,,,,,,,,,,,,,,,,,,,,,,,,,,,,,,,,,,,,,,,,,,,,,,,,,,,,,,,,,,,,,,,,,,,,,,,,,,,,,,,,,,,,,,,,,,,,,,,,,,,,,,,,,,,,,,,,,,,,,,,,,,,,,,,,,,,,,,,,,,,,,,,,,,,,,,,,,,,,,,,,,,,,,,,,,,,,,,,,,,,,,,,,,,,,,,,,,,,,,,,,,,,,,,,,,,,,,,,,,,,,,,,,,,,,,,,,,,,,,,,,,,,,,,,,,,,,,,,,66035-060,$53 ,2,,1155,824,196,30,79,26,51,environment,34,music,28,burger,23,beer,20,parties,6,options,6,education,5,caras,5,climate,5,table,PA,"Tv. Benjamin Constant, 1374",,FALSE,Ôvibe Party Hostel & Arts,Ôvibe Party Hostel & Arts,4.5,https://www.google.com/maps/search/?api=1&query=%C3%94vibe%20Party%20Hostel%20%26%20Arts&query_place_id=ChIJy7o5MfqPpJIRO9I8xhM_yd4,http://www.ovibe.com.br/
,,,,,,,,,TRUE,,,FALSE,,,,,,,,,,,,FALSE,,,,FALSE,,,,,,,,,,,,,,,,,FALSE,,TRUE,,,,,,,,,,,,,,TRUE,,,,,,,,TRUE,,,,,,,,,,,,FALSE,,,,,,,,TRUE,,,,FALSE,,,,,,,,,FALSE,,,,,TRUE,,,,,,,,,,,,,,,,,,,,,,,,,,,,,,,,,,,,,,,,,,,,,,,,,,,,,,,,,,,,,,,,,,,,,,,,,,,,,,,,,,,,,,,,"R. Ó de Almeida, 548 - Campina, Belém - PA, 66017-050, Brazil",,,Hostel,,,,,,,,,,Hostel,5830448333720487010,Belém,BR,,0x92a48e93aa9ccb19:0x50e9e9de54ad8462,,,/g/1xcbqpt7,,-1.4504611,-48.4959535,,Campina,,,,,,,,,,,,,,,,,,,,,,,,,,,,,,,,,,,,FALSE,+55 91 3119-7558,5.59131E+11,ChIJGcucqpOOpJIRYoStVN7p6VA,,,,,,,,,,,"GGX3+RJ Campina, Belém - State of Pará, Brazil",,,,,,,,,,,,,,,,,,,,,,,,,,,,,,,,,,,,,,,,,,,,,,,,,,,,,,,,,,,,,,,,,,,,,,,,,,,,,,,,,,,,,,,,,,,,,,,,,,,,,,,,,,,,,,,,,,,,,,,,,,,,,,,,,,,,,,,,,,,,,,,,,,,,,,,,,,,,,,,,,,,,,,,,,,,,,,,,,,,,,,,,,,,,,,,,,,,,,,,,,,,,,,,,,,,,,,,,,,,,,,,,,,,,,,,,,,,,,,,,,,,,,,,,,,,,,,,,,,,,,,,,,,,,,66017-050,,1,,293,120,70,33,51,19,29,price,11,kitchen,10,cost,9,receptionist,6,history,6,smell,5,wall,4,photography,4,tourist,3,mold,PA,"R. Ó de Almeida, 548",,FALSE,Hostel Amazônia,Hostel Amazônia,3.8,https://www.google.com/maps/search/?api=1&query=Hostel%20Amaz%C3%B4nia&query_place_id=ChIJGcucqpOOpJIRYoStVN7p6VA,
,,,,,,,,,TRUE,,,,TRUE,,,,,,,,,,,,FALSE,,,,TRUE,,,,,,,,,,,,,,,,,TRUE,,,,FALSE,,,,,,,,,,,,,,,TRUE,,,,,,,,,,,,,,,,,,,,,,,,,,,,,,,,,,,,,,,,,,,,,,,,,,,,,,,,,,,,,,,,TRUE,,,,,,,,,,,,,,,,,,,,,,,,,,,,,,,,,,,,,,,,,,,,,,,,,,,,,,,,,,,,,,,,,,"Av. Gov. José Malcher, 592 - Nazaré, Belém - PA, 66040-280, Brazil",,,Hostel,Espresso bar,Restaurant,,,,,,,,Hostel,15463847142521450986,Belém,BR,,0x92a48e9aa36c0001:0xd69a9f0b8eee31ea,,,/g/11ft3p9_3s,,-1.4516567,-48.4881952,,Nazaré,,,,,,,,,,,,,,,,,,,,,,,,,,,,,,,,,,,,FALSE,+55 91 98727-2421,5.59199E+12,ChIJAQBso5qOpJIR6jHujgufmtY,,,,,,,,,,,"GGX6+8P Nazaré, Belém - State of Pará, Brazil",,,,,,,,,,,,,,,,,,,,,,,,,,,,,,,,,,,,,,,,,,,,,,,,,,,,,,,,,,,,,,,,,,,,,,,,,,,,,,,,,,,,,,,,,,,,,,,,,,,,,,,,,,,,,,,,,,,,,,,,,,,,,,,,,,,,,,,,,,,,,,,,,,,,,,,,,,,,,,,,,,,,,,,,,,,,,,,,,,,,,,,,,,,,,,,,,,,,,,,,,,,,,,,,,,,,,,,,,,,,,,,,,,,,,,,,,,,,,,,,,,,,,,,,,,,,,,,,,,,,,,,,,,,,,66040-280,,3,,91,63,18,5,3,2,5,hosting,5,sleep,4,structure,3,photography,3,receptionist,3,attention,3,smell,2,cobwebs,2,shower cabin,2,reality,PA,"Av. Gov. José Malcher, 592",,FALSE,Antonieta Hostel,Antonieta Hostel,4.5,https://www.google.com/maps/search/?api=1&query=Antonieta%20Hostel&query_place_id=ChIJAQBso5qOpJIR6jHujgufmtY,http://www.hostelantonieta.com/
,,,,,,,,,TRUE,,,,TRUE,,,,,,,,,TRUE,,,,,,,,,,,,,FALSE,,,FALSE,,,,,,,,,,,,,,,,,,,,,,,,,,,,,,,,,,,,,,,,,,,,,,,,,,,,,,,,,,,,,,,,,,,,,,,,,,,,,,,,,,,,,,,,,,,,,,,,,,,,,,,,,,,,,,,,,,,,,,,,,,,,,,,,,,,,,,,,,,,,,,,,,,,,,,,,,,,,,"R. Sen. Manoel Barata, 532 - Campina, Belém - PA, 66010-145, Brazil",,,Hotel,,,,,,,,,,Hotel,16822262140969558940,Belém,BR,"Casual hotel with simply decorated rooms, in addition to complimentary breakfast & a guest lounge.",0x92a48e939dc55e77:0xe974ae49fefe239c,,,/g/11fy_5nq15,,-1.45185,-48.4988199,,Campina,,,,,,,,,,,,,,,,,,,,,,,,,,,,,,,,,,,,FALSE,+55 91 3241-3011,5.59132E+11,ChIJd17FnZOOpJIRnCP-_kmudOk,1,Lodging,,,,,,,,,"GGX2+7F Campina, Belém - State of Pará, Brazil",,,,,,,,,,,,,,,,,,,,,,,,,,,,,,,,,,,,,,,,,,,,,,,,,,,,,,,,,,,,,,,,,,,,,,,,,,,,,,,,,,,,,,,,,,,,,,,,,,,,,,,,,,,,,,,,,,,,,,,,,,,,,,,,,,,,,,,,,,,,,,,,,,,,,,,,,,,,,,,,,,,,,,,,,,,,,,,,,,,,,,,,,,,,,,,,,,,,,,,,,,,,,,,,,,,,,,,,,,,,,,,,,,,,,,,,,,,,,,,,,,,,,,,,,,,,,,,,,,,,,,,,,,,,,66010-145,,19,,149,83,35,11,16,4,5,parking,4,ver-o-peso,4,shopping center,4,point,3,benefit–cost ratio,3,coffee,2,host,2,shower,2,mold,2,tourist,PA,"R. Sen. Manoel Barata, 532",,FALSE,Go Inn Belem,Go Inn Belem,4.2,https://www.google.com/maps/search/?api=1&query=Go%20Inn%20Belem&query_place_id=ChIJd17FnZOOpJIRnCP-_kmudOk,
,,,,,,,,,,,,,,,,,,,,,,,,,,,,,,,,,,,,,,,,,,,,,,,,,,,,,,,,,,,,,,,,,,,,,,,,,,,,,,,,,,,,,,,,,,,,,,,,,,,,,,,,,,,,,,,,,,,,,,,,,,,,,,,,,,,,,,,,,,,,,,,,,,,,,,,,,,,,,,,,,,,,,,,,,,,,,,,,,,,,,,,,,,,,,,,,,,,"Ed. Palladium Center - Av. Gov. José Malcher, 815 - Lj8 Térreo - Nazaré, Belém - PA, 66053-260, Brazil",,,Hotel,,,,,,,,,,Hotel,18206966754850577402,Belém,BR,,0x92a48ebd325ca44f:0xfcac23cc84371bfa,,,/g/1tql5vvf,Condomínio Palladium Center,-1.450603,-48.4864964,,Nazaré,,,,,,,,,,,,,,,,People also search for,0,REINATUR TURISMO LTDA,0,People also search for,4,Companhia Administradora de Hotéis e Turismo Comtur,4,People also search for,0,Igatur Viagens e Turismo,0,People also search for,3,International HG Consultoria e Turismo,3.7,People also search for,2,J.A Turismo,5,FALSE,+55 91 4006-3850,5.5914E+11,ChIJT6RcMr2OpJIR-hs3hMwjrPw,,,,,,,,,,,"GGX7+QC Nazaré, Belém - State of Pará, Brazil",,,,,,,,,,,,,,,,,,,,,,,,,,,,,,,,,,,,,,,,,,,,,,,,,,,,,,,,,,,,,,,,,,,,,,,,,,,,,,,,,,,,,,,,,,,,,,,,,,,,,,,,,,,,,,,,,,,,,,,,,,,,,,,,,,,,,,,,,,,,,,,,,,,,,,,,,,,,,,,,,,,,,,,,,,,,,,,,,,,,,,,,,,,,,,,,,,,,,,,,,,,,,,,,,,,,,,,,,,,,,,,,,,,,,,,,,,,,,,,,,,,,,,,,,,,,,,,,,,,,,,,,,,,,,66053-260,,72,,2,0,0,0,2,0,,,,,,,,,,,,,,,,,,,,,PA,"Ed. Palladium Center - Av. Gov. José Malcher, 815 - Lj8 Térreo",,FALSE,Iara Turismo,IARA Turismo,3,https://www.google.com/maps/search/?api=1&query=IARA%20Turismo&query_place_id=ChIJT6RcMr2OpJIR-hs3hMwjrPw,
,,,,,,,,,,,,,,,,,,,,,,,,,,,,,,,,,,,,,,,,,,,,,,,,,,,,,,,,,,,,,,,,,,,,,,,,,,,,,,,,,,,,,,,,,,,,,,,,,,,,,,,,,,,,,,,,,,,,,,,,,,,,,,,,,,,,,,,,,,,,,,,,,,,,,,,,,,,,,,,,,,,,,,,,,,,,,,,,,,,,,,,,,,,,,,,,,,,"Av. Pedro Álvares Cabral - Marambaia, Belém - PA, 66615-860, Brazil",,,Hotel,,,,,,,,,,Hotel,10210469278599782366,Belém,BR,,0x92a48bde51ea8b49:0x8db2dfb624fa9fde,,,/g/11f15m9q7c,,-1.4140936,-48.4758394,,Marambaia,,,,,,,,,,,,,,,,People also search for,0,Casa Feliz,0,People also search for,1,Pousada da naza,5,People also search for,13,Pousada Acaso,4.5,People also search for,0,Castelo Princesinha Creche Hotel,0,People also search for,0,Vó Daluz,0,FALSE,,,ChIJSYvqUd6LpJIR3p_6JLbfso0,,,,,,,,,,,"HGPF+9M Marambaia, Belém - State of Pará, Brazil",,,,,,,,,,,,,,,,,,,,,,,,,,,,,,,,,,,,,,,,,,,,,,,,,,,,,,,,,,,,,,,,,,,,,,,,,,,,,,,,,,,,,,,,,,,,,,,,,,,,,,,,,,,,,,,,,,,,,,,,,,,,,,,,,,,,,,,,,,,,,,,,,,,,,,,,,,,,,,,,,,,,,,,,,,,,,,,,,,,,,,,,,,,,,,,,,,,,,,,,,,,,,,,,,,,,,,,,,,,,,,,,,,,,,,,,,,,,,,,,,,,,,,,,,,,,,,,,,,,,,,,,,,,,,66615-860,,31,,42,23,9,7,2,1,,,,,,,,,,,,,,,,,,,,,PA,Av. Pedro Álvares Cabral,,FALSE,Bar E Pousada Casal Feliz,Bar E Pousada Casal Feliz,4,https://www.google.com/maps/search/?api=1&query=Bar%20E%20Pousada%20Casal%20Feliz&query_place_id=ChIJSYvqUd6LpJIR3p_6JLbfso0,
,,,,,,,,,,,,,,,,,,,,,,,,,,,,,,,,,,,,,,,,,,,,,,,,,,,,,,,,,,,,,,,,,,,,,,,,,,,,,,,,,,,,,,,,,,,,,,,,,,,,,,,,,,,,,,,,,,,,,,,,,,,,,,,,,,,,,,,,,,,,,,,,,,,,,,,,,,,,,,,,,,,,,,,,,,,,,,,,,,,,,,,,,,,,,,,,,,,"230 KM 5, Av. Transamazônica, 4 - Val-de-Cães, Belém - PA, Brazil",,,Hotel,,,,,,,,,,Hotel,2562907876296007760,Belém,BR,,0x92a48a2ce910ae2f:0x2391472276aca050,,,/g/11ddx6f17j,,-1.3997365,-48.4720518,,Val-de-Cães,,,,,,,,,,,,,,,,People also search for,59,Hotel Amazônica Belém,4,People also search for,82,Hotel Amazônia Belém,4.1,People also search for,71,Casamazonia Brasil - Belém,5,People also search for,15,Hotel Residencial Amazonas,4.1,People also search for,145,Hotel Portas da Amazônia,4.2,FALSE,,,ChIJL64Q6SyKpJIRUKCsdiJHkSM,,,,,,,,,,,"JG2H+45 Val-de-Cães, Belém - State of Pará, Brazil",,,,,,,,,,,,,,,,,,,,,,,,,,,,,,,,,,,,,,,,,,,,,,,,,,,,,,,,,,,,,,,,,,,,,,,,,,,,,,,,,,,,,,,,,,,,,,,,,,,,,,,,,,,,,,,,,,,,,,,,,,,,,,,,,,,,,,,,,,,,,,,,,,,,,,,,,,,,,,,,,,,,,,,,,,,,,,,,,,,,,,,,,,,,,,,,,,,,,,,,,,,,,,,,,,,,,,,,,,,,,,,,,,,,,,,,,,,,,,,,,,,,,,,,,,,,,,,,,,,,,,,,,,,,,,,26,,1,1,0,0,0,0,,,,,,,,,,,,,,,,,,,,,PA,"230 KM 5, Av. Transamazônica, 4",,FALSE,Amazônia Palacce Hotel,Amazônia Palacce Hotel,5,https://www.google.com/maps/search/?api=1&query=Amaz%C3%B4nia%20Palacce%20Hotel&query_place_id=ChIJL64Q6SyKpJIRUKCsdiJHkSM,
,,,,,,,,,TRUE,,,,,,TRUE,,,,,,,TRUE,,,,,,TRUE,,,,,,,,,,,,,,,,,FALSE,,TRUE,,,,,,,,,,,,,,,FALSE,,,,,,,,TRUE,,,,,FALSE,,,,,,,,,,,,FALSE,,,,,,,,,,,,,,,,,,,,,,,,,,,,,,,,,,,,,,,,,,TRUE,,,,,,,,,,,,,,,,,,,,,,,,,,,,,,,,,,,,,,,,,,,,,,,,,,,,,,,,,,,,,,,,,,"Av. Pedro Álvares Cabral, 4765 - Sacramenta, Belém - PA, 66123-000, Brazil",,,Strip club,Cocktail bar,Night club,Restaurant,,,,,,,Love hotel,16189718577518329139,Belém,BR,,0x92a48bdc17689b01:0xe0ad6f44fa85bd33,,,/g/11bx5p8nnn,,-1.412492,-48.4731093,,Sacramenta,,,,,,,,,,,,,,,,,,,,,,,,,,,,,,,,,,,,FALSE,+55 91 3233-2668,5.59132E+11,ChIJAZtoF9yLpJIRM72F-kRvreA,,,,,,,,,,,"HGQG+2Q Sacramenta, Belém - State of Pará, Brazil",,,,,,,,,,,,,,,,,,,,,,,,,,,,,,,,,,,,,,,,,,,,,,,,,,,,,,,,,,,,,,,,,,,,,,,,,,,,,,,,,,,,,,,,,,,,,,,,,,,,,,,,,,,,,,,,,,,,,,,,,,,,,,,,,,,,,,,,,,,,,,,,,,,,,,,,,,,,,,,,,,,,,,,,,,,,,,,,,,,,,,,,,,,,,,,,,,,,,,,,,,,,,,,,,,,,,,,,,,,,,,,,,,,,,,,,,,,,,,,,,,,,,,,,,,,,,,,,,,,,,,,,,,,,,66123-000,,15,,1726,1126,265,96,167,72,21,entertainment,18,suite,16,environment,12,beer,12,pool,6,adults,5,promotion,5,privacy,5,cost,5,pay,PA,"Av. Pedro Álvares Cabral, 4765",,FALSE,Locomotiva Boate E Motel,Locomotiva Boate e Motel,4.3,https://www.google.com/maps/search/?api=1&query=Locomotiva%20Boate%20e%20Motel&query_place_id=ChIJAZtoF9yLpJIRM72F-kRvreA,http://www.alocomotiva.com.br/
,,,,,,,,,TRUE,,,,TRUE,,,,,,,,,,,,FALSE,,,,TRUE,,,,,,,,,,,,,,,,,FALSE,,,,,,TRUE,,,,,,FALSE,,,,,,,,,,,,,,,,,,,,,,,,,,,,,,,,,,,,,,,,,,,,,,,,,,,,,,,,,,,,,,,,,,,,,,,,,,,,,,,,,,,,,,,,,,,,,,,,,,,,,,,,,,,,,,,,,,,,,,,,,,,,,,,,,,,,,,,,,"Passagem Lindolfo Collor, 118 - Marco, Belém - PA, 66095-310, Brazil",,,Holiday apartment rental,,,,,,,,,,Hostel,13198289362445877602,Belém,BR,,0x92a48d534646b8fb:0xb729be3f63674162,,,/g/11fqpbf2__,,-1.4307891,-48.4533449,,Marco,,,,,,,,,,,,,,,,,,,,,,,,,,,,,,,,,,,,FALSE,+55 91 98639-4646,5.59199E+12,ChIJ-7hGRlONpJIRYkFnYz--Kbc,,,,,,,,,,,"HG9W+MM Marco, Belém - State of Pará, Brazil",,,,,,,,,,,,,,,,,,,,,,,,,,,,,,,,,,,,,,,,,,,,,,,,,,,,,,,,,,,,,,,,,,,,,,,,,,,,,,,,,,,,,,,,,,,,,,,,,,,,,,,,,,,,,,,,,,,,,,,,,,,,,,,,,,,,,,,,,,,,,,,,,,,,,,,,,,,,,,,,,,,,,,,,,,,,,,,,,,,,,,,,,,,,,,,,,,,,,,,,,,,,,,,,,,,,,,,,,,,,,,,,,,,,,,,,,,,,,,,,,,,,,,,,,,,,,,,,,,,,,,,,,,,,,66095-310,,13,,49,40,5,2,2,0,3,receptionist,3,team,3,environment,3,note,2,hosting,2,clothes,2,feel,2,certainty,,,,,PA,"Passagem Lindolfo Collor, 118",,FALSE,Bangalô Belém,Bangalô Belém,4.7,https://www.google.com/maps/search/?api=1&query=Bangal%C3%B4%20Bel%C3%A9m&query_place_id=ChIJ-7hGRlONpJIRYkFnYz--Kbc,http://www.hotelbangalobelem.com.br/
,,,,,,,,,,,,,,,,,,,,,,,,,,,,,,,,,,,,,,,,,,,,,,,,,,,,,,,,,,,,,,,,,,,,,,,,,,,,,,,,,,,,,,,,,,,,,,,,,,,,,,,,,,,,,,,,,,,,,,,,,,,,,,,,,,,,,,,,,,,,,,,,,,,,,,,,,,,,,,,,,,,,,,,,,,,,,,,,,,,,,,,,,,,,,,,,,,,"Av. Duque de Caxias, 1360 - Marco, Belém - PA, 66093-030, Brazil",,,Hotel,,,,,,,,,,Hostel,12514502959936630345,Belém,BR,,0x92a48b5efc45989b:0xadac72232b98ee49,,,/g/11ryrdyf06,,-1.4270364,-48.4597439,,Marco,,,,,,,,,,,,,,,,,,,,,,,,,,,,,,,,,,,,FALSE,+55 91 99287-1241,5.59199E+12,ChIJm5hF_F6LpJIRSe6YKyNyrK0,,,,,,,,,,,"HGFR+54 Marco, Belém - State of Pará, Brazil",,,,,,,,,,,,,,,,,,,,,,,,,,,,,,,,,,,,,,,,,,,,,,,,,,,,,,,,,,,,,,,,,,,,,,,,,,,,,,,,,,,,,,,,,,,,,,,,,,,,,,,,,,,,,,,,,,,,,,,,,,,,,,,,,,,,,,,,,,,,,,,,,,,,,,,,,,,,,,,,,,,,,,,,,,,,,,,,,,,,,,,,,,,,,,,,,,,,,,,,,,,,,,,,,,,,,,,,,,,,,,,,,,,,,,,,,,,,,,,,,,,,,,,,,,,,,,,,,,,,,,,,,,,,,66093-030,$25 ,10,,47,27,9,9,1,1,5,kitchen,3,booking,3,communication,2,air,2,service,2,receptionist,2,travel,2,price,,,,,PA,"Av. Duque de Caxias, 1360",,FALSE,Duque Hostel,Duque Hostel,3.9,https://www.google.com/maps/search/?api=1&query=Duque%20Hostel&query_place_id=ChIJm5hF_F6LpJIRSe6YKyNyrK0,https://www.instagram.com/duqhostel
,,,,,,,,,,,,,,,,,,,,,,,,,,,,,,,,,,,,,,,,,,,,,,,,,,,,,,,,,,,,,,,,,,,,,,,,,,,,,,,,,,,,,,,,,,,,,,,,,,,,,,,,,,,,,,,,,,,,,,,,,,,,,,,,,,,,,,,,,,,,,,,,,,,,,,,,,,,,,,,,,,,,,,,,,,,,,,,,,,,,,,,,,,,,,,,,,,,"Av. Santos Dumont, 23 A - Maracangalha, Belém - PA, 66110-760, Brazil",,,Hotel,,,,,,,,,,Hotel,5216531354980232585,Belém,BR,,0x92a48a2b52825085:0x4864d7a10548ad89,,,/g/11f24w4bcc,,-1.4006746,-48.4742563,,Maracangalha,,,,,,,,,,,,,,,,,,,,,,,,,,,,,,,,,,,,FALSE,+55 91 98551-2840,5.59199E+12,ChIJhVCCUiuKpJIRia1IBaHXZEg,2,Food & Drink,3,Shopping,2,Services,1,Health & Beauty,,,"HGXG+P7 Maracangalha, Belém - State of Pará, Brazil",,,,,,,,,,,,,,,,,,,,,,,,,,,,,,,,,,,,,,,,,,,,,,,,,,,,,,,,,,,,,,,,,,,,,,,,,,,,,,,,,,,,,,,,,,,,,,,,,,,,,,,,,,,,,,,,,,,,,,,,,,,,,,,,,,,,,,,,,,,,,,,,,,,,,,,,,,,,,,,,,,,,,,,,,,,,,,,,,,,,,,,,,,,,,,,,,,,,,,,,,,,,,,,,,,,,,,,,,,,,,,,,,,,,,,,,,,,,,,,,,,,,,,,,,,,,,,,,,,,,,,,,,,,,,66110-760,,17,,130,80,29,6,12,3,5,price,2,legal,2,cost,,,,,,,,,,,,,,,PA,"Av. Santos Dumont, 23 A",Maracangalha,FALSE,Hotel Maracangalha,Hotel Maracangalha,4.3,https://www.google.com/maps/search/?api=1&query=Hotel%20Maracangalha&query_place_id=ChIJhVCCUiuKpJIRia1IBaHXZEg,
,,,,,,,,,TRUE,,,,TRUE,,,,,,,,,,TRUE,,,,,TRUE,,,,,,,,,,,,,,,,,FALSE,,TRUE,,,,,,,,,,,,,,TRUE,,,,,,TRUE,,,,,,,,,,,,,TRUE,,,,,,,,TRUE,,,,,,,,,,TRUE,,FALSE,,,,,,FALSE,,,,,,TRUE,,,,,,,,,,,,,,,,,,,,,,,,,,,,,,,,,,,,,,,,,,,,,,,,,,,,,,,,,,,,,,,,,,,,,,,,,,,,,,,,,,,"Tv. Alferes Costa, 2716 - Pedreira, Belém - PA, 66083-108, Brazil",,,Hotel,Extended stay hotel,Inn,,,,,,,,Hotel,9256763256627409364,Belém,BR,Simple accommodations in a casual hotel offering meeting rooms & breakfast.,0x92a48b8cc064ab3b:0x8076a123312a31d4,,"This relaxed hotel in a commercial area is 2 km from Belém Airport, 3 km from Estádio da Curuzú and 4 km from Museu Paraense Emílio Goeldi.
 The straightforward rooms offer Wi-Fi, flat-screen TVs and desks, as well as minibars.
 There are meeting rooms, as well as event space. Parking is available, as is breakfast.",/g/1s04hb1nl,,-1.4251875,-48.4580646,,Pedreira,,,,,,,,,,,,,,,,,,,,,,,,,,,,,,,,,,,,FALSE,+55 91 3355-7372,5.59134E+11,ChIJO6tkwIyLpJIR1DEqMSOhdoA,,,,,,,,,,,"HGFR+WQ Pedreira, Belém - State of Pará, Brazil",,,,,,,,,,,,,,,,,,,,,,,,,,,,,,,,,,,,,,,,,,,,,,,,,,,,,,,,,,,,,,,,,,,,,,,,,,,,,,,,,,,,,,,,,,,,,,,,,,,,,,,,,,,,,,,,,,,,,,,,,,,,,,,,,,,,,,,,,,,,,,,,,,,,,,,,,,,,,,,,,,,,,,,,,,,,,,,,,,,,,,,,,,,,,,,,,,,,,,,,,,,,,,,,,,,,,,,,,,,,,,,,,,,,,,,,,,,,,,,,,,,,,,,,,,,,,,,,,,,,,,,,,,,,,66083-108,$21 ,8,,2312,903,617,170,475,147,39,airport,32,benefit–cost ratio,22,wall,13,shower cabin,12,belém,11,hosting,10,ac power socket,7,tapioca,7,cable,6,shower,PA,"Tv. Alferes Costa, 2716",,FALSE,Rede Andrade Hangar Hotel,Rede Andrade Hangar Hotel,3.8,https://www.google.com/maps/search/?api=1&query=Rede%20Andrade%20Hangar%20Hotel&query_place_id=ChIJO6tkwIyLpJIR1DEqMSOhdoA,http://www.hotelhangar.com.br/
,,,,,,,,,TRUE,,,,TRUE,,,,,,,,,,,FALSE,,,,,,,,,TRUE,,,,TRUE,,,,,,,,,,,,,,,,,FALSE,,,,,,,,,FALSE,,,,,TRUE,,,,,,,,TRUE,,,,,,,,,,,,,,,,TRUE,,,,,,,,,,,,,,,,,,,,,,,,,,,,,,,,,,,,,,,,,,,,,,,,,,,,,,,,,,,,,,,,,,,,,,,,,,,,,,,,,,,,,,,,,,,,,,,,,,,,,,,"R. Manaus, 41 - Val-de-Cães, Belém - PA, 66617-030, Brazil",,,Hotel,Guest house,,,,,,,,,Hotel,12319416695154418606,Belém,BR,"Basic rooms, some with balconies, in a casual hotel offering a garden courtyard with a pool/hot tub.",0x92a48b8231dbbed3:0xaaf75c3692b223ae,,"Set 2 km from Val de Cans International Airport, this informal hotel in an area with a handful of casual eateries is 12 km from Belém and 15 km from Cruzeiro Beach along San Antonio Bay.
 Unassuming rooms come with Wi-Fi, TVs and minifridges. Upgraded rooms feature balconies.
 Breakfast is available. Amenities include a gym and a sauna, plus a cozy garden courtyard offering seating, a hot tub and an outdoor pool.",/g/11j8p2l5cy,,-1.3981999,-48.4730817,,Val-de-Cães,,,,,,,,,,,,,,,,,,,,,,,,,,,,,,,,,,,,FALSE,+55 91 98449-4042,5.59198E+12,ChIJ077bMYKLpJIRriOykjZc96o,,,,,,,,,,,"JG2G+PQ Val-de-Cães, Belém - State of Pará, Brazil",,,,,,,,,,,,,,,,,,,,,,,,,,,,,,,,,,,,,,,,,,,,,,,,,,,,,,,,,,,,,,,,,,,,,,,,,,,,,,,,,,,,,,,,,,,,,,,,,,,,,,,,,,,,,,,,,,,,,,,,,,,,,,,,,,,,,,,,,,,,,,,,,,,,,,,,,,,,,,,,,,,,,,,,,,,,,,,,,,,,,,,,,,,,,,,,,,,,,,,,,,,,,,,,,,,,,,,,,,,,,,,,,,,,,,,,,,,,,,,,,,,,,,,,,,,,,,,,,,,,,,,,,,,,,66617-030,,9,,359,234,57,24,33,11,24,swimming pool,20,receptionist,10,elevator,6,area,6,sympathy,6,suitcase,5,sauna,5,storey,5,education,5,mold,PA,"R. Manaus, 41",,FALSE,Hotel Antiga Roma Aeroporto,HOTEL ANTIGA ROMA Aeroporto,4.3,https://www.google.com/maps/search/?api=1&query=HOTEL%20ANTIGA%20ROMA%20Aeroporto&query_place_id=ChIJ077bMYKLpJIRriOykjZc96o,
,,,,,,,,,TRUE,,,,TRUE,,,,,,,,,TRUE,,,,,,TRUE,,,,,,,,,,,,,,,,,FALSE,,TRUE,,,,,,,,,,,,,,,TRUE,,,,,,,,,,FALSE,,,TRUE,,,,,,,,,,,,FALSE,,,,,,,,,,,,,,,,,,,,,,,,,,,,,,,,,,,,,,,,,,,,,,,,,,,,,,,,,,,,,,,,,,,,,,,,,,,,,,,,,,,,,,,,,,,,,,,,,,,,,,,,,,,,"R. Um, 92 - Maracangalha, Belém - PA, 66110-000, Brazil",,,Hotel,,,,,,,,,,Hotel,3164071740936704262,Belém,BR,,0x92a48a29947cb8b5:0x2be90a7c02625106,,,/g/11f1211wvt,,-1.3965972,-48.47734,,Maracangalha,,,,,,,,,,,,,,,,,,,,,,,,,,,,,,,,,,,,FALSE,+55 91 98470-1062,5.59198E+12,ChIJtbh8lCmKpJIRBlFiAnwK6Ss,,,,,,,,,,,"JG3F+93 Maracangalha, Belém - State of Pará, Brazil",,,,,,,,,,,,,,,,,,,,,,,,,,,,,,,,,,,,,,,,,,,,,,,,,,,,,,,,,,,,,,,,,,,,,,,,,,,,,,,,,,,,,,,,,,,,,,,,,,,,,,,,,,,,,,,,,,,,,,,,,,,,,,,,,,,,,,,,,,,,,,,,,,,,,,,,,,,,,,,,,,,,,,,,,,,,,,,,,,,,,,,,,,,,,,,,,,,,,,,,,,,,,,,,,,,,,,,,,,,,,,,,,,,,,,,,,,,,,,,,,,,,,,,,,,,,,,,,,,,,,,,,,,,,,66110-000,,6,,150,46,20,35,37,12,8,smell,6,airport,5,mold,4,bath,3,shower,3,waste water,3,value,2,carrion,2,thigh,2,soap,PA,"R. Um, 92",,FALSE,Hotel Santa Clara,Hotel Santa Clara,3.2,https://www.google.com/maps/search/?api=1&query=Hotel%20Santa%20Clara&query_place_id=ChIJtbh8lCmKpJIRBlFiAnwK6Ss,https://hotel-pousada.com/
,,,,,,,,,TRUE,,,,,,TRUE,,,,,,,,TRUE,,,,,TRUE,,,,,,,,,,,,,,,,,FALSE,,TRUE,,,,,,,,,,,,,,TRUE,,,,,,,,,,TRUE,,,,,,,,,,,TRUE,,,,,,TRUE,,,,,,,,,,TRUE,,FALSE,,,,,,TRUE,,,TRUE,,,,,TRUE,,,,,,,,,,,,,,,,,,,,,,,,,,,,,,,,,,,,,,,,,,,,,,,,,,,,,,,,,,,,,,,,,,,,,,,,,,,,,,,,,"Av. Duque de Caxias, 1538 - Marco, Belém - PA, 66093-030, Brazil",,,Hotel,,,,,,,,,,Hotel,18269009685835635986,Belém,BR,"Unfussy rooms in a low-key hotel with a restaurant, a rooftop pool & free breakfast.",0x92a48bf358383623:0xfd888f8412675d12,,"Set in a contemporary glass-and-steel tower, this straightforward hotel is a 10-minute walk from the Bosque Rodrigues Alves Amazon Zoobotânico Garden and 5 km from Aeroporto Internacional de Belém/Val-de-Cans.
 Understated rooms have flat-screen TVs, free Wi-Fi and safes, along with minibars. Room service is available 24/7.
 Breakfast is complimentary. Other amenities include a casual restaurant, and a rooftop terrace with a pool, sunloungers, a hot tub and city views. Parking is available.",/g/1hhvt8dcc,,-1.4246261,-48.4580227,,Marco,,,,,,,,,,,,,,,,,,,,,,,,,,,,,,,,,,,,FALSE,+55 91 3182-3700,5.59132E+11,ChIJIzY4WPOLpJIREl1nEoSPiP0,3,Shopping,1,Recreations,6,Services,1,Health & Beauty,2,Other,"HGGR+4Q Marco, Belém - State of Pará, Brazil",,,,,,,,,,,,,,,,,,,,,,,,,,,,,,,,,,,,,,,,,,,,,,,,,,,,,,,,,,,,,,,,,,,,,,,,,,,,,,,,,,,,,,,,,,,,,,,,,,,,,,,,,,,,,,,,,,,,,,,,,,,,,,,,,,,,,,,,,,,,,,,,,,,,,,,,,,,,,,,,,,,,,,,,,,,,,,,,,,,,,,,,,,,,,,,,,,,,,,,,,,,,,,,,,,,,,,,,,,,,,,,,,,,,,,,,,,,,,,,,,,,,,,,,,,,,,,,,,,,,,,,,,,,,,66093-030,$42 ,5,,3368,1791,821,142,460,154,71,airport,48,structure,35,fitness center,21,belém,18,convention center,17,officials,15,outsourced,14,penthouse,14,hosting,12,benefit–cost ratio,PA,"Av. Duque de Caxias, 1538",,FALSE,Ibis Styles Belem Hangar,Ibis Styles Belem Hangar,4.2,https://www.google.com/maps/search/?api=1&query=Ibis%20Styles%20Belem%20Hangar&query_place_id=ChIJIzY4WPOLpJIREl1nEoSPiP0,https://all.accor.com/lien_externe.svlt?goto=fiche_hotel&code_hotel=B9K6&merchantid=seo-maps-BR-B9K6&sourceid=aw-cen&utm_medium=seo%20maps&utm_source=google%20Maps&utm_campaign=seo%20maps
,,,,,,,,,TRUE,,,,TRUE,,,,,,,,,,,,FALSE,,,,FALSE,,,,,,,,,,,,,,,TRUE,,,,,,,TRUE,,,,,,,,,,,,FALSE,,,TRUE,,,,,,,,,,,FALSE,,,,,,,,,,,,,,,,,,,,,,,,,,,,,,,,,,,,,,,,,,,,,,,,,,,,,,,,,,,,,,,,,,,,,,,,,,,,,,,,,,,,,,,,,,,,,,,,,,,,,,,,,,,,,,,,,,,,,,"R. Um, 22 - Maracangalha, Belém - PA, 66617-600, Brazil",,,Hotel,Guest house,Inn,,,,,,,,Hotel,7682190388120259847,Belém,BR,"Basic rooms in a low-key hotel offering an outdoor pool, an exercise room & free breakfast.",0x92a48a298a2e54d7:0x6a9c9f74bcd40d07,,"A kilometer from Val de Cans International Airport, this low-key hotel is 6 km from the Jardim Botânico da Amazônia Bosque Rodrigues Alves, and 9 km from the Theatro da Paz.
 Basic rooms come with free Wi-Fi and TVs, as well as ceiling fans, desks and en suite bathrooms. Upgraded rooms add air-conditioning.
 Complimentary breakfast is provided. Other amenities include an outdoor pool, an exercise room and a shared fridge.",/g/11r8t6xhp,,-1.39716,-48.4772024,,Maracangalha,,,,,,,,,,,,,,,,,,,,,,,,,,,,,,,,,,,,FALSE,+55 91 98331-7946,5.59198E+12,ChIJ11QuiimKpJIRBw3UvHSfnGo,,,,,,,,,,,"JG3F+44 Maracangalha, Belém - State of Pará, Brazil",,,,,,,,,,,,,,,,,,,,,,,,,,,,,,,,,,,,,,,,,,,,,,,,,,,,,,,,,,,,,,,,,,,,,,,,,,,,,,,,,,,,,,,,,,,,,,,,,,,,,,,,,,,,,,,,,,,,,,,,,,,,,,,,,,,,,,,,,,,,,,,,,,,,,,,,,,,,,,,,,,,,,,,,,,,,,,,,,,,,,,,,,,,,,,,,,,,,,,,,,,,,,,,,,,,,,,,,,,,,,,,,,,,,,,,,,,,,,,,,,,,,,,,,,,,,,,,,,,,,,,,,,,,,,66617-600,$23 ,4,,501,162,45,174,76,44,34,airport,33,receptionist,15,smell,12,bread,10,tvs,8,structure,8,roaches,5,taxi drivers,5,education,5,bedding,PA,"R. Um, 22",,FALSE,Hotel Spada,Hotel Spada,3,https://www.google.com/maps/search/?api=1&query=Hotel%20Spada&query_place_id=ChIJ11QuiimKpJIRBw3UvHSfnGo,
,,,,,,,,,TRUE,,,,TRUE,,,,,,,,,TRUE,,,,,,,,,,,TRUE,,,,TRUE,,,,,,,,,,,,,,,,TRUE,,,,,,,,,FALSE,,,,,,,,,,,TRUE,,,,,,,,TRUE,,,,,,FALSE,,,,,,,TRUE,,,,,,,,,,,,,,,,,,,,,,,,,,,,,,,,,,,,,,,,,,,,,,,,,,,,,,,,,,,,,,,,,,,,,,,,,,,,,,,,,,,,,,,,,,,,,,,,,,,,,"Av. Júlio César, 1777 - Val-de-Cães, Belém - PA, 66123-370, Brazil",,,Hotel,,,,,,,,,,Hotel,5126338316839102719,Belém,BR,"Simple quarters in a relaxed property with dining, a coffee shop & bar, plus a pool.",0x92a48bc128eb6907:0x47246989e5ab28ff,,"Set on 8 hectares of grounds and 2 km from Val de Cans International Airport, this relaxed hotel is 7 km from the 19th-century Theatro da Paz.
 Simply furnished rooms feature tiled floors, free Wi-Fi and flat-screen TVs, as well as stereos and minibars. Suites add sitting areas with pull-out sofas. Kids age 9 and under stays free with an adult. Room service is available 24/7.
 Freebies include breakfast and parking. There's also a coffee shop, a bar, and a casual restaurant serving regional cuisine. Other amenities include an outdoor pool, a furnished patio and a fishing pond.",/g/1tdryc_f,,-1.4024739,-48.4716341,,Val-de-Cães,,,,,,,,,,,,,,,,,,,,,,,,,,,,,,,,,,,,FALSE,+55 91 3210-2000,5.59132E+11,ChIJB2nrKMGLpJIR_yir5YlpJEc,1,Food & Drink,,,,,,,,,"HGXH+28 Val-de-Cães, Belém - State of Pará, Brazil",,,,,,,,,,,,,,,,,,,,,,,,,,,,,,,,,,,,,,,,,,,,,,,,,,,,,,,,,,,,,,,,,,,,,,,,,,,,,,,,,,,,,,,,,,,,,,,,,,,,,,,,,,,,,,,,,,,,,,,,,,,,,,,,,,,,,,,,,,,,,,,,,,,,,,,,,,,,,,,,,,,,,,,,,,,,,,,,,,,,,,,,,,,,,,,,,,,,,,,,,,,,,,,,,,,,,,,,,,,,,,,,,,,,,,,,,,,,,,,,,,,,,,,,,,,,,,,,,,,,,,,,,,,,,66123-370,$71 ,2,,1413,541,382,103,279,108,86,airport,45,swimming pool,37,receptionist,22,structure,21,tvs,14,mosquitoes,13,lake,10,education,6,options,5,hosting,PA,"Av. Júlio César, 1777",,FALSE,Hotel Vila Rica Belém,Hotel Vila Rica Belém,3.8,https://www.google.com/maps/search/?api=1&query=Hotel%20Vila%20Rica%20Bel%C3%A9m&query_place_id=ChIJB2nrKMGLpJIR_yir5YlpJEc,https://www.hoteisvilarica.com.br/
,,,,,,,,,TRUE,,,,TRUE,,,,,,,,,,,TRUE,,,,,,,,,,,FALSE,,TRUE,,,,,,,,,,,,,,,,TRUE,,,,,,,,,TRUE,,,,,,,TRUE,,,,,,,,,,,,FALSE,,,,FALSE,,,,,,,,,,FALSE,,,,,,,,,,,,,,,,,,,,,,,,,,,,,,,,,,,,,,,,,,,,,,,,,,,,,,,,,,,,,,,,,,,,,,,,,,,,,,,,,,,,,,,,,,,,,,,,,,,,"R. Viracopos, 13 - Maracangalha, Belém - PA, 66123-370, Brazil",,,Hotel,,,,,,,,,,Hotel,14239043522812384851,Belém,BR,"Down-to-earth rooms in a modest hotel offering a lobby lounge, plus parking, Wi-Fi & breakfast.",0x92a48a2b44ec262d:0xc59b3ea46e8f1653,,"This unassuming hotel is 2 km from Belém/Val de Cans-Júlio Cezar Ribeiro International Airport and 9 km from Ver-o-Peso, a vibrant market on the Guajará Bay waterfront.
 Featuring tile floors (some with ornate patterns) and air conditioning, the unpretentious rooms come with Wi-Fi, TVs and minifridges.
 There's a low-key lobby lounge. Breakfast and parking are available.",/g/1pt_368lw,,-1.3997599,-48.4751728,,Maracangalha,,,,,,,,,,,,,,,,,,,,,,,,,,,,,,,,,,,,FALSE,+55 91 3257-0531,5.59133E+11,ChIJLSbsRCuKpJIRUxaPbqQ-m8U,,,,,,,,,,,"JG2F+3W Maracangalha, Belém - State of Pará, Brazil",,,,,,,,,,,,,,,,,,,,,,,,,,,,,,,,,,,,,,,,,,,,,,,,,,,,,,,,,,,,,,,,,,,,,,,,,,,,,,,,,,,,,,,,,,,,,,,,,,,,,,,,,,,,,,,,,,,,,,,,,,,,,,,,,,,,,,,,,,,,,,,,,,,,,,,,,,,,,,,,,,,,,,,,,,,,,,,,,,,,,,,,,,,,,,,,,,,,,,,,,,,,,,,,,,,,,,,,,,,,,,,,,,,,,,,,,,,,,,,,,,,,,,,,,,,,,,,,,,,,,,,,,,,,,66123-370,,3,,731,333,173,48,138,39,52,airport,12,cost,11,AC,11,coffee,8,mini fridge,8,parking,8,shower,6,tvs,5,belém,5,education,PA,"R. Viracopos, 13",,FALSE,Hotel Val De Cans,Hotel Val de Cans,4,https://www.google.com/maps/search/?api=1&query=Hotel%20Val%20de%20Cans&query_place_id=ChIJLSbsRCuKpJIRUxaPbqQ-m8U,
,,,,,,,,,TRUE,,,,,,TRUE,,,,,,,TRUE,,,,,,TRUE,,,,,,,,,,,,,,,,,FALSE,,TRUE,,,,,,,,,,,,,,TRUE,,,,,,TRUE,,,,,,,,,,,,,TRUE,,,,,,,,,,,TRUE,,,,,,,TRUE,,FALSE,,,,,,FALSE,,,TRUE,,,,,TRUE,,,,,,,,,,,,,,,,,,,,,,,,,,,,,,,,,,,,,,,,,,,,,,,,,,,,,,,,,,,,,,,,,,,,,,,,,,,,,,,,,"Av. Júlio César, 1675 - Val-de-Cães, Belém - PA, 66613-010, Brazil",,,Hotel,,,,,,,,,,Hotel,2153215062864211064,Belém,BR,"Unfussy airport hotel offering a casual restaurant & a 24-hour bar, plus free Wi-Fi.",0x92a48bc0e6f20d8d:0x1de1c1b1030aac78,,"This straightforward airport hotel is 2 km from the Aeroporto de Belém-Brigadeiro Protásio de Oliveira and 3 km from the Hangar Centro de Convenções da Amazônia.
 The unfussy rooms offer free Wi-Fi, flat-screen TVs, minifridges and desks.
 There's a down-to-earth restaurant and a 24-hour bar. Parking is offered. A breakfast buffet is available for a fee.",/g/1tmcn9hf,,-1.4019215,-48.4717516,,Val-de-Cães,,,,,,,,,,,,,,,,,,,,,,,,,,,,,,,,,,,,FALSE,+55 91 3344-5650,5.59133E+11,ChIJjQ3y5sCLpJIReKwKA7HB4R0,1,Food & Drink,1,Services,,,,,,,"HGXH+67 Belém, State of Pará, Brazil",,,,,,,,,,,,,,,,,,,,,,,,,,,,,,,,,,,,,,,,,,,,,,,,,,,,,,,,,,,,,,,,,,,,,,,,,,,,,,,,,,,,,,,,,,,,,,,,,,,,,,,,,,,,,,,,,,,,,,,,,,,,,,,,,,,,,,,,,,,,,,,,,,,,,,,,,,,,,,,,,,,,,,,,,,,,,,,,,,,,,,,,,,,,,,,,,,,,,,,,,,,,,,,,,,,,,,,,,,,,,,,,,,,,,,,,,,,,,,,,,,,,,,,,,,,,,,,,,,,,,,,,,,,,,66613-010,$38 ,1,,2405,986,643,214,396,166,98,mold,32,hosting,24,pattern,18,shower cabin,14,humid,11,education,10,wall,9,countertops,8,customer complaints,7,shower,PA,"Av. Júlio César, 1675",Ibis,FALSE,Ibis Belém Aeroporto,ibis Belém Aeroporto,3.8,https://www.google.com/maps/search/?api=1&query=ibis%20Bel%C3%A9m%20Aeroporto&query_place_id=ChIJjQ3y5sCLpJIReKwKA7HB4R0,https://all.accor.com/lien_externe.svlt?goto=fiche_hotel&code_hotel=5631&merchantid=seo-maps-BR-5631&sourceid=aw-cen&utm_medium=seo%20maps&utm_source=google%20Maps&utm_campaign=seo%20maps
,,,,,,,,,,,,,,,,,,,,,,,,,,,,,,,,,,,,,,,,,,,,,,,,,,,,,,,,,,,,,,,,,,,,,,,,,,,,,,,,,,,,,,,,,,,,,,,,,,,,,,,,,,,,,,,,,,,,,,,,,,,,,,,,,,,,,,,,,,,,,,,,,,,,,,,,,,,,,,,,,,,,,,,,,,,,,,,,,,,,,,,,,,,,,,,,,,,"Tv. Primeira de Queluz - São Brás, Belém - PA, 66090-520, Brazil",,,Bed & breakfast,,,,,,,,,,Bed & breakfast,742784313394323971,Belém,BR,,0x92a48c3a4cf777b7:0xa4ee665c899e203,,,/g/11fr3xf3ss,,-1.4501534,-48.4654441,,São Brás,,,,,,,,,,,,,,,,,,,,,,,,,,,,,,,,,,,,FALSE,,,ChIJt3f3TDqMpJIRA-KZyGXmTgo,,,,,,,,,,,"GGXM+WR São Brás, Belém - State of Pará, Brazil",,,,,,,,,,,,,,,,,,,,,,,,,,,,,,,,,,,,,,,,,,,,,,,,,,,,,,,,,,,,,,,,,,,,,,,,,,,,,,,,,,,,,,,,,,,,,,,,,,,,,,,,,,,,,,,,,,,,,,,,,,,,,,,,,,,,,,,,,,,,,,,,,,,,,,,,,,,,,,,,,,,,,,,,,,,,,,,,,,,,,,,,,,,,,,,,,,,,,,,,,,,,,,,,,,,,,,,,,,,,,,,,,,,,,,,,,,,,,,,,,,,,,,,,,,,,,,,,,,,,,,,,,,,,,66090-520,,31,,14,6,4,0,2,2,,,,,,,,,,,,,,,,,,,,,PA,Tv. Primeira de Queluz,,FALSE,Pousada Sonho Meu,Pousada Sonho Meu,4,https://www.google.com/maps/search/?api=1&query=Pousada%20Sonho%20Meu&query_place_id=ChIJt3f3TDqMpJIRA-KZyGXmTgo,
,,,,,,,,,TRUE,,,,TRUE,,,,,,,,,TRUE,,,,,,,,,,,,,FALSE,,TRUE,,,,,,,,,,,,,,,,,TRUE,,,,,TRUE,,,,,,,,,,,,,TRUE,,,,,,,TRUE,,,,,,TRUE,,,,,,,,,,FALSE,,,,,,,,,,,,,,,,,,,,,,,,,,,,,,,,,,,,,,,,,,,,,,,,,,,,,,,,,,,,,,,,,,,,,,,,,,,,,,,,,,,,,,,,,,,,,,,,,,,,"R. Sen. Manoel Barata, 1357 - Reduto, Belém - PA, 66053-320, Brazil",,,Hotel,,,,,,,,,,Hotel,2249242942493672673,Belém,BR,,0x92a48e969cf0ee4f:0x1f36ea8a08e3c4e1,,,/g/1pycvp574,,-1.4474769,-48.4935268,,Reduto,,,,,,,,,,,,,,,,,,,,,,,,,,,,,,,,,,,,FALSE,+55 91 3225-0721,5.59132E+11,ChIJT-7wnJaOpJIR4cTjCIrqNh8,1,Health & Beauty,,,,,,,,,"HG34+2H Reduto, Belém - State of Pará, Brazil",,,,,,,,,,,,,,,,,,,,,,,,,,,,,,,,,,,,,,,,,,,,,,,,,,,,,,,,,,,,,,,,,,,,,,,,,,,,,,,,,,,,,,,,,,,,,,,,,,,,,,,,,,,,,,,,,,,,,,,,,,,,,,,,,,,,,,,,,,,,,,,,,,,,,,,,,,,,,,,,,,,,,,,,,,,,,,,,,,,,,,,,,,,,,,,,,,,,,,,,,,,,,,,,,,,,,,,,,,,,,,,,,,,,,,,,,,,,,,,,,,,,,,,,,,,,,,,,,,,,,,,,,,,,,66053-320,$23 ,18,,176,99,32,9,25,11,9,price,4,tvs,4,shopping center,4,stairs,3,lobby,2,estação das docas,2,ver-o-peso market,2,attractions,2,garage,2,cost,PA,"R. Sen. Manoel Barata, 1357",,FALSE,Veras Apart Hotel,Veras Apart Hotel,4.1,https://www.google.com/maps/search/?api=1&query=Veras%20Apart%20Hotel&query_place_id=ChIJT-7wnJaOpJIR4cTjCIrqNh8,
,,,,,,,,,,,,,,,,,,,,,,,,,,,,,,,,,,,,,,,,,,,,,,,,,,,,,,,,,,,,,,,,,,,,,,,,,,,,,,,,,,,,,,,,,,,,,,,,,,,,,,,,,,,,,,,,,,,,,,,,,,,,,,,,,,,,,,,,,,,,,,,,,,,,,,,,,,,,,,,,,,,,,,,,,,,,,,,,,,,,,,,,,,,,,,,,,,,"Tv. Primeira de Queluz, 213 - São Brás, Belém - PA, 66090-520, Brazil",,,Inn,,,,,,,,,,Inn,6796298607126767801,Belém,BR,,0x92a48c3a4b878891:0x5e514d932945e8b9,,,/g/11f1wfykt3,,-1.45018,-48.465295,,São Brás,,,,,,,,,,,,,,,,People also search for,14,Pousada Sonho Meu,4,People also search for,75,Hotel Sol,3.5,People also search for,385,Pousada Amarelinho,4.1,People also search for,3,Pousada Ritmus,4.3,,,,,FALSE,,,ChIJkYiHSzqMpJIRuehFKZNNUV4,,,,,,,,,,,"GGXM+WV São Brás, Belém - State of Pará, Brazil",,,,,,,,,,,,,,,,,,,,,,,,,,,,,,,,,,,,,,,,,,,,,,,,,,,,,,,,,,,,,,,,,,,,,,,,,,,,,,,,,,,,,,,,,,,,,,,,,,,,,,,,,,,,,,,,,,,,,,,,,,,,,,,,,,,,,,,,,,,,,,,,,,,,,,,,,,,,,,,,,,,,,,,,,,,,,,,,,,,,,,,,,,,,,,,,,,,,,,,,,,,,,,,,,,,,,,,,,,,,,,,,,,,,,,,,,,,,,,,,,,,,,,,,,,,,,,,,,,,,,,,,,,,,,66090-520,,29,,8,4,0,2,1,1,,,,,,,,,,,,,,,,,,,,,PA,"Tv. Primeira de Queluz, 213",,FALSE,Pousada Madrid,Pousada Madrid,3.4,https://www.google.com/maps/search/?api=1&query=Pousada%20Madrid&query_place_id=ChIJkYiHSzqMpJIRuehFKZNNUV4,
,,,,,,,,,TRUE,,,,,TRUE,,,,,,,,,,,FALSE,,,,,,TRUE,,,,,,,,,,,,,,,FALSE,,,,FALSE,,,,,,,,,,,,,,,,,,,,,,,,,,,,,,,,,,,,,,,,,,,,,,,,,,,,,,,,,,,,,,,,,,,,,,,,,,,,,,,,,,,,,,,,,,,,,,,,,,,,,,,,,,,,,,,,,,,,,,,,,,,,,,,,,,,,,,,,,,,,,,,,,"R. Tiradentes, 23 - Reduto, Belém - PA, 66053-330, Brazil",,,Bed & breakfast,,,,,,,,,,Bed & breakfast,18369839163708833738,Belém,BR,,0x92a48e922b5f07c7:0xfeeec7644dec7fca,,,/g/11bttfkz3k,,-1.4505707,-48.4939911,,Reduto,,,,,,,,,,,,,,,,,,,,,,,,,,,,,,,,,,,,FALSE,+55 91 3087-0330,5.59131E+11,ChIJxwdfK5KOpJIRyn_sTWTH7v4,,,,,,,,,,,"GGX4+QC Reduto, Belém - State of Pará, Brazil",,,,,,,,,,,,,,,,,,,,,,,,,,,,,,,,,,,,,,,,,,,,,,,,,,,,,,,,,,,,,,,,,,,,,,,,,,,,,,,,,,,,,,,,,,,,,,,,,,,,,,,,,,,,,,,,,,,,,,,,,,,,,,,,,,,,,,,,,,,,,,,,,,,,,,,,,,,,,,,,,,,,,,,,,,,,,,,,,,,,,,,,,,,,,,,,,,,,,,,,,,,,,,,,,,,,,,,,,,,,,,,,,,,,,,,,,,,,,,,,,,,,,,,,,,,,,,,,,,,,,,,,,,,,,66053-330,,34,,74,34,25,2,12,1,3,AC,3,price,2,tvs,2,cost,2,environment,,,,,,,,,,,PA,"R. Tiradentes, 23",,TRUE,Pousada Residência B&B,Pousada Residência B&B,4.2,https://www.google.com/maps/search/?api=1&query=Pousada%20Resid%C3%AAncia%20B%26B&query_place_id=ChIJxwdfK5KOpJIRyn_sTWTH7v4,
,,,,,,,,,,,,,,,,,,,,,,,,,,,,,,,,,,,,,,,,,,,,,,,,,,,,,,,,,,,,,,,,,,,,,,,,,,,,,,,,,,,,,,,,,,,,,,,,,,,,,,,,,,,,,,,,,,,,,,,,,,,,,,,,,,,,,,,,,,,,,,,,,,,,,,,,,,,,,,,,,,,,,,,,,,,,,,,,,,,,,,,,,,,,,,,,,,,"Alameda Dona Maria Leopoldina, 167 - Nazaré, Belém - PA, 66060-180, Brazil",,,Hostel,,,,,,,,,,Hostel,16203915268218191924,Belém,BR,,0x92a48f34cd952b1b:0xe0dfdf159cac8034,,,/g/11rgdvvjdk,,-1.4506072,-48.4815762,,Nazaré,,,,,,,,,,,,,,,,People also search for,2,Casa De Apoio Pôr-do-sol,5,People also search for,0,Casa de Apoio de Oriximiná,0,People also search for,3,CASA DE APOIO DE BREU BRANCO,4.3,People also search for,37,Phoênix casa de apoio,4.4,People also search for,12,Casa de apoio de Novo Repartimento,4.3,FALSE,,,ChIJGyuVzTSPpJIRNICsnBXf3-A,,,,,,,,,,,"GGX9+Q9 Nazaré, Belém - State of Pará, Brazil",,,,,,,,,,,,,,,,,,,,,,,,,,,,,,,,,,,,,,,,,,,,,,,,,,,,,,,,,,,,,,,,,,,,,,,,,,,,,,,,,,,,,,,,,,,,,,,,,,,,,,,,,,,,,,,,,,,,,,,,,,,,,,,,,,,,,,,,,,,,,,,,,,,,,,,,,,,,,,,,,,,,,,,,,,,,,,,,,,,,,,,,,,,,,,,,,,,,,,,,,,,,,,,,,,,,,,,,,,,,,,,,,,,,,,,,,,,,,,,,,,,,,,,,,,,,,,,,,,,,,,,,,,,,,66060-180,,29,,14,12,2,0,0,0,,,,,,,,,,,,,,,,,,,,,PA,"Alameda Dona Maria Leopoldina, 167",,FALSE,Casa De Apoio De Brasil Novo Noedson Carvalho De Pereira,Casa de Apoio de Brasil Novo Noedson Carvalho de Pereira,4.9,https://www.google.com/maps/search/?api=1&query=Casa%20de%20Apoio%20de%20Brasil%20Novo%20Noedson%20Carvalho%20de%20Pereira&query_place_id=ChIJGyuVzTSPpJIRNICsnBXf3-A,
,,,,,,,,,,,,,,,,,,,,,,,,,,,,,,,,,,,,,,,,,,,,,,,,,,,,,,,,,,,,,,,,,,,,,,,,,,,,,,,,,,,,,,,,,,,,,,,,,,,,,,,,,,,,,,,,,,,,,,,,,,,,,,,,,,,,,,,,,,,,,,,,,,,,,,,,,,,,,,,,,,,,,,,,,,,,,,,,,,,,,,,,,,,,,,,,,,,"Tv. Primeira de Queluz, 211 - Canudos, Belém - PA, 66090-520, Brazil",,,Bed & breakfast,Hotel,,,,,,,,,Bed & breakfast,15061045300470923640,Belém,BR,,0x92a48c3a3f108921:0xd10394e768a2c178,,,/g/1yfjv1lw7,,-1.4500453,-48.4652889,,Canudos,,,,,,,,,,,,,,,,,,,,,,,,,,,,,,,,,,,,FALSE,+55 91 98558-9813,5.59199E+12,ChIJIYkQPzqMpJIReMGiaOeUA9E,,,,,,,,,,,"GGXM+XV Canudos, Belém - State of Pará, Brazil",,,,,,,,,,,,,,,,,,,,,,,,,,,,,,,,,,,,,,,,,,,,,,,,,,,,,,,,,,,,,,,,,,,,,,,,,,,,,,,,,,,,,,,,,,,,,,,,,,,,,,,,,,,,,,,,,,,,,,,,,,,,,,,,,,,,,,,,,,,,,,,,,,,,,,,,,,,,,,,,,,,,,,,,,,,,,,,,,,,,,,,,,,,,,,,,,,,,,,,,,,,,,,,,,,,,,,,,,,,,,,,,,,,,,,,,,,,,,,,,,,,,,,,,,,,,,,,,,,,,,,,,,,,,,66090-520,,61,,27,14,1,4,7,1,,,,,,,,,,,,,,,,,,,,,PA,"Tv. Primeira de Queluz, 211",,FALSE,Pousada O Vermelhinho,Pousada o Vermelhinho,3.7,https://www.google.com/maps/search/?api=1&query=Pousada%20o%20Vermelhinho&query_place_id=ChIJIYkQPzqMpJIReMGiaOeUA9E,
,,,,,,,,,,,,,,,,,,,,,,,,,,,,,,,,,,,,,,,,,,,,,,,,,,,,,,,,,,,,,,,,,,,,,,,,,,,,,,,,,,,,,,,,,,,,,,,,,,,,,,,,,,,,,,,,,,,,,,,,,,,,,,,,,,,,,,,,,,,,,,,,,,,,,,,,,,,,,,,,,,,,,,,,,,,,,,,,,,,,,,,,,,,,,,,,,,,"Passagem Mario Rocha, 38 - Pedreira, Belém - PA, 66083-410, Brazil",,,Hostel,,,,,,,,,,Hostel,9536138359718396207,Belém,BR,,0x92a48bc1d58f654f:0x84572b5043fdc12f,,,/g/11v0kc996b,,-1.4212587,-48.4728736,,Pedreira,,,,,,,,,,,,,,,,,,,,,,,,,,,,,,,,,,,,FALSE,+55 91 99158-9784,5.59199E+12,ChIJT2WP1cGLpJIRL8H9Q1ArV4Q,,,,,,,,,,,"HGHG+FV Pedreira, Belém - State of Pará, Brazil",,,,,,,,,,,,,,,,,,,,,,,,,,,,,,,,,,,,,,,,,,,,,,,,,,,,,,,,,,,,,,,,,,,,,,,,,,,,,,,,,,,,,,,,,,,,,,,,,,,,,,,,,,,,,,,,,,,,,,,,,,,,,,,,,,,,,,,,,,,,,,,,,,,,,,,,,,,,,,,,,,,,,,,,,,,,,,,,,,,,,,,,,,,,,,,,,,,,,,,,,,,,,,,,,,,,,,,,,,,,,,,,,,,,,,,,,,,,,,,,,,,,,,,,,,,,,,,,,,,,,,,,,,,,,66083-410,,9,,3,3,0,0,0,0,,,,,,,,,,,,,,,,,,,,,PA,"Passagem Mario Rocha, 38",,FALSE,Hostel Inn Gileade,Hostel Inn Gileade,5,https://www.google.com/maps/search/?api=1&query=Hostel%20Inn%20Gileade&query_place_id=ChIJT2WP1cGLpJIRL8H9Q1ArV4Q,
,,,,,,,,,,,,,,,,,,,,,,,,,,,,,,,,,,,,,,,,,,,,,,,,,,,,,,,,,,,,,,,,,,,,,,,,,,,,,,,,,,,,,,,,,,,,,,,,,,,,,,,,,,,,,,,,,,,,,,,,,,,,,,,,,,,,,,,,,,,,,,,,,,,,,,,,,,,,,,,,,,,,,,,,,,,,,,,,,,,,,,,,,,,,,,,,,,,"Passagem Américo Pedroso, 17 - Cremação, Belém - PA, 66045-100, Brazil",,,Love hotel,Bed & breakfast,Guest house,,,,,,,,Love hotel,16308576463278155203,Belém,BR,,0x92a48e80ec55962d:0xe253b3e305fda5c3,,,/g/1tf440n8,,-1.4593144,-48.4818595,,Cremacao,,,,,,,,,,,,,,,,,,,,,,,,,,,,,,,,,,,,FALSE,+55 91 98134-7481,5.59198E+12,ChIJLZZV7ICOpJIRw6X9BeOzU-I,,,,,,,,,,,"GGR9+77 Cremacao, Belém - State of Pará, Brazil",,,,,,,,,,,,,,,,,,,,,,,,,,,,,,,,,,,,,,,,,,,,,,,,,,,,,,,,,,,,,,,,,,,,,,,,,,,,,,,,,,,,,,,,,,,,,,,,,,,,,,,,,,,,,,,,,,,,,,,,,,,,,,,,,,,,,,,,,,,,,,,,,,,,,,,,,,,,,,,,,,,,,,,,,,,,,,,,,,,,,,,,,,,,,,,,,,,,,,,,,,,,,,,,,,,,,,,,,,,,,,,,,,,,,,,,,,,,,,,,,,,,,,,,,,,,,,,,,,,,,,,,,,,,,66045-100,,60,,22,13,2,2,4,1,2,price,,,,,,,,,,,,,,,,,,,PA,"Passagem Américo Pedroso, 17",,FALSE,Pousada Portuguesa,Pousada Portuguesa,4,https://www.google.com/maps/search/?api=1&query=Pousada%20Portuguesa&query_place_id=ChIJLZZV7ICOpJIRw6X9BeOzU-I,https://www.facebook.com/Pousada-Portuguesa-287124108597910
,,,,,,,,,,,,,,,,,,,,,,,,,,,,,,,,,,,,,,,,,,,,,,,,,,,,,,,,,,,,,,,,,,,,,,,,,,,,,,,,,,,,,,,,,,,,,,,,,,,,,,,,,,,,,,,,,,,,,,,,,,,,,,,,,,,,,,,,,,,,,,,,,,,,,,,,,,,,,,,,,,,,,,,,,,,,,,,,,,,,,,,,,,,,,,,,,,,"Av. Dr. Freitas, 936 - Pedreira, Belém - PA, 66087-810, Brazil",,,Capsule hotel,,,,,,,,,,Bed & breakfast,18059751082964660919,Belém,BR,,0x92a48be9da27ca31:0xfaa11fece015b2b7,,,/g/11jk1hyls5,,-1.4155232,-48.4654954,,Pedreira,,,,,,,,,,,,,,,,,,,,,,,,,,,,,,,,,,,,FALSE,+55 91 98905-1077,5.59199E+12,ChIJMcon2umLpJIRt7IV4Owfofo,,,,,,,,,,,"HGMM+QR Pedreira, Belém - State of Pará, Brazil",,,,,,,,,,,,,,,,,,,,,,,,,,,,,,,,,,,,,,,,,,,,,,,,,,,,,,,,,,,,,,,,,,,,,,,,,,,,,,,,,,,,,,,,,,,,,,,,,,,,,,,,,,,,,,,,,,,,,,,,,,,,,,,,,,,,,,,,,,,,,,,,,,,,,,,,,,,,,,,,,,,,,,,,,,,,,,,,,,,,,,,,,,,,,,,,,,,,,,,,,,,,,,,,,,,,,,,,,,,,,,,,,,,,,,,,,,,,,,,,,,,,,,,,,,,,,,,,,,,,,,,,,,,,,66087-810,,10,,7,6,0,0,1,0,,,,,,,,,,,,,,,,,,,,,PA,"Av. Dr. Freitas, 936",,FALSE,Esperança Hostel,Esperança hostel,4.7,https://www.google.com/maps/search/?api=1&query=Esperan%C3%A7a%20hostel&query_place_id=ChIJMcon2umLpJIRt7IV4Owfofo,
,,,,,,,,,,,,,,,,,,,,,,,,,,,,,,,,,,,,,,,,,,,,,,,,,,,,,,,,,,,,,,,,,,,,,,,,,,,,,,,,,,,,,,,,,,,,,,,,,,,,,,,,,,,,,,,,,,,,,,,,,,,,,,,,,,,,,,,,,,,,,,,,,,,,,,,,,,,,,,,,,,,,,,,,,,,,,,,,,,,,,,,,,,,,,,,,,,,"Al. Lúcio Amaral, 77 - Nazaré, Belém - PA, 66040-240, Brazil",,,Guest house,Hotel,Inn,,,,,,,,Bed & breakfast,7563157377490113389,Belém,BR,,0x92a48f37317c1c7f:0x68f5bb9041ac536d,,,/g/11rg8wj770,,-1.4542522,-48.4796205,,Nazaré,,,,,,,,,,,,,,,,,,,,,,,,,,,,,,,,,,,,FALSE,+55 91 98277-3082,5.59198E+12,ChIJfxx8MTePpJIRbVOsQZC79Wg,,,,,,,,,,,"GGWC+75 Nazaré, Belém - State of Pará, Brazil",,,,,,,,,,,,,,,,,,,,,,,,,,,,,,,,,,,,,,,,,,,,,,,,,,,,,,,,,,,,,,,,,,,,,,,,,,,,,,,,,,,,,,,,,,,,,,,,,,,,,,,,,,,,,,,,,,,,,,,,,,,,,,,,,,,,,,,,,,,,,,,,,,,,,,,,,,,,,,,,,,,,,,,,,,,,,,,,,,,,,,,,,,,,,,,,,,,,,,,,,,,,,,,,,,,,,,,,,,,,,,,,,,,,,,,,,,,,,,,,,,,,,,,,,,,,,,,,,,,,,,,,,,,,,66040-240,,53,,19,13,4,1,1,0,,,,,,,,,,,,,,,,,,,,,PA,"Al. Lúcio Amaral, 77",,FALSE,Jardim Nazaré Hostel,Jardim Nazaré Hostel,4.5,https://www.google.com/maps/search/?api=1&query=Jardim%20Nazar%C3%A9%20Hostel&query_place_id=ChIJfxx8MTePpJIRbVOsQZC79Wg,
,,,,,,,,,,,,,,,,,,,,,,,,,,,,,,,,,,,,,,,,,,,,,,,,,,,,,,,,,,,,,,,,,,,,,,,,,,,,,,,,,,,,,,,,,,,,,,,,,,,,,,,,,,,,,,,,,,,,,,,,,,,,,,,,,,,,,,,,,,,,,,,,,,,,,,,,,,,,,,,,,,,,,,,,,,,,,,,,,,,,,,,,,,,,,,,,,,,"Av. Generalíssimo Deodoro, 1111 - Nazaré, Belém - PA, 66050-160, Brazil",,,Hotel,,,,,,,,,,Hostel,13009910914230124450,Belém,BR,,0x92a48fa4872a9db7:0xb48c7d0c0a29ffa2,,,/g/11qfpd4219,,-1.4505312,-48.482631,,Nazaré,,,,,,,,,,,,,,,,People also search for,250,Belém Hostel,3.9,People also search for,45,BellBella Hostel,4.9,People also search for,23,Princesa Hostel Belém,4.7,People also search for,0,Estala Bico Hostel,0,,,,,FALSE,,,ChIJt50qh6SPpJIRov8pCgx9jLQ,,,,,,,,,,,"GGX8+QW Nazaré, Belém - State of Pará, Brazil",,,,,,,,,,,,,,,,,,,,,,,,,,,,,,,,,,,,,,,,,,,,,,,,,,,,,,,,,,,,,,,,,,,,,,,,,,,,,,,,,,,,,,,,,,,,,,,,,,,,,,,,,,,,,,,,,,,,,,,,,,,,,,,,,,,,,,,,,,,,,,,,,,,,,,,,,,,,,,,,,,,,,,,,,,,,,,,,,,,,,,,,,,,,,,,,,,,,,,,,,,,,,,,,,,,,,,,,,,,,,,,,,,,,,,,,,,,,,,,,,,,,,,,,,,,,,,,,,,,,,,,,,,,,,66050-160,,52,,2,1,0,1,0,0,,,,,,,,,,,,,,,,,,,,,PA,"Av. Generalíssimo Deodoro, 1111",,FALSE,Hostel Bela Belém,Hostel Bela Belém,3,https://www.google.com/maps/search/?api=1&query=Hostel%20Bela%20Bel%C3%A9m&query_place_id=ChIJt50qh6SPpJIRov8pCgx9jLQ,
,,,,,,,,,,,,,,,,,,,,,,,,,,,,,,,,,,,,,,,,,,,,,,,,,,,,,,,,,,,,,,,,,,,,,,,,,,,,,,,,,,,,,,,,,,,,,,,,,,,,,,,,,,,,,,,,,,,,,,,,,,,,,,,,,,,,,,,,,,,,,,,,,,,,,,,,,,,,,,,,,,,,,,,,,,,,,,,,,,,,,,,,,,,,,,,,,,,"R. Gen. Henrique Gurjão, 236 - Nazaré, Belém - PA, 66053-360, Brazil",,,Hotel,,,,,,,,,,Hotel,4796010573727099550,Belém,BR,,0x92a48e9121dd75a7:0x428eda34da056a9e,,,/g/1ydnpx3jp,,-1.4506318,-48.4917796,,Nazaré,,,,,,,,,,,,,,,,People also search for,1,Norte Hotelaria Sa,5,People also search for,0,Chahoteis,0,People also search for,0,Casa Laura,0,People also search for,673,Rede Andrade Docas,4.1,People also search for,0,Renovação e charme,0,FALSE,,,ChIJp3XdIZGOpJIRnmoF2jTajkI,,,,,,,,,,,"GGX5+P7 Nazaré, Belém - State of Pará, Brazil",,,,,,,,,,,,,,,,,,,,,,,,,,,,,,,,,,,,,,,,,,,,,,,,,,,,,,,,,,,,,,,,,,,,,,,,,,,,,,,,,,,,,,,,,,,,,,,,,,,,,,,,,,,,,,,,,,,,,,,,,,,,,,,,,,,,,,,,,,,,,,,,,,,,,,,,,,,,,,,,,,,,,,,,,,,,,,,,,,,,,,,,,,,,,,,,,,,,,,,,,,,,,,,,,,,,,,,,,,,,,,,,,,,,,,,,,,,,,,,,,,,,,,,,,,,,,,,,,,,,,,,,,,,,,66053-360,,49,,2,0,1,0,1,0,,,,,,,,,,,,,,,,,,,,,PA,"R. Gen. Henrique Gurjão, 236",,FALSE,Hotel Le Massilia- Hotelaria E Serviços,Hotel Le Massilia- Hotelaria e Serviços,3.5,https://www.google.com/maps/search/?api=1&query=Hotel%20Le%20Massilia-%20Hotelaria%20e%20Servi%C3%A7os&query_place_id=ChIJp3XdIZGOpJIRnmoF2jTajkI,
,,,,,,,,,,,,,,,,,,,,,,,,,,,,,,,,,,,,,,,,,,,,,,,,,,,,,,,,,,,,,,,,,,,,,,,,,,,,,,,,,,,,,,,,,,,,,,,,,,,,,,,,,,,,,,,,,,,,,,,,,,,,,,,,,,,,,,,,,,,,,,,,,,,,,,,,,,,,,,,,,,,,,,,,,,,,,,,,,,,,,,,,,,,,,,,,,,,"Av. Gov. José Malcher, 512 - Nazaré, Belém - PA, 66035-100, Brazil",,,Hotel,,,,,,,,,,Hotel,8760150191058581630,Belém,BR,,0x92a48e855082290f:0x79924e2f7d1df87e,,,/g/1pty5xm4d,,-1.4519267,-48.4888489,,Nazaré,,,,,,,,,,,,,,,,People also search for,40,Norte Hotel Pará,3.7,People also search for,0,Norte Hotéis,0,People also search for,2,Hotel Le Massilia- Hotelaria e Serviços,3.5,People also search for,1,Apart-Norte Flats Belém Aeroporto Apart-Hotel Apartamentos por temporada Belém,1,People also search for,0,Chahoteis,0,FALSE,+55 91 3355-0015,5.59134E+11,ChIJDymCUIWOpJIRfvgdfS9Oknk,,,,,,,,,,,"GGX6+6F Nazaré, Belém - State of Pará, Brazil",,,,,,,,,,,,,,,,,,,,,,,,,,,,,,,,,,,,,,,,,,,,,,,,,,,,,,,,,,,,,,,,,,,,,,,,,,,,,,,,,,,,,,,,,,,,,,,,,,,,,,,,,,,,,,,,,,,,,,,,,,,,,,,,,,,,,,,,,,,,,,,,,,,,,,,,,,,,,,,,,,,,,,,,,,,,,,,,,,,,,,,,,,,,,,,,,,,,,,,,,,,,,,,,,,,,,,,,,,,,,,,,,,,,,,,,,,,,,,,,,,,,,,,,,,,,,,,,,,,,,,,,,,,,,66035-100,,44,,1,1,0,0,0,0,,,,,,,,,,,,,,,,,,,,,PA,"Av. Gov. José Malcher, 512",,FALSE,Norte Hotelaria Sa,Norte Hotelaria Sa,5,https://www.google.com/maps/search/?api=1&query=Norte%20Hotelaria%20Sa&query_place_id=ChIJDymCUIWOpJIRfvgdfS9Oknk,
,,,,,,,,,,,,,,,,,,,,,,,,,,,,,,,,,,,,,,,,,,,,,,,,,,,,,,,,,,,,,,,,,,,,,,,,,,,,,,,,,,,,,,,,,,,,,,,,,,,,,,,,,,,,,,,,,,,,,,,,,,,,,,,,,,,,,,,,,,,,,,,,,,,,,,,,,,,,,,,,,,,,,,,,,,,,,,,,,,,,,,,,,,,,,,,,,,,"R. Tiradentes, 23 - Reduto, Belém - PA, 66053-330, Brazil",,,Hotel,,,,,,,,,,Hostel,10982404048895356664,Belém,BR,,0x92a48f7685d37177:0x9869564b92382ef8,,,/g/11w9hl1wmz,,-1.4505707,-48.4939911,,Reduto,,,,,,,,,,,,,,,,,,,,,,,,,,,,,,,,,,,,FALSE,+55 91 98336-4977,5.59198E+12,ChIJd3HThXaPpJIR-C44kktWaZg,,,,,,,,,,,"GGX4+QC Reduto, Belém - State of Pará, Brazil",,,,,,,,,,,,,,,,,,,,,,,,,,,,,,,,,,,,,,,,,,,,,,,,,,,,,,,,,,,,,,,,,,,,,,,,,,,,,,,,,,,,,,,,,,,,,,,,,,,,,,,,,,,,,,,,,,,,,,,,,,,,,,,,,,,,,,,,,,,,,,,,,,,,,,,,,,,,,,,,,,,,,,,,,,,,,,,,,,,,,,,,,,,,,,,,,,,,,,,,,,,,,,,,,,,,,,,,,,,,,,,,,,,,,,,,,,,,,,,,,,,,,,,,,,,,,,,,,,,,,,,,,,,,,66053-330,,46,,1,1,0,0,0,0,,,,,,,,,,,,,,,,,,,,,PA,"R. Tiradentes, 23",,FALSE,República Hostel,REPÚBLICA HOSTEL,5,https://www.google.com/maps/search/?api=1&query=REP%C3%9ABLICA%20HOSTEL&query_place_id=ChIJd3HThXaPpJIR-C44kktWaZg,
,,,,,,,,,,,,,,,,,,,,,,,,,,,,,,,,,,,,,,,,,,,,,,,,,,,,,,,,,,,,,,,,,,,,,,,,,,,,,,,,,,,,,,,,,,,,,,,,,,,,,,,,,,,,,,,,,,,,,,,,,,,,,,,,,,,,,,,,,,,,,,,,,,,,,,,,,,,,,,,,,,,,,,,,,,,,,,,,,,,,,,,,,,,,,,,,,,,"R. Roso Danin, 24 - Canudos, Belém - PA, 66070-602, Brazil",,,Hotel,,,,,,,,,,Hotel,6403815567965587166,Belém,BR,,0x92a48dcc86620821:0x58deec5487b486de,,,/g/11y1lsd98p,,-1.4511964,-48.4663031,,Canudos,,,,,,,,,,,,,,,,People also search for,856,Hotel Trans Brasil,4,People also search for,0,Hotel,0,People also search for,167,Hospedagem,3.9,People also search for,2,Hotel de trânsito do DTCEA-BE,4.5,People also search for,2,Belem,5,FALSE,,,ChIJIQhihsyNpJIR3oa0h1Ts3lg,,,,,,,,,,,"GGXM+GF Canudos, Belém - State of Pará, Brazil",,,,,,,,,,,,,,,,,,,,,,,,,,,,,,,,,,,,,,,,,,,,,,,,,,,,,,,,,,,,,,,,,,,,,,,,,,,,,,,,,,,,,,,,,,,,,,,,,,,,,,,,,,,,,,,,,,,,,,,,,,,,,,,,,,,,,,,,,,,,,,,,,,,,,,,,,,,,,,,,,,,,,,,,,,,,,,,,,,,,,,,,,,,,,,,,,,,,,,,,,,,,,,,,,,,,,,,,,,,,,,,,,,,,,,,,,,,,,,,,,,,,,,,,,,,,,,,,,,,,,,,,,,,,,66070-602,,43,,1,0,0,0,1,0,,,,,,,,,,,,,,,,,,,,,PA,"R. Roso Danin, 24",,FALSE,Transbelem Hotel,Transbelem hotel,3,https://www.google.com/maps/search/?api=1&query=Transbelem%20hotel&query_place_id=ChIJIQhihsyNpJIR3oa0h1Ts3lg,
,,,,,,,,,TRUE,,,,,,,,FALSE,,,TRUE,,,,,,,,,,,,,,,,FALSE,,FALSE,,,,,,,,,,,,,,,,,,,,,,,,,,,,,,,,,,,,,,,,,,,,,,,,,,,,,,,,,,,,,,,,,,,,,,,,,,,,,,,,,,,,,,,,,,,,,,,,,,,,,,,,,,,,,,,,,,,,,,,,,,,,,,,,,,,,,,,,,,,,,,,,,,,,,,,,,,,,,"Av. Cipriano Santos, 52 - São Brás, Belém - PA, 66090-340, Brazil",,,Hotel,,,,,,,,,,Hotel,5734539135387826253,Belém,BR,,0x92a48c3bae0d9b11:0x4f952cf5f35df84d,,,/g/11btwv7mhs,,-1.4499458,-48.4657117,,São Brás,,,,,,,,,,,,,,,,,,,,,,,,,,,,,,,,,,,,FALSE,+55 91 2121-2143,5.59121E+11,ChIJEZsNrjuMpJIRTfhd8_UslU8,,,,,,,,,,,"HG2M+2P São Brás, Belém - State of Pará, Brazil",,,,,,,,,,,,,,,,,,,,,,,,,,,,,,,,,,,,,,,,,,,,,,,,,,,,,,,,,,,,,,,,,,,,,,,,,,,,,,,,,,,,,,,,,,,,,,,,,,,,,,,,,,,,,,,,,,,,,,,,,,,,,,,,,,,,,,,,,,,,,,,,,,,,,,,,,,,,,,,,,,,,,,,,,,,,,,,,,,,,,,,,,,,,,,,,,,,,,,,,,,,,,,,,,,,,,,,,,,,,,,,,,,,,,,,,,,,,,,,,,,,,,,,,,,,,,,,,,,,,,,,,,,,,,66090-340,,42,,57,24,1,14,10,8,3,price,2,bus station,,,,,,,,,,,,,,,,,PA,"Av. Cipriano Santos, 52",,FALSE,Hotel Dois Irmãos Limitada-Me,Hotel Dois Irmãos Limitada-ME,3.2,https://www.google.com/maps/search/?api=1&query=Hotel%20Dois%20Irm%C3%A3os%20Limitada-ME&query_place_id=ChIJEZsNrjuMpJIRTfhd8_UslU8,
,,,,,,,,,TRUE,,,,TRUE,,,,,,TRUE,,,,,,,,,,,,,,,,FALSE,,TRUE,,,,,,,,,,,,,,TRUE,,,,,,,FALSE,,,,,,,,,,,,,,,,,,,,,,,,,,,,,,,,,,,,,,,,,,,,,,,,,,,,,,,,,,,,,,,,,,,,,,,TRUE,,,,,,,,,,,,,,,,,,,,,,,,,,,,,,,,,,,,,,,,,,,,,,,,,,,,,,,,,,,,,,,,,,"Tv. Primeira de Queluz, 316 - São Brás, Belém - PA, 66090-520, Brazil",,,Hotel,,,,,,,,,,Hotel,7693275319210260666,Belém,BR,,0x92a48c3a6800000b:0x6ac4012460ceb8ba,,,/g/1tdmr3mc,,-1.451544,-48.4655,,São Brás,,,,,,,,,,,,,,,,,,,,,,,,,,,,,,,,,,,,FALSE,+55 91 99130-4490,5.59199E+12,ChIJCwAAaDqMpJIRurjOYCQBxGo,,,,,,,,,,,"GGXM+9R São Brás, Belém - State of Pará, Brazil",,,,,,,,,,,,,,,,,,,,,,,,,,,,,,,,,,,,,,,,,,,,,,,,,,,,,,,,,,,,,,,,,,,,,,,,,,,,,,,,,,,,,,,,,,,,,,,,,,,,,,,,,,,,,,,,,,,,,,,,,,,,,,,,,,,,,,,,,,,,,,,,,,,,,,,,,,,,,,,,,,,,,,,,,,,,,,,,,,,,,,,,,,,,,,,,,,,,,,,,,,,,,,,,,,,,,,,,,,,,,,,,,,,,,,,,,,,,,,,,,,,,,,,,,,,,,,,,,,,,,,,,,,,,,66090-520,,40,,149,80,25,7,23,14,7,price,4,hosting,2,service,2,receptionist,2,bread,,,,,,,,,,,PA,"Tv. Primeira de Queluz, 316",,FALSE,Hotel Queluz Amazônico,Hotel Queluz Amazônico,4.1,https://www.google.com/maps/search/?api=1&query=Hotel%20Queluz%20Amaz%C3%B4nico&query_place_id=ChIJCwAAaDqMpJIRurjOYCQBxGo,https://hotelqueluzamazonicopa.com.br/
,,,,,,,,,TRUE,,,TRUE,,,,,,,,,,,,,FALSE,,,,TRUE,,,,,,,,,,,,,,,FALSE,,,,,,,TRUE,,,,,,,,,,,,FALSE,,,FALSE,,,,,,,,,,,FALSE,,,,,,,,,,,,,,,FALSE,,,,,,,,,,,,,,,,,,,,,,,,,,,,,,,,,,,,,,,,,,,,,,,,,,,,,,,,,,,,,,,,,,,,,,,,,,,,,,,,,,,,,,,,,,,,,,,,,,,,,,,"R. Deodoro de Mendonça, 497 - São Brás, Belém - PA, 66090-290, Brazil",,,Hotel,,,,,,,,,,Hotel,14554975644627645752,Belém,BR,Low-key rooms with minibars & flat-screen TVs in a straightforward hotel offering a dining area.,0x92a48c3afa268e6f:0xc9fda93bb47e3538,,"A 16-minute walk from a zoo and botanical gardens at the Museu Paraense Emílio Goeldi, this simple hotel among shops is 7 km from the BR-010 national highway.
 Unpretentious rooms with tile floors feature flat-screen TVs, minibars and air conditioners.
 There's a low-key, plant-filled dining area. Breakfast, parking and Wi-Fi are available.",/g/1hdzcmj34,,-1.4500014,-48.4665291,,São Brás,,,,,,,,,,,,,,,,,,,,,,,,,,,,,,,,,,,,FALSE,+55 91 3226-3532,5.59132E+11,ChIJb44m-jqMpJIRODV-tDup_ck,,,,,,,,,,,"GGXM+X9 São Brás, Belém - State of Pará, Brazil",,,,,,,,,,,,,,,,,,,,,,,,,,,,,,,,,,,,,,,,,,,,,,,,,,,,,,,,,,,,,,,,,,,,,,,,,,,,,,,,,,,,,,,,,,,,,,,,,,,,,,,,,,,,,,,,,,,,,,,,,,,,,,,,,,,,,,,,,,,,,,,,,,,,,,,,,,,,,,,,,,,,,,,,,,,,,,,,,,,,,,,,,,,,,,,,,,,,,,,,,,,,,,,,,,,,,,,,,,,,,,,,,,,,,,,,,,,,,,,,,,,,,,,,,,,,,,,,,,,,,,,,,,,,,66090-290,,39,,155,45,24,30,35,21,11,price,8,bus station,8,elevator,8,receptionist,5,bath,4,tvs,3,belém,3,mini fridge,3,phone,2,structure,PA,"R. Deodoro de Mendonça, 497",Hotel Tajá,FALSE,Hotel Taja,Hotel Taja,3.2,https://www.google.com/maps/search/?api=1&query=Hotel%20Taja&query_place_id=ChIJb44m-jqMpJIRODV-tDup_ck,
,,,,,,,,,,,,,,,,,,,,,,,,,,,,,,,,,,,,,,,,,,,,,,,,,,,,,,,,,,,,,,,,,,,,,,,,,,,,,,,,,,,,,,,,,,,,,,,,,,,,,,,,,,,,,,,,,,,,,,,,,,,,,,,,,,,,,,,,,,,,,,,,,,,,,,,,,,,,,,,,,,,,,,,,,,,,,,,,,,,,,,,,,,,,,,,,,,,"Tv. Três de Maio - São Brás, Belém - PA, 66060-281, Brazil",,,Hotel,,,,,,,,,,Hotel,9910128385639017007,Belém,BR,,0x92a48d007da0574d:0x8987d942b8876a2f,,,/g/11w36c3yy4,,-1.4520927,-48.4741478,,São Brás,,,,,,,,,,,,,,,,,,,,,,,,,,,,,,,,,,,,FALSE,,,ChIJTVegfQCNpJIRL2qHuELZh4k,,,,,,,,,,,"GGXG+58 São Brás, Belém - State of Pará, Brazil",,,,,,,,,,,,,,,,,,,,,,,,,,,,,,,,,,,,,,,,,,,,,,,,,,,,,,,,,,,,,,,,,,,,,,,,,,,,,,,,,,,,,,,,,,,,,,,,,,,,,,,,,,,,,,,,,,,,,,,,,,,,,,,,,,,,,,,,,,,,,,,,,,,,,,,,,,,,,,,,,,,,,,,,,,,,,,,,,,,,,,,,,,,,,,,,,,,,,,,,,,,,,,,,,,,,,,,,,,,,,,,,,,,,,,,,,,,,,,,,,,,,,,,,,,,,,,,,,,,,,,,,,,,,,,,36,,1,1,0,0,0,0,,,,,,,,,,,,,,,,,,,,,PA,Tv. Três de Maio,,FALSE,Hotel,Hotel,5,https://www.google.com/maps/search/?api=1&query=Hotel&query_place_id=ChIJTVegfQCNpJIRL2qHuELZh4k,
,,,,,,,,,TRUE,,,,,,,,FALSE,,,,,,,,,FALSE,,,,FALSE,,,,,,,,,,,,,,,,,,,,,,,,,,,,,,,,,,,,,,,,,,,,,,,,,,,,,,,,,,,,,,,,,,,,,,,,,,,,,,,,,,,,,,,,,,,,,,,,,,,,,,,,,,,,,,,,,,,,,,,,,,,,,,,,,,,,,,,,,,,,,,,,,,,,,,,,,,,,,,,,,,,,,"Entre Terminal Rodoviário e Mercado de - Av. Alm. Barroso, 35 - São Brás, Belém - PA, 66090-290, Brazil",,,Hotel,,,,,,,,,,Hotel,2734848167733960901,Belém,BR,,0x92a48c3ab99ceac5:0x25f421eb306920c5,,,/g/1q67gvgvq,,-1.4503044,-48.4676012,,São Brás,,,,,,,,,,,,,,,,,,,,,,,,,,,,,,,,,,,,FALSE,+55 91 3246-9650,5.59132E+11,ChIJxeqcuTqMpJIRxSBpMOsh9CU,,,,,,,,,,,"GGXJ+VX São Brás, Belém - State of Pará, Brazil",,,,,,,,,,,,,,,,,,,,,,,,,,,,,,,,,,,,,,,,,,,,,,,,,,,,,,,,,,,,,,,,,,,,,,,,,,,,,,,,,,,,,,,,,,,,,,,,,,,,,,,,,,,,,,,,,,,,,,,,,,,,,,,,,,,,,,,,,,,,,,,,,,,,,,,,,,,,,,,,,,,,,,,,,,,,,,,,,,,,,,,,,,,,,,,,,,,,,,,,,,,,,,,,,,,,,,,,,,,,,,,,,,,,,,,,,,,,,,,,,,,,,,,,,,,,,,,,,,,,,,,,,,,,,66090-290,,33,,133,51,24,14,33,11,5,price,,,,,,,,,,,,,,,,,,,PA,"Entre Terminal Rodoviário e Mercado de - Av. Alm. Barroso, 35",,FALSE,Hotel Fenix,Hotel Fenix,3.7,https://www.google.com/maps/search/?api=1&query=Hotel%20Fenix&query_place_id=ChIJxeqcuTqMpJIRxSBpMOsh9CU,
,,,,,,,,,,,,,,,,,,,,,,,,,,,,,,,,,,,,,,,,,,,,,,,,,,,,,,,,,,,,,,,,,,,,,,,,,,,,,,,,,,,,,,,,,,,,,,,,,,,,,,,,,,,,,,,,,,,,,,,,,,,,,,,,,,,,,,,,,,,,,,,,,,,,,,,,,,,,,,,,,,,,,,,,,,,,,,,,,,,,,,,,,,,,,,,,,,,"Tv. Primeira de Queluz, 218 - São Brás, Belém - PA, 66090-520, Brazil",,,Hotel,,,,,,,,,,Hotel,17230799055188554393,Belém,BR,,0x92a48c3a41556cab:0xef201872b0a67299,,,/g/1tctgp95,,-1.4502468,-48.4655696,,São Brás,,,,,,,,,,,,,,,,,,,,,,,,,,,,,,,,,,,,FALSE,+55 91 98621-7707,5.59199E+12,ChIJq2xVQTqMpJIRmXKmsHIYIO8,,,,,,,,,,,"GGXM+WQ São Brás, Belém - State of Pará, Brazil",,,,,,,,,,,,,,,,,,,,,,,,,,,,,,,,,,,,,,,,,,,,,,,,,,,,,,,,,,,,,,,,,,,,,,,,,,,,,,,,,,,,,,,,,,,,,,,,,,,,,,,,,,,,,,,,,,,,,,,,,,,,,,,,,,,,,,,,,,,,,,,,,,,,,,,,,,,,,,,,,,,,,,,,,,,,,,,,,,,,,,,,,,,,,,,,,,,,,,,,,,,,,,,,,,,,,,,,,,,,,,,,,,,,,,,,,,,,,,,,,,,,,,,,,,,,,,,,,,,,,,,,,,,,,66090-520,,32,,75,30,10,13,18,4,9,price,2,bar soap,2,fear,2,sheets,2,wifi,2,trip,,,,,,,,,PA,"Tv. Primeira de Queluz, 218",,FALSE,Hotel Sol,Hotel Sol,3.5,https://www.google.com/maps/search/?api=1&query=Hotel%20Sol&query_place_id=ChIJq2xVQTqMpJIRmXKmsHIYIO8,
,,,,,,,,,,,,,,,,,,,,,,,,,,,,,,,,,,,,,,,,,,,,,,,,,,,,,,,,,,,,,,,,,,,,,,,,,,,,,,,,,,,,,,,,,,,,,,,,,,,,,,,,,,,,,,,,,,,,,,,,,,,,,,,,,,,,,,,,,,,,,,,,,,,,,,,,,,,,,,,,,,,,,,,,,,,,,,,,,,,,,,,,,,,,,,,,,,,"Av. Cipriano Santos, 52 - São Brás, Belém - PA, 66090-340, Brazil",,,Hotel,,,,,,,,,,Hotel,4301145690930567539,Belém,BR,,0x92a48c3bae7cac95:0x3bb0bd37ab1e5973,,,/g/11kb1l0_6z,,-1.4498175,-48.4657453,,São Brás,,,,,,,,,,,,,,,,,,,,,,,,,,,,,,,,,,,,FALSE,+55 91 99384-6666,5.59199E+12,ChIJlax8rjuMpJIRc1keqze9sDs,,,,,,,,,,,"HG2M+3P São Brás, Belém - State of Pará, Brazil",,,,,,,,,,,,,,,,,,,,,,,,,,,,,,,,,,,,,,,,,,,,,,,,,,,,,,,,,,,,,,,,,,,,,,,,,,,,,,,,,,,,,,,,,,,,,,,,,,,,,,,,,,,,,,,,,,,,,,,,,,,,,,,,,,,,,,,,,,,,,,,,,,,,,,,,,,,,,,,,,,,,,,,,,,,,,,,,,,,,,,,,,,,,,,,,,,,,,,,,,,,,,,,,,,,,,,,,,,,,,,,,,,,,,,,,,,,,,,,,,,,,,,,,,,,,,,,,,,,,,,,,,,,,,66090-340,,31,,23,10,1,6,2,4,5,couple,4,bus station,4,price,2,single person,2,acoustics,2,não recomendo,2,AC,,,,,,,PA,"Av. Cipriano Santos, 52",,FALSE,Novo Hotel,NOVO HOTEL,3.2,https://www.google.com/maps/search/?api=1&query=NOVO%20HOTEL&query_place_id=ChIJlax8rjuMpJIRc1keqze9sDs,
,,,,,,,,,TRUE,,,,,,,,FALSE,,,,,,,,,FALSE,,,,FALSE,,,,,,,,,,,,,,,,,,,,,,,,,,,,,,,,,,,,,,,,,,,,,,,,,,,,,,,,,,,,,,,,,,,,,,,,,,,,,,,,,,,,,,,,,,,,,,,,,,,,,,,,,,,,,,,,,,,,,,,,,,,,,,,,,,,,,,,,,,,,,,,,,,,,,,,,,,,,,,,,,,,,,"Av. Cipriano Santos, 64 - São Brás, Belém - PA, 66090-340, Brazil",,,Hotel,,,,,,,,,,Hotel,6788539853143341131,Belém,BR,,0x92a48c3bb1e2ed8f:0x5e35bd077a30f84b,,,/g/1ptxcvkky,,-1.4498884,-48.4655939,,São Brás,,,,,,,,,,,,,,,,,,,,,,,,,,,,,,,,,,,,FALSE,+55 91 3228-1730,5.59132E+11,ChIJj-3isTuMpJIRS_gwege9NV4,,,,,,,,,,,"HG2M+2Q São Brás, Belém - State of Pará, Brazil",,,,,,,,,,,,,,,,,,,,,,,,,,,,,,,,,,,,,,,,,,,,,,,,,,,,,,,,,,,,,,,,,,,,,,,,,,,,,,,,,,,,,,,,,,,,,,,,,,,,,,,,,,,,,,,,,,,,,,,,,,,,,,,,,,,,,,,,,,,,,,,,,,,,,,,,,,,,,,,,,,,,,,,,,,,,,,,,,,,,,,,,,,,,,,,,,,,,,,,,,,,,,,,,,,,,,,,,,,,,,,,,,,,,,,,,,,,,,,,,,,,,,,,,,,,,,,,,,,,,,,,,,,,,,66090-340,,29,,157,54,36,21,34,12,5,bus station,5,price,3,apartment,3,coffee,2,receptionist,2,smell,2,towels,,,,,,,PA,"Av. Cipriano Santos, 64",,FALSE,Litoral Palace Hotel,Litoral Palace Hotel,3.6,https://www.google.com/maps/search/?api=1&query=Litoral%20Palace%20Hotel&query_place_id=ChIJj-3isTuMpJIRS_gwege9NV4,https://www.litoralpalacehotel.com.br/
,,,,,,,,,TRUE,,,,,,,,FALSE,,,,,,,,,FALSE,,,,,,TRUE,,,,,,FALSE,,,,,,,,,,,,,,,,,,,,,,,,,,,,,,,,,,,,,,,,,,,,,,,,,,,,,,,,,,,,,,,,,,,,,,,,,,,,,,,,,,,,,,,,,,,,,,,,,,,,,,,,,,,,,,,,,,,,,,,,,,,,,,,,,,,,,,,,,,,,,,,,,,,,,,,,,,,,,"R. Deodoro de Mendonça, 315 - São Brás, Belém - PA, 66090-150, Brazil",,,Hotel,,,,,,,,,,Hotel,7282638240844478812,Belém,BR,,0x92a48c307580ffbd:0x651120e51d35f95c,,,/g/1tj53p0l,,-1.4514397,-48.4671937,,São Brás,,,,,,,,,,,,,,,,,,,,,,,,,,,,,,,,,,,,FALSE,+55 91 3259-5116,5.59133E+11,ChIJvf-AdTCMpJIRXPk1HeUgEWU,,,,,,,,,,,"GGXM+C4 São Brás, Belém - State of Pará, Brazil",,,,,,,,,,,,,,,,,,,,,,,,,,,,,,,,,,,,,,,,,,,,,,,,,,,,,,,,,,,,,,,,,,,,,,,,,,,,,,,,,,,,,,,,,,,,,,,,,,,,,,,,,,,,,,,,,,,,,,,,,,,,,,,,,,,,,,,,,,,,,,,,,,,,,,,,,,,,,,,,,,,,,,,,,,,,,,,,,,,,,,,,,,,,,,,,,,,,,,,,,,,,,,,,,,,,,,,,,,,,,,,,,,,,,,,,,,,,,,,,,,,,,,,,,,,,,,,,,,,,,,,,,,,,,66090-150,,28,,65,43,7,2,9,4,3,price,,,,,,,,,,,,,,,,,,,PA,"R. Deodoro de Mendonça, 315",,FALSE,Hotel M&K,Hotel M&K,4.3,https://www.google.com/maps/search/?api=1&query=Hotel%20M%26K&query_place_id=ChIJvf-AdTCMpJIRXPk1HeUgEWU,
,,,,,,,,,TRUE,,,,TRUE,,,,,,,,,TRUE,,,,,,,,,,,TRUE,,,,TRUE,,,,,,,,,,,,,,,,TRUE,,,,,,,,,,,TRUE,,,,,,,,TRUE,,,,,FALSE,,,,,,,,,TRUE,,,,,,,,,,,,,,,,,,,,,,,,,,,,,,,,,,,,,,,,,,,,,,,,,,,,,,,,,,,,,,,,,,,,,,,,,,,,,,,,,,,,,,,,,,,,,,,,,,,,,,,,,,,,,"R. Gen. Henrique Gurjão, 200 - Reduto, Belém - PA, 66053-360, Brazil",,,Hotel,,,,,,,,,,Hotel,7872418100119103171,Belém,BR,"Simple rooms in a relaxed hotel featuring a casual restaurant, a solarium & an indoor pool.",0x92a48e910a4138b9:0x6d40728d5cf466c3,,"A 3-minute walk from the Guajara Bay, this casual hotel is 14 minutes on foot from Shopping Pátio Belém and 3 km from Parque Mangal das Garças, a nature reserve.
 Simply furnished rooms have TVs, minibars and high-speed Internet access. Upgraded rooms add modern decor and whirlpool tubs. Room service is available.
 Amenities include an informal restaurant, a ballroom, and a solarium with a pool. Guest laundry service is available.",/g/1tl_mss9,,-1.450704,-48.492024,,Reduto,,,,,,,,,,,,,,,,,,,,,,,,,,,,,,,,,,,,FALSE,+55 91 3347-9800,5.59133E+11,ChIJuThBCpGOpJIRw2b0XI1yQG0,1,Services,,,,,,,,,"GGX5+P5 Reduto, Belém - State of Pará, Brazil",,,,,,,,,,,,,,,,,,,,,,,,,,,,,,,,,,,,,,,,,,,,,,,,,,,,,,,,,,,,,,,,,,,,,,,,,,,,,,,,,,,,,,,,,,,,,,,,,,,,,,,,,,,,,,,,,,,,,,,,,,,,,,,,,,,,,,,,,,,,,,,,,,,,,,,,,,,,,,,,,,,,,,,,,,,,,,,,,,,,,,,,,,,,,,,,,,,,,,,,,,,,,,,,,,,,,,,,,,,,,,,,,,,,,,,,,,,,,,,,,,,,,,,,,,,,,,,,,,,,,,,,,,,,,66053-360,,19,,609,285,151,37,107,29,12,hosting,10,organized,9,benefit–cost ratio,9,education,9,structure,9,receptionist,8,shopping center,7,value,5,call center,5,pay,PA,"R. Gen. Henrique Gurjão, 200",,FALSE,Machado'S Plaza Hotel,Machado's Plaza Hotel,4,https://www.google.com/maps/search/?api=1&query=Machado's%20Plaza%20Hotel&query_place_id=ChIJuThBCpGOpJIRw2b0XI1yQG0,http://www.machadosplazahotel.com.br/
,,,,,,,,,TRUE,,,,TRUE,,,,,,,,,,TRUE,,,,,,,,,,,,FALSE,,TRUE,,,,,,,,,,,,,,,,TRUE,,,,,,,,,TRUE,,,,,,,,,,TRUE,,,,,,,,,,,TRUE,,,,,,,,,,,,,,,,,,,,,,,,,,,,,,,,,,,,,,,,,,,,,,,,,,,,,,,,,,,,,,,,,,,,,,,,,,,,,,,,,,,,,,,,,,,,,,,,,,,,,,,,,,,,,,,,"R. Sen. Manoel Barata, 532 - Campina, Belém - PA, 66010-145, Brazil",,,Hotel,Extended stay hotel,Inn,,,,,,,,Hotel,16045753058838510143,Belém,BR,"Simply furnished rooms in a laid-back hotel offering breakfast, a gym & parking.",0x92a48eed4b8339f1:0xdeadf76499b4fa3f,,"On a bustling street lined with shops, this relaxed hotel is a 9-minute walk from Ver-o-Peso Market, 12 minutes on foot from Our Lady of Grace Cathedral and 9 km from Val de Cans International Airport.
 Simply furnished rooms provide TVs, Wi-Fi and minifridges, in addition to en suite bathrooms, air conditioning and safes.
 Breakfast is served in an informal dining room. Other amenities include a gym and parking.",/g/11lgksmz26,Go Inn Belem,-1.4518635,-48.4988298,,Campina,,,,,,,,,,,,,,,,,,,,,,,,,,,,,,,,,,,,FALSE,+55 48 3031-6601,5.5483E+11,ChIJ8TmDS-2OpJIRP_q0mWT3rd4,,,,,,,,,,,"GGX2+7F Campina, Belém - State of Pará, Brazil",,,,,,,,,,,,,,,,,,,,,,,,,,,,,,,,,,,,,,,,,,,,,,,,,,,,,,,,,,,,,,,,,,,,,,,,,,,,,,,,,,,,,,,,,,,,,,,,,,,,,,,,,,,,,,,,,,,,,,,,,,,,,,,,,,,,,,,,,,,,,,,,,,,,,,,,,,,,,,,,,,,,,,,,,,,,,,,,,,,,,,,,,,,,,,,,,,,,,,,,,,,,,,,,,,,,,,,,,,,,,,,,,,,,,,,,,,,,,,,,,,,,,,,,,,,,,,,,,,,,,,,,,,,,,66010-145,$18 ,17,,673,372,153,51,71,26,24,ver-o-peso,21,mold,18,benefit–cost ratio,13,estação das docas,9,trade,8,german roaches,8,shower,7,host,7,history,6,academy,PA,"R. Sen. Manoel Barata, 532",Rede Andrade Docas Hotel,FALSE,Rede Andrade Docas,Rede Andrade Docas,4.1,https://www.google.com/maps/search/?api=1&query=Rede%20Andrade%20Docas&query_place_id=ChIJ8TmDS-2OpJIRP_q0mWT3rd4,https://www.redeandradedocas.com.br/
,,,,,,,,,TRUE,,,,,,,FALSE,,,,,,,,,FALSE,,,,TRUE,,,,,,,,,,TRUE,,,,,,,,,,,,,,,,FALSE,,,FALSE,,,,,,,,,,,,,,,,TRUE,,,,,,,,,,,,,,,,,,,,,,,,,,,,,,,,,,,,,,,,,,,,,,,,,,,,,,,,,,,,,,,,,,,,,,,,,,,,,,,,,,,,,,,,,,,,,,,,,,,,,,,,,,,,,,,,,,,,,,,,,"R. Ó de Almeida, 476 - Campina, Belém - PA, 66017-050, Brazil",,,Hotel,,,,,,,,,,Hotel,8070676214183256501,Belém,BR,,0x92a48e92fb0cc47d:0x7000cd41ab9661b5,,,/g/1q4kp0wz9,,-1.4509502,-48.4964083,,Campina,,,,,,,,,,,,,,,,,,,,,,,,,,,,,,,,,,,,FALSE,+55 91 99150-0707,5.59199E+12,ChIJfcQM-5KOpJIRtWGWq0HNAHA,,,,,,,,,,,"GGX3+JC Campina, Belém - State of Pará, Brazil",,,,,,,,,,,,,,,,,,,,,,,,,,,,,,,,,,,,,,,,,,,,,,,,,,,,,,,,,,,,,,,,,,,,,,,,,,,,,,,,,,,,,,,,,,,,,,,,,,,,,,,,,,,,,,,,,,,,,,,,,,,,,,,,,,,,,,,,,,,,,,,,,,,,,,,,,,,,,,,,,,,,,,,,,,,,,,,,,,,,,,,,,,,,,,,,,,,,,,,,,,,,,,,,,,,,,,,,,,,,,,,,,,,,,,,,,,,,,,,,,,,,,,,,,,,,,,,,,,,,,,,,,,,,,66017-050,,17,,618,229,128,69,131,61,27,receptionist,27,AC,24,tvs,16,mini fridge,8,hosting,6,benefit–cost ratio,6,valley,6,education,5,economic,5,structure,PA,"R. Ó de Almeida, 476",,FALSE,Hotel Belcentro,Hotel Belcentro,3.6,https://www.google.com/maps/search/?api=1&query=Hotel%20Belcentro&query_place_id=ChIJfcQM-5KOpJIRtWGWq0HNAHA,
,,,,,,,,,TRUE,,,,TRUE,,,,,,,,,FALSE,,,,,,,,,,,,,FALSE,,TRUE,,,,,,,,,,,,,,,,TRUE,,,,,,,,,FALSE,,,,,,,TRUE,,,,,,,,,,,,TRUE,,,,TRUE,,,,,,,,,,FALSE,,,,,,,,,,,,,,,,,,,,,,,,,,,,,,,,,,,,,,,,,,,,,,,,,,,,,,,,,,,,,,,,,,,,,,,,,,,,,,,,,,,,,,,,,,,,,,,,,,,,"Av. Pres. Vargas, 718 - Campina, Belém - PA, 66017-000, Brazil",,,Hotel,,,,,,,,,,Hotel,17105774965698009488,Belém,BR,"Relaxed rooms in a simple hotel with a business center, plus free Wi-Fi & a breakfast buffet.",0x92a48e8df2866a7b:0xed63ebb376331990,,"Set across the street from Praça da República, this laid-back hotel is 2 minutes' walk from Theatro da Paz and 14 minutes’ walk from the Ver-o-peso market.
 The airy rooms feature tile floors and simple decor. All include Wi-Fi, flat-screen TVs and minibars. Some rooms add tables and chairs.
 The hotel offers a breakfast buffet, as well as a business center.",/g/1ptvsb9jm,,-1.4528589,-48.4952928,,Campina,,,,,,,,,,,,,,,,,,,,,,,,,,,,,,,,,,,,FALSE,+55 91 3321-2121,5.59133E+11,ChIJe2qG8o2OpJIRkBkzdrPrY-0,,,,,,,,,,,"GGW3+VV Campina, Belém - State of Pará, Brazil",,,,,,,,,,,,,,,,,,,,,,,,,,,,,,,,,,,,,,,,,,,,,,,,,,,,,,,,,,,,,,,,,,,,,,,,,,,,,,,,,,,,,,,,,,,,,,,,,,,,,,,,,,,,,,,,,,,,,,,,,,,,,,,,,,,,,,,,,,,,,,,,,,,,,,,,,,,,,,,,,,,,,,,,,,,,,,,,,,,,,,,,,,,,,,,,,,,,,,,,,,,,,,,,,,,,,,,,,,,,,,,,,,,,,,,,,,,,,,,,,,,,,,,,,,,,,,,,,,,,,,,,,,,,,66017-000,$44 ,15,,2312,1202,670,87,293,60,54,benefit–cost ratio,41,square,33,belém,23,mini fridge,15,ver-o-peso,15,republic,12,estação das docas,10,hosting,9,economic,7,tapioca,PA,"Av. Pres. Vargas, 718",,FALSE,Hotel Grão Pará,Hotel Grão Pará,4.2,https://www.google.com/maps/search/?api=1&query=Hotel%20Gr%C3%A3o%20Par%C3%A1&query_place_id=ChIJe2qG8o2OpJIRkBkzdrPrY-0,http://www.hotelgraopara.com.br/
,,,,,,,,,TRUE,,,,,,,,FALSE,,,TRUE,,,,,,,,,,,,,,,,TRUE,,FALSE,,,,,,,,,,,,,,,,,,,,,,,,,,,,,,,,,,,,,,,,,,,,,,,,,,,,,,,,,,,,,,,,,,,,,,,,,,,,,,,,,,,,,,,,,,,,,,,,,,,,,,,,,,,,,,,,,,,,,,,,,,,,,,,,,,,,,,,,,,,,,,,,,,,,,,,,,,,,,"Tv. Padre Eutíquio, 612 - Campina, Belém - PA, 66015-000, Brazil",,,Bed & breakfast,Restaurant,,,,,,,,,Bed & breakfast,8205469795242886737,Belém,BR,,0x92a48ef2d6859447:0x71dfaf4de8a64651,,,/g/12lkbvl6c,,-1.4551317,-48.4981075,,Campina,,,,,,,,,,,,,,,,,,,,,,,,,,,,,,,,,,,,FALSE,+55 91 98307-1616,5.59198E+12,ChIJR5SF1vKOpJIRUUam6E2v33E,,,,,,,,,,,"GGV2+WQ Campina, Belém - State of Pará, Brazil",,,,,,,,,,,,,,,,,,,,,,,,,,,,,,,,,,,,,,,,,,,,,,,,,,,,,,,,,,,,,,,,,,,,,,,,,,,,,,,,,,,,,,,,,,,,,,,,,,,,,,,,,,,,,,,,,,,,,,,,,,,,,,,,,,,,,,,,,,,,,,,,,,,,,,,,,,,,,,,,,,,,,,,,,,,,,,,,,,,,,,,,,,,,,,,,,,,,,,,,,,,,,,,,,,,,,,,,,,,,,,,,,,,,,,,,,,,,,,,,,,,,,,,,,,,,,,,,,,,,,,,,,,,,,66015-000,$31 ,11,,116,69,28,1,12,6,4,proprietary,4,environment,2,receptionist,2,benefit–cost ratio,2,shopping center,2,wifi,,,,,,,,,PA,"Tv. Padre Eutíquio, 612",,FALSE,Toraryca Apart Hotel Restaurante,Toraryca Apart Hotel Restaurante,4.4,https://www.google.com/maps/search/?api=1&query=Toraryca%20Apart%20Hotel%20Restaurante&query_place_id=ChIJR5SF1vKOpJIRUUam6E2v33E,
,,,,,,,,,TRUE,,,TRUE,,,,,,,,,,TRUE,,,,,,,,,,,,,FALSE,,TRUE,,,,,,,,,,,,,,,,,,FALSE,,,,,TRUE,,,,,,TRUE,,,,,,,,,,,FALSE,,,,,,,,,,,,,,,,,,,,,,,,,,,,,,,,,,,,,,,,,,,,,,,,,,,,,,,,,,,,,,,,,,,,,,,,,,,,,,,,,,,,,,,,,,,,,,,,,,,,,,,,,,,,,,,,,,,,,,"Tv. 14 de Março, 677 - Umarizal, Belém - PA, 66055-490, Brazil",,,Bed & breakfast,,,,,,,,,,Bed & breakfast,17459034285171962622,Belém,BR,,0x92a48ea0ce697a31:0xf24af32e310a72fe,,,/g/11b745v0xx,,-1.441464,-48.480297,,Umarizal,,,,,,,,,,,,,,,,,,,,,,,,,,,,,,,,,,,,FALSE,+55 91 98239-1868,5.59198E+12,ChIJMXppzqCOpJIR_nIKMS7zSvI,,,,,,,,,,,"HG59+CV Umarizal, Belém - State of Pará, Brazil",,,,,,,,,,,,,,,,,,,,,,,,,,,,,,,,,,,,,,,,,,,,,,,,,,,,,,,,,,,,,,,,,,,,,,,,,,,,,,,,,,,,,,,,,,,,,,,,,,,,,,,,,,,,,,,,,,,,,,,,,,,,,,,,,,,,,,,,,,,,,,,,,,,,,,,,,,,,,,,,,,,,,,,,,,,,,,,,,,,,,,,,,,,,,,,,,,,,,,,,,,,,,,,,,,,,,,,,,,,,,,,,,,,,,,,,,,,,,,,,,,,,,,,,,,,,,,,,,,,,,,,,,,,,,66055-490,,12,,64,30,6,12,8,8,5,price,2,AC,2,door,,,,,,,,,,,,,,,PA,"Tv. 14 de Março, 677",,FALSE,Pousada Da Didi,Pousada da Didi,3.5,https://www.google.com/maps/search/?api=1&query=Pousada%20da%20Didi&query_place_id=ChIJMXppzqCOpJIR_nIKMS7zSvI,
,,,,,,,,,,,,,,,,,,,,,,,,,,,,,,,,,,,,,,,,,,,,,,,,,,,,,,,,,,,,,,,,,,,,,,,,,,,,,,,,,,,,,,,,,,,,,,,,,,,,,,,,,,,,,,,,,,,,,,,,,,,,,,,,,,,,,,,,,,,,,,,,,,,,,,,,,,,,,,,,,,,,,,,,,,,,,,,,,,,,,,,,,,,,,,,,,,,"Tv. Padre Eutíquio, 3370 - Campina, Belém - PA, 66045-225, Brazil",,,Love hotel,,,,,,,,,,Love hotel,16037289222791948210,Belém,BR,,0x92a48dcce5de6bf1:0xde8fe59434b6e7b2,,,/g/11rc77b47k,,-1.470725,-48.4777781,,Campina,,,,,,,,,,,,,,,,People also search for,0,Pousada HB,0,People also search for,64,Pousada da Didi,3.5,People also search for,0,Pousada Ht,0,People also search for,3,Pousada Ritmus,4.3,People also search for,22,Pousada Portuguesa,4,FALSE,+55 91 98216-4924,5.59198E+12,ChIJ8Wve5cyNpJIRsue2NJTlj94,,,,,,,,,,,"GGHC+PV Campina, Belém - State of Pará, Brazil",,,,,,,,,,,,,,,,,,,,,,,,,,,,,,,,,,,,,,,,,,,,,,,,,,,,,,,,,,,,,,,,,,,,,,,,,,,,,,,,,,,,,,,,,,,,,,,,,,,,,,,,,,,,,,,,,,,,,,,,,,,,,,,,,,,,,,,,,,,,,,,,,,,,,,,,,,,,,,,,,,,,,,,,,,,,,,,,,,,,,,,,,,,,,,,,,,,,,,,,,,,,,,,,,,,,,,,,,,,,,,,,,,,,,,,,,,,,,,,,,,,,,,,,,,,,,,,,,,,,,,,,,,,,,66045-225,,29,,2,1,0,1,0,0,,,,,,,,,,,,,,,,,,,,,PA,"Tv. Padre Eutíquio, 3370",,FALSE,Pousada Edith,Pousada Edith,3,https://www.google.com/maps/search/?api=1&query=Pousada%20Edith&query_place_id=ChIJ8Wve5cyNpJIRsue2NJTlj94,
,,,,,,,,,,,,,,,,,,,,,,,,,,,,,,,,,,,,,,,,,,,,,,,,,,,,,,,,,,,,,,,,,,,,,,,,,,,,,,,,,,,,,,,,,,,,,,,,,,,,,,,,,,,,,,,,,,,,,,,,,,,,,,,,,,,,,,,,,,,,,,,,,,,,,,,,,,,,,,,,,,,,,,,,,,,,,,,,,,,,,,,,,,,,,,,,,,,"Tv. dos Apinagés - Cremação, Belém - PA, 68447-000, Brazil",,,Love hotel,,,,,,,,,,Love hotel,15883154110982747398,Belém,BR,,0x92a48fff9bcee6dd:0xdc6c4c82e9e97506,,,/g/11fglhwqdz,,-1.4710023,-48.4791485,,Cremacao,,,,,,,,,,,,,,,,,,,,,,,,,,,,,,,,,,,,FALSE,+55 91 98229-9580,5.59198E+12,ChIJ3ebOm_-PpJIRBnXp6YJMbNw,,,,,,,,,,,"GGHC+H8 Cremacao, Belém - State of Pará, Brazil",,,,,,,,,,,,,,,,,,,,,,,,,,,,,,,,,,,,,,,,,,,,,,,,,,,,,,,,,,,,,,,,,,,,,,,,,,,,,,,,,,,,,,,,,,,,,,,,,,,,,,,,,,,,,,,,,,,,,,,,,,,,,,,,,,,,,,,,,,,,,,,,,,,,,,,,,,,,,,,,,,,,,,,,,,,,,,,,,,,,,,,,,,,,,,,,,,,,,,,,,,,,,,,,,,,,,,,,,,,,,,,,,,,,,,,,,,,,,,,,,,,,,,,,,,,,,,,,,,,,,,,,,,,,,,,26,,3,1,1,0,0,1,2,price,,,,,,,,,,,,,,,,,,,PA,Tv. dos Apinagés,,FALSE,Pousada Porto Do Amor,Pousada porto do Amor,3.7,https://www.google.com/maps/search/?api=1&query=Pousada%20porto%20do%20Amor&query_place_id=ChIJ3ebOm_-PpJIRBnXp6YJMbNw,
,,,,,,,,,TRUE,,,TRUE,,,,,,,,,,TRUE,,,,,,,,,,,,,FALSE,,TRUE,,,,,,,,,,,,,,,,,FALSE,,FALSE,,,,,,,,,,,,FALSE,,,,,,,,,,,,,,,,,,,,,,,,,,,,,,,,,,,,,,,,,,,,,,,,,,,,,,,,,,,,,TRUE,,,,,,,,,,,,,,,,,,,,,,,,,,,,,,,,,,,,,,,,,,,,,,,,,,,,,,,,,,,,,,,,,,"R. Eng. Fernando Guilhon, 654 - Jurunas, Belém - PA, 66045-205, Brazil",,,Love hotel,Indoor lodging,Restaurant,,,,,,,,Love hotel,3368941378610008534,Belém,BR,,0x92a48e6ddb207de7:0x2ec0e2559d2a11d6,,,/g/11b61q0gc2,,-1.4711614,-48.4904394,,Jurunas,,,,,,,,,,,,,,,,,,,,,,,,,,,,,,,,,,,,FALSE,+55 91 3366-8989,5.59134E+11,ChIJ530g222OpJIR1hEqnVXiwC4,,,,,,,,,,,"GGH5+GR Jurunas, Belém - State of Pará, Brazil",,,,,,,,,,,,,,,,,,,,,,,,,,,,,,,,,,,,,,,,,,,,,,,,,,,,,,,,,,,,,,,,,,,,,,,,,,,,,,,,,,,,,,,,,,,,,,,,,,,,,,,,,,,,,,,,,,,,,,,,,,,,,,,,,,,,,,,,,,,,,,,,,,,,,,,,,,,,,,,,,,,,,,,,,,,,,,,,,,,,,,,,,,,,,,,,,,,,,,,,,,,,,,,,,,,,,,,,,,,,,,,,,,,,,,,,,,,,,,,,,,,,,,,,,,,,,,,,,,,,,,,,,,,,,66045-205,,21,,978,612,174,46,113,33,25,price,14,suite,9,apartment,3,inn,3,education,3,music,3,receptionist,3,environment,2,temperature,2,mirror,PA,"R. Eng. Fernando Guilhon, 654",,FALSE,Fit Motel,Fit Motel,4.3,https://www.google.com/maps/search/?api=1&query=Fit%20Motel&query_place_id=ChIJ530g222OpJIR1hEqnVXiwC4,http://www.fitmotel.com.br/
,,,,,,,,,TRUE,,,,,,,,FALSE,,,,,,,,,FALSE,,,,FALSE,,,,,,,,,,,,,,,,,,,,,,,,,,,,,,,,,,,,,,,,,,,,,,,,,,,,,,,,,,,,,,,,,,,,,,,,,,,,,,,,,,,,,,,,,,,,,,,,,,,,,,,,,,,,,,,,,,,,,,,,,,,,,,,,,,,,,,,,,,,,,,,,,,,,,,,,,,,,,,,,,,,,,"Av. Cipriano Santos, 60 - São Brás, Belém - PA, 66090-340, Brazil",,,Hotel,,,,,,,,,,Hotel,16159641344117773516,Belém,BR,,0x92a48c3bae123cd3:0xe042942f5ddb14cc,,,/g/1tmk9krd,,-1.4500091,-48.4656524,,São Brás,,,,,,,,,,,,,,,,,,,,,,,,,,,,,,,,,,,,FALSE,+55 91 3246-1948,5.59132E+11,ChIJ0zwSrjuMpJIRzBTbXS-UQuA,,,,,,,,,,,"GGXM+XP São Brás, Belém - State of Pará, Brazil",,,,,,,,,,,,,,,,,,,,,,,,,,,,,,,,,,,,,,,,,,,,,,,,,,,,,,,,,,,,,,,,,,,,,,,,,,,,,,,,,,,,,,,,,,,,,,,,,,,,,,,,,,,,,,,,,,,,,,,,,,,,,,,,,,,,,,,,,,,,,,,,,,,,,,,,,,,,,,,,,,,,,,,,,,,,,,,,,,,,,,,,,,,,,,,,,,,,,,,,,,,,,,,,,,,,,,,,,,,,,,,,,,,,,,,,,,,,,,,,,,,,,,,,,,,,,,,,,,,,,,,,,,,,,66090-340,,34,,268,129,49,18,49,23,13,price,3,bus station,3,value,3,sheets,2,wall,2,hosting,2,tvs,2,mold,2,AC,2,customer,PA,"Av. Cipriano Santos, 60",,FALSE,Hotel Eldorado,Hotel Eldorado,3.9,https://www.google.com/maps/search/?api=1&query=Hotel%20Eldorado&query_place_id=ChIJ0zwSrjuMpJIRzBTbXS-UQuA,
,,,,,,,,,,,TRUE,,,TRUE,,,,,,,,,,,FALSE,,,,,,,,,,,FALSE,,FALSE,,,,,,,,,,,,,,,,,,,,,,,,,,,,,,,,,,,,,,,,,,,,,,,,,,,,,,,,,,,,,,,,,,,,,,,,,,,,,,,,,,,,,,,,,,,,,,,,,,,,,,,,,,,,,,,,,,,,,,,,,,,,,,,,,,,,,,,,,,,,,,,,,,,,,,,,,,,,,"Tv. Bom Jardim, 350 - Cidade Velha, Belém - PA, 66023-140, Brazil",,,Bed & breakfast,,,,,,,,,,Bed & breakfast,11877548851345949682,Belém,BR,,0x92a48e5e0c62b589:0xa4d587c016d303f2,,,/g/1pyqm6dj7,,-1.4634511,-48.499868,,Cidade Velha,,,,,,,,,,,,,,,,,,,,,,,,,,,,,,,,,,,,FALSE,+55 91 3083-3674,5.59131E+11,ChIJibViDF6OpJIR8gPTFsCH1aQ,,,,,,,,,,,"GGP2+J3 Cidade Velha, Belém - State of Pará, Brazil",,,,,,,,,,,,,,,,,,,,,,,,,,,,,,,,,,,,,,,,,,,,,,,,,,,,,,,,,,,,,,,,,,,,,,,,,,,,,,,,,,,,,,,,,,,,,,,,,,,,,,,,,,,,,,,,,,,,,,,,,,,,,,,,,,,,,,,,,,,,,,,,,,,,,,,,,,,,,,,,,,,,,,,,,,,,,,,,,,,,,,,,,,,,,,,,,,,,,,,,,,,,,,,,,,,,,,,,,,,,,,,,,,,,,,,,,,,,,,,,,,,,,,,,,,,,,,,,,,,,,,,,,,,,,66023-140,$31 ,20,,101,45,13,12,22,9,2,environment,,,,,,,,,,,,,,,,,,,PA,"Tv. Bom Jardim, 350",,FALSE,Pousada Acrópole,POUSADA ACRÓPOLE,3.7,https://www.google.com/maps/search/?api=1&query=POUSADA%20ACR%C3%93POLE&query_place_id=ChIJibViDF6OpJIR8gPTFsCH1aQ,
,,,,,,,,,,,,,,,,,,,,,,,,,,,,,,,,,,,,,,,,,,,,,,,,,,,,,,,,,,,,,,,,,,,,,,,,,,,,,,,,,,,,,,,,,,,,,,,,,,,,,,,,,,,,,,,,,,,,,,,,,,,,,,,,,,,,,,,,,,,,,,,,,,,,,,,,,,,,,,,,,,,,,,,,,,,,,,,,,,,,,,,,,,,,,,,,,,,"R. Cametá, 101 - Cidade Velha, Belém - PA, 66020-120, Brazil",,,Hostel,,,,,,,,,,Hostel,7799553269248821911,Belém,BR,,0x92a48ef5d10799dd:0x6c3d945fe4500a97,,,/g/1ptwl_l5h,,-1.45856,-48.503147,,Cidade Velha,,,,,,,,,,,,,,,,People also search for,28,Hostel Cidade Velha,4.2,People also search for,250,Belém Hostel,3.9,People also search for,99,Hangar House Hostel,4.7,People also search for,2,Refugio da ale 1,5,,,,,FALSE,+55 91 3223-0520,5.59132E+11,ChIJ3ZkH0fWOpJIRlwpQ5F-UPWw,,,,,,,,,,,"GFRW+HP Cidade Velha, Belém - State of Pará, Brazil",,,,,,,,,,,,,,,,,,,,,,,,,,,,,,,,,,,,,,,,,,,,,,,,,,,,,,,,,,,,,,,,,,,,,,,,,,,,,,,,,,,,,,,,,,,,,,,,,,,,,,,,,,,,,,,,,,,,,,,,,,,,,,,,,,,,,,,,,,,,,,,,,,,,,,,,,,,,,,,,,,,,,,,,,,,,,,,,,,,,,,,,,,,,,,,,,,,,,,,,,,,,,,,,,,,,,,,,,,,,,,,,,,,,,,,,,,,,,,,,,,,,,,,,,,,,,,,,,,,,,,,,,,,,,66020-120,,22,,10,3,1,3,3,0,,,,,,,,,,,,,,,,,,,,,PA,"R. Cametá, 101",,FALSE,Albergue Domingos Zahluth 24 Horas,Albergue Domingos Zahluth 24 Horas,3.1,https://www.google.com/maps/search/?api=1&query=Albergue%20Domingos%20Zahluth%2024%20Horas&query_place_id=ChIJ3ZkH0fWOpJIRlwpQ5F-UPWw,
,,,,,,,,,,,,,,,,,,,,,,,,,,,,,,,,,,,,,,,,,,,,,,,,,,,,,,,,,,,,,,,,,,,,,,,,,,,,,,,,,,,,,,,,,,,,,,,,,,,,,,,,,,,,,,,,,,,,,,,,,,,,,,,,,,,,,,,,,,,,,,,,,,,,,,,,,,,,,,,,,,,,,,,,,,,,,,,,,,,,,,,,,,,,,,,,,,,"R. São Boaventura, 268 - Cidade Velha, Belém - PA, 66020-550, Brazil",,,Love hotel,,,,,,,,,,Love hotel,3679707673764728989,Belém,BR,,0x92a48e58e6bdfffb:0x3310f2a22406909d,,,/g/1pyqv70gl,,-1.4617207,-48.5052419,,Cidade Velha,,,,,,,,,,,,,,,,People also search for,4,Boite Motel,4,People also search for,1726,Locomotiva Boate e Motel,4.3,People also search for,40,Top beira mar,4.4,People also search for,64,Pousada VIP Boaventura,4.3,People also search for,0,Luiz Fernando Vilhena mooa,0,FALSE,+55 91 3353-3782,5.59134E+11,ChIJ-_-95liOpJIRnZAGJKLyEDM,,,,,,,,,,,"GFQV+8W Cidade Velha, Belém - State of Pará, Brazil",,,,,,,,,,,,,,,,,,,,,,,,,,,,,,,,,,,,,,,,,,,,,,,,,,,,,,,,,,,,,,,,,,,,,,,,,,,,,,,,,,,,,,,,,,,,,,,,,,,,,,,,,,,,,,,,,,,,,,,,,,,,,,,,,,,,,,,,,,,,,,,,,,,,,,,,,,,,,,,,,,,,,,,,,,,,,,,,,,,,,,,,,,,,,,,,,,,,,,,,,,,,,,,,,,,,,,,,,,,,,,,,,,,,,,,,,,,,,,,,,,,,,,,,,,,,,,,,,,,,,,,,,,,,,66020-550,,32,,166,131,20,6,8,1,6,value,6,price,3,shrimp,3,entrees,3,menu,3,environment,2,suite,2,breaded,2,girlfriend,2,terrace,PA,"R. São Boaventura, 268",,FALSE,Los Piratas,Los Piratas,4.6,https://www.google.com/maps/search/?api=1&query=Los%20Piratas&query_place_id=ChIJ-_-95liOpJIRnZAGJKLyEDM,
,,,,,,,,,,,,,,,,,,,,,,,,,,,,,,,,,,,,,,,,,,,,,,,,,,,,,,,,,,,,,,,,,,,,,,,,,,,,,,,,,,,,,,,,,,,,,,,,,,,,,,,,,,,,,,,,,,,,,,,,,,,,,,,,,,,,,,,,,,,,,,,,,,,,,,,,,,,,,,,,,,,,,,,,,,,,,,,,,,,,,,,,,,,,,,,,,,,"Tv. Frutuoso Guimarães, 276 - Campina, Belém - PA, 66019-040, Brazil",,,Hotel,,,,,,,,,,Hotel,7153118468833476550,Belém,BR,,0x92a48eed5b4edc4b:0x6344fb593b1affc6,,,/g/1q2w9dg25,,-1.4523295,-48.4996973,,Campina,,,,,,,,,,,,,,,,,,,,,,,,,,,,,,,,,,,,FALSE,+55 91 98829-8035,5.59199E+12,ChIJS9xOW-2OpJIRxv8aO1n7RGM,,,,,,,,,,,"GGX2+34 Campina, Belém - State of Pará, Brazil",,,,,,,,,,,,,,,,,,,,,,,,,,,,,,,,,,,,,,,,,,,,,,,,,,,,,,,,,,,,,,,,,,,,,,,,,,,,,,,,,,,,,,,,,,,,,,,,,,,,,,,,,,,,,,,,,,,,,,,,,,,,,,,,,,,,,,,,,,,,,,,,,,,,,,,,,,,,,,,,,,,,,,,,,,,,,,,,,,,,,,,,,,,,,,,,,,,,,,,,,,,,,,,,,,,,,,,,,,,,,,,,,,,,,,,,,,,,,,,,,,,,,,,,,,,,,,,,,,,,,,,,,,,,,66019-040,,30,,12,9,1,0,2,0,,,,,,,,,,,,,,,,,,,,,PA,"Tv. Frutuoso Guimarães, 276",,FALSE,Hotel Fortaleza,Hotel Fortaleza,4.6,https://www.google.com/maps/search/?api=1&query=Hotel%20Fortaleza&query_place_id=ChIJS9xOW-2OpJIRxv8aO1n7RGM,
,,,,,,,,,,,,,,,,,,,,,,,,,,,,,,,,,,,,,,,,,,,,,,,,,,,,,,,,,,,,,,,,,,,,,,,,,,,,,,,,,,,,,,,,,,,,,,,,,,,,,,,,,,,,,,,,,,,,,,,,,,,,,,,,,,,,,,,,,,,,,,,,,,,,,,,,,,,,,,,,,,,,,,,,,,,,,,,,,,,,,,,,,,,,,,,,,,,"Av. Alm. Tamandaré, 125 - Cidade Velha, Belém - PA, 66000-020, Brazil",,,Hotel,,,,,,,,,,Hostel,10745328691361100624,Belém,BR,,0x92a48e58d231ec3b:0x951f13837b643350,,,/g/1pyqtw3d7,,-1.4614573,-48.5040527,,Cidade Velha,,,,,,,,,,,,,,,,,,,,,,,,,,,,,,,,,,,,FALSE,+55 91 3222-3863,5.59132E+11,ChIJO-wx0liOpJIRUDNke4MTH5U,,,,,,,,,,,"GFQW+C9 Cidade Velha, Belém - State of Pará, Brazil",,,,,,,,,,,,,,,,,,,,,,,,,,,,,,,,,,,,,,,,,,,,,,,,,,,,,,,,,,,,,,,,,,,,,,,,,,,,,,,,,,,,,,,,,,,,,,,,,,,,,,,,,,,,,,,,,,,,,,,,,,,,,,,,,,,,,,,,,,,,,,,,,,,,,,,,,,,,,,,,,,,,,,,,,,,,,,,,,,,,,,,,,,,,,,,,,,,,,,,,,,,,,,,,,,,,,,,,,,,,,,,,,,,,,,,,,,,,,,,,,,,,,,,,,,,,,,,,,,,,,,,,,,,,,66000-020,,27,,29,15,3,3,7,1,,,,,,,,,,,,,,,,,,,,,PA,"Av. Alm. Tamandaré, 125",,FALSE,Estrelinha Hotel,Estrelinha Hotel,3.9,https://www.google.com/maps/search/?api=1&query=Estrelinha%20Hotel&query_place_id=ChIJO-wx0liOpJIRUDNke4MTH5U,
,,,,,,,,,,,,,,,,,,,,,,,,,,,,,,,,,,,,,,,,,,,,,,,,,,,,,,,,,,,,,,,,,,,,,,,,,,,,,,,,,,,,,,,,,,,,,,,,,,,,,,,,,,,,,,,,,,,,,,,,,,,,,,,,,,,,,,,,,,,,,,,,,,,,,,,,,,,,,,,,,,,,,,,,,,,,,,,,,,,,,,,,,,,,,,,,,,,"Praça Carneiro da Rocha s/nº, Bairro CEP: 66.020-150, - Cidade Velha, PA, Brazil",,,Hotel,,,,,,,,,,Hotel,364071804883212918,Belém,BR,,0x92a48e5bf131eae7:0x50d7160aacc9a76,,,/g/11bwky24tn,,-1.4643377,-48.504057,,Cidade Velha,,,,,,,,,,,,,,,,,,,,,,,,,,,,,,,,,,,,FALSE,+55 91 3216-4029,5.59132E+11,ChIJ5-ox8VuOpJIRdprMqmBxDQU,,,,,,,,,,,"GFPW+79 Cidade Velha, Belém - State of Pará, Brazil",,,,,,,,,,,,,,,,,,,,,,,,,,,,,,,,,,,,,,,,,,,,,,,,,,,,,,,,,,,,,,,,,,,,,,,,,,,,,,,,,,,,,,,,,,,,,,,,,,,,,,,,,,,,,,,,,,,,,,,,,,,,,,,,,,,,,,,,,,,,,,,,,,,,,,,,,,,,,,,,,,,,,,,,,,,,,,,,,,,,,,,,,,,,,,,,,,,,,,,,,,,,,,,,,,,,,,,,,,,,,,,,,,,,,,,,,,,,,,,,,,,,,,,,,,,,,,,,,,,,,,,,,,,,,,,28,,11,6,5,0,0,0,,,,,,,,,,,,,,,,,,,,,PA,"Praça Carneiro da Rocha s/nº, Bairro CEP: 66.020-150,",,FALSE,Hotel De Trânsito Da Marinha Em Belém-Pa,Hotel de Trânsito da Marinha em Belém-PA,4.5,https://www.google.com/maps/search/?api=1&query=Hotel%20de%20Tr%C3%A2nsito%20da%20Marinha%20em%20Bel%C3%A9m-PA&query_place_id=ChIJ5-ox8VuOpJIRdprMqmBxDQU,
,,,,,,,,,,,,,,,,,,,,,,,,,,,,,,,,,,,,,,,,,,,,,,,,,,,,,,,,,,,,,,,,,,,,,,,,,,,,,,,,,,,,,,,,,,,,,,,,,,,,,,,,,,,,,,,,,,,,,,,,,,,,,,,,,,,,,,,,,,,,,,,,,,,,,,,,,,,,,,,,,,,,,,,,,,,,,,,,,,,,,,,,,,,,,,,,,,,"Tv. Frutuoso Guimarães, 215 - Campina, Belém - PA, 66019-040, Brazil",,,Hotel,,,,,,,,,,Hotel,4353486211276945599,Belém,BR,,0x92a48eed6b32f63f:0x3c6ab0a4b5b938bf,,,/g/11cs6kw548,,-1.4517351,-48.500069,,Campina,,,,,,,,,,,,,,,,,,,,,,,,,,,,,,,,,,,,FALSE,,,ChIJP_Yya-2OpJIRvzi5taSwajw,,,,,,,,,,,"GFXX+8X Campina, Belém - State of Pará, Brazil",,,,,,,,,,,,,,,,,,,,,,,,,,,,,,,,,,,,,,,,,,,,,,,,,,,,,,,,,,,,,,,,,,,,,,,,,,,,,,,,,,,,,,,,,,,,,,,,,,,,,,,,,,,,,,,,,,,,,,,,,,,,,,,,,,,,,,,,,,,,,,,,,,,,,,,,,,,,,,,,,,,,,,,,,,,,,,,,,,,,,,,,,,,,,,,,,,,,,,,,,,,,,,,,,,,,,,,,,,,,,,,,,,,,,,,,,,,,,,,,,,,,,,,,,,,,,,,,,,,,,,,,,,,,,66019-040,,26,,17,7,5,2,3,0,,,,,,,,,,,,,,,,,,,,,PA,"Tv. Frutuoso Guimarães, 215",,FALSE,Hotel Ver-O-Centro,Hotel Ver-o-Centro,3.9,https://www.google.com/maps/search/?api=1&query=Hotel%20Ver-o-Centro&query_place_id=ChIJP_Yya-2OpJIRvzi5taSwajw,
,,,,,,,,,TRUE,,,,,,TRUE,,,,,,,,TRUE,,,,,FALSE,,,,,,,,,,,,,,,,,FALSE,,TRUE,,,,,,,,,,,,,,TRUE,,,,,,TRUE,,,,,,,,,,,,,FALSE,,,,,,,,,,,TRUE,,,,,,,FALSE,,FALSE,,,,,,FALSE,,,,,,TRUE,,,,,,,,,,,,,,,,,,,,,,,,,,,,,,,,,,,,,,,,,,,,,,,,,,,,,,,,,,,,,,,,,,,,,,,,,,,,,,,,,,,"Tv. Frutuoso Guimarães, 215 - Campina, Belém - PA, 66019-040, Brazil",,,Hotel,,,,,,,,,,Hotel,5544412604519714815,Belém,BR,Functional rooms offering flat-screen TVs & a/c in a no-nonsense property with a lobby lounge.,0x92a48fe6cb41d0a1:0x4cf1b5e364988fff,,"On a bustling street with shops, this humble hotel is 6 minutes' walk from open-air Ver-o-Peso Market. It's 3 km from the Basilica Sanctuary of Nazareth and 4 km from an intercity bus station.
 Spartan, cozy rooms with tile floors provide flat-screen TVs and private bathrooms, in addition to air conditioning. Family rooms sleep up to 5 guests. Some rooms have minifridges.
 There's a modest lobby lounge.",/g/11fqc9r7m5,,-1.4517351,-48.500069,,Campina,,,,,,,,,,,,,,,,,,,,,,,,,,,,,,,,,,,,FALSE,+55 91 98224-1963,5.59198E+12,ChIJodBBy-aPpJIR_4-YZOO18Uw,,,,,,,,,,,"GFXX+8X Campina, Belém - State of Pará, Brazil",,,,,,,,,,,,,,,,,,,,,,,,,,,,,,,,,,,,,,,,,,,,,,,,,,,,,,,,,,,,,,,,,,,,,,,,,,,,,,,,,,,,,,,,,,,,,,,,,,,,,,,,,,,,,,,,,,,,,,,,,,,,,,,,,,,,,,,,,,,,,,,,,,,,,,,,,,,,,,,,,,,,,,,,,,,,,,,,,,,,,,,,,,,,,,,,,,,,,,,,,,,,,,,,,,,,,,,,,,,,,,,,,,,,,,,,,,,,,,,,,,,,,,,,,,,,,,,,,,,,,,,,,,,,,66019-040,,21,,82,45,17,5,12,3,3,mini fridge,3,receptionist,3,AC,2,tvs,2,wifi,2,price,,,,,,,,,PA,"Tv. Frutuoso Guimarães, 215",,FALSE,Hotel Amazônia Belém,Hotel Amazônia Belém,4.1,https://www.google.com/maps/search/?api=1&query=Hotel%20Amaz%C3%B4nia%20Bel%C3%A9m&query_place_id=ChIJodBBy-aPpJIR_4-YZOO18Uw,
,,,,,,,,,TRUE,,,,TRUE,,,,,,,,,,,,FALSE,,,,,,,,,,,TRUE,,FALSE,,,,,,,,,,,,,,,,,,,,,,,,,,,,,,,,,,,,,,,,,,,,,,,,,,,,,,,,,,,,,,,,,,,,,,,,,,,,,,,,,,,,,,,,,,,,,,,,,,,,,,,,,,,,,,,,,,,,,,,,,,,,,,,,,,,,,,,,,,,,,,,,,,,,,,,,,,,,,"R. Dr. Malcher, 15 - Cidade Velha, Belém - PA, 66020-250, Brazil",,,Hotel,,,,,,,,,,Hotel,2305896573021705637,Belém,BR,"Elegant rooms in a 19th-century property, plus free breakfast & a pizzeria with a patio.",0x92a48ef14389fd53:0x200030b74bbfd5a5,,"Set 10 km from Aeroporto Internacional de Belém/Val-de-Cans, this stylish hotel in a 19th-century house is 2.2 km from the center of Belém.
 Featuring antique furniture and minimalist decor, the 9 elegant rooms come with Wi-Fi, flat-screen TVs and minifridges, and some have views of the city.
 The property serves a free breakfast buffet in its pizzeria restaurant, which also has patio seating.",/g/1hf1c52n1,,-1.455647,-48.5045154,,Cidade Velha,,,,,,,,,,,,,,,,,,,,,,,,,,,,,,,,,,,,FALSE,+55 91 3222-9952,5.59132E+11,ChIJU_2JQ_GOpJIRpdW_S7cwACA,,,,,,,,,,,"GFVW+P5 Cidade Velha, Belém - State of Pará, Brazil",,,,,,,,,,,,,,,,,,,,,,,,,,,,,,,,,,,,,,,,,,,,,,,,,,,,,,,,,,,,,,,,,,,,,,,,,,,,,,,,,,,,,,,,,,,,,,,,,,,,,,,,,,,,,,,,,,,,,,,,,,,,,,,,,,,,,,,,,,,,,,,,,,,,,,,,,,,,,,,,,,,,,,,,,,,,,,,,,,,,,,,,,,,,,,,,,,,,,,,,,,,,,,,,,,,,,,,,,,,,,,,,,,,,,,,,,,,,,,,,,,,,,,,,,,,,,,,,,,,,,,,,,,,,,66020-250,,3,,145,73,42,2,21,7,5,pizza,5,building,4,attractions,4,price,3,host,3,cost,,,,,,,,,PA,"R. Dr. Malcher, 15",,FALSE,Hotel Portas Da Amazônia,Hotel Portas da Amazônia,4.2,https://www.google.com/maps/search/?api=1&query=Hotel%20Portas%20da%20Amaz%C3%B4nia&query_place_id=ChIJU_2JQ_GOpJIRpdW_S7cwACA,
,,,,,,,,,TRUE,,,,,,,,FALSE,,,,FALSE,,,,,,,,,,,,,,,,,,,,,,,,,,,,,,,,,,,,,,,,,,,,,,,,,,,,,,,,,,,,,,,,,,,,,,,,,,,,,,,,,,,,,,,,,,,,,,,,,,,,,,,,,,,,,,,,,,,,,,,,,,,,,,,,,,,,,,,,,,,,,,,,,,,,,,,,,,,,,,,,,,,,,,,,,,,,,,"Tv. Vileta, 1452 - Pedreira, Belém - PA, 66085-710, Brazil",,,Love hotel,,,,,,,,,,Love hotel,12448674015123794418,Belém,BR,,0x92a48c05c63a4681:0xacc2930f9416e9f2,,,/g/1tfrs_gr,,-1.4344679,-48.4707444,,Pedreira,,,,,,,,,,,,,,,,,,,,,,,,,,,,,,,,,,,,FALSE,+55 91 3236-0771,5.59132E+11,ChIJgUY6xgWMpJIR8ukWlA-Twqw,,,,,,,,,,,"HG8H+6P Pedreira, Belém - State of Pará, Brazil",,,,,,,,,,,,,,,,,,,,,,,,,,,,,,,,,,,,,,,,,,,,,,,,,,,,,,,,,,,,,,,,,,,,,,,,,,,,,,,,,,,,,,,,,,,,,,,,,,,,,,,,,,,,,,,,,,,,,,,,,,,,,,,,,,,,,,,,,,,,,,,,,,,,,,,,,,,,,,,,,,,,,,,,,,,,,,,,,,,,,,,,,,,,,,,,,,,,,,,,,,,,,,,,,,,,,,,,,,,,,,,,,,,,,,,,,,,,,,,,,,,,,,,,,,,,,,,,,,,,,,,,,,,,,66085-710,,35,,97,46,18,14,16,3,8,price,5,suite,4,2020,3,room service,3,lighting,2,apartment,2,value,2,wall,2,bedding,2,sound,PA,"Tv. Vileta, 1452",,FALSE,Eternu'S Motel,Eternu's Motel,3.8,https://www.google.com/maps/search/?api=1&query=Eternu's%20Motel&query_place_id=ChIJgUY6xgWMpJIR8ukWlA-Twqw,
,,,,,,,,,,,,,,,,,,,,,,,,,,,,,,,,,,,,,,,,,,,,,,,,,,,,,,,,,,,,,,,,,,,,,,,,,,,,,,,,,,,,,,,,,,,,,,,,,,,,,,,,,,,,,,,,,,,,,,,,,,,,,,,,,,,,,,,,,,,,,,,,,,,,,,,,,,,,,,,,,,,,,,,,,,,,,,,,,,,,,,,,,,,,,,,,,,,"Viela Pauxis - Marco, Belém - PA, 66095-440, Brazil",,,Love hotel,,,,,,,,,,Love hotel,5325408625188207099,Belém,BR,,0x92a48c74d4fb8729:0x49e7a6edec24f9fb,,,/g/1tf6swcw,,-1.43668,-48.4525377,,Marco,,,,,,,,,,,,,,,,,,,,,,,,,,,,,,,,,,,,FALSE,+55 91 3039-1200,5.5913E+11,ChIJKYf71HSMpJIR-_kk7O2m50k,,,,,,,,,,,"HG7W+8X Marco, Belém - State of Pará, Brazil",,,,,,,,,,,,,,,,,,,,,,,,,,,,,,,,,,,,,,,,,,,,,,,,,,,,,,,,,,,,,,,,,,,,,,,,,,,,,,,,,,,,,,,,,,,,,,,,,,,,,,,,,,,,,,,,,,,,,,,,,,,,,,,,,,,,,,,,,,,,,,,,,,,,,,,,,,,,,,,,,,,,,,,,,,,,,,,,,,,,,,,,,,,,,,,,,,,,,,,,,,,,,,,,,,,,,,,,,,,,,,,,,,,,,,,,,,,,,,,,,,,,,,,,,,,,,,,,,,,,,,,,,,,,,66095-440,,34,,52,27,9,1,11,4,2,value,2,environment,,,,,,,,,,,,,,,,,PA,Viela Pauxis,,FALSE,Pousada Love Lomas,Pousada Love lomas,4.1,https://www.google.com/maps/search/?api=1&query=Pousada%20Love%20lomas&query_place_id=ChIJKYf71HSMpJIR-_kk7O2m50k,http://www.facebook.com/lovelomaspousada
,,,,,,,,,,,,,,,,,,,,,,,,,,,,,,,,,,,,,,,,,,,,,,,,,,,,,,,,,,,,,,,,,,,,,,,,,,,,,,,,,,,,,,,,,,,,,,,,,,,,,,,,,,,,,,,,,,,,,,,,,,,,,,,,,,,,,,,,,,,,,,,,,,,,,,,,,,,,,,,,,,,,,,,,,,,,,,,,,,,,,,,,,,,,,,,,,,,"R. Jabatiteua, 591 - Marco, Belém - PA, 66070-260, Brazil",,,Hotel,,,,,,,,,,Hotel,1928849054173783446,Belém,BR,,0x92a48c4137618ed5:0x1ac4a5fecb606596,,,/g/11hbkbll6v,,-1.4475335,-48.4552072,,Marco,,,,,,,,,,,,,,,,People also search for,1,Hotel,5,People also search for,2,CARPE DIEN SUÍTES,4,People also search for,155,Hotel Taja,3.2,People also search for,2,Belem,5,People also search for,10,Hotel Top Econômico,4.1,FALSE,,,ChIJ1Y5hN0GMpJIRlmVgy_6lxBo,,,,,,,,,,,"HG2V+XW Marco, Belém - State of Pará, Brazil",,,,,,,,,,,,,,,,,,,,,,,,,,,,,,,,,,,,,,,,,,,,,,,,,,,,,,,,,,,,,,,,,,,,,,,,,,,,,,,,,,,,,,,,,,,,,,,,,,,,,,,,,,,,,,,,,,,,,,,,,,,,,,,,,,,,,,,,,,,,,,,,,,,,,,,,,,,,,,,,,,,,,,,,,,,,,,,,,,,,,,,,,,,,,,,,,,,,,,,,,,,,,,,,,,,,,,,,,,,,,,,,,,,,,,,,,,,,,,,,,,,,,,,,,,,,,,,,,,,,,,,,,,,,,66070-260,,33,,7,5,1,1,0,0,4,fan,3,mattress,,,,,,,,,,,,,,,,,PA,"R. Jabatiteua, 591",,FALSE,Pelotas Hotel,Pelotas Hotel,4.3,https://www.google.com/maps/search/?api=1&query=Pelotas%20Hotel&query_place_id=ChIJ1Y5hN0GMpJIRlmVgy_6lxBo,
,,,,,,,,,,,,,,,,,,,,,,,,,,,,,,,,,,,,,,,,,,,,,,,,,,,,,,,,,,,,,,,,,,,,,,,,,,,,,,,,,,,,,,,,,,,,,,,,,,,,,,,,,,,,,,,,,,,,,,,,,,,,,,,,,,,,,,,,,,,,,,,,,,,,,,,,,,,,,,,,,,,,,,,,,,,,,,,,,,,,,,,,,,,,,,,,,,,"Estádio Leônidas Castro (Curuzú), Tv. do Chaco - Marco, Belém - PA, 66093-490, Brazil",,,Hotel,Extended stay hotel,,,,,,,,,Hotel,7958355683565443608,Belém,BR,,0x92a48c158c058035:0x6e71c2543b211a18,,,/g/11byz58444,,-1.4442033,-48.462208,,Marco,,,,,,,,,,,,,,,,,,,,,,,,,,,,,,,,,,,,FALSE,,,ChIJNYAFjBWMpJIRGBohO1TCcW4,,,,,,,,,,,"HG4Q+84 Marco, Belém - State of Pará, Brazil",,,,,,,,,,,,,,,,,,,,,,,,,,,,,,,,,,,,,,,,,,,,,,,,,,,,,,,,,,,,,,,,,,,,,,,,,,,,,,,,,,,,,,,,,,,,,,,,,,,,,,,,,,,,,,,,,,,,,,,,,,,,,,,,,,,,,,,,,,,,,,,,,,,,,,,,,,,,,,,,,,,,,,,,,,,,,,,,,,,,,,,,,,,,,,,,,,,,,,,,,,,,,,,,,,,,,,,,,,,,,,,,,,,,,,,,,,,,,,,,,,,,,,,,,,,,,,,,,,,,,,,,,,,,,66093-490,,32,,14,12,0,2,0,0,,,,,,,,,,,,,,,,,,,,,PA,"Estádio Leônidas Castro (Curuzú), Tv. do Chaco",,FALSE,Hotel Antônio Diogo Couceiro,Hotel Antônio Diogo Couceiro,4.4,https://www.google.com/maps/search/?api=1&query=Hotel%20Ant%C3%B4nio%20Diogo%20Couceiro&query_place_id=ChIJNYAFjBWMpJIRGBohO1TCcW4,
,,,,,,,,,,,,,,,,,,,,,,,,,,,,,,,,,,,,,,,,,,,,,,,,,,,,,,,,,,,,,,,,,,,,,,,,,,,,,,,,,,,,,,,,,,,,,,,,,,,,,,,,,,,,,,,,,,,,,,,,,,,,,,,,,,,,,,,,,,,,,,,,,,,,,,,,,,,,,,,,,,,,,,,,,,,,,,,,,,,,,,,,,,,,,,,,,,,"Tv. Primeira de Queluz, 29 São Bras Cep: - São Brás, Belém - PA, 66090-520, Brazil",,,Hotel,,,,,,,,,,Hotel,13541008739333077012,Belém,BR,,0x92a48d9e3848bd93:0xbbeb53b480687814,,,/g/11vzqqdjqt,,-1.4484605,-48.4651848,,São Brás,,,,,,,,,,,,,,,,,,,,,,,,,,,,,,,,,,,,FALSE,+55 91 98460-6094,5.59198E+12,ChIJk71IOJ6NpJIRFHhogLRT67s,,,,,,,,,,,"HG2M+JW Belém, State of Pará, Brazil",,,,,,,,,,,,,,,,,,,,,,,,,,,,,,,,,,,,,,,,,,,,,,,,,,,,,,,,,,,,,,,,,,,,,,,,,,,,,,,,,,,,,,,,,,,,,,,,,,,,,,,,,,,,,,,,,,,,,,,,,,,,,,,,,,,,,,,,,,,,,,,,,,,,,,,,,,,,,,,,,,,,,,,,,,,,,,,,,,,,,,,,,,,,,,,,,,,,,,,,,,,,,,,,,,,,,,,,,,,,,,,,,,,,,,,,,,,,,,,,,,,,,,,,,,,,,,,,,,,,,,,,,,,,,66090-520,,29,,17,10,2,4,0,1,3,bus station,3,call center,2,shower,2,shower cabin,2,não recomendo,2,benefit–cost ratio,2,bakery,2,supermarket,2,ice cream,2,value,PA,"Tv. Primeira de Queluz, 29 São Bras Cep:",,FALSE,Hotel Da Rodoviaria,Hotel da Rodoviaria,3.8,https://www.google.com/maps/search/?api=1&query=Hotel%20da%20Rodoviaria&query_place_id=ChIJk71IOJ6NpJIRFHhogLRT67s,
,,,,,,,,,TRUE,,,,TRUE,,,,,,,,,,,FALSE,,,,TRUE,,,,,,,,,,,,,,,,,FALSE,,TRUE,,,,,,,,,,,,,,,FALSE,,,,,,,,,,FALSE,,,TRUE,,,,,,,,,,,,FALSE,,,,,,,,,,,,TRUE,,,,,,,,,,,,,,,,,,,,,,,,,,,,,,,,,,,,,,,,,,,,,,,,,,,,,,,,,,,,,,,,,,,,,,,,,,,,,,,,,,,,,,,,,,,,,,,,"Av. Ceará, 81 - São Brás, Belém - PA, 66090-460, Brazil",,,Hotel,,,,,,,,,,Hotel,13555793012258757413,Belém,BR,,0x92a48c3b8764d549:0xbc1fd9ec4867db25,,,/g/1tdp637r,,-1.4479892,-48.4649791,,São Brás,,,,,,,,,,,,,,,,,,,,,,,,,,,,,,,,,,,,FALSE,+55 91 3226-5961,5.59132E+11,ChIJSdVkhzuMpJIRJdtnSOzZH7w,,,,,,,,,,,"HG2P+R2 São Brás, Belém - State of Pará, Brazil",,,,,,,,,,,,,,,,,,,,,,,,,,,,,,,,,,,,,,,,,,,,,,,,,,,,,,,,,,,,,,,,,,,,,,,,,,,,,,,,,,,,,,,,,,,,,,,,,,,,,,,,,,,,,,,,,,,,,,,,,,,,,,,,,,,,,,,,,,,,,,,,,,,,,,,,,,,,,,,,,,,,,,,,,,,,,,,,,,,,,,,,,,,,,,,,,,,,,,,,,,,,,,,,,,,,,,,,,,,,,,,,,,,,,,,,,,,,,,,,,,,,,,,,,,,,,,,,,,,,,,,,,,,,,66090-460,,28,,140,62,22,16,29,11,8,price,6,bus station,4,air,3,sleep,2,sympathetic,2,fan,2,cost,2,value,2,internet,2,receptionist,PA,"Av. Ceará, 81",,FALSE,Hotel Akemi,Hotel Akemi,3.7,https://www.google.com/maps/search/?api=1&query=Hotel%20Akemi&query_place_id=ChIJSdVkhzuMpJIRJdtnSOzZH7w,https://www.instagram.com/hotel.akemi?igsh=MXgwMHdrYjd4YjFqYg==
,,,,,,,,,TRUE,,,,TRUE,,,,,,,,,TRUE,,,,,,,,,,,,,FALSE,,TRUE,,,,,,,,,,,,,,,,TRUE,,,,TRUE,,,,,,,,,,,,,,FALSE,,,,,,,TRUE,,,,,,,,,,,,FALSE,,,FALSE,,,,,,,,,FALSE,,,,,TRUE,,,,,,,,,,,,,,,,,,,,,,,,,,,,,,,,,,,,,,,,,,,,,,,,,,,,,,,,,,,,,,,,,,,,,,,,,,,,,,,,,,,,,,,,"Tv. Timbó, 3099 - Marco, Belém - PA, 66093-532, Brazil",,,Hotel,,,,,,,,,,Hotel,17069758046066626522,Belém,BR,,0x92a48c6caa6b1c75:0xece3f680e1aacfda,,,/g/1tdw93_9,,-1.4404154,-48.4587612,,Marco,,,,,,,,,,,,,,,,,,,,,,,,,,,,,,,,,,,,FALSE,+55 91 3246-8135,5.59132E+11,ChIJdRxrqmyMpJIR2s-q4YD24-w,,,,,,,,,,,"HG5R+RF Marco, Belém - State of Pará, Brazil",,,,,,,,,,,,,,,,,,,,,,,,,,,,,,,,,,,,,,,,,,,,,,,,,,,,,,,,,,,,,,,,,,,,,,,,,,,,,,,,,,,,,,,,,,,,,,,,,,,,,,,,,,,,,,,,,,,,,,,,,,,,,,,,,,,,,,,,,,,,,,,,,,,,,,,,,,,,,,,,,,,,,,,,,,,,,,,,,,,,,,,,,,,,,,,,,,,,,,,,,,,,,,,,,,,,,,,,,,,,,,,,,,,,,,,,,,,,,,,,,,,,,,,,,,,,,,,,,,,,,,,,,,,,,66093-532,,26,,339,163,80,17,58,21,9,price,4,structure,3,value,2,elevator,2,meal,2,team,2,shower,2,cake,2,receptionist,2,stars,PA,"Tv. Timbó, 3099",HOTEL PARAISO,FALSE,Hotel Paraíso Belém,HOTEL PARAÍSO BELÉM,4,https://www.google.com/maps/search/?api=1&query=HOTEL%20PARA%C3%8DSO%20BEL%C3%89M&query_place_id=ChIJdRxrqmyMpJIR2s-q4YD24-w,
,,,,,,,,,TRUE,,,,TRUE,,,,,,,,,,,TRUE,,,,,,,,,,,FALSE,,TRUE,,,,,,,,,,,,,,,,TRUE,,,,,,,,,FALSE,,,,,,,TRUE,,,,,,,,,,,,TRUE,,,,FALSE,,,,,,,,,,FALSE,,,,,,,,,,,,,,,,,,,,,,,,,,,,,,,,,,,,,,,,,,,,,,,,,,,,,,,,,,,,,,,,,,,,,,,,,,,,,,,,,,,,,,,,,,,,,,,,,,,,"Av. Gov. José Malcher, 2953 - Nazaré, Belém - PA, 66090-100, Brazil",,,Hotel,,,,,,,,,,Hotel,1665669263209123987,Belém,BR,Straightforward rooms in a relaxed hotel offering complimentary breakfast & Wi-Fi.,0x92a48c3b7dc25eff:0x171da55eaaddd093,,"On a busy street across from a leafy city park, this informal hotel is 16 minutes' walk from Museu Paraense Emílio Goeldi and 2 km from Basílica Santuário de Nazaré church.
 Featuring tile floors and wood furnishings, the pared-back rooms have Wi-Fi, flat-screen TVs and minifridges, as well as safes. Some rooms add sofas.
 A breakfast buffet is served in a bright dining room.",/g/1vqthw0k,,-1.4481805,-48.4672515,,Nazaré,,,,,,,,,,,,,,,,,,,,,,,,,,,,,,,,,,,,FALSE,+55 91 3204-4100,5.59132E+11,ChIJ_17CfTuMpJIRk9Ddql6lHRc,1,Food & Drink,,,,,,,,,"HG2M+P3 Nazaré, Belém - State of Pará, Brazil",,,,,,,,,,,,,,,,,,,,,,,,,,,,,,,,,,,,,,,,,,,,,,,,,,,,,,,,,,,,,,,,,,,,,,,,,,,,,,,,,,,,,,,,,,,,,,,,,,,,,,,,,,,,,,,,,,,,,,,,,,,,,,,,,,,,,,,,,,,,,,,,,,,,,,,,,,,,,,,,,,,,,,,,,,,,,,,,,,,,,,,,,,,,,,,,,,,,,,,,,,,,,,,,,,,,,,,,,,,,,,,,,,,,,,,,,,,,,,,,,,,,,,,,,,,,,,,,,,,,,,,,,,,,,66090-100,$31 ,4,,1328,588,331,68,266,75,36,AC,24,cost,23,parking,22,bus station,16,receptionist,13,internet,11,hosting,9,garage,9,mini fridge,5,education,PA,"Av. Gov. José Malcher, 2953",,FALSE,Hotel Ipê,Hotel Ipê,4,https://www.google.com/maps/search/?api=1&query=Hotel%20Ip%C3%AA&query_place_id=ChIJ_17CfTuMpJIRk9Ddql6lHRc,
,,,,,,,,,TRUE,,,,TRUE,,,,,,,,,,,TRUE,,,,,,,,,,,FALSE,,TRUE,,,,,,,,,,,,,,,,,FALSE,,,,,TRUE,,,,,,,,,,,,,FALSE,,,FALSE,,,,,,,,,,,,FALSE,,,,,,,,,,,,,,,,,,,,,,,,,,,,,,,,,,,,,,,,,,,,,,,,,,,,,,,,,,,,,,,,,,,,,,,,,,,,,,,,,,,,,,,,,,,,,,,,,,,,,,,,,,,,"Tv. Primeira de Queluz, 63 - São Brás, Belém - PA, 66090-520, Brazil",,,Hotel,,,,,,,,,,Hotel,378154842347965589,Belém,BR,Simply furnished rooms with flat-screens & minifridges in an unassuming property.,0x92a48c30bf8b0ff9:0x53f79d3583e8c95,,"Set in the São Brás district, this straightforward hotel is 2 km from Museu Paraense Emílio Goeldi, 4 km from the Basilica of Our Lady of Nazareth of Exile and 9 km from the Val de Cans International Airport.
 The unpretentious, simply furnished rooms come with flat-screen TVs and minifridges. Wi-Fi is available.
 A breakfast buffet and parking are available for a surcharge.",/g/1tdr980h,,-1.448684,-48.4651672,,São Brás,,,,,,,,,,,,,,,,,,,,,,,,,,,,,,,,,,,,FALSE,+55 91 3228-2670,5.59132E+11,ChIJ-Q-LvzCMpJIRlYw-WNN5PwU,1,Other,,,,,,,,,"HG2M+GW São Brás, Belém - State of Pará, Brazil",,,,,,,,,,,,,,,,,,,,,,,,,,,,,,,,,,,,,,,,,,,,,,,,,,,,,,,,,,,,,,,,,,,,,,,,,,,,,,,,,,,,,,,,,,,,,,,,,,,,,,,,,,,,,,,,,,,,,,,,,,,,,,,,,,,,,,,,,,,,,,,,,,,,,,,,,,,,,,,,,,,,,,,,,,,,,,,,,,,,,,,,,,,,,,,,,,,,,,,,,,,,,,,,,,,,,,,,,,,,,,,,,,,,,,,,,,,,,,,,,,,,,,,,,,,,,,,,,,,,,,,,,,,,,66090-520,,22,,1282,535,383,51,237,76,27,receptionist,26,bus station,16,benefit–cost ratio,16,mini fridge,15,organized,15,wifi,9,belém,8,apartment,7,structure,5,cable,PA,"Tv. Primeira de Queluz, 63",,FALSE,Hotel Danúbio,Hotel Danúbio,4,https://www.google.com/maps/search/?api=1&query=Hotel%20Dan%C3%BAbio&query_place_id=ChIJ-Q-LvzCMpJIRlYw-WNN5PwU,http://www.hoteldanubio-pa.com.br/
,,,,,,,,,,,,,,,,,,,,,,,,,,,,,,,,,,,,,,,,,,,,,,,,,,,,,,,,,,,,,,,,,,,,,,,,,,,,,,,,,,,,,,,,,,,,,,,,,,,,,,,,,,,,,,,,,,,,,,,,,,,,,,,,,,,,,,,,,,,,,,,,,,,,,,,,,,,,,,,,,,,,,,,,,,,,,,,,,,,,,,,,,,,,,,,,,,,"142, Av. Leste, 78 - Maracangalha, Belém - PA, 66110-001, Brazil",,,Hotel,,,,,,,,,,Love hotel,14884103722111150187,Belém,BR,,0x92a48a29ea193b11:0xce8ef579d481286b,,,/g/11j3vjs3p9,,-1.3964103,-48.4777584,,Maracangalha,,,,,,,,,,,,,,,,,,,,,,,,,,,,,,,,,,,,FALSE,,,ChIJETsZ6imKpJIRayiB1Hn1js4,,,,,,,,,,,"JG3C+CV Maracangalha, Belém - State of Pará, Brazil",,,,,,,,,,,,,,,,,,,,,,,,,,,,,,,,,,,,,,,,,,,,,,,,,,,,,,,,,,,,,,,,,,,,,,,,,,,,,,,,,,,,,,,,,,,,,,,,,,,,,,,,,,,,,,,,,,,,,,,,,,,,,,,,,,,,,,,,,,,,,,,,,,,,,,,,,,,,,,,,,,,,,,,,,,,,,,,,,,,,,,,,,,,,,,,,,,,,,,,,,,,,,,,,,,,,,,,,,,,,,,,,,,,,,,,,,,,,,,,,,,,,,,,,,,,,,,,,,,,,,,,,,,,,,66110-001,,14,,42,29,5,5,2,1,,,,,,,,,,,,,,,,,,,,,PA,"142, Av. Leste, 78",,FALSE,Oasis Motel,Oasis Motel,4.2,https://www.google.com/maps/search/?api=1&query=Oasis%20Motel&query_place_id=ChIJETsZ6imKpJIRayiB1Hn1js4,
,,,,,,,,,,,TRUE,,TRUE,,,,,,,,,TRUE,,,,,,,,,,,,,FALSE,,,FALSE,,,,,,,,,,,,,,,,,,,,,,,,,,,,,,,,,,,,,,,,,,,,,,,,,,,,,,,,,,,,,,,,,,,,,,,,,,,,,,,,,,,,,,,,,,,,,,,,,,,,,,,,,,,,,,,,,,,,,,,,,,,,,,,,,,,,,,,,,,,,,,,,,,,,,,,,,,,,,"Av. Júlio César, 1026 - Val-de-Cães, Belém - PA, 66613-010, Brazil",,,Love hotel,,,,,,,,,,Love hotel,7082280619020459705,Belém,BR,,0x92a48b95014186f7:0x624950b310591eb9,,,/g/1wj_vbmn,,-1.4022662,-48.4706225,,Val-de-Cães,,,,,,,,,,,,,,,,,,,,,,,,,,,,,,,,,,,,FALSE,,,ChIJ94ZBAZWLpJIRuR5ZELNQSWI,,,,,,,,,,,"HGXH+3Q Val-de-Cães, Belém - State of Pará, Brazil",,,,,,,,,,,,,,,,,,,,,,,,,,,,,,,,,,,,,,,,,,,,,,,,,,,,,,,,,,,,,,,,,,,,,,,,,,,,,,,,,,,,,,,,,,,,,,,,,,,,,,,,,,,,,,,,,,,,,,,,,,,,,,,,,,,,,,,,,,,,,,,,,,,,,,,,,,,,,,,,,,,,,,,,,,,,,,,,,,,,,,,,,,,,,,,,,,,,,,,,,,,,,,,,,,,,,,,,,,,,,,,,,,,,,,,,,,,,,,,,,,,,,,,,,,,,,,,,,,,,,,,,,,,,,66613-010,,20,,1147,716,222,51,128,30,31,price,15,environment,10,apartment,10,suite,7,smell,6,tub,4,benefit–cost ratio,3,hygiene,3,sound,2,erotic,PA,"Av. Júlio César, 1026",,FALSE,Motel Valency,Motel Valency,4.3,https://www.google.com/maps/search/?api=1&query=Motel%20Valency&query_place_id=ChIJ94ZBAZWLpJIRuR5ZELNQSWI,
,,,,,,,,,TRUE,,,,,TRUE,,,,,,,,,,,FALSE,,,,TRUE,,,,,,,,,,TRUE,,,,,,,,,,,,,,,,TRUE,,,FALSE,,,,,,,,,,,,,,,,,,,,,,,,,,,,,,,,,,,,,,,,,,,,,,,,,,,,,,,,,,,,,,,,,,,,,,,,,,,,,,,,,,,,,,,,,,,,,,,,,,,,,,,,,,,,,,,,,,,,,,,,,,,,,,,,,,,,,,,,,"R. Aristides Lobo, 485 - centro, Belém - PA, 66017-010, Brazil",,,Hotel,,,,,,,,,,Hotel,14191326017888746238,Belém,BR,Down-to-earth rooms with air-conditioning in a low-key budget hotel offering a restaurant.,0x92a48e93dfe8b4f5:0xc4f1b7d30c047afe,,,/g/11dfmd6b3b,,-1.4511111,-48.4961111,,centro,,,,,,,,,,,,,,,,,,,,,,,,,,,,,,,,,,,,FALSE,+55 91 99388-8888,5.59199E+12,ChIJ9bTo35OOpJIR_noEDNO38cQ,1,Lodging,,,,,,,,,"GGX3+HH Belém, State of Pará, Brazil",,,,,,,,,,,,,,,,,,,,,,,,,,,,,,,,,,,,,,,,,,,,,,,,,,,,,,,,,,,,,,,,,,,,,,,,,,,,,,,,,,,,,,,,,,,,,,,,,,,,,,,,,,,,,,,,,,,,,,,,,,,,,,,,,,,,,,,,,,,,,,,,,,,,,,,,,,,,,,,,,,,,,,,,,,,,,,,,,,,,,,,,,,,,,,,,,,,,,,,,,,,,,,,,,,,,,,,,,,,,,,,,,,,,,,,,,,,,,,,,,,,,,,,,,,,,,,,,,,,,,,,,,,,,,66017-010,$20 ,19,,963,346,229,96,226,66,27,air conditioning,24,cost,15,mini fridge,15,TV,12,parking,11,belém,11,structure,9,pay,7,garage,7,smell,PA,"R. Aristides Lobo, 485",,FALSE,Hotel Central,Hotel Central,3.7,https://www.google.com/maps/search/?api=1&query=Hotel%20Central&query_place_id=ChIJ9bTo35OOpJIR_noEDNO38cQ,
,,,,,,,,,,,,,,,,,,,,,,,,,,,,,,,,,,,,,,,,,,,,,,,,,,,,,,,,,,,,,,,,,,,,,,,,,,,,,,,,,,,,,,,,,,,,,,,,,,,,,,,,,,,,,,,,,,,,,,,,,,,,,,,,,,,,,,,,,,,,,,,,,,,,,,,,,,,,,,,,,,,,,,,,,,,,,,,,,,,,,,,,,,,,,,,,,,,"Av. Leste, 141 - Maracangalha, Belém - PA, 66110-001, Brazil",,,Inn,,,,,,,,,,Inn,1378839094901356062,Belém,BR,,0x92a4894a07612171:0x13229ed9f604361e,,,/g/11vdbgnk_3,,-1.396555,-48.4778967,,Maracangalha,,,,,,,,,,,,,,,,,,,,,,,,,,,,,,,,,,,,FALSE,+55 91 99150-4364,5.59199E+12,ChIJcSFhB0qJpJIRHjYE9tmeIhM,,,,,,,,,,,"JG3C+9R Maracangalha, Belém - State of Pará, Brazil",,,,,,,,,,,,,,,,,,,,,,,,,,,,,,,,,,,,,,,,,,,,,,,,,,,,,,,,,,,,,,,,,,,,,,,,,,,,,,,,,,,,,,,,,,,,,,,,,,,,,,,,,,,,,,,,,,,,,,,,,,,,,,,,,,,,,,,,,,,,,,,,,,,,,,,,,,,,,,,,,,,,,,,,,,,,,,,,,,,,,,,,,,,,,,,,,,,,,,,,,,,,,,,,,,,,,,,,,,,,,,,,,,,,,,,,,,,,,,,,,,,,,,,,,,,,,,,,,,,,,,,,,,,,,66110-001,,6,,147,87,19,9,22,10,2,mini fridge,2,tvs,2,environment,2,AC,,,,,,,,,,,,,PA,"Av. Leste, 141",,FALSE,Pousada Doce Paixão,Pousada Doce Paixão,4.1,https://www.google.com/maps/search/?api=1&query=Pousada%20Doce%20Paix%C3%A3o&query_place_id=ChIJcSFhB0qJpJIRHjYE9tmeIhM,
,,,,,,,,,TRUE,,,,TRUE,,,,,,,,,TRUE,,,,,,TRUE,,,,,,,,,,,,,,,,,FALSE,,TRUE,,,,,,,,,,,,,,,TRUE,,,,,,,,,,FALSE,,,FALSE,,,,,,,,,,,,FALSE,,,,,,,,,,,,,,,,,,,,,,,,,,,,,,,,,,,,,,,,,,TRUE,,,,,,,,,,,,,,,,,,,,,,,,,,,,,,,,,,,,,,,,,,,,,,,,,,,,,,,,,,,,,,,,,,"R. Um, 42 - Maracangalha, Belém - PA, 66110-000, Brazil",,,Hotel,,,,,,,,,,Hotel,18192216909549583722,Belém,BR,,0x92a48bd53e8a315d:0xfc77bce48a8ebd6a,,,/g/11vs6gcf8v,,-1.3969806,-48.4772363,,Maracangalha,,,,,,,,,,,,,,,,,,,,,,,,,,,,,,,,,,,,FALSE,+55 91 98708-1668,5.59199E+12,ChIJXTGKPtWLpJIRar2OiuS8d_w,,,,,,,,,,,"JG3F+64 Maracangalha, Belém - State of Pará, Brazil",,,,,,,,,,,,,,,,,,,,,,,,,,,,,,,,,,,,,,,,,,,,,,,,,,,,,,,,,,,,,,,,,,,,,,,,,,,,,,,,,,,,,,,,,,,,,,,,,,,,,,,,,,,,,,,,,,,,,,,,,,,,,,,,,,,,,,,,,,,,,,,,,,,,,,,,,,,,,,,,,,,,,,,,,,,,,,,,,,,,,,,,,,,,,,,,,,,,,,,,,,,,,,,,,,,,,,,,,,,,,,,,,,,,,,,,,,,,,,,,,,,,,,,,,,,,,,,,,,,,,,,,,,,,,66110-000,,11,,18,13,4,1,0,0,4,airport,2,mom,2,towels,,,,,,,,,,,,,,,PA,"R. Um, 42",,FALSE,Hotel Das Flores Belém,Hotel das Flores Belém,4.6,https://www.google.com/maps/search/?api=1&query=Hotel%20das%20Flores%20Bel%C3%A9m&query_place_id=ChIJXTGKPtWLpJIRar2OiuS8d_w,https://www.instagram.com/hosteldasfloresbelem/
,,,,,,,,,,,,,,,,,,,,,,,,,,,,,,,,,,,,,,,,,,,,,,,,,,,,,,,,,,,,,,,,,,,,,,,,,,,,,,,,,,,,,,,,,,,,,,,,,,,,,,,,,,,,,,,,,,,,,,,,,,,,,,,,,,,,,,,,,,,,,,,,,,,,,,,,,,,,,,,,,,,,,,,,,,,,,,,,,,,,,,,,,,,,,,,,,,,"Rua senador manoel barata 1292 entre travessa piedade e benjamimme - Reduto, Belém - PA, 66010-140, Brazil",,,Hostel,,,,,,,,,,Hostel,18277420950157341389,Belém,BR,,0x92a48f730b3d9eb9:0xfda67184286932cd,,,/g/11s148k5cd,,-1.4476755,-48.4934935,,Reduto,,,,,,,,,,,,,,,,,,,,,,,,,,,,,,,,,,,,FALSE,+55 91 98470-5354,5.59198E+12,ChIJuZ49C3OPpJIRzTJpKIRxpv0,,,,,,,,,,,"HG24+WJ Reduto, Belém - State of Pará, Brazil",,,,,,,,,,,,,,,,,,,,,,,,,,,,,,,,,,,,,,,,,,,,,,,,,,,,,,,,,,,,,,,,,,,,,,,,,,,,,,,,,,,,,,,,,,,,,,,,,,,,,,,,,,,,,,,,,,,,,,,,,,,,,,,,,,,,,,,,,,,,,,,,,,,,,,,,,,,,,,,,,,,,,,,,,,,,,,,,,,,,,,,,,,,,,,,,,,,,,,,,,,,,,,,,,,,,,,,,,,,,,,,,,,,,,,,,,,,,,,,,,,,,,,,,,,,,,,,,,,,,,,,,,,,,,66010-140,,25,,1,1,0,0,0,0,,,,,,,,,,,,,,,,,,,,,PA,Rua senador manoel barata 1292 entre travessa piedade e benjamimme,,FALSE,Edenclub,Edenclub,5,https://www.google.com/maps/search/?api=1&query=Edenclub&query_place_id=ChIJuZ49C3OPpJIRzTJpKIRxpv0,
,,,,,,,,,TRUE,,,TRUE,,,,,,,,,,TRUE,,,,,,,,,,,,,FALSE,,TRUE,,,,,,,,,,,,,,,,,FALSE,,,,,,,,,FALSE,,,FALSE,,,,,,,,,,,FALSE,,,,,,,,,,,,,,,,,,,,,,,,,,,,,,,,,,,,,,,,,,,,,,,,,,,,,,,,,,,,,,,,,,,,,,,,,,,,,,,,,,,,,,,,,,,,,,,,,,,,,,,,,,,,,,,,,,,,,,"Av. Pedro Álvares Cabral, 835 - Umarizal, Belém - PA, 66050-400, Brazil",,,Bed & breakfast,,,,,,,,,,Love hotel,9487222219195342001,Belém,BR,,0x92a4607c375d229d:0x83a96257c854dcb1,,,/g/1tfg44w6,,-1.4371546,-48.4921134,,Umarizal,,,,,,,,,,,,,,,,,,,,,,,,,,,,,,,,,,,,FALSE,+55 91 3204-8000,5.59132E+11,ChIJnSJdN3xgpJIRsdxUyFdiqYM,,,,,,,,,,,"HG75+45 Umarizal, Belém - State of Pará, Brazil",,,,,,,,,,,,,,,,,,,,,,,,,,,,,,,,,,,,,,,,,,,,,,,,,,,,,,,,,,,,,,,,,,,,,,,,,,,,,,,,,,,,,,,,,,,,,,,,,,,,,,,,,,,,,,,,,,,,,,,,,,,,,,,,,,,,,,,,,,,,,,,,,,,,,,,,,,,,,,,,,,,,,,,,,,,,,,,,,,,,,,,,,,,,,,,,,,,,,,,,,,,,,,,,,,,,,,,,,,,,,,,,,,,,,,,,,,,,,,,,,,,,,,,,,,,,,,,,,,,,,,,,,,,,,66050-400,,26,,549,386,99,18,37,9,18,price,10,suite,9,motel,5,hot tub,5,shower,5,environment,4,fixtures,3,good taste,3,hygiene,2,competitive,PA,"Av. Pedro Álvares Cabral, 835",,FALSE,Pousada Centauros,Pousada Centauros,4.5,https://www.google.com/maps/search/?api=1&query=Pousada%20Centauros&query_place_id=ChIJnSJdN3xgpJIRsdxUyFdiqYM,http://www.pousadacentauros.com.br/
,,,,,,,,,TRUE,,,,,TRUE,,,,,,,,,,,FALSE,,,,TRUE,,,,,,,,,,,,TRUE,,,,,,,,,FALSE,,,,,,,,,,,,,,,,,,,,,,,,,,,,,,,,,,,,,,,,,,,,,,,,,,,,,,,,,,,,,,,,,,,,,,,,,,,,,,,,,,,,,,,,,,,,,,,,,,,,,,,,,,,,,,,,,,,,,,,,,,,,,,,,,,,,,,,,,,,,,,,,,"R. Prof. Nelson Ribeiro, 161 - Telégrafo, Belém - PA, 66113-075, Brazil",,,Love hotel,,,,,,,,,,Love hotel,16267225790484744335,Belém,BR,,0x92a48eb32440733f:0xe1c0cbab42ea888f,,,/g/11b6qzmvly,,-1.4311211,-48.4916139,,Telégrafo,,,,,,,,,,,,,,,,,,,,,,,,,,,,,,,,,,,,FALSE,+55 91 3233-3013,5.59132E+11,ChIJP3NAJLOOpJIRj4jqQqvLwOE,,,,,,,,,,,"HG95+H9 Telégrafo, Belém - State of Pará, Brazil",,,,,,,,,,,,,,,,,,,,,,,,,,,,,,,,,,,,,,,,,,,,,,,,,,,,,,,,,,,,,,,,,,,,,,,,,,,,,,,,,,,,,,,,,,,,,,,,,,,,,,,,,,,,,,,,,,,,,,,,,,,,,,,,,,,,,,,,,,,,,,,,,,,,,,,,,,,,,,,,,,,,,,,,,,,,,,,,,,,,,,,,,,,,,,,,,,,,,,,,,,,,,,,,,,,,,,,,,,,,,,,,,,,,,,,,,,,,,,,,,,,,,,,,,,,,,,,,,,,,,,,,,,,,,66113-075,,21,,1189,987,119,38,32,13,24,price,10,structure,9,pay,8,suite,6,hot tub,5,apartment,5,organized,4,doubt,3,date,3,value,PA,"R. Prof. Nelson Ribeiro, 161",,FALSE,Motel Mirage,Motel Mirage,4.7,https://www.google.com/maps/search/?api=1&query=Motel%20Mirage&query_place_id=ChIJP3NAJLOOpJIRj4jqQqvLwOE,
,,,,,,,,,,,,,,,,,,,,,,,,,,,,,,,,,,,,,,,,,,,,,,,,,,,,,,,,,,,,,,,,,,,,,,,,,,,,,,,,,,,,,,,,,,,,,,,,,,,,,,,,,,,,,,,,,,,,,,,,,,,,,,,,,,,,,,,,,,,,,,,,,,,,,,,,,,,,,,,,,,,,,,,,,,,,,,,,,,,,,,,,,,,,,,,,,,,"Av. Visc. de Souza Franco, 60 - Reduto, Belém - PA, 66053-000, Brazil",,,Love hotel,,,,,,,,,,Love hotel,15071052102899587423,Belém,BR,,0x92a48f690b57dc67:0xd1272209a8bbd95f,,,/g/11vk_tj4t3,,-1.4420272,-48.4928627,,Reduto,,,,,,,,,,,,,,,,People also search for,1,Doca Parking,4,People also search for,0,Motel,0,People also search for,2,Hotel faraó Belém,3.5,People also search for,718,Hotel Ver-As-Docas,3.8,People also search for,4,Boite Motel,4,FALSE,,,ChIJZ9xXC2mPpJIRX9m7qAkiJ9E,,,,,,,,,,,"HG54+5V Reduto, Belém - State of Pará, Brazil",,,,,,,,,,,,,,,,,,,,,,,,,,,,,,,,,,,,,,,,,,,,,,,,,,,,,,,,,,,,,,,,,,,,,,,,,,,,,,,,,,,,,,,,,,,,,,,,,,,,,,,,,,,,,,,,,,,,,,,,,,,,,,,,,,,,,,,,,,,,,,,,,,,,,,,,,,,,,,,,,,,,,,,,,,,,,,,,,,,,,,,,,,,,,,,,,,,,,,,,,,,,,,,,,,,,,,,,,,,,,,,,,,,,,,,,,,,,,,,,,,,,,,,,,,,,,,,,,,,,,,,,,,,,,66053-000,,36,,1,1,0,0,0,0,,,,,,,,,,,,,,,,,,,,,PA,"Av. Visc. de Souza Franco, 60",,FALSE,Doca Drive,Doca Drive,5,https://www.google.com/maps/search/?api=1&query=Doca%20Drive&query_place_id=ChIJZ9xXC2mPpJIRX9m7qAkiJ9E,
,,,,,,,,,,,,,,,,,,,,,,,,,,,,,,,,,,,,,,,,,,,,,,,,,,,,,,,,,,,,,,,,,,,,,,,,,,,,,,,,,,,,,,,,,,,,,,,,,,,,,,,,,,,,,,,,,,,,,,,,,,,,,,,,,,,,,,,,,,,,,,,,,,,,,,,,,,,,,,,,,,,,,,,,,,,,,,,,,,,,,,,,,,,,,,,,,,,"R. Antônio Barreto, 1045 - Umarizal, Belém - PA, 66055-050, Brazil",,,Hotel,,,,,,,,,,Hotel,13262160617228127345,Belém,BR,,0x92a48ea07b42a243:0xb80ca8d0c00ecc71,,,/g/11flvw56tq,,-1.4432772,-48.4792762,,Umarizal,,,,,,,,,,,,,,,,People also search for,28,Restaurante Dom Giuseppe,4.7,People also search for,754,Marina B&B,4.5,People also search for,1282,Hotel Danúbio,4,,,,,,,,,FALSE,,,ChIJQ6JCe6COpJIRccwOwNCoDLg,,,,,,,,,,,"HG4C+M7 Umarizal, Belém - State of Pará, Brazil",,,,,,,,,,,,,,,,,,,,,,,,,,,,,,,,,,,,,,,,,,,,,,,,,,,,,,,,,,,,,,,,,,,,,,,,,,,,,,,,,,,,,,,,,,,,,,,,,,,,,,,,,,,,,,,,,,,,,,,,,,,,,,,,,,,,,,,,,,,,,,,,,,,,,,,,,,,,,,,,,,,,,,,,,,,,,,,,,,,,,,,,,,,,,,,,,,,,,,,,,,,,,,,,,,,,,,,,,,,,,,,,,,,,,,,,,,,,,,,,,,,,,,,,,,,,,,,,,,,,,,,,,,,,,66055-050,,32,,1,1,0,0,0,0,,,,,,,,,,,,,,,,,,,,,PA,"R. Antônio Barreto, 1045",,FALSE,Don Giuseppe Barco Hotel,Don Giuseppe Barco Hotel,5,https://www.google.com/maps/search/?api=1&query=Don%20Giuseppe%20Barco%20Hotel&query_place_id=ChIJQ6JCe6COpJIRccwOwNCoDLg,
,,,,,,,,,,,,,,,,,,,,,,,,,,,,,,,,,,,,,,,,,,,,,,,,,,,,,,,,,,,,,,,,,,,,,,,,,,,,,,,,,,,,,,,,,,,,,,,,,,,,,,,,,,,,,,,,,,,,,,,,,,,,,,,,,,,,,,,,,,,,,,,,,,,,,,,,,,,,,,,,,,,,,,,,,,,,,,,,,,,,,,,,,,,,,,,,,,,"R. Boaventura da Silva, 1304 - Umarizal, Belém - PA, 66000-000, Brazil",,,Hotel,,,,,,,,,,Hotel,3628867786064203858,Belém,BR,,0x92a48e9fc27016ab:0x325c54065d371052,,,/g/1ydkd1rrh,,-1.4466104,-48.4794055,,Umarizal,,,,,,,,,,,,,,,,People also search for,75,Hotel Sol,3.5,People also search for,1,Belém pará,4,People also search for,1,Transbelem hotel,3,People also search for,0,Eco hotel,0,People also search for,0,Vila Sol,0,FALSE,,,ChIJqxZwwp-OpJIRUhA3XQZUXDI,,,,,,,,,,,"HG3C+96 Umarizal, Belém - State of Pará, Brazil",,,,,,,,,,,,,,,,,,,,,,,,,,,,,,,,,,,,,,,,,,,,,,,,,,,,,,,,,,,,,,,,,,,,,,,,,,,,,,,,,,,,,,,,,,,,,,,,,,,,,,,,,,,,,,,,,,,,,,,,,,,,,,,,,,,,,,,,,,,,,,,,,,,,,,,,,,,,,,,,,,,,,,,,,,,,,,,,,,,,,,,,,,,,,,,,,,,,,,,,,,,,,,,,,,,,,,,,,,,,,,,,,,,,,,,,,,,,,,,,,,,,,,,,,,,,,,,,,,,,,,,,,,,,,66000-000,,31,,4,3,0,1,0,0,,,,,,,,,,,,,,,,,,,,,PA,"R. Boaventura da Silva, 1304",,FALSE,Hotel Tropical Sol,Hotel Tropical Sol,4,https://www.google.com/maps/search/?api=1&query=Hotel%20Tropical%20Sol&query_place_id=ChIJqxZwwp-OpJIRUhA3XQZUXDI,
,,,,,,,,,,,,,,,,,,,,,,,,,,,,,,,,,,,,,,,,,,,,,,,,,,,,,,,,,,,,,,,,,,,,,,,,,,,,,,,,,,,,,,,,,,,,,,,,,,,,,,,,,,,,,,,,,,,,,,,,,,,,,,,,,,,,,,,,,,,,,,,,,,,,,,,,,,,,,,,,,,,,,,,,,,,,,,,,,,,,,,,,,,,,,,,,,,,"R. Oliveira Belo, 495 - Umarizal, Belém - PA, 66050-380, Brazil",,,Hostel,,,,,,,,,,Hostel,17675777278183933998,Belém,BR,,0x92a48fbc2ecba3f1:0xf54cf9c8c313082e,,,/g/11n91dxw5z,,-1.4404888,-48.4799109,,Umarizal,,,,,,,,,,,,,,,,People also search for,3,CASA DE APOIO DE BREU BRANCO,4.3,People also search for,0,Casa de Apoio de Oriximiná,0,People also search for,3,Casa Batista,5,People also search for,1,Casa da Bivó,4,People also search for,14,Casa de Apoio de Brasil Novo Noedson Carvalho de Pereira,4.9,FALSE,,,ChIJ8aPLLryPpJIRLggTw8j5TPU,,,,,,,,,,,"HG5C+R2 Umarizal, Belém - State of Pará, Brazil",,,,,,,,,,,,,,,,,,,,,,,,,,,,,,,,,,,,,,,,,,,,,,,,,,,,,,,,,,,,,,,,,,,,,,,,,,,,,,,,,,,,,,,,,,,,,,,,,,,,,,,,,,,,,,,,,,,,,,,,,,,,,,,,,,,,,,,,,,,,,,,,,,,,,,,,,,,,,,,,,,,,,,,,,,,,,,,,,,,,,,,,,,,,,,,,,,,,,,,,,,,,,,,,,,,,,,,,,,,,,,,,,,,,,,,,,,,,,,,,,,,,,,,,,,,,,,,,,,,,,,,,,,,,,66050-380,,22,,1,0,0,0,0,1,,,,,,,,,,,,,,,,,,,,,PA,"R. Oliveira Belo, 495",,FALSE,Casa De Apóio De Breves,Casa de apóio de breves,2,https://www.google.com/maps/search/?api=1&query=Casa%20de%20ap%C3%B3io%20de%20breves&query_place_id=ChIJ8aPLLryPpJIRLggTw8j5TPU,
,,,,,,,,,,,,,,,,,,,,,,,,,,,,,,,,,,,,,,,,,,,,,,,,,,,,,,,,,,,,,,,,,,,,,,,,,,,,,,,,,,,,,,,,,,,,,,,,,,,,,,,,,,,,,,,,,,,,,,,,,,,,,,,,,,,,,,,,,,,,,,,,,,,,,,,,,,,,,,,,,,,,,,,,,,,,,,,,,,,,,,,,,,,,,,,,,,,"Tv. 14 de Março, 151 - Umarizal, Belém - PA, 66050-430, Brazil",,,Hostel,,,,,,,,,,Hostel,3533127270918214574,Belém,BR,,0x92a48ff8a477d965:0x31083088995353ae,,,/g/11t6_rgd2g,,-1.4367055,-48.4804551,,Umarizal,,,,,,,,,,,,,,,,People also search for,14,Casa de Apoio de Brasil Novo Noedson Carvalho de Pereira,4.9,People also search for,1,Casa de apóio de breves,2,People also search for,0,Casa de Apoio de Oriximiná,0,People also search for,12,Casa de Apoio Vale Azul,4,People also search for,2,Casa De Apoio Pôr-do-sol,5,FALSE,,,ChIJZdl3pPiPpJIRrlNTmYgwCDE,,,,,,,,,,,"HG79+8R Umarizal, Belém - State of Pará, Brazil",,,,,,,,,,,,,,,,,,,,,,,,,,,,,,,,,,,,,,,,,,,,,,,,,,,,,,,,,,,,,,,,,,,,,,,,,,,,,,,,,,,,,,,,,,,,,,,,,,,,,,,,,,,,,,,,,,,,,,,,,,,,,,,,,,,,,,,,,,,,,,,,,,,,,,,,,,,,,,,,,,,,,,,,,,,,,,,,,,,,,,,,,,,,,,,,,,,,,,,,,,,,,,,,,,,,,,,,,,,,,,,,,,,,,,,,,,,,,,,,,,,,,,,,,,,,,,,,,,,,,,,,,,,,,66050-430,,21,,3,2,0,0,1,0,,,,,,,,,,,,,,,,,,,,,PA,"Tv. 14 de Março, 151",,FALSE,Casa De Apoio De Breu Branco,CASA DE APOIO DE BREU BRANCO,4.3,https://www.google.com/maps/search/?api=1&query=CASA%20DE%20APOIO%20DE%20BREU%20BRANCO&query_place_id=ChIJZdl3pPiPpJIRrlNTmYgwCDE,
,,,,,,,,,TRUE,,,,,TRUE,,,,,,,,,,,FALSE,,,,,FALSE,,,,,,,,,,,,,,,,,,,,,,,,,,,,,,,,,,,,,,,,,,,,,,,,,,,,,,,,,,,,,,,,,,,,,,,,,,,,,,,,,,,,,,,,,,,,,,,,,,,,,,,,,,,,,,,,,,,,,,,,,,,,,,,,,,,,,,,,,,,,,,,,,,,,,,,,,,,,,,,,,,,,,"Av. Perimetral, 2242 - Marco, Belém - PA, 66077-830, Brazil",,,Love hotel,Motel,,,,,,,,,Love hotel,17932332432807920882,Belém,BR,,0x92a48d16831fb0f9:0xf8dc71568bbb84f2,,,/g/11f8j0ljq4,,-1.4430926,-48.4475009,,Marco,,,,,,,,,,,,,,,,,,,,,,,,,,,,,,,,,,,,FALSE,+55 91 3355-5484,5.59134E+11,ChIJ-bAfgxaNpJIR8oS7i1Zx3Pg,,,,,,,,,,,"HH42+QX Marco, Belém - State of Pará, Brazil",,,,,,,,,,,,,,,,,,,,,,,,,,,,,,,,,,,,,,,,,,,,,,,,,,,,,,,,,,,,,,,,,,,,,,,,,,,,,,,,,,,,,,,,,,,,,,,,,,,,,,,,,,,,,,,,,,,,,,,,,,,,,,,,,,,,,,,,,,,,,,,,,,,,,,,,,,,,,,,,,,,,,,,,,,,,,,,,,,,,,,,,,,,,,,,,,,,,,,,,,,,,,,,,,,,,,,,,,,,,,,,,,,,,,,,,,,,,,,,,,,,,,,,,,,,,,,,,,,,,,,,,,,,,,66077-830,,24,,545,354,82,41,41,27,9,price,7,suite,6,environment,5,value,5,cold,5,tub,4,shower,4,structure,3,mattress,2,bulb,PA,"Av. Perimetral, 2242",,FALSE,Motel Secreto,Motel Secreto,4.2,https://www.google.com/maps/search/?api=1&query=Motel%20Secreto&query_place_id=ChIJ-bAfgxaNpJIR8oS7i1Zx3Pg,https://www.motelsecreto.com.br/
,,,,,,,,,TRUE,,,FALSE,,,,,,,,,,TRUE,,,,,,,,,,,,,FALSE,,TRUE,,,,,,,,,,,,,,,,,,FALSE,,,FALSE,,,,,,,,,,,,,,,,TRUE,,,,,,,,,,,,,,,,,,,,,,,,,,,,,,,,,,,,,,,,,,,,,,,,,,,,,,,,,,,,,,,,,,,,,,,,,,,,,,,,,,,,,,,,,,,,,,,,,,,,,,,,,,,,,,,,,,,,,,,,,"Av. Duque de Caxias, 1384 - Marco, Belém - PA, 66093-030, Brazil",,,Hotel,Hostel,Shelter,,,,,,,,Hotel,8985086626094117208,Belém,BR,,0x92a48b9467941c27:0x7cb170ae7073f158,,,/g/11h9h1t4yd,,-1.4266577,-48.4594012,,Marco,,,,,,,,,,,,,,,,,,,,,,,,,,,,,,,,,,,,FALSE,+55 91 98540-3441,5.59199E+12,ChIJJxyUZ5SLpJIRWPFzcK5wsXw,,,,,,,,,,,"HGFR+86 Marco, Belém - State of Pará, Brazil",,,,,,,,,,,,,,,,,,,,,,,,,,,,,,,,,,,,,,,,,,,,,,,,,,,,,,,,,,,,,,,,,,,,,,,,,,,,,,,,,,,,,,,,,,,,,,,,,,,,,,,,,,,,,,,,,,,,,,,,,,,,,,,,,,,,,,,,,,,,,,,,,,,,,,,,,,,,,,,,,,,,,,,,,,,,,,,,,,,,,,,,,,,,,,,,,,,,,,,,,,,,,,,,,,,,,,,,,,,,,,,,,,,,,,,,,,,,,,,,,,,,,,,,,,,,,,,,,,,,,,,,,,,,,66093-030,,23,,99,81,12,2,4,0,8,organized,7,price,6,cost,6,environment,3,bakery,3,kitchen,3,AC,2,trade,2,note,2,wifi,PA,"Av. Duque de Caxias, 1384",,FALSE,Hangar House Hostel,Hangar House Hostel,4.7,https://www.google.com/maps/search/?api=1&query=Hangar%20House%20Hostel&query_place_id=ChIJJxyUZ5SLpJIRWPFzcK5wsXw,
,,,,,,,,,,,,,,,,,,,,,,,,,,,,,,,,,,,,,,,,,,,,,,,,,,,,,,,,,,,,,,,,,,,,,,,,,,,,,,,,,,,,,,,,,,,,,,,,,,,,,,,,,,,,,,,,,,,,,,,,,,,,,,,,,,,,,,,,,,,,,,,,,,,,,,,,,,,,,,,,,,,,,,,,,,,,,,,,,,,,,,,,,,,,,,,,,,,"Av. Júlio César - Souza, Belém - PA, 68447-000, Brazil",,,Love hotel,,,,,,,,,,Love hotel,3473608212144090671,Belém,BR,,0x92a48b9e7c16519b:0x3034bc43d5ba6e2f,,,/g/11syt9cyct,,-1.4162493,-48.4571918,,Souza,,,,,,,,,,,,,,,,,,,,,,,,,,,,,,,,,,,,FALSE,,,ChIJm1EWfJ6LpJIRL2661UO8NDA,,,,,,,,,,,"HGMV+G4 Souza, Belém - State of Pará, Brazil",,,,,,,,,,,,,,,,,,,,,,,,,,,,,,,,,,,,,,,,,,,,,,,,,,,,,,,,,,,,,,,,,,,,,,,,,,,,,,,,,,,,,,,,,,,,,,,,,,,,,,,,,,,,,,,,,,,,,,,,,,,,,,,,,,,,,,,,,,,,,,,,,,,,,,,,,,,,,,,,,,,,,,,,,,,,,,,,,,,,,,,,,,,,,,,,,,,,,,,,,,,,,,,,,,,,,,,,,,,,,,,,,,,,,,,,,,,,,,,,,,,,,,,,,,,,,,,,,,,,,,,,,,,,,,,15,,2,0,1,0,1,0,,,,,,,,,,,,,,,,,,,,,PA,Av. Júlio César,,FALSE,Hotel Faraó Belém,Hotel faraó Belém,3.5,https://www.google.com/maps/search/?api=1&query=Hotel%20fara%C3%B3%20Bel%C3%A9m&query_place_id=ChIJm1EWfJ6LpJIRL2661UO8NDA,
,,,,,,,,,TRUE,,,,,,,TRUE,,,,,,,,,FALSE,,,,TRUE,,,,,,,,,,,,,,,,,FALSE,,,,,,TRUE,,,,,,FALSE,,,,,,,,,,,,,,,,,,,,,,,,,,,,,,,,,,,,,,,,,,,,,,,,,,,,,,,,,,,,,,,,,,,,,,,,,,,,,,,,,,,,,,,,,,,,,,,,,,,,,,,,,,,,,,,,,,,,,,,,,,,,,,,,,,,,,,,,,"Passagem Getúlio Vargas, 47 - Marco, Belém - PA, 66095-690, Brazil",,,Hotel,,,,,,,,,,Hotel,14378811018204292108,Belém,BR,,0x92a48d6b507ac83b:0xc78bcc70588a240c,,,/g/11fl0r8r0n,,-1.4307391,-48.4527739,,Marco,,,,,,,,,,,,,,,,,,,,,,,,,,,,,,,,,,,,FALSE,,,ChIJO8h6UGuNpJIRDCSKWHDMi8c,,,,,,,,,,,"HG9W+PV Marco, Belém - State of Pará, Brazil",,,,,,,,,,,,,,,,,,,,,,,,,,,,,,,,,,,,,,,,,,,,,,,,,,,,,,,,,,,,,,,,,,,,,,,,,,,,,,,,,,,,,,,,,,,,,,,,,,,,,,,,,,,,,,,,,,,,,,,,,,,,,,,,,,,,,,,,,,,,,,,,,,,,,,,,,,,,,,,,,,,,,,,,,,,,,,,,,,,,,,,,,,,,,,,,,,,,,,,,,,,,,,,,,,,,,,,,,,,,,,,,,,,,,,,,,,,,,,,,,,,,,,,,,,,,,,,,,,,,,,,,,,,,,66095-690,,14,,45,42,3,0,0,0,11,environment,4,hosting,4,organized,3,insurance,3,receptionist,2,gastronomic,,,,,,,,,PA,"Passagem Getúlio Vargas, 47",,FALSE,Bellbella Hostel,BellBella Hostel,4.9,https://www.google.com/maps/search/?api=1&query=BellBella%20Hostel&query_place_id=ChIJO8h6UGuNpJIRDCSKWHDMi8c,https://www.instagram.com/bellbellahostel/?hl=pt-br
,,,,,,,,,,,,,,,,,,,,,,,,,,,,,,,,,,,,,,,,,,,,,,,,,,,,,,,,,,,,,,,,,,,,,,,,,,,,,,,,,,,,,,,,,,,,,,,,,,,,,,,,,,,,,,,,,,,,,,,,,,,,,,,,,,,,,,,,,,,,,,,,,,,,,,,,,,,,,,,,,,,,,,,,,,,,,,,,,,,,,,,,,,,,,,,,,,,"R. dos Mundurucus, 4478 - Jurunas, Belém - PA, 66073-005, Brazil",,,Hotel,,,,,,,,,,Hotel,2860355192206290598,Belém,BR,,0x92a48c3398e71a99:0x27b205e47ae66ea6,,,/g/11kb599xnv,,-1.4570631,-48.4648539,,Jurunas,,,,,,,,,,,,,,,,People also search for,2,Pousada Aquários,5,People also search for,3,Pousada Ritmus,4.3,People also search for,225,Pousada Tropical,4.4,People also search for,0,Pousada HB,0,People also search for,444,Ecopousada Miriti,4.2,FALSE,+55 91 98256-2741,5.59198E+12,ChIJmRrnmDOMpJIRpm7meuQFsic,,,,,,,,,,,"GGVP+53 Jurunas, Belém - State of Pará, Brazil",,,,,,,,,,,,,,,,,,,,,,,,,,,,,,,,,,,,,,,,,,,,,,,,,,,,,,,,,,,,,,,,,,,,,,,,,,,,,,,,,,,,,,,,,,,,,,,,,,,,,,,,,,,,,,,,,,,,,,,,,,,,,,,,,,,,,,,,,,,,,,,,,,,,,,,,,,,,,,,,,,,,,,,,,,,,,,,,,,,,,,,,,,,,,,,,,,,,,,,,,,,,,,,,,,,,,,,,,,,,,,,,,,,,,,,,,,,,,,,,,,,,,,,,,,,,,,,,,,,,,,,,,,,,,66073-005,,34,,2,1,0,1,0,0,,,,,,,,,,,,,,,,,,,,,PA,"R. dos Mundurucus, 4478",,FALSE,Pousada Rit'S,pousada Rit's,3,https://www.google.com/maps/search/?api=1&query=pousada%20Rit's&query_place_id=ChIJmRrnmDOMpJIRpm7meuQFsic,
,,,,,,,,,,,,,,,,,,,,,,,,,,,,,,,,,,,,,,,,,,,,,,,,,,,,,,,,,,,,,,,,,,,,,,,,,,,,,,,,,,,,,,,,,,,,,,,,,,,,,,,,,,,,,,,,,,,,,,,,,,,,,,,,,,,,,,,,,,,,,,,,,,,,,,,,,,,,,,,,,,,,,,,,,,,,,,,,,,,,,,,,,,,,,,,,,,,"Tv. Segunda de Queluz, 242 - Canudos, Belém - PA, 66070-500, Brazil",,,Holiday apartment rental,,,,,,,,,,Hostel,13906551696219284796,Belém,BR,,0x92a48c387da2a395:0xc0fdff166fc1a53c,,,/g/11t9md29xd,,-1.4499633,-48.4591714,,Canudos,,,,,,,,,,,,,,,,People also search for,1,Kasakakuri,5,People also search for,51,Karimbo Hostel,3.9,People also search for,47,Casa da FAMÍLIA CARVALHO-986,4.6,People also search for,2,Casa da Deusa,5,People also search for,0,Casa Moraes,0,FALSE,+55 91 98728-2368,5.59199E+12,ChIJlaOifTiMpJIRPKXBbxb__cA,,,,,,,,,,,"HG2R+28 Canudos, Belém - State of Pará, Brazil",,,,,,,,,,,,,,,,,,,,,,,,,,,,,,,,,,,,,,,,,,,,,,,,,,,,,,,,,,,,,,,,,,,,,,,,,,,,,,,,,,,,,,,,,,,,,,,,,,,,,,,,,,,,,,,,,,,,,,,,,,,,,,,,,,,,,,,,,,,,,,,,,,,,,,,,,,,,,,,,,,,,,,,,,,,,,,,,,,,,,,,,,,,,,,,,,,,,,,,,,,,,,,,,,,,,,,,,,,,,,,,,,,,,,,,,,,,,,,,,,,,,,,,,,,,,,,,,,,,,,,,,,,,,,66070-500,,22,,1,0,0,0,0,1,,,,,,,,,,,,,,,,,,,,,PA,"Tv. Segunda de Queluz, 242",Kadrika flat,FALSE,Kadrika Hostel,Kadrika hostel,2,https://www.google.com/maps/search/?api=1&query=Kadrika%20hostel&query_place_id=ChIJlaOifTiMpJIRPKXBbxb__cA,
,,,,,,,,,,,,,,,,,,,,,,,,,,,,,,,,,,,,,,,,,,,,,,,,,,,,,,,,,,,,,,,,,,,,,,,,,,,,,,,,,,,,,,,,,,,,,,,,,,,,,,,,,,,,,,,,,,,,,,,,,,,,,,,,,,,,,,,,,,,,,,,,,,,,,,,,,,,,,,,,,,,,,,,,,,,,,,,,,,,,,,,,,,,,,,,,,,,"R. dos Mundurucus, 4503 - Jurunas, Belém - PA, 66073-005, Brazil",,,Love hotel,,,,,,,,,,Love hotel,5342251747135355947,Belém,BR,,0x92a48d1078fc3f19:0x4a237da8d8b67c2b,,,/g/11t3gdwh4w,,-1.4570196,-48.4646193,,Jurunas,,,,,,,,,,,,,,,,People also search for,2,pousada Rit's,3,People also search for,4,Aquarios Motel,4.5,People also search for,3,Pousada Ritmus,4.3,People also search for,225,Pousada Tropical,4.4,People also search for,14,Pousada Sonho Meu,4,FALSE,+55 91 98549-0082,5.59199E+12,ChIJGT_8eBCNpJIRK3y22Kh9I0o,,,,,,,,,,,"GGVP+55 Jurunas, Belém - State of Pará, Brazil",,,,,,,,,,,,,,,,,,,,,,,,,,,,,,,,,,,,,,,,,,,,,,,,,,,,,,,,,,,,,,,,,,,,,,,,,,,,,,,,,,,,,,,,,,,,,,,,,,,,,,,,,,,,,,,,,,,,,,,,,,,,,,,,,,,,,,,,,,,,,,,,,,,,,,,,,,,,,,,,,,,,,,,,,,,,,,,,,,,,,,,,,,,,,,,,,,,,,,,,,,,,,,,,,,,,,,,,,,,,,,,,,,,,,,,,,,,,,,,,,,,,,,,,,,,,,,,,,,,,,,,,,,,,,66073-005,,31,,2,2,0,0,0,0,,,,,,,,,,,,,,,,,,,,,PA,"R. dos Mundurucus, 4503",,FALSE,Pousada Aquários,Pousada Aquários,5,https://www.google.com/maps/search/?api=1&query=Pousada%20Aqu%C3%A1rios&query_place_id=ChIJGT_8eBCNpJIRK3y22Kh9I0o,
,,,,,,,,,TRUE,,,,,,TRUE,,,,,,,TRUE,,,,,,FALSE,,,,,,,,,,,,,,,,,FALSE,,TRUE,,,,,,,,,,,,,,TRUE,,,,,,,,,,TRUE,,,,,,,,,,,TRUE,,,,,,TRUE,,,,,,,,,TRUE,,,TRUE,,,,,,FALSE,,,TRUE,,,,,TRUE,,,,,,,,,,,,,,,,,,,,,,,,,,,,,,,,,,,,,,,,,,,,,,,,,,,,,,,,,,,,,,,,,,,,,,,,,,,,,,,,,"R. Ó de Almeida, 624 - Reduto, Belém - PA, 66053-190, Brazil",,,Hotel,Coworking space,Hostel,,,,,,,,Hotel,10588186026213557806,Belém,BR,"Simple rooms & dorms in an unfussy hostel offering a guest kitchen, a lounge & free breakfast.",0x92a48e93bb80e963:0x92f0cb179c36c62e,,"This basic downtown hostel is a 7-minute walk from the neoclassical Theatro da Paz, and 2 km from both Ver-o-peso market hall and exhibits at Museu Paraense Emílio Goeldi.
 The straightforward rooms and dorms offer free Wi-Fi, lockers and fans. Some dorms are female-only or add air-conditioning.
 A continental breakfast buffet is free. Common areas include a lounge and a kitchen, and laundry facilities are available for a fee.",/g/11b6jj_vlw,,-1.450035,-48.495426,,Reduto,,,,,,,,,,,,,,,,,,,,,,,,,,,,,,,,,,,,FALSE,+55 91 98213-2800,5.59198E+12,ChIJY-mAu5OOpJIRLsY2nBfL8JI,,,,,,,,,,,"GGX3+XR Reduto, Belém - State of Pará, Brazil",,,,,,,,,,,,,,,,,,,,,,,,,,,,,,,,,,,,,,,,,,,,,,,,,,,,,,,,,,,,,,,,,,,,,,,,,,,,,,,,,,,,,,,,,,,,,,,,,,,,,,,,,,,,,,,,,,,,,,,,,,,,,,,,,,,,,,,,,,,,,,,,,,,,,,,,,,,,,,,,,,,,,,,,,,,,,,,,,,,,,,,,,,,,,,,,,,,,,,,,,,,,,,,,,,,,,,,,,,,,,,,,,,,,,,,,,,,,,,,,,,,,,,,,,,,,,,,,,,,,,,,,,,,,,66053-190,$25 ,12,,250,123,52,32,30,13,12,price,10,structure,10,receptionist,10,AC,6,ver-o-peso market,6,environment,6,smell,6,shower,5,tourist,5,juice,PA,"R. Ó de Almeida, 624",,FALSE,Belém Hostel,Belém Hostel,3.9,https://www.google.com/maps/search/?api=1&query=Bel%C3%A9m%20Hostel&query_place_id=ChIJY-mAu5OOpJIRLsY2nBfL8JI,http://www.belemhostel.com.br/
,,,,,,,,,,,,,,,,,,,,,,,,,,,,,,,,,,,,,,,,,,,,,,,,,,,,,,,,,,,,,,,,,,,,,,,,,,,,,,,,,,,,,,,,,,,,,,,,,,,,,,,,,,,,,,,,,,,,,,,,,,,,,,,,,,,,,,,,,,,,,,,,,,,,,,,,,,,,,,,,,,,,,,,,,,,,,,,,,,,,,,,,,,,,,,,,,,,"Av. Sen. Lemos, 3364 - Umarizal, Belém - PA, 66120-000, Brazil",,,Hotel,,,,,,,,,,Hotel,15908828164401195636,Belém,BR,,0x92a48bb9c9594569:0xdcc782ed4bdcea74,,,/g/11q490mbhw,,-1.4164103,-48.4769493,,Umarizal,,,,,,,,,,,,,,,,People also search for,59,Hotel Amazônica Belém,4,People also search for,82,Hotel Amazônia Belém,4.1,People also search for,71,Casamazonia Brasil - Belém,5,People also search for,6999,Amazônia na Cuia,4.8,People also search for,70,ReservAmazonForest Hotel,4.4,FALSE,,,ChIJaUVZybmLpJIRdOrcS-2Cx9w,,,,,,,,,,,"HGMF+C6 Umarizal, Belém - State of Pará, Brazil",,,,,,,,,,,,,,,,,,,,,,,,,,,,,,,,,,,,,,,,,,,,,,,,,,,,,,,,,,,,,,,,,,,,,,,,,,,,,,,,,,,,,,,,,,,,,,,,,,,,,,,,,,,,,,,,,,,,,,,,,,,,,,,,,,,,,,,,,,,,,,,,,,,,,,,,,,,,,,,,,,,,,,,,,,,,,,,,,,,,,,,,,,,,,,,,,,,,,,,,,,,,,,,,,,,,,,,,,,,,,,,,,,,,,,,,,,,,,,,,,,,,,,,,,,,,,,,,,,,,,,,,,,,,,66120-000,,36,,2,1,1,0,0,0,,,,,,,,,,,,,,,,,,,,,PA,"Av. Sen. Lemos, 3364",,FALSE,Amazon Cuia,Amazon cuia,4.5,https://www.google.com/maps/search/?api=1&query=Amazon%20cuia&query_place_id=ChIJaUVZybmLpJIRdOrcS-2Cx9w,
,,,,,,,,,,,,,,,,,,,,,,,,,,,,,,,,,,,,,,,,,,,,,,,,,,,,,,,,,,,,,,,,,,,,,,,,,,,,,,,,,,,,,,,,,,,,,,,,,,,,,,,,,,,,,,,,,,,,,,,,,,,,,,,,,,,,,,,,,,,,,,,,,,,,,,,,,,,,,,,,,,,,,,,,,,,,,,,,,,,,,,,,,,,,,,,,,,,"Passagem Praiana - Telégrafo, Belém - PA, 66113-085, Brazil",,,Love hotel,,,,,,,,,,Love hotel,6650552658686508446,Belém,BR,,0x92a489006abd87e7:0x5c4b82682d09fd9e,,,/g/11w1q6w6d6,Esmalteria LuaneAzevedo,-1.4268301,-48.492637,,Telégrafo,,,,,,,,,,,,,,,,People also search for,11,Hotel Beira-Mar,3.5,People also search for,90,Motel Bora Bora,3.3,People also search for,166,Los Piratas,4.6,People also search for,64,Pousada VIP Boaventura,4.3,People also search for,35,Hospedagem Beira Mar,4.8,FALSE,,,ChIJ54e9agCJpJIRnv0JLWiCS1w,,,,,,,,,,,"HGF4+7W Telégrafo, Belém - State of Pará, Brazil",,,,,,,,,,,,,,,,,,,,,,,,,,,,,,,,,,,,,,,,,,,,,,,,,,,,,,,,,,,,,,,,,,,,,,,,,,,,,,,,,,,,,,,,,,,,,,,,,,,,,,,,,,,,,,,,,,,,,,,,,,,,,,,,,,,,,,,,,,,,,,,,,,,,,,,,,,,,,,,,,,,,,,,,,,,,,,,,,,,,,,,,,,,,,,,,,,,,,,,,,,,,,,,,,,,,,,,,,,,,,,,,,,,,,,,,,,,,,,,,,,,,,,,,,,,,,,,,,,,,,,,,,,,,,,,33,,40,29,5,3,2,1,,,,,,,,,,,,,,,,,,,,,PA,Passagem Praiana,,FALSE,Top Beira Mar,Top beira mar,4.4,https://www.google.com/maps/search/?api=1&query=Top%20beira%20mar&query_place_id=ChIJ54e9agCJpJIRnv0JLWiCS1w,
,,,,,,,,,,,,,,,,,,,,,,,,,,,,,,,,,,,,,,,,,,,,,,,,,,,,,,,,,,,,,,,,,,,,,,,,,,,,,,,,,,,,,,,,,,,,,,,,,,,,,,,,,,,,,,,,,,,,,,,,,,,,,,,,,,,,,,,,,,,,,,,,,,,,,,,,,,,,,,,,,,,,,,,,,,,,,,,,,,,,,,,,,,,,,,,,,,,"Passagem Abelardo Conduru - Sacramenta, Belém - PA, 68447-000, Brazil",,,Love hotel,,,,,,,,,,Love hotel,3860859366361785983,Belém,BR,,0x92a48bf2b19c8f3f:0x3594872353bbe67f,,,/g/11v42wwbd3,,-1.4178285,-48.4762496,,Sacramenta,,,,,,,,,,,,,,,,People also search for,4,Aquarios Motel,4.5,People also search for,4,Boite Motel,4,People also search for,47,Motel Maison D'Amour,3.4,People also search for,0,Motel,0,People also search for,9,Motel Scorpions,4.2,FALSE,,,ChIJP4-csfKLpJIRf-a7UyOHlDU,,,,,,,,,,,"HGJF+VG Sacramenta, Belém - State of Pará, Brazil",,,,,,,,,,,,,,,,,,,,,,,,,,,,,,,,,,,,,,,,,,,,,,,,,,,,,,,,,,,,,,,,,,,,,,,,,,,,,,,,,,,,,,,,,,,,,,,,,,,,,,,,,,,,,,,,,,,,,,,,,,,,,,,,,,,,,,,,,,,,,,,,,,,,,,,,,,,,,,,,,,,,,,,,,,,,,,,,,,,,,,,,,,,,,,,,,,,,,,,,,,,,,,,,,,,,,,,,,,,,,,,,,,,,,,,,,,,,,,,,,,,,,,,,,,,,,,,,,,,,,,,,,,,,,68447-000,,31,,1,1,0,0,0,0,,,,,,,,,,,,,,,,,,,,,PA,Passagem Abelardo Conduru,,FALSE,Motel Oron,Motel oron,5,https://www.google.com/maps/search/?api=1&query=Motel%20oron&query_place_id=ChIJP4-csfKLpJIRf-a7UyOHlDU,
,,,,,,,,,TRUE,,,,,TRUE,,,,,,,,,,,FALSE,,,,TRUE,,,,,,,,,,,TRUE,,,,,,,,,,FALSE,,,,,,,,,,,,,,,,,,,,,,,,,,,,,,,,,,,,,,,,,,,,,,,,,,,,,,,,,,,,,,,,,,,,,,,,,,,,,,,,,,,,,,,,,,,,,,,,,,,,,,,,,,,,,,,,,,,,,,,,,,,,,,,,,,,,,,,,,,,,,,,,,"Passagem Quarubas, 263 - Pedreira, Belém - PA, 66080-570, Brazil",,,Love hotel,,,,,,,,,,Love hotel,9141392901556849794,Belém,BR,,0x92a48bdc8b3a0e01:0x7edcc0692992cc82,,,/g/1tfwlfgr,,-1.4161664,-48.4659827,,Pedreira,,,,,,,,,,,,,,,,,,,,,,,,,,,,,,,,,,,,FALSE,+55 91 3233-1667,5.59132E+11,ChIJAQ46i9yLpJIRgsySKWnA3H4,,,,,,,,,,,"HGMM+GJ Pedreira, Belém - State of Pará, Brazil",,,,,,,,,,,,,,,,,,,,,,,,,,,,,,,,,,,,,,,,,,,,,,,,,,,,,,,,,,,,,,,,,,,,,,,,,,,,,,,,,,,,,,,,,,,,,,,,,,,,,,,,,,,,,,,,,,,,,,,,,,,,,,,,,,,,,,,,,,,,,,,,,,,,,,,,,,,,,,,,,,,,,,,,,,,,,,,,,,,,,,,,,,,,,,,,,,,,,,,,,,,,,,,,,,,,,,,,,,,,,,,,,,,,,,,,,,,,,,,,,,,,,,,,,,,,,,,,,,,,,,,,,,,,,66080-570,,29,,802,502,148,37,85,30,22,price,11,organized,7,AC,6,environment,5,mirror,5,menu,5,apartment,5,comfortable,4,privacy,4,garage,PA,"Passagem Quarubas, 263",,FALSE,Pousada Mimus,Pousada Mimus,4.3,https://www.google.com/maps/search/?api=1&query=Pousada%20Mimus&query_place_id=ChIJAQ46i9yLpJIRgsySKWnA3H4,
,,,,,,,,,,,,,,,,,,,,,,,,,,,,,,,,,,,,,,,,,,,,,,,,,,,,,,,,,,,,,,,,,,,,,,,,,,,,,,,,,,,,,,,,,,,,,,,,,,,,,,,,,,,,,,,,,,,,,,,,,,,,,,,,,,,,,,,,,,,,,,,,,,,,,,,,,,,,,,,,,,,,,,,,,,,,,,,,,,,,,,,,,,,,,,,,,,,"Av. Pedro Miranda, 1912 - Pedreira, Belém - PA, 66085-024, Brazil",,,Love hotel,,,,,,,,,,Love hotel,17188389727183075935,Belém,BR,,0x92a48bef52d8efb5:0xee896d638db87a5f,,,/g/11t6mr9bvy,Aldeia Amazônica - David Miguel,-1.423984,-48.46918,,Pedreira,,,,,,,,,,,,,,,,People also search for,802,Pousada Mimus,4.3,People also search for,1,Pousada São Luís,1,People also search for,1,Zeca,5,People also search for,304,Pousada I Love Timbó,4.3,People also search for,919,Pousada Swing,4.7,FALSE,+55 91 98181-1001,5.59198E+12,ChIJte_YUu-LpJIRX3q4jWNtie4,,,,,,,,,,,"HGGJ+C8 Pedreira, Belém - State of Pará, Brazil",,,,,,,,,,,,,,,,,,,,,,,,,,,,,,,,,,,,,,,,,,,,,,,,,,,,,,,,,,,,,,,,,,,,,,,,,,,,,,,,,,,,,,,,,,,,,,,,,,,,,,,,,,,,,,,,,,,,,,,,,,,,,,,,,,,,,,,,,,,,,,,,,,,,,,,,,,,,,,,,,,,,,,,,,,,,,,,,,,,,,,,,,,,,,,,,,,,,,,,,,,,,,,,,,,,,,,,,,,,,,,,,,,,,,,,,,,,,,,,,,,,,,,,,,,,,,,,,,,,,,,,,,,,,,66085-024,,32,,8,7,0,1,0,0,,,,,,,,,,,,,,,,,,,,,PA,"Av. Pedro Miranda, 1912",,FALSE,Pousada Sigilu'S,Pousada sigilu's,4.5,https://www.google.com/maps/search/?api=1&query=Pousada%20sigilu's&query_place_id=ChIJte_YUu-LpJIRX3q4jWNtie4,
,,,,,,,,,,,,,,,,,,,,,,,,,,,,,,,,,,,,,,,,,,,,,,,,,,,,,,,,,,,,,,,,,,,,,,,,,,,,,,,,,,,,,,,,,,,,,,,,,,,,,,,,,,,,,,,,,,,,,,,,,,,,,,,,,,,,,,,,,,,,,,,,,,,,,,,,,,,,,,,,,,,,,,,,,,,,,,,,,,,,,,,,,,,,,,,,,,,"Av. Mal. Hermes - Reduto, Belém - PA, 66053-260, Brazil",,,Hotel,,,,,,,,,,Hotel,12391944581070805039,Belém,BR,,0x92a48f004b472959:0xabf907f0ef0d582f,,,/g/11vy8hghgp,Parque Urbano Belém Porto Futuro,-1.4433178,-48.4956995,,Reduto,,,,,,,,,,,,,,,,People also search for,82,Hotel Amazônia Belém,4.1,People also search for,59,Hotel Amazônica Belém,4,People also search for,5,"GAV Resorts Showroom Belém: Apartamentos de Férias, Multipropriedade em Belém PA",1.8,People also search for,48,Bangalô Belém,4.6,,,,,FALSE,,,ChIJWSlHSwCPpJIRL1gN7_AH-as,,,,,,,,,,,"HG43+MP Reduto, Belém - State of Pará, Brazil",,,,,,,,,,,,,,,,,,,,,,,,,,,,,,,,,,,,,,,,,,,,,,,,,,,,,,,,,,,,,,,,,,,,,,,,,,,,,,,,,,,,,,,,,,,,,,,,,,,,,,,,,,,,,,,,,,,,,,,,,,,,,,,,,,,,,,,,,,,,,,,,,,,,,,,,,,,,,,,,,,,,,,,,,,,,,,,,,,,,,,,,,,,,,,,,,,,,,,,,,,,,,,,,,,,,,,,,,,,,,,,,,,,,,,,,,,,,,,,,,,,,,,,,,,,,,,,,,,,,,,,,,,,,,,,29,,1,1,0,0,0,0,,,,,,,,,,,,,,,,,,,,,PA,Av. Mal. Hermes,,TRUE,Vila Galé Amazônia - Belém,Vila Galé Amazônia - Belém,5,https://www.google.com/maps/search/?api=1&query=Vila%20Gal%C3%A9%20Amaz%C3%B4nia%20-%20Bel%C3%A9m&query_place_id=ChIJWSlHSwCPpJIRL1gN7_AH-as,
,,,,,,,,,TRUE,,,,,,TRUE,,,,,,,,,FALSE,,,,FALSE,,,,,,,,,,,,,,,,,FALSE,,,,FALSE,,,,,,,,,,,,,FALSE,,,,,,,,,,TRUE,,,,,FALSE,,,,,,,,,,,,,,,TRUE,,,,,,,,,,,,,,,,,,,,,,,,,,,,,,,,,,,,,,,,,,,,,,,,,,,,,,,,,,,,,,,,,,,,,,,,,,,,,,,,,,,,,,,,,,,,,,,,,,,,,,,"Av. Pres. Vargas, 132 - Campina, Belém - PA, 66010-000, Brazil",,,Hotel,,,,,,,,,,Hotel,13159868447605044488,Belém,BR,"Functional lodging featuring unassuming rooms, some with bay views, along with a restaurant & a bar.",0x92a48e94a8050b1b:0xb6a13ea10e5eb508,,"Set on a narrow residential street, this unpretentious hotel is 2.2 km from the Basílica Santuário de Nazaré and 2.8 km from Museu Paraense Emílio Goeldi.
 Featuring private bathrooms and tile floors, the unfussy rooms include TVs, minifridges and desks. Some rooms add views of Guajará Bay.
 The cozy restaurant offers buffet and a la carte meal options. There's also a bar, plus 2 meeting rooms.  Pets are permitted.",/g/1tdlcs_4,edificio antonio martins jr,-1.448884,-48.498275,,Campina,,,,,,,,,,,,,,,,,,,,,,,,,,,,,,,,,,,,FALSE,+55 91 98460-6094,5.59198E+12,ChIJGwsFqJSOpJIRCLVeDqE-obY,,,,,,,,,,,"HG22+CM Campina, Belém - State of Pará, Brazil",,,,,,,,,,,,,,,,,,,,,,,,,,,,,,,,,,,,,,,,,,,,,,,,,,,,,,,,,,,,,,,,,,,,,,,,,,,,,,,,,,,,,,,,,,,,,,,,,,,,,,,,,,,,,,,,,,,,,,,,,,,,,,,,,,,,,,,,,,,,,,,,,,,,,,,,,,,,,,,,,,,,,,,,,,,,,,,,,,,,,,,,,,,,,,,,,,,,,,,,,,,,,,,,,,,,,,,,,,,,,,,,,,,,,,,,,,,,,,,,,,,,,,,,,,,,,,,,,,,,,,,,,,,,,66010-000,,23,,718,300,150,77,150,41,19,mini fridge,18,estação das docas,16,receptionist,14,ver-o-peso,9,benefit–cost ratio,9,tourist,8,structure,8,comfortable,7,towels,6,internet,PA,"Av. Pres. Vargas, 132",,FALSE,Hotel Ver-As-Docas,Hotel Ver-As-Docas,3.8,https://www.google.com/maps/search/?api=1&query=Hotel%20Ver-As-Docas&query_place_id=ChIJGwsFqJSOpJIRCLVeDqE-obY,https://www.booking.com/hotel/br/ver-as-dokas.pt-br.html
,,,,,,,,,TRUE,,,,,,TRUE,,,,,,,,,FALSE,,,,TRUE,,,,,,,,,,,,,,,,,FALSE,,,,,,,,,,TRUE,,,FALSE,,,,,,,,,,,,,,,,TRUE,,,,,,,,,,,,,,,,,,,,,,,,,,,,,,,,,,,,,,,,,,,,,,,,,,,,,,,,,,,,,,,,,,,,,,,,,,,,,,,,,,,,,,,,,,,,,,,,,,,,,,,,,,,,,,,,,,,,,,,,,"Av. Pres. Vargas, 404 - Campina, Belém - PA, 66017-000, Brazil",,,Hotel,,,,,,,,,,Hotel,1240083152233358035,Belém,BR,Basic hotel in the city center offering simple rooms & a complimentary breakfast buffet.,0x92a48e92fb813ebb:0x1135a90e84d0e2d3,,"Set on the city's main boulevard, opposite a bus stop, this standard hotel with a bright exterior is a 6-minute walk from Theatro da Paz (theater), 15 minutes from Catedral Metropolitana de Belém (cathedral) and 2.4 km from Museu Paraense Emílio Goeldi (innovation museum).
 Basic, old-school rooms come with TVs, fans, desks and free Wi-Fi. Upgraded units add air-conditioning, cable TV and minifridges; some also include flat-screens.
 A free breakfast buffet is served in a casual dining room.",/g/11m1z8sm9j,,-1.4509722,-48.4970262,,Campina,,,,,,,,,,,,,,,,,,,,,,,,,,,,,,,,,,,,FALSE,+55 91 98811-2202,5.59199E+12,ChIJuz6B-5KOpJIR0-LQhA6pNRE,,,,,,,,,,,"GGX3+J5 Campina, Belém - State of Pará, Brazil",,,,,,,,,,,,,,,,,,,,,,,,,,,,,,,,,,,,,,,,,,,,,,,,,,,,,,,,,,,,,,,,,,,,,,,,,,,,,,,,,,,,,,,,,,,,,,,,,,,,,,,,,,,,,,,,,,,,,,,,,,,,,,,,,,,,,,,,,,,,,,,,,,,,,,,,,,,,,,,,,,,,,,,,,,,,,,,,,,,,,,,,,,,,,,,,,,,,,,,,,,,,,,,,,,,,,,,,,,,,,,,,,,,,,,,,,,,,,,,,,,,,,,,,,,,,,,,,,,,,,,,,,,,,,66017-000,$27 ,13,,634,231,148,69,139,47,25,receptionist,13,cost,11,tvs,10,hosting,8,wall,6,fixtures,6,structure,5,shower,5,education,5,value,PA,"Av. Pres. Vargas, 404",Hotel Avenida,FALSE,Hotel Avenida,HOTEL AVENIDA,3.7,https://www.google.com/maps/search/?api=1&query=HOTEL%20AVENIDA&query_place_id=ChIJuz6B-5KOpJIR0-LQhA6pNRE,https://www.booking.com/Share-CtwfDd
,,,,,,,,,TRUE,,,,TRUE,,,,,,,,,,,FALSE,,,,TRUE,,,,,,,,,,,,,,,,,FALSE,,TRUE,,,,,,,,,,FALSE,,,,,,,,,,,,,,FALSE,,,,,,,TRUE,,,,,,,,,,,,FALSE,,,FALSE,,,,,,,,,FALSE,,,,,TRUE,,,,,,,,,,,,,,,,,,,,,,,,,,,,,,,,,,,,,,,,,,,,,,,,,,,,,,,,,,,,,,,,,,,,,,,,,,,,,,,,,,,,,,,,"R. Ó de Almeida, 545 - Bairro do Comércio, Belém - PA, 66017-050, Brazil",,,Hotel,,,,,,,,,,Hotel,5232642257690438012,Belém,BR,No-frills rooms in a modest budget hotel offering a breakfast buffet & a lobby lounge,0x92a48e93a9e82a69:0x489e1468de56297c,,"A 7-minute walk from the 19th-century neoclassical Theatro da Paz, this functional budget hotel is a 15-minute walk from the riverside Ver-o-peso open-air market complex.
 Spartan rooms with tile floors feature cable TV and minifridges. Room service is offered.
 A breakfast buffet is served in a low-key dining room. There's also an informal lobby lounge.",/g/1td21b5s,,-1.4503339,-48.4962107,,Bairro do Comércio,,,,,,,,,,,,,,,,,,,,,,,,,,,,,,,,,,,,FALSE,+55 91 3224-0660,5.59132E+11,ChIJaSroqZOOpJIRfClW3mgUnkg,,,,,,,,,,,"GGX3+VG Belém, State of Pará, Brazil",,,,,,,,,,,,,,,,,,,,,,,,,,,,,,,,,,,,,,,,,,,,,,,,,,,,,,,,,,,,,,,,,,,,,,,,,,,,,,,,,,,,,,,,,,,,,,,,,,,,,,,,,,,,,,,,,,,,,,,,,,,,,,,,,,,,,,,,,,,,,,,,,,,,,,,,,,,,,,,,,,,,,,,,,,,,,,,,,,,,,,,,,,,,,,,,,,,,,,,,,,,,,,,,,,,,,,,,,,,,,,,,,,,,,,,,,,,,,,,,,,,,,,,,,,,,,,,,,,,,,,,,,,,,,66017-050,,91,,171,82,41,7,31,10,10,prices,6,benefit–cost ratio,5,shower,4,customer,3,apartment,3,elevator,3,note,3,receptionist,3,coffee,,,PA,"R. Ó de Almeida, 545",,TRUE,Hotel Unidos,Hotel Unidos,4.1,https://www.google.com/maps/search/?api=1&query=Hotel%20Unidos&query_place_id=ChIJaSroqZOOpJIRfClW3mgUnkg,
,,,,,,,,,,,,,,,,,,,,,,,,,,,,,,,,,,,,,,,,,,,,,,,,,,,,,,,,,,,,,,,,,,,,,,,,,,,,,,,,,,,,,,,,,,,,,,,,,,,,,,,,,,,,,,,,,,,,,,,,,,,,,,,,,,,,,,,,,,,,,,,,,,,,,,,,,,,,,,,,,,,,,,,,,,,,,,,,,,,,,,,,,,,,,,,,,,,"Av. Pedro Álvares Cabral, 4592 - Sacramenta, Belém - PA, 66615-860, Brazil",,,Love hotel,,,,,,,,,,Love hotel,1769995851032165743,Belém,BR,,0x92a48bdc19d3675b:0x189049d942affd6f,,,/g/11bx2gg1vd,,-1.412761,-48.4729589,,Sacramenta,,,,,,,,,,,,,,,,People also search for,1726,Locomotiva Boate e Motel,4.3,People also search for,9,Motel Itamaraty,2.3,People also search for,1,Motel oron,5,People also search for,0,Favo de mel,0,People also search for,0,Travessa Trancredo 308,0,FALSE,+55 91 98504-6860,5.59199E+12,ChIJW2fTGdyLpJIRb_2vQtlJkBg,,,,,,,,,,,"HGPG+VR Sacramenta, Belém - State of Pará, Brazil",,,,,,,,,,,,,,,,,,,,,,,,,,,,,,,,,,,,,,,,,,,,,,,,,,,,,,,,,,,,,,,,,,,,,,,,,,,,,,,,,,,,,,,,,,,,,,,,,,,,,,,,,,,,,,,,,,,,,,,,,,,,,,,,,,,,,,,,,,,,,,,,,,,,,,,,,,,,,,,,,,,,,,,,,,,,,,,,,,,,,,,,,,,,,,,,,,,,,,,,,,,,,,,,,,,,,,,,,,,,,,,,,,,,,,,,,,,,,,,,,,,,,,,,,,,,,,,,,,,,,,,,,,,,,66615-860,,38,,4,3,0,1,0,0,,,,,,,,,,,,,,,,,,,,,PA,"Av. Pedro Álvares Cabral, 4592",,FALSE,Boite Motel,Boite Motel,4,https://www.google.com/maps/search/?api=1&query=Boite%20Motel&query_place_id=ChIJW2fTGdyLpJIRb_2vQtlJkBg,
,,,,,,,,,,,,,,,,,,,,,,,,,,,,,,,,,,,,,,,,,,,,,,,,,,,,,,,,,,,,,,,,,,,,,,,,,,,,,,,,,,,,,,,,,,,,,,,,,,,,,,,,,,,,,,,,,,,,,,,,,,,,,,,,,,,,,,,,,,,,,,,,,,,,,,,,,,,,,,,,,,,,,,,,,,,,,,,,,,,,,,,,,,,,,,,,,,,"tv.curua una, 17 - Maracangalha, Belém - PA, 66110-155, Brazil",,,Hotel,,,,,,,,,,Hotel,1286873504674983485,Belém,BR,,0x92a489910fca4753:0x11dbe4a26503ae3d,,,/g/11w2y728h4,,-1.4063804,-48.4811172,,Maracangalha,,,,,,,,,,,,,,,,,,,,,,,,,,,,,,,,,,,,FALSE,+55 91 98484-5126,5.59198E+12,ChIJU0fKD5GJpJIRPa4DZaLk2xE,,,,,,,,,,,"HGV9+CH Maracangalha, Belém - State of Pará, Brazil",,,,,,,,,,,,,,,,,,,,,,,,,,,,,,,,,,,,,,,,,,,,,,,,,,,,,,,,,,,,,,,,,,,,,,,,,,,,,,,,,,,,,,,,,,,,,,,,,,,,,,,,,,,,,,,,,,,,,,,,,,,,,,,,,,,,,,,,,,,,,,,,,,,,,,,,,,,,,,,,,,,,,,,,,,,,,,,,,,,,,,,,,,,,,,,,,,,,,,,,,,,,,,,,,,,,,,,,,,,,,,,,,,,,,,,,,,,,,,,,,,,,,,,,,,,,,,,,,,,,,,,,,,,,,66110155,,26,,1,1,0,0,0,0,,,,,,,,,,,,,,,,,,,,,PA,"tv.curua una, 17",,FALSE,Mem Hotel,MeM hotel,5,https://www.google.com/maps/search/?api=1&query=MeM%20hotel&query_place_id=ChIJU0fKD5GJpJIRPa4DZaLk2xE,
,,,,,,,,,TRUE,,,,TRUE,,,,,,,,,,,,FALSE,,,,TRUE,,,,,,,,,,,,,,,TRUE,,,,,,,,TRUE,,,,,,FALSE,,,,,,,,,,,,,,,,,,,,,,,,,,,,,,,,,,,,,,,,,,,,,,,,,,,,,,,,,,,,,,,,,,,,,,,,,,,,,,,,,,,,,,,,,,,,,,,,,,,,,,,,,,,,,,,,,,,,,,,,,,,,,,,,,,,,,,,,,"R. Ó de Almeida - Campina, Belém - PA, 66017-050, Brazil",,,Extended stay hotel,,,,,,,,,,Bed & breakfast,9955207366314303354,Belém,BR,,0x92a48e9301004903:0x8a28005ace841f7a,,,/g/1ptz9fd77,,-1.4506781,-48.4964308,,Campina,,,,,,,,,,,,,,,,,,,,,,,,,,,,,,,,,,,,FALSE,+55 91 98080-8997,5.59198E+12,ChIJA0kAAZOOpJIReh-EzloAKIo,,,,,,,,,,,"GGX3+PC Campina, Belém - State of Pará, Brazil",,,,,,,,,,,,,,,,,,,,,,,,,,,,,,,,,,,,,,,,,,,,,,,,,,,,,,,,,,,,,,,,,,,,,,,,,,,,,,,,,,,,,,,,,,,,,,,,,,,,,,,,,,,,,,,,,,,,,,,,,,,,,,,,,,,,,,,,,,,,,,,,,,,,,,,,,,,,,,,,,,,,,,,,,,,,,,,,,,,,,,,,,,,,,,,,,,,,,,,,,,,,,,,,,,,,,,,,,,,,,,,,,,,,,,,,,,,,,,,,,,,,,,,,,,,,,,,,,,,,,,,,,,,,,66017-050,,74,,244,94,47,45,36,22,12,price,6,mini fridge,5,cost,5,window,4,tvs,3,hosting,3,education,3,pay,2,shower,2,masonry,PA,R. Ó de Almeida,,FALSE,Apart Hotel Presidente,APART HOTEL PRESIDENTE,3.5,https://www.google.com/maps/search/?api=1&query=APART%20HOTEL%20PRESIDENTE&query_place_id=ChIJA0kAAZOOpJIReh-EzloAKIo,
,,,,,,,,,TRUE,,,,,,,,FALSE,,,,,,,,,FALSE,,,,FALSE,,,,,,,,,,,,,,,,,,,,,,,,,,,,,,,,,,,,,,,,,,,,,,,,,,,,,,,,,,,,,,,,,,,,,,,,,,,,,,,,,,,,,,,,,,,,,,,,,,,TRUE,,,,,,,,,,,,,,,,,,,,,,,,,,,,,,,,,,,,,,,,,,,,,,,,,,,,,,,,,,,,,,,,,,"Tv. Campos Sales, 752 - Campina, Belém - PA, 66015-090, Brazil",,,Hotel,Event planner,Event venue,Function room facility,Guest house,Inn,,,,,Hotel,18062344233251936180,Belém,BR,,0x92a48fda303e9bc5:0xfaaa5661b9ce97b4,,,/g/11hzwf5ljz,,-1.4552788,-48.496592,,Campina,,,,,,,,,,,,,,,,,,,,,,,,,,,,,,,,,,,,FALSE,+55 91 99275-9389,5.59199E+12,ChIJxZs-MNqPpJIRtJfOuWFWqvo,,,,,,,,,,,"GGV3+V9 Campina, Belém - State of Pará, Brazil",,,,,,,,,,,,,,,,,,,,,,,,,,,,,,,,,,,,,,,,,,,,,,,,,,,,,,,,,,,,,,,,,,,,,,,,,,,,,,,,,,,,,,,,,,,,,,,,,,,,,,,,,,,,,,,,,,,,,,,,,,,,,,,,,,,,,,,,,,,,,,,,,,,,,,,,,,,,,,,,,,,,,,,,,,,,,,,,,,,,,,,,,,,,,,,,,,,,,,,,,,,,,,,,,,,,,,,,,,,,,,,,,,,,,,,,,,,,,,,,,,,,,,,,,,,,,,,,,,,,,,,,,,,,,66015-090,$64 ,72,,72,71,1,0,0,0,4,host,4,space,3,history,3,team,2,photography,2,interior,2,physical intimacy,2,environment,2,beautiful,2,foot,PA,"Tv. Campos Sales, 752",,FALSE,Casamazonia Brasil - Belém,Casamazonia Brasil - Belém,5,https://www.google.com/maps/search/?api=1&query=Casamazonia%20Brasil%20-%20Bel%C3%A9m&query_place_id=ChIJxZs-MNqPpJIRtJfOuWFWqvo,http://www.instagram.com/casamazoniabrasil
,,,,,,,,,TRUE,,,,,,,,,,,,,,,,,,,,,,,,,,,,,,,,,,,,,,,,,,,,,,,,,,,,,,,,,,,,,,,,,,,,,,,,,,,,,,,,,,,,,,,,,,,,,,,,,,,,,,,,,,,,,,,,,,,,,,,,,,,,,,,,,,,,,,,,,,,,,,,,,,,,,,,,,,,,,,,,,,,,,,,,,,,,,,,,,,,,,,,,,,"Tv. Campos Sales, 567 - Campina, Belém - PA, 66017-180, Brazil",,,Hotel,,,,,,,,,,Hotel,3880315170180398107,Belém,BR,,0x92a48f7a9e8b1d7b:0x35d9a616a7297c1b,,,/g/11kp_2l8sf,,-1.4541929,-48.497873,,Campina,,,,,,,,,,,,,,,,,,,,,,,,,,,,,,,,,,,,FALSE,+55 91 98336-4977,5.59198E+12,ChIJex2LnnqPpJIRG3wppxam2TU,,,,,,,,,,,"GGW2+8V Campina, Belém - State of Pará, Brazil",,,,,,,,,,,,,,,,,,,,,,,,,,,,,,,,,,,,,,,,,,,,,,,,,,,,,,,,,,,,,,,,,,,,,,,,,,,,,,,,,,,,,,,,,,,,,,,,,,,,,,,,,,,,,,,,,,,,,,,,,,,,,,,,,,,,,,,,,,,,,,,,,,,,,,,,,,,,,,,,,,,,,,,,,,,,,,,,,,,,,,,,,,,,,,,,,,,,,,,,,,,,,,,,,,,,,,,,,,,,,,,,,,,,,,,,,,,,,,,,,,,,,,,,,,,,,,,,,,,,,,,,,,,,,66017-180,,57,,26,23,3,0,0,0,5,host,4,attractions,2,belem,2,cooker,2,cost,2,area,2,fridge,2,attention,,,,,PA,"Tv. Campos Sales, 567",,FALSE,Casarão Campina,CASARÃO CAMPINA,4.9,https://www.google.com/maps/search/?api=1&query=CASAR%C3%83O%20CAMPINA&query_place_id=ChIJex2LnnqPpJIRG3wppxam2TU,
,,,,,,,,,,,,,,,,,,,,,,,,,,,,,,,,,,,,,,,,,,,,,,,,,,,,,,,,,,,,,,,,,,,,,,,,,,,,,,,,,,,,,,,,,,,,,,,,,,,,,,,,,,,,,,,,,,,,,,,,,,,,,,,,,,,,,,,,,,,,,,,,,,,,,,,,,,,,,,,,,,,,,,,,,,,,,,,,,,,,,,,,,,,,,,,,,,,"Tv. Frutuoso Guimarães, 260 - Comércio, Belém - PA, 66019-090, Brazil",,,Hotel,,,,,,,,,,Hotel,5920502688883804144,Belém,BR,,0x92a48e8d615843e5:0x5229d9d3ceaa07f0,,,/g/1yfjg0_hb,,-1.4533599,-48.4971492,,Comércio,,,,,,,,,,,,,,,,People also search for,12,Hotel Fortaleza,4.6,People also search for,17,Hotel Ver-o-Centro,3.9,People also search for,7,Pelotas Hotel,4.3,People also search for,0,Thug Life House,0,People also search for,1,Hotel Smart Inn,4,FALSE,,,ChIJ5UNYYY2OpJIR8AeqztPZKVI,,,,,,,,,,,"GGW3+M4 Belém, State of Pará, Brazil",,,,,,,,,,,,,,,,,,,,,,,,,,,,,,,,,,,,,,,,,,,,,,,,,,,,,,,,,,,,,,,,,,,,,,,,,,,,,,,,,,,,,,,,,,,,,,,,,,,,,,,,,,,,,,,,,,,,,,,,,,,,,,,,,,,,,,,,,,,,,,,,,,,,,,,,,,,,,,,,,,,,,,,,,,,,,,,,,,,,,,,,,,,,,,,,,,,,,,,,,,,,,,,,,,,,,,,,,,,,,,,,,,,,,,,,,,,,,,,,,,,,,,,,,,,,,,,,,,,,,,,,,,,,,66019-090,,62,,1,1,0,0,0,0,,,,,,,,,,,,,,,,,,,,,PA,"Tv. Frutuoso Guimarães, 260",,FALSE,Toju Hotel,Toju Hotel,5,https://www.google.com/maps/search/?api=1&query=Toju%20Hotel&query_place_id=ChIJ5UNYYY2OpJIR8AeqztPZKVI,
,,,,,,,,,,,,,,,,,,,,,,,,,,,,,,,,,,,,,,,,,,,,,,,,,,,,,,,,,,,,,,,,,,,,,,,,,,,,,,,,,,,,,,,,,,,,,,,,,,,,,,,,,,,,,,,,,,,,,,,,,,,,,,,,,,,,,,,,,,,,,,,,,,,,,,,,,,,,,,,,,,,,,,,,,,,,,,,,,,,,,,,,,,,,,,,,,,,"R. Aristides Lobo, 485 - Campina, Belém - PA, 66017-010, Brazil",,,Hotel,,,,,,,,,,Hotel,8203632389631198169,Belém,BR,,0x92a48e925645a27b:0x71d9283193db43d9,,,/g/11h42q250c,,-1.4510437,-48.4961153,,Campina,,,,,,,,,,,,,,,,,,,,,,,,,,,,,,,,,,,,FALSE,+55 91 98711-0817,5.59199E+12,ChIJe6JFVpKOpJIR2UPbkzEo2XE,,,,,,,,,,,"GGX3+HH Campina, Belém - State of Pará, Brazil",,,,,,,,,,,,,,,,,,,,,,,,,,,,,,,,,,,,,,,,,,,,,,,,,,,,,,,,,,,,,,,,,,,,,,,,,,,,,,,,,,,,,,,,,,,,,,,,,,,,,,,,,,,,,,,,,,,,,,,,,,,,,,,,,,,,,,,,,,,,,,,,,,,,,,,,,,,,,,,,,,,,,,,,,,,,,,,,,,,,,,,,,,,,,,,,,,,,,,,,,,,,,,,,,,,,,,,,,,,,,,,,,,,,,,,,,,,,,,,,,,,,,,,,,,,,,,,,,,,,,,,,,,,,,66017-010,,56,,7,4,1,0,1,1,2,receptionist,,,,,,,,,,,,,,,,,,,PA,"R. Aristides Lobo, 485",,FALSE,Hotel Ferrador,Hotel Ferrador,4.1,https://www.google.com/maps/search/?api=1&query=Hotel%20Ferrador&query_place_id=ChIJe6JFVpKOpJIR2UPbkzEo2XE,
,,,,,,,TRUE,,,,,,,,,,,,,,,,,,,,,,,,,,,,,,,,,,,,,,,,,,,,,,,,,,,,,,,,,,,,,,,,,,,,,,,,,,,,,,,,,,,,,,,,,,,,,,,,,,,,,,,,,,,,,,,,,,,,,,,,,,,,,,,,,,,,,,,,,,,,,,,,,,,,,,,,,,,,,,,,,,,,,,,,,,,,,,,,,,,,,,,,,,,,"Tv. 1º de Março, 706 - Campina, Belém - PA, 66010-080, Brazil",,,Hotel,,,,,,,,,,Hotel,17400507884061297371,Belém,BR,,0x92a48e8dbe2f1a01:0xf17b05ba8cdb8adb,,,/g/11cmng4ptp,,-1.4536207,-48.4949828,,Campina,,,,,,,,,,,,,,,,,,,,,,,,,,,,,,,,,,,,FALSE,+55 91 3120-9132,5.59131E+11,ChIJARovvo2OpJIR24rbjLoFe_E,,,,,,,,,,,"GGW4+H2 Campina, Belém - State of Pará, Brazil",,,,,,,,,,,,,,,,,,,,,,,,,,,,,,,,,,,,,,,,,,,,,,,,,,,,,,,,,,,,,,,,,,,,,,,,,,,,,,,,,,,,,,,,,,,,,,,,,,,,,,,,,,,,,,,,,,,,,,,,,,,,,,,,,,,,,,,,,,,,,,,,,,,,,,,,,,,,,,,,,,,,,,,,,,,,,,,,,,,,,,,,,,,,,,,,,,,,,,,,,,,,,,,,,,,,,,,,,,,,,,,,,,,,,,,,,,,,,,,,,,,,,,,,,,,,,,,,,,,,,,,,,,,,,66010-080,,55,,40,20,6,8,5,1,3,cost,3,education,2,receptionist,,,,,,,,,,,,,,,PA,"Tv. 1º de Março, 706",,FALSE,Norte Hotel Pará,Norte Hotel Pará,3.7,https://www.google.com/maps/search/?api=1&query=Norte%20Hotel%20Par%C3%A1&query_place_id=ChIJARovvo2OpJIR24rbjLoFe_E,
,,,,,,,,,,,,,,,,,,,,,,,,,,,,,,,,,,,,,,,,,,,,,,,,,,,,,,,,,,,,,,,,,,,,,,,,,,,,,,,,,,,,,,,,,,,,,,,,,,,,,,,,,,,,,,,,,,,,,,,,,,,,,,,,,,,,,,,,,,,,,,,,,,,,,,,,,,,,,,,,,,,,,,,,,,,,,,,,,,,,,,,,,,,,,,,,,,,"Tv. 1º de Março, 706 - Campina, Belém - PA, 66010-080, Brazil",,,Hotel,,,,,,,,,,Hotel,11284895862880924745,Belém,BR,,0x92a48f9d16f682b7:0x9c9c00ff524af449,,,/g/11vj6b4pw6,,-1.4536207,-48.4949828,,Campina,,,,,,,,,,,,,,,,People also search for,0,Loft Belém,0,People also search for,2,CARPE DIEN SUÍTES,4,People also search for,59,Hotel Amazônica Belém,4,People also search for,12,Hotel Fortaleza,4.6,People also search for,10,Hotel Top Econômico,4.1,FALSE,+55 91 98474-0549,5.59198E+12,ChIJt4L2Fp2PpJIRSfRKUv8AnJw,,,,,,,,,,,"GGW4+H2 Campina, Belém - State of Pará, Brazil",,,,,,,,,,,,,,,,,,,,,,,,,,,,,,,,,,,,,,,,,,,,,,,,,,,,,,,,,,,,,,,,,,,,,,,,,,,,,,,,,,,,,,,,,,,,,,,,,,,,,,,,,,,,,,,,,,,,,,,,,,,,,,,,,,,,,,,,,,,,,,,,,,,,,,,,,,,,,,,,,,,,,,,,,,,,,,,,,,,,,,,,,,,,,,,,,,,,,,,,,,,,,,,,,,,,,,,,,,,,,,,,,,,,,,,,,,,,,,,,,,,,,,,,,,,,,,,,,,,,,,,,,,,,,66010-080,,54,,2,1,0,1,0,0,,,,,,,,,,,,,,,,,,,,,PA,"Tv. 1º de Março, 706",,FALSE,Hotel Loft Belém,Hotel Loft Belém,3,https://www.google.com/maps/search/?api=1&query=Hotel%20Loft%20Bel%C3%A9m&query_place_id=ChIJt4L2Fp2PpJIRSfRKUv8AnJw,
,,,,,,,,,,,,,,,,,,,,,,,,,,,,,,,,,,,,,,,,,,,,,,,,,,,,,,,,,,,,,,,,,,,,,,,,,,,,,,,,,,,,,,,,,,,,,,,,,,,,,,,,,,,,,,,,,,,,,,,,,,,,,,,,,,,,,,,,,,,,,,,,,,,,,,,,,,,,,,,,,,,,,,,,,,,,,,,,,,,,,,,,,,,,,,,,,,,"Tv. 1º de Março, 129 - Campina, Belém - PA, 66015-051, Brazil",,,Hotel,,,,,,,,,,Hotel,9251085825695502066,Belém,BR,,0x92a48f906753933b:0x8062758b4b3b4ef2,,,/g/11vjh77dyn,,-1.4500125,-48.4988158,,Campina,,,,,,,,,,,,,,,,People also search for,718,Hotel Ver-As-Docas,3.8,People also search for,2311,Rede Andrade Hangar Hotel,3.8,People also search for,149,Go Inn Belem,4.2,People also search for,2,CARPE DIEN SUÍTES,4,People also search for,2579,Radisson Hotel Maiorana Belém,4.6,FALSE,,,ChIJO5NTZ5CPpJIR8k47S4t1YoA,,,,,,,,,,,"GGX2+XF Campina, Belém - State of Pará, Brazil",,,,,,,,,,,,,,,,,,,,,,,,,,,,,,,,,,,,,,,,,,,,,,,,,,,,,,,,,,,,,,,,,,,,,,,,,,,,,,,,,,,,,,,,,,,,,,,,,,,,,,,,,,,,,,,,,,,,,,,,,,,,,,,,,,,,,,,,,,,,,,,,,,,,,,,,,,,,,,,,,,,,,,,,,,,,,,,,,,,,,,,,,,,,,,,,,,,,,,,,,,,,,,,,,,,,,,,,,,,,,,,,,,,,,,,,,,,,,,,,,,,,,,,,,,,,,,,,,,,,,,,,,,,,,66015-051,,53,,2,2,0,0,0,0,,,,,,,,,,,,,,,,,,,,,PA,"Tv. 1º de Março, 129",,FALSE,Rede Andrade Docas,Rede Andrade Docas,5,https://www.google.com/maps/search/?api=1&query=Rede%20Andrade%20Docas&query_place_id=ChIJO5NTZ5CPpJIR8k47S4t1YoA,
,,,,,,,,,,,,,,,,,,,,,,,,,,,,,,,,,,,,,,,,,,,,,,,,,,,,,,,,,,,,,,,,,,,,,,,,,,,,,,,,,,,,,,,,,,,,,,,,,,,,,,,,,,,,,,,,,,,,,,,,,,,,,,,,,,,,,,,,,,,,,,,,,,,,,,,,,,,,,,,,,,,,,,,,,,,,,,,,,,,,,,,,,,,,,,,,,,,"R. João Diogo, 504 - Campina, Belém - PA, 66015-175, Brazil",,,Hotel,,,,,,,,,,Hotel,8668613575782839219,Belém,BR,,0x92a48ef32d14713d:0x784d1a1e6faa33b3,,,/g/1q2whgy8z,,-1.4548471,-48.4988169,,Campina,,,,,,,,,,,,,,,,People also search for,4,Hotel Lins pça da Bandeira,4,People also search for,181,Hotel dos Reis,4.4,People also search for,1,Hotel Smart Inn,4,People also search for,149,Go Inn Belem,4.2,People also search for,0,Hotel,0,FALSE,+55 91 3349-1070,5.59133E+11,ChIJPXEULfOOpJIRszOqbx4aTXg,,,,,,,,,,,"GGW2+3F Campina, Belém - State of Pará, Brazil",,,,,,,,,,,,,,,,,,,,,,,,,,,,,,,,,,,,,,,,,,,,,,,,,,,,,,,,,,,,,,,,,,,,,,,,,,,,,,,,,,,,,,,,,,,,,,,,,,,,,,,,,,,,,,,,,,,,,,,,,,,,,,,,,,,,,,,,,,,,,,,,,,,,,,,,,,,,,,,,,,,,,,,,,,,,,,,,,,,,,,,,,,,,,,,,,,,,,,,,,,,,,,,,,,,,,,,,,,,,,,,,,,,,,,,,,,,,,,,,,,,,,,,,,,,,,,,,,,,,,,,,,,,,,66015-175,,49,,38,16,5,10,6,1,2,price,,,,,,,,,,,,,,,,,,,PA,"R. João Diogo, 504",,FALSE,Hotel Lins,Hotel Lins,3.4,https://www.google.com/maps/search/?api=1&query=Hotel%20Lins&query_place_id=ChIJPXEULfOOpJIRszOqbx4aTXg,
,,,,,,,,,,,,,,,,,,,,,,,,,,,,,,,,,,,,,,,,,,,,,,,,,,,,,,,,,,,,,,,,,,,,,,,,,,,,,,,,,,,,,,,,,,,,,,,,,,,,,,,,,,,,,,,,,,,,,,,,,,,,,,,,,,,,,,,,,,,,,,,,,,,,,,,,,,,,,,,,,,,,,,,,,,,,,,,,,,,,,,,,,,,,,,,,,,,"R. Gen. Gurjão, 319 - Campina, Belém - PA, 66017-040, Brazil",,,Hotel,,,,,,,,,,Hotel,7636020265201232059,Belém,BR,,0x92a48f6787237b03:0x69f897f94d00e8bb,,,/g/11fj49njr_,,-1.4530079,-48.495985,,Campina,,,,,,,,,,,,,,,,,,,,,,,,,,,,,,,,,,,,FALSE,,,ChIJA3sjh2ePpJIRu-gATfmX-Gk,,,,,,,,,,,"GGW3+QJ Campina, Belém - State of Pará, Brazil",,,,,,,,,,,,,,,,,,,,,,,,,,,,,,,,,,,,,,,,,,,,,,,,,,,,,,,,,,,,,,,,,,,,,,,,,,,,,,,,,,,,,,,,,,,,,,,,,,,,,,,,,,,,,,,,,,,,,,,,,,,,,,,,,,,,,,,,,,,,,,,,,,,,,,,,,,,,,,,,,,,,,,,,,,,,,,,,,,,,,,,,,,,,,,,,,,,,,,,,,,,,,,,,,,,,,,,,,,,,,,,,,,,,,,,,,,,,,,,,,,,,,,,,,,,,,,,,,,,,,,,,,,,,,66017-040,,46,,59,30,12,5,8,4,4,receptionist,2,hosting,2,coffee,,,,,,,,,,,,,,,PA,"R. Gen. Gurjão, 319",,FALSE,Hotel Amazônica Belém,Hotel Amazônica Belém,4,https://www.google.com/maps/search/?api=1&query=Hotel%20Amaz%C3%B4nica%20Bel%C3%A9m&query_place_id=ChIJA3sjh2ePpJIRu-gATfmX-Gk,
,,,,,,,,,,,,,,,,,,,,,,,,,,,,,,,,,,,,,,,,,,,,,,,,,,,,,,,,,,,,,,,,,,,,,,,,,,,,,,,,,,,,,,,,,,,,,,,,,,,,,,,,,,,,,,,,,,,,,,,,,,,,,,,,,,,,,,,,,,,,,,,,,,,,,,,,,,,,,,,,,,,,,,,,,,,,,,,,,,,,,,,,,,,,,,,,,,,"R. Sen. Manoel Barata, 534 - Campina, Belém - PA, 66053-320, Brazil",,,Hotel,,,,,,,,,,Hotel,14313524066860123581,Belém,BR,,0x92a48eed4b6da363:0xc6a3da4d7133c5bd,,,/g/11f5vbbbw_,,-1.4518895,-48.4988319,,Campina,,,,,,,,,,,,,,,,,,,,,,,,,,,,,,,,,,,,FALSE,,,ChIJY6NtS-2OpJIRvcUzcU3ao8Y,,,,,,,,,,,"GGX2+6F Campina, Belém - State of Pará, Brazil",,,,,,,,,,,,,,,,,,,,,,,,,,,,,,,,,,,,,,,,,,,,,,,,,,,,,,,,,,,,,,,,,,,,,,,,,,,,,,,,,,,,,,,,,,,,,,,,,,,,,,,,,,,,,,,,,,,,,,,,,,,,,,,,,,,,,,,,,,,,,,,,,,,,,,,,,,,,,,,,,,,,,,,,,,,,,,,,,,,,,,,,,,,,,,,,,,,,,,,,,,,,,,,,,,,,,,,,,,,,,,,,,,,,,,,,,,,,,,,,,,,,,,,,,,,,,,,,,,,,,,,,,,,,,66053-320,,43,,1,0,1,0,0,0,,,,,,,,,,,,,,,,,,,,,PA,"R. Sen. Manoel Barata, 534",,FALSE,Hotel Smart Inn,Hotel Smart Inn,4,https://www.google.com/maps/search/?api=1&query=Hotel%20Smart%20Inn&query_place_id=ChIJY6NtS-2OpJIRvcUzcU3ao8Y,
,,,,,,,,,,,,,,,,,,,,,,,,,,,,,,,,,,,,,,,,,,,,,,,,,,,,,,,,,,,,,,,,,,,,,,,,,,,,,,,,,,,,,,,,,,,,,,,,,,,,,,,,,,,,,,,,,,,,,,,,,,,,,,,,,,,,,,,,,,,,,,,,,,,,,,,,,,,,,,,,,,,,,,,,,,,,,,,,,,,,,,,,,,,,,,,,,,,"Tv. Padre Eutíquio, 646 - Campina, Belém - PA, 66015-000, Brazil",,,Hotel,,,,,,,,,,Hotel,9358806167900964536,Belém,BR,,0x92a48e8cc73ef0db:0x81e1289fe778c6b8,,,/g/1pycdjjjn,,-1.455531,-48.4980888,,Campina,,,,,,,,,,,,,,,,,,,,,,,,,,,,,,,,,,,,FALSE,+55 91 3222-6709,5.59132E+11,ChIJ2_A-x4yOpJIRuMZ4558o4YE,,,,,,,,,,,"GGV2+QQ Campina, Belém - State of Pará, Brazil",,,,,,,,,,,,,,,,,,,,,,,,,,,,,,,,,,,,,,,,,,,,,,,,,,,,,,,,,,,,,,,,,,,,,,,,,,,,,,,,,,,,,,,,,,,,,,,,,,,,,,,,,,,,,,,,,,,,,,,,,,,,,,,,,,,,,,,,,,,,,,,,,,,,,,,,,,,,,,,,,,,,,,,,,,,,,,,,,,,,,,,,,,,,,,,,,,,,,,,,,,,,,,,,,,,,,,,,,,,,,,,,,,,,,,,,,,,,,,,,,,,,,,,,,,,,,,,,,,,,,,,,,,,,,66015-000,,42,,37,14,7,7,2,7,3,price,,,,,,,,,,,,,,,,,,,PA,"Tv. Padre Eutíquio, 646",,FALSE,Santalice Hotel,Santalice Hotel,3.4,https://www.google.com/maps/search/?api=1&query=Santalice%20Hotel&query_place_id=ChIJ2_A-x4yOpJIRuMZ4558o4YE,
,,,,,,,,,TRUE,,,,,,,,FALSE,,,,,,,,,FALSE,,,,FALSE,,,,,,,,,,,,,,,,,,,,,,,,,,,,,,,,,,,,,,,,,,,,,,,,,,,,,,,,,,,,,,,,,,,,,,,,,,,,,,,,,,,,,,,,,,,,,,,,,,,,,,,,,,,,,,,,,,,,,,,,,,,,,,,,,,,,,,,,,,,,,,,,,,,,,,,,,,,,,,,,,,,,,"Tv. 1º de Março, 673 - Campina, Belém - PA, 66017-120, Brazil",,,Hotel,Indoor lodging,,,,,,,,,Hotel,5019864911052378487,Belém,BR,,0x92a48e8dbfbaa9e7:0x45aa248a4bb99177,,,/g/1tkkvz16,,-1.4534092,-48.495124,,Campina,,,,,,,,,,,,,,,,,,,,,,,,,,,,,,,,,,,,FALSE,+55 91 3222-7730,5.59132E+11,ChIJ56m6v42OpJIRd5G5S4okqkU,,,,,,,,,,,"GGW3+JX Campina, Belém - State of Pará, Brazil",,,,,,,,,,,,,,,,,,,,,,,,,,,,,,,,,,,,,,,,,,,,,,,,,,,,,,,,,,,,,,,,,,,,,,,,,,,,,,,,,,,,,,,,,,,,,,,,,,,,,,,,,,,,,,,,,,,,,,,,,,,,,,,,,,,,,,,,,,,,,,,,,,,,,,,,,,,,,,,,,,,,,,,,,,,,,,,,,,,,,,,,,,,,,,,,,,,,,,,,,,,,,,,,,,,,,,,,,,,,,,,,,,,,,,,,,,,,,,,,,,,,,,,,,,,,,,,,,,,,,,,,,,,,,66017-120,,39,,195,110,36,10,32,7,6,price,2,sleep,,,,,,,,,,,,,,,,,PA,"Tv. 1º de Março, 673",,FALSE,Sete Sete Hotel,Sete Sete Hotel,4.2,https://www.google.com/maps/search/?api=1&query=Sete%20Sete%20Hotel&query_place_id=ChIJ56m6v42OpJIRd5G5S4okqkU,
,,,,,,,,,,,,,,,,,,,,,,,,,,,,,,,,,,,,,,,,,,,,,,,,,,,,,,,,,,,,,,,,,,,,,,,,,,,,,,,,,,,,,,,,,,,,,,,,,,,,,,,,,,,,,,,,,,,,,,,,,,,,,,,,,,,,,,,,,,,,,,,,,,,,,,,,,,,,,,,,,,,,,,,,,,,,,,,,,,,,,,,,,,,,,,,,,,,"R. Pe. Prudêncio, 56 - Campina, Belém - PA, 66025-230, Brazil",,,Hotel,,,,,,,,,,Hotel,18083853057832701149,Belém,BR,,0x92a48e8c0e08abbb:0xfaf6c08b327accdd,,,/g/11j08bn490,Edifício Benedito Passarinho,-1.4510462,-48.4990651,,Campina,,,,,,,,,,,,,,,,,,,,,,,,,,,,,,,,,,,,FALSE,+55 91 98088-1053,5.59198E+12,ChIJu6sIDoyOpJIR3cx6MovA9vo,,,,,,,,,,,"GGX2+H9 Campina, Belém - State of Pará, Brazil",,,,,,,,,,,,,,,,,,,,,,,,,,,,,,,,,,,,,,,,,,,,,,,,,,,,,,,,,,,,,,,,,,,,,,,,,,,,,,,,,,,,,,,,,,,,,,,,,,,,,,,,,,,,,,,,,,,,,,,,,,,,,,,,,,,,,,,,,,,,,,,,,,,,,,,,,,,,,,,,,,,,,,,,,,,,,,,,,,,,,,,,,,,,,,,,,,,,,,,,,,,,,,,,,,,,,,,,,,,,,,,,,,,,,,,,,,,,,,,,,,,,,,,,,,,,,,,,,,,,,,,,,,,,,66025-230,,38,,10,7,1,2,0,0,,,,,,,,,,,,,,,,,,,,,PA,"R. Pe. Prudêncio, 56",,FALSE,Hotel Top Econômico,Hotel Top Econômico,4.1,https://www.google.com/maps/search/?api=1&query=Hotel%20Top%20Econ%C3%B4mico&query_place_id=ChIJu6sIDoyOpJIR3cx6MovA9vo,
,,,,,,,,,TRUE,,,,TRUE,,,,,,,,,TRUE,,,,,,,,,,,TRUE,,,,,,,,,TRUE,,,,,,,,,,,,,TRUE,,,FALSE,,,,,,,,,,,,,,,,,,,,,,,,,,,,,,,,,,,,,,,,,,,,,,,,,,,,,,,,,,,,,,,,,,,,,,,,,,,,,,,,,,,,,,,,,,,,,,,,,,,,,,,,,,,,,,,,,,,,,,,,,,,,,,,,,,,,,,,,,"R. Ferreira Cantão, 100 - Campina, Belém - PA, 66017-110, Brazil",,,Hotel,,,,,,,,,,Hotel,3282820262613266269,Belém,BR,"Modest suites in a relaxed property offering free breakfast & a rooftop pool, plus a bar.",0x92a48e8dba62f0b9:0x2d8eeba2be84af5d,,"Less than a km from Pátio Belém shopping mall, this laid-back all-suite hotel is 1 km from Ver-o-peso market and 2 km from Mangal das Garças park.
 The plain suites offer free Internet access, flat-screen TVs and safes, as well as separate living/dining areas, minifridges and microwaves. Room service is available.
 Freebies include parking and a breakfast buffet. There's also a rooftop pool, a bar and an exercise room, plus meeting space.",/g/1tgxvmjr,,-1.4539877,-48.4956054,,Campina,,,,,,,,,,,,,,,,,,,,,,,,,,,,,,,,,,,,FALSE,+55 91 3230-2000,5.59132E+11,ChIJufBiuo2OpJIRXa-EvqLrji0,1,Services,,,,,,,,,"GGW3+CQ Campina, Belém - State of Pará, Brazil",,,,,,,,,,,,,,,,,,,,,,,,,,,,,,,,,,,,,,,,,,,,,,,,,,,,,,,,,,,,,,,,,,,,,,,,,,,,,,,,,,,,,,,,,,,,,,,,,,,,,,,,,,,,,,,,,,,,,,,,,,,,,,,,,,,,,,,,,,,,,,,,,,,,,,,,,,,,,,,,,,,,,,,,,,,,,,,,,,,,,,,,,,,,,,,,,,,,,,,,,,,,,,,,,,,,,,,,,,,,,,,,,,,,,,,,,,,,,,,,,,,,,,,,,,,,,,,,,,,,,,,,,,,,,66017-110,,33,,796,239,179,116,187,75,28,elevator,17,structure,14,photography,9,roaches,8,benefit–cost ratio,7,wall,7,education,5,belém,5,economic,5,fixtures,PA,"R. Ferreira Cantão, 100",,FALSE,,Zoghbi Apart Hotel,3.4,https://www.google.com/maps/search/?api=1&query=Zoghbi%20Apart%20Hotel&query_place_id=ChIJufBiuo2OpJIRXa-EvqLrji0,
