address,formattedAddress,categories/0,categories/1,categories/2,categories/3,categories/4,categories/5,categories/6,categories/7,categories/8,categoryName,cid,city,countryCode,fid,isSponsored,googleFoodUrl,locatedIn,location/lat,location/lng,menu,neighborhood,phone,phoneUnformatted,placeId,postalCode,price,rank,reserveTableUrl,reviewsCount,reviewsDistribution/fiveStar,reviewsDistribution/fourStar,reviewsDistribution/oneStar,reviewsDistribution/threeStar,reviewsDistribution/twoStar,state,street,streetFormatted,subTitle,title,titleFormatted,totalScore,url,website,businessTime
"Praça de Alimentação da Praça da República - Reduto, Belém - PA, 66053-100, Brazil","Praça De Alimentação Da Praça Da República - Reduto, Belém - Pa, 66053-100, Brazil",Bar,,,,,,,,,Brazilian boteco,1.58e+19,Belém,BR,0x92a48f34423394ef:0xdb8e8b0857146aa1,No,,,-1.4512429,-48.4940377,,Reduto,+55 91 99999-9997,5590000000000.0,ChIJ75QzQjSPpJIRoWoUVwiLjts,66053-100,$,84,,0,,,,,,State of Pará,Praça de Alimentação da Praça da República,Praça De Alimentação Da Praça Da República,,HABEAS COPOS BAR,Habeas Copos Bar,,https://www.google.com/maps/search/?api=1&query=HABEAS%20COPOS%20BAR&query_place_id=ChIJ75QzQjSPpJIRoWoUVwiLjts,,
"Av. Alcindo Cacela, 2872 - Umarizal, Belém - PA, 66045-197, Brazil","Av. Alcindo Cacela, 2872 - Umarizal, Belém - Pa, 66045-197, Brazil",Bar,,,,,,,,,Brazilian boteco,1.35e+19,Belém,BR,0x92a48dd5c6067dcb:0xbbbb355a320acc8e,No,,,-1.4624208,-48.4768929,,Umarizal,,,ChIJy30GxtWNpJIRjswKMlo1u7s,66045-197,$,83,,0,,,,,,State of Pará,"Av. Alcindo Cacela, 2872","Av. Alcindo Cacela, 2872",,Bar E Depósito Do Valdo,Bar E Depósito Do Valdo,,https://www.google.com/maps/search/?api=1&query=Bar%20E%20Dep%C3%B3sito%20Do%20Valdo&query_place_id=ChIJy30GxtWNpJIRjswKMlo1u7s,,Monday-Tuesday: 18:00 to 00:00; Wednesday: 18:00 to 01:00; Thursday-Friday: 18:00 to 04:00; Saturday-Sunday: Closed
"Av. Conselheiro Furtado, 1636 - Cremação, Belém - PA, 66063-060, Brazil","Av. Conselheiro Furtado, 1636 - Cremação, Belém - Pa, 66063-060, Brazil",Restaurant,,,,,,,,,Bar & grill,9.78e+18,Belém,BR,0x92a48f2bfac1c5c9:0x87b13848595eaba0,No,,,-1.4569277,-48.4837935,https://drive.google.com/file/d/1bJUpKNlci6rCbYiqdE58vcAWJwRqMCWG/view,Cremação,+55 91 98253-1501,5590000000000.0,ChIJycXB-iuPpJIRoKteWUg4sYc,66063-060,$$,90,,24,19.0,3.0,0.0,2.0,0.0,State of Pará,"Av. Conselheiro Furtado, 1636","Av. Conselheiro Furtado, 1636",,Sr. Torresmo - Bar e Petiscaria,Sr. Torresmo - Bar E Petiscaria,4.7,https://www.google.com/maps/search/?api=1&query=Sr.%20Torresmo%20-%20Bar%20e%20Petiscaria&query_place_id=ChIJycXB-iuPpJIRoKteWUg4sYc,,Monday: 18:00 to 00:00; Tuesday-Wednesday: 17:00 to 01:00; Thursday: 17:00 to 02:00; Friday: 16:00 to 03:00; Saturday: 17:00 to 00:00; Sunday: Closed
"Tv. Benjamin Constant, 1404 - Nazaré, Belém - PA, 66035-060, Brazil","Tv. Benjamin Constant, 1404 - Nazaré, Belém - Pa, 66035-060, Brazil",Bar,,,,,,,,,Brazilian boteco,2.7e+18,Belém,BR,0x92a48f7cf34d5f05:0x257a4c171625cd66,No,,,-1.4543422,-48.4885698,https://digitalmenucheck.com/21b61fbc-33f8-4999-9315-a5fb6f24adee/index.html,Nazaré,,,ChIJBV9N83yPpJIRZs0lFhdMeiU,66035-060,$,79,,154,89.0,28.0,6.0,25.0,6.0,State of Pará,"Tv. Benjamin Constant, 1404","Tv. Benjamin Constant, 1404",,Beco,Beco,4.2,https://www.google.com/maps/search/?api=1&query=Beco&query_place_id=ChIJBV9N83yPpJIRZs0lFhdMeiU,http://instagram.com/becobelem,
"N˚1848 - Av. Alcindo Cacela - Nazaré, Belém - PA, 66040-020, Brazil","N˚1848 - Av. Alcindo Cacela - Nazaré, Belém - Pa, 66040-020, Brazil",Restaurant,,,,,,,,,Wine bar,8.23e+18,Belém,BR,0x92a48d79640e75d1:0x7240357b78f2203c,No,,,-1.452908,-48.477787,,Nazaré,+55 91 99279-3187,5590000000000.0,ChIJ0XUOZHmNpJIRPCDyeHs1QHI,66040-020,$$$,75,https://www.google.com/maps/reserve/v/dine/c/x62bXOlnk2Y?source=pa&opi=79508299&hl=en-US&gei=cpu-Z6rqPNm3wN4PstmlwQY&sourceurl=http://www.google.com/service/MapsPlaceService/GetPlace?hl%3Den%26authuser%3D0%26gl%3Dus%26q%3DThe%2BWine%2BExperience,117,91.0,18.0,3.0,1.0,4.0,State of Pará,N˚1848 - Av. Alcindo Cacela,N˚1848 - Av. Alcindo Cacela,,The Wine Experience,The Wine Experience,4.6,https://www.google.com/maps/search/?api=1&query=The%20Wine%20Experience&query_place_id=ChIJ0XUOZHmNpJIRPCDyeHs1QHI,https://www.instagram.com/thewinebelem/,Monday-Saturday: 11:30 to 18:00; Sunday: Closed
"Av. Cmte. Brás de Aguiar, 327 - Nazaré, Belém - PA, 66035-395, Brazil","Av. Cmte. Brás De Aguiar, 327 - Nazaré, Belém - Pa, 66035-395, Brazil",Restaurant,,,,,,,,,Cocktail bar,1.16e+19,Belém,BR,0x92a48f75d67f2ead:0xa0630e35e5513b7f,No,,,-1.4544358,-48.4889958,,Nazaré,,,ChIJrS5_1nWPpJIRfztR5TUOY6A,66035-395,$$$,74,,3,1.0,2.0,0.0,0.0,0.0,State of Pará,"Av. Cmte. Brás de Aguiar, 327","Av. Cmte. Brás De Aguiar, 327",,Gabinete Room,Gabinete Room,4.3,https://www.google.com/maps/search/?api=1&query=Gabinete%20Room&query_place_id=ChIJrS5_1nWPpJIRfztR5TUOY6A,,Monday-Wednesday: 18:30 to 23:00; Thursday: 18:00 to 03:00; Friday-Saturday: 18:00 to 04:00; Sunday: Closed
"Tv. Dr. Moraes, 419 - Nazaré, Belém - PA, 66035-085, Brazil","Tv. Dr. Moraes, 419 - Nazaré, Belém - Pa, 66035-085, Brazil",Bar,,,,,,,,,Brazilian boteco,9.53e+18,Belém,BR,0x92a48fcb6b3abbfb:0x84422ff3d27e0dbd,No,,,-1.4566503,-48.4888591,,Nazaré,,,ChIJ-7s6a8uPpJIRvQ1-0vMvQoQ,66035-085,$,71,,13,7.0,5.0,0.0,1.0,0.0,State of Pará,"Tv. Dr. Moraes, 419","Tv. Dr. Moraes, 419",,Boteco do Pipo Batista Campos,Boteco Do Pipo Batista Campos,4.5,https://www.google.com/maps/search/?api=1&query=Boteco%20do%20Pipo%20Batista%20Campos&query_place_id=ChIJ-7s6a8uPpJIRvQ1-0vMvQoQ,,Monday-Sunday: 11:00 to 00:00
"Av. Cmte. Brás de Aguiar, 716 - Nazaré, Belém - PA, 66035-415, Brazil","Av. Cmte. Brás De Aguiar, 716 - Nazaré, Belém - Pa, 66035-415, Brazil",Restaurant,,,,,,,,,Cocktail bar,1.13e+19,Belém,BR,0x92a48f7d115ca39b:0x9cf37ac03970d071,No,,,-1.4545481,-48.4851366,,Nazaré,+55 91 98393-1818,5590000000000.0,ChIJm6NcEX2PpJIRcdBwOcB685w,66035-415,$$$,68,,210,155.0,27.0,7.0,8.0,13.0,State of Pará,"Av. Cmte. Brás de Aguiar, 716","Av. Cmte. Brás De Aguiar, 716",,Old House Blues & Jazz,Old House Blues & Jazz,4.5,https://www.google.com/maps/search/?api=1&query=Old%20House%20Blues%20%26%20Jazz&query_place_id=ChIJm6NcEX2PpJIRcdBwOcB685w,https://www.oldhousewinebar.com/,Monday-Wednesday: Closed; Thursday-Friday: 17:00 to 03:00; Saturday: 17:00 to 04:00; Sunday: 17:00 to 01:00
"Av. Cmte. Brás de Aguiar, 50 - Nazaré, Belém - PA, 66060-000, Brazil","Av. Cmte. Brás De Aguiar, 50 - Nazaré, Belém - Pa, 66060-000, Brazil",Wine store,Importer,Wine bar,Wine wholesaler and importer,,,,,,Wine bar,1.75e+19,Belém,BR,0x92a48e8ed8e25bf3:0xf377faac538e8af2,No,,,-1.4555539,-48.4912437,,Nazaré,+55 91 3212-7002,559000000000.0,ChIJ81vi2I6OpJIR8oqOU6z6d_M,66060-000,$$$,66,,274,203.0,54.0,5.0,9.0,3.0,State of Pará,"Av. Cmte. Brás de Aguiar, 50","Av. Cmte. Brás De Aguiar, 50",,Grand Cru,Grand Cru,4.6,https://www.google.com/maps/search/?api=1&query=Grand%20Cru&query_place_id=ChIJ81vi2I6OpJIR8oqOU6z6d_M,https://www.grandcru.com.br/,Monday-Wednesday: 11:00 to 15:00; Thursday: 11:30 to 15:00; Friday: 11:00 to 15:00; Saturday: 10:00 to 18:00; Sunday: 11:00 to 15:00
"Tv. Três de Maio - São Brás, Belém - PA, 66063-388, Brazil","Tv. Três De Maio - São Brás, Belém - Pa, 66063-388, Brazil",Restaurant,,,,,,,,,Cocktail bar,9.03e+18,Belém,BR,0x92a48d00456d728b:0x7d454b51ae5f6504,No,,,-1.455314,-48.4741547,https://beacons.ai/domgastrobar,São Brás,+55 91 99171-6734,5590000000000.0,ChIJi3JtRQCNpJIRBGVfrlFLRX0,66063-388,$$$,64,,54,29.0,5.0,13.0,2.0,5.0,State of Pará,Tv. Três de Maio,Tv. Três De Maio,,Dom Gastro Bar,Dom Gastro Bar,3.6,https://www.google.com/maps/search/?api=1&query=Dom%20Gastro%20Bar&query_place_id=ChIJi3JtRQCNpJIRBGVfrlFLRX0,,Monday: Closed; Tuesday-Friday: 18:00 to 00:00; Saturday: 11:00 to 00:00; Sunday: 11:30 to 15:00
"Tv. Quintino Bocaiúva, 1423 - Nazaré, Belém - PA, 66035-190, Brazil","Tv. Quintino Bocaiúva, 1423 - Nazaré, Belém - Pa, 66035-190, Brazil",Gastropub,,,,,,,,,Pub,1.43e+19,Belém,BR,0x92a48f00198b276f:0xc70fe545322195b7,No,,,-1.4517736,-48.4867635,,Nazaré,+55 91 99207-1462,5590000000000.0,ChIJbyeLGQCPpJIRt5UhMkXlD8c,66035-190,$$,54,,16,10.0,1.0,4.0,1.0,0.0,State of Pará,"Tv. Quintino Bocaiúva, 1423","Tv. Quintino Bocaiúva, 1423",,Zebra Belém,Zebra Belém,3.8,https://www.google.com/maps/search/?api=1&query=Zebra%20Bel%C3%A9m&query_place_id=ChIJbyeLGQCPpJIRt5UhMkXlD8c,,Monday-Friday: 10:00 to 00:00; Saturday: 10:00 to 15:00; Sunday: 10:00 to 00:00
"Praca Coaraci Nunes, 6 - Batista Campos, Belém - PA, 66015-100, Brazil","Praca Coaraci Nunes, 6 - Batista Campos, Belém - Pa, 66015-100, Brazil",Bar,,,,,,,,,Brazilian boteco,1.37e+19,Belém,BR,0x92a48fc6de6bad8f:0xbec5a8c48ffd8293,No,,,-1.4577462,-48.4933782,,Batista Campos,,,ChIJj61r3saPpJIRk4L9j8Soxb4,66015-100,$,52,,330,214.0,47.0,20.0,36.0,13.0,State of Pará,"Praca Coaraci Nunes, 6","Praca Coaraci Nunes, 6",,Klandestino,Klandestino,4.3,https://www.google.com/maps/search/?api=1&query=Klandestino&query_place_id=ChIJj61r3saPpJIRk4L9j8Soxb4,http://www.instagram.com/klandestinobaroficial,Monday: Closed; Tuesday-Saturday: 18:00 to 00:00; Sunday: 16:00 to 00:00
"Tv. Dr. Moraes, 556 - Batista Campos, Belém - PA, 66035-125, Brazil","Tv. Dr. Moraes, 556 - Batista Campos, Belém - Pa, 66035-125, Brazil",Restaurant,Bar,,,,,,,,Pub,3.01e+18,Belém,BR,0x92a48f2367cffab7:0x29b6a69dd62eeadb,No,,,-1.4579681,-48.4884953,,Batista Campos,,,ChIJt_rPZyOPpJIR2-ou1p2mtik,66035-125,$$$,46,,239,209.0,23.0,3.0,4.0,0.0,State of Pará,"Tv. Dr. Moraes, 556","Tv. Dr. Moraes, 556",,Pará Moto Clube - PMC Garagem,Pará Moto Clube - Pmc Garagem,4.8,https://www.google.com/maps/search/?api=1&query=Par%C3%A1%20Moto%20Clube%20-%20PMC%20Garagem&query_place_id=ChIJt_rPZyOPpJIR2-ou1p2mtik,,
"Tv. Benjamin Constant, 1321 - Térreo - Nazaré, Belém - PA, 66035-060, Brazil","Tv. Benjamin Constant, 1321 - Térreo - Nazaré, Belém - Pa, 66035-060, Brazil",Bar,,,,,,,,,Cocktail bar,1.69e+19,Belém,BR,0x92a48f9eee99ae99:0xead2229171ea25eb,No,,,-1.4535527,-48.4884901,https://tr.ee/VOV9DFEcpn,Nazaré,+55 11 91331-4346,5510000000000.0,ChIJma6Z7p6PpJIR6yXqcZEi0uo,66035-060,$$$,40,,93,80.0,5.0,4.0,3.0,1.0,State of Pará,"Tv. Benjamin Constant, 1321 - Térreo","Tv. Benjamin Constant, 1321 - Térreo",,Azo Drinks,Azo Drinks,4.7,https://www.google.com/maps/search/?api=1&query=Azo%20Drinks&query_place_id=ChIJma6Z7p6PpJIR6yXqcZEi0uo,https://www.instagram.com/azo.drinks/,
"Av. Gentil Bitencourt, 1445 - Nazaré, Belém - PA, 66040-172, Brazil","Av. Gentil Bitencourt, 1445 - Nazaré, Belém - Pa, 66040-172, Brazil",Live music venue,Bar,Night club,,,,,,,Night club,8.49e+18,Belém,BR,0x92a48e821545e35f:0x75dda452126e9bd6,No,,,-1.4548451,-48.4795576,,Nazaré,,,ChIJX-NFFYKOpJIR1ptuElKk3XU,66040-172,$$,39,,971,486.0,212.0,66.0,158.0,49.0,State of Pará,"Av. Gentil Bitencourt, 1445","Av. Gentil Bitencourt, 1445",,Botequim,Botequim,4.0,https://www.google.com/maps/search/?api=1&query=Botequim&query_place_id=ChIJX-NFFYKOpJIR1ptuElKk3XU,,Monday: Closed; Tuesday-Wednesday: 19:00 to 02:00; Thursday-Friday: 19:00 to 04:00; Saturday: 19:00 to 02:00; Sunday: Closed
"Al. Lúcio Amaral, 364 - Nazaré, Belém - PA, 66040-240, Brazil","Al. Lúcio Amaral, 364 - Nazaré, Belém - Pa, 66040-240, Brazil",Bar,,,,,,,,,Pub,1.75e+19,Belém,BR,0x92a48e81357b1827:0xf311f59289ab8eba,No,,,-1.4546951,-48.4792683,,Nazaré,,,ChIJJxh7NYGOpJIRuo6riZL1EfM,66040-240,$$,38,,1935,1276.0,398.0,66.0,150.0,45.0,State of Pará,"Al. Lúcio Amaral, 364","Al. Lúcio Amaral, 364",Woodstock,Cultural Woodstock,Cultural Woodstock,4.4,https://www.google.com/maps/search/?api=1&query=Cultural%20Woodstock&query_place_id=ChIJJxh7NYGOpJIRuo6riZL1EfM,https://www.instagram.com/espacoculturalwoodstock/?hl=pt-br,Monday-Friday: 08:00 to 15:30; Saturday: 08:00 to 23:00; Sunday: Closed
"esquiR - R. Arcipreste Manoel Teodoro, 215 - Batista Campos, Belém - PA, 66015-200, Brazil","Esquir - R. Arcipreste Manoel Teodoro, 215 - Batista Campos, Belém - Pa, 66015-200, Brazil",Bar,,,,,,,,,Brazilian boteco,1.74e+19,Belém,BR,0x92a48f9470f98927:0xf20f53c1ead421b4,No,,,-1.4572093,-48.4930226,,Batista Campos,,,ChIJJ4n5cJSPpJIRtCHU6sFTD_I,66015-200,$,35,,328,204.0,64.0,9.0,41.0,10.0,State of Pará,"esquiR - R. Arcipreste Manoel Teodoro, 215","Esquir - R. Arcipreste Manoel Teodoro, 215",,Meu Boteco Belém,Meu Boteco Belém,4.4,https://www.google.com/maps/search/?api=1&query=Meu%20Boteco%20Bel%C3%A9m&query_place_id=ChIJJ4n5cJSPpJIRtCHU6sFTD_I,,Monday-Saturday: 11:00 to 15:00; Sunday: Closed
"Galeria Portuense, Tv. Padre Eutíquio, 1055 - Batista Campos, Belém - PA, 66073-710, Brazil","Galeria Portuense, Tv. Padre Eutíquio, 1055 - Batista Campos, Belém - Pa, 66073-710, Brazil",Bar,,,,,,,,,Brazilian boteco,9.99e+18,Belém,BR,0x92a48f2fedf22f35:0x8aa7fbf890c52b65,No,,,-1.4554182,-48.4940315,,Batista Campos,+55 91 98758-5960,5590000000000.0,ChIJNS_y7S-PpJIRZSvFkPj7p4o,66073-710,$,34,,1,1.0,0.0,0.0,0.0,0.0,State of Pará,"Galeria Portuense, Tv. Padre Eutíquio, 1055","Galeria Portuense, Tv. Padre Eutíquio, 1055",,Escritório Pub Conveniência,Escritório Pub Conveniência,5.0,https://www.google.com/maps/search/?api=1&query=Escrit%C3%B3rio%20Pub%20Conveni%C3%AAncia&query_place_id=ChIJNS_y7S-PpJIRZSvFkPj7p4o,,Monday-Saturday: 09:00 to 22:00; Sunday: 09:00 to 14:00
"Tv. Benjamin Constant, 1499 - Nazaré, Belém - PA, 66035-060, Brazil","Tv. Benjamin Constant, 1499 - Nazaré, Belém - Pa, 66035-060, Brazil",Bar,Cafe,,,,,,,,Pub,3.03e+18,Belém,BR,0x92a48e858f18ea47:0x2a1b9502a26c04a6,No,,,-1.4551356,-48.4882398,,Nazaré,+55 91 98592-0440,5590000000000.0,ChIJR-oYj4WOpJIRpgRsogKVGyo,66035-060,$$,29,,1361,959.0,264.0,18.0,105.0,15.0,State of Pará,"Tv. Benjamin Constant, 1499","Tv. Benjamin Constant, 1499",,Cosanostra Café,Cosanostra Café,4.6,https://www.google.com/maps/search/?api=1&query=Cosanostra%20Caf%C3%A9&query_place_id=ChIJR-oYj4WOpJIRpgRsogKVGyo,https://www.instagram.com/cosanostra_pub/,Monday-Tuesday: Closed; Wednesday-Saturday: 20:00 to 04:00; Sunday: Closed
"Av. Gentil Bitencourt, 2205 - São Brás, Belém - PA, 66035-340, Brazil","Av. Gentil Bitencourt, 2205 - São Brás, Belém - Pa, 66035-340, Brazil",Pub,,,,,,,,,Pub,3.93e+18,Belém,BR,0x92a48dce70f327c9:0x367f8d27f7f65445,No,,,-1.4545747,-48.4727451,,São Brás,,,ChIJySfzcM6NpJIRRVT29yeNfzY,66035-340,$$,20,,146,94.0,33.0,5.0,13.0,1.0,State of Pará,"Av. Gentil Bitencourt, 2205","Av. Gentil Bitencourt, 2205",,The Queens o Pub da Rainha,The Queens O Pub Da Rainha,4.4,https://www.google.com/maps/search/?api=1&query=The%20Queens%20o%20Pub%20da%20Rainha&query_place_id=ChIJySfzcM6NpJIRRVT29yeNfzY,,Monday: Closed; Tuesday-Wednesday: 17:00 to 00:00; Thursday-Friday: 17:00 to 03:00; Saturday-Sunday: Closed
"Tv. Vileta, 2509 - Marco, Belém - PA, 66093-345, Brazil","Tv. Vileta, 2509 - Marco, Belém - Pa, 66093-345, Brazil",Bar,,,,,,,,,Pub,1.46e+19,Belém,BR,0x92a48c13d3c84cef:0xca98fbb700732318,No,,,-1.4391867,-48.4632689,,Marco,,,ChIJ70zI0xOMpJIRGCNzALf7mMo,66093-345,$$,18,,1116,726.0,271.0,18.0,82.0,19.0,State of Pará,"Tv. Vileta, 2509","Tv. Vileta, 2509",,Rusty Pub,Rusty Pub,4.5,https://www.google.com/maps/search/?api=1&query=Rusty%20Pub&query_place_id=ChIJ70zI0xOMpJIRGCNzALf7mMo,http://virginiapagno.wix.com/rustypub,Monday-Saturday: 17:00 to 00:00; Sunday: Closed
"Tv. Quintino Bocaiúva, 857 - Reduto, Belém - PA, 66053-240, Brazil","Tv. Quintino Bocaiúva, 857 - Reduto, Belém - Pa, 66053-240, Brazil",Gastropub,,,,,,,,,Pub,1.48e+19,Belém,BR,0x92a48fbf208c6583:0xce0c07796763d904,No,,,-1.4476795,-48.4899384,,Reduto,+55 91 99830-7166,5590000000000.0,ChIJg2WMIL-PpJIRBNljZ3kHDM4,66053-240,$$,17,,3,3.0,0.0,0.0,0.0,0.0,State of Pará,"Tv. Quintino Bocaiúva, 857","Tv. Quintino Bocaiúva, 857",,O Fanfarrão Gastro Pub!,O Fanfarrão Gastro Pub!,5.0,https://www.google.com/maps/search/?api=1&query=O%20Fanfarr%C3%A3o%20Gastro%20Pub!&query_place_id=ChIJg2WMIL-PpJIRBNljZ3kHDM4,,Monday-Wednesday: Closed; Thursday: 19:00 to 00:00; Friday-Saturday: 19:00 to 02:00; Sunday: 18:00 to 23:00
"Tv. Quintino Bocaiúva, 1821 - Nazaré, Belém - PA, 66035-190, Brazil","Tv. Quintino Bocaiúva, 1821 - Nazaré, Belém - Pa, 66035-190, Brazil",Pub,,,,,,,,,Pub,1.39e+19,Belém,BR,0x92a48f0a1794a025:0xc136039d2fd45e08,No,,,-1.4551217,-48.4856659,,Nazaré,,,ChIJJaCUFwqPpJIRCF7UL50DNsE,66035-190,$,14,,103,77.0,20.0,3.0,3.0,0.0,State of Pará,"Tv. Quintino Bocaiúva, 1821","Tv. Quintino Bocaiúva, 1821",,Dumano,Dumano,4.6,https://www.google.com/maps/search/?api=1&query=Dumano&query_place_id=ChIJJaCUFwqPpJIRCF7UL50DNsE,,Monday-Sunday: 10:00 to 00:00
"R. São Miguel, 475 - Jurunas, Belém - PA, 66033-015, Brazil","R. São Miguel, 475 - Jurunas, Belém - Pa, 66033-015, Brazil",Bar,,,,,,,,,Pub,5.62e+18,Belém,BR,0x92a48e705e2bb127:0x4def5752e4eba451,No,,,-1.4679222,-48.4863925,,Jurunas,+55 91 99148-6498,5590000000000.0,ChIJJ7ErXnCOpJIRUaTr5FJX700,66033-015,$$,13,,1,1.0,0.0,0.0,0.0,0.0,State of Pará,"R. São Miguel, 475","R. São Miguel, 475",,MANINHO'S PUB,Maninho'S Pub,5.0,https://www.google.com/maps/search/?api=1&query=MANINHO'S%20PUB&query_place_id=ChIJJ7ErXnCOpJIRUaTr5FJX700,,Monday-Sunday: 07:00 to 22:00
"Tv. dos Apinagés, 101 - Batista Campos, Belém - PA, 66030-460, Brazil","Tv. Dos Apinagés, 101 - Batista Campos, Belém - Pa, 66030-460, Brazil",Bar,,,,,,,,,Pub,1.52e+19,Belém,BR,0x92a48fa1db182263:0xd3683c52efb995be,No,,,-1.4610609,-48.4919881,,Batista Campos,+55 91 99381-1161,5590000000000.0,ChIJYyIY26GPpJIRvpW571I8aNM,66030-460,$$,12,,1,1.0,0.0,0.0,0.0,0.0,State of Pará,"Tv. dos Apinagés, 101","Tv. Dos Apinagés, 101",,Fayal Pub,Fayal Pub,5.0,https://www.google.com/maps/search/?api=1&query=Fayal%20Pub&query_place_id=ChIJYyIY26GPpJIRvpW571I8aNM,,
"R. Silva Rosado, 41 - São Brás, Belém - PA, 66090-090, Brazil","R. Silva Rosado, 41 - São Brás, Belém - Pa, 66090-090, Brazil",Restaurant,,,,,,,,,Pub,8.69e+18,Belém,BR,0x92a48d006314d1d9:0x78a8d59085e84543,No,,,-1.4527162,-48.4656402,,São Brás,,,ChIJ2dEUYwCNpJIRQ0XohZDVqHg,66090-090,$$,10,,1,1.0,0.0,0.0,0.0,0.0,State of Pará,"R. Silva Rosado, 41","R. Silva Rosado, 41",,Pub touche,Pub Touche,5.0,https://www.google.com/maps/search/?api=1&query=Pub%20touche&query_place_id=ChIJ2dEUYwCNpJIRQ0XohZDVqHg,,
"Tv. 14 de Março, 3379 - Cremação, Belém - PA, 66045-350, Brazil","Tv. 14 De Março, 3379 - Cremação, Belém - Pa, 66045-350, Brazil",Pub,,,,,,,,,Pub,9.38e+17,Belém,BR,0x92a48d353ea6060f:0xd05aeb65bb8444c,No,,,-1.4679201,-48.4785864,,Cremação,+55 91 98107-7192,5590000000000.0,ChIJDwamPjWNpJIRTES4W7auBQ0,66045-350,$$,8,,25,17.0,2.0,1.0,3.0,2.0,State of Pará,"Tv. 14 de Março, 3379","Tv. 14 De Março, 3379",,BOTECO DO AJAX,Boteco Do Ajax,4.3,https://www.google.com/maps/search/?api=1&query=BOTECO%20DO%20AJAX&query_place_id=ChIJDwamPjWNpJIRTES4W7auBQ0,,Monday: 10:00 to 22:00; Tuesday-Wednesday: 10:00 to 00:00; Thursday-Friday: 10:00 to 02:00; Saturday: 09:00 to 00:00; Sunday: Closed
"Av. Cmte. Brás de Aguiar, 650 - Nazaré, Belém - PA, 66045-405, Brazil","Av. Cmte. Brás De Aguiar, 650 - Nazaré, Belém - Pa, 66045-405, Brazil",Bar,,,,,,,,,Pub,5.45e+18,Belém,BR,0x92a48f511dbe3d0b:0x4b9c32086b901c47,No,,,-1.454582,-48.4857314,,Nazaré,,,ChIJCz2-HVGPpJIRRxyQawgynEs,66045-405,$$,7,,410,277.0,64.0,33.0,27.0,9.0,State of Pará,"Av. Cmte. Brás de Aguiar, 650","Av. Cmte. Brás De Aguiar, 650",,Studio Pub Brás,Studio Pub Brás,4.3,https://www.google.com/maps/search/?api=1&query=Studio%20Pub%20Br%C3%A1s&query_place_id=ChIJCz2-HVGPpJIRRxyQawgynEs,,Monday-Thursday: Closed; Friday: 17:00 to 02:00; Saturday: 18:00 to 01:00; Sunday: 17:00 to 00:00
"R. Pres. Pernambuco, 277 - Batista Campos, Belém - PA, 66015-200, Brazil","R. Pres. Pernambuco, 277 - Batista Campos, Belém - Pa, 66015-200, Brazil",Bar,,,,,,,,,Pub,8.39e+18,Belém,BR,0x92a48e89185965fd:0x745f382a90bf8e1f,No,,,-1.4574032,-48.4924207,https://linktr.ee/studiopub,Batista Campos,+55 91 3252-1413,559000000000.0,ChIJ_WVZGImOpJIRH46_kCo4X3Q,66015-200,$$,6,,3541,2295.0,814.0,96.0,272.0,64.0,State of Pará,"R. Pres. Pernambuco, 277","R. Pres. Pernambuco, 277",,Studio Pub,Studio Pub,4.5,https://www.google.com/maps/search/?api=1&query=Studio%20Pub&query_place_id=ChIJ_WVZGImOpJIRH46_kCo4X3Q,https://www.instagram.com/studiopubbelem/,Monday-Tuesday: Closed; Wednesday: 19:00 to 01:00; Thursday-Friday: 19:00 to 04:00; Saturday-Sunday: Closed
"Av. Nª Sra. de Nazaré, 579 - Nazaré, Belém - PA, 66040-145, Brazil","Av. Nª Sra. De Nazaré, 579 - Nazaré, Belém - Pa, 66040-145, Brazil",Bar,,,,,,,,,Pub,1.23e+19,Belém,BR,0x92a48fec7f3a452f:0xaa6852b7b1c7cc5e,,,,-1.4523424,-48.4875809,,Nazaré,+55 91 98951-7256,5590000000000.0,ChIJL0U6f-yPpJIRXszHsbdSaKo,66040-145,$$,3,,2,2.0,0.0,0.0,0.0,0.0,State of Pará,"Av. Nª Sra. de Nazaré, 579","Av. Nª Sra. De Nazaré, 579",,Friends Pub,Friends Pub,5.0,https://www.google.com/maps/search/?api=1&query=Friends%20Pub&query_place_id=ChIJL0U6f-yPpJIRXszHsbdSaKo,https://web.facebook.com/friendspubfood/,Monday-Tuesday: Closed; Wednesday-Saturday: 18:00 to 00:00; Sunday: 18:00 to 23:00
"Passagem São Silvestre, 66 - Cremação, Belém - PA, 66065-710, Brazil","Passagem São Silvestre, 66 - Cremação, Belém - Pa, 66065-710, Brazil",Bar,,,,,,,,,Pub,1.18e+19,Belém,BR,0x92a48e785b7e2c81:0xa45bdd6118ed3249,,,,-1.4653752,-48.4802861,,Cremação,+55 91 98146-2868,5590000000000.0,ChIJgSx-W3iOpJIRSTLtGGHdW6Q,66065-710,$$,2,,17,12.0,3.0,0.0,2.0,0.0,State of Pará,"Passagem São Silvestre, 66","Passagem São Silvestre, 66",,Pub Do Urubu,Pub Do Urubu,4.6,https://www.google.com/maps/search/?api=1&query=Pub%20Do%20Urubu&query_place_id=ChIJgSx-W3iOpJIRSTLtGGHdW6Q,,Monday-Wednesday: 08:00 to 00:00; Thursday-Saturday: 08:00 to 02:00; Sunday: Closed
"Av. Conselheiro Furtado, 2768 - Cremação, Belém - PA, 66063-060, Brazil","Av. Conselheiro Furtado, 2768 - Cremação, Belém - Pa, 66063-060, Brazil",Bar,,,,,,,,,Pub,1.13e+19,Belém,BR,0x92a48f2de5d2657d:0x9ce1ee7be71ea0e8,,,,-1.4566034,-48.4737692,,Cremação,+55 91 98938-9709,5590000000000.0,ChIJfWXS5S2PpJIR6KAe53vu4Zw,66063-060,$$,1,,8,7.0,0.0,0.0,0.0,1.0,State of Pará,"Av. Conselheiro Furtado, 2768","Av. Conselheiro Furtado, 2768",,Bellavista PUB,Bellavista Pub,4.6,https://www.google.com/maps/search/?api=1&query=Bellavista%20PUB&query_place_id=ChIJfWXS5S2PpJIR6KAe53vu4Zw,,Monday-Thursday: 18:00 to 01:00; Friday-Saturday: 18:00 to 04:00; Sunday: 18:00 to 01:00
"R. Farias de Brito, 191B - São Brás, Belém - PA, 66090-270, Brazil","R. Farias De Brito, 191B - São Brás, Belém - Pa, 66090-270, Brazil",Bar,,,,,,,,,Brazilian boteco,1.26e+19,Belém,BR,0x92a48d7ef748ee03:0xaf4580009510f0f1,,,,-1.4518338,-48.467211,,São Brás,,,ChIJA-5I936NpJIR8fAQlQCARa8,66090-270,$,82,,0,,,,,,State of Pará,"R. Farias de Brito, 191B","R. Farias De Brito, 191B",,Bar do Dedé,Bar Do Dedé,,https://www.google.com/maps/search/?api=1&query=Bar%20do%20Ded%C3%A9&query_place_id=ChIJA-5I936NpJIR8fAQlQCARa8,,
"Tv. dos Tupinambás, 641 - Jurunas, Belém - PA, 66033-122, Brazil","Tv. Dos Tupinambás, 641 - Jurunas, Belém - Pa, 66033-122, Brazil",Bar,,,,,,,,,Pub,3.01e+18,Belém,BR,0x92a48e64d7ca4001:0x29c3d5d2336593aa,,,,-1.4651879,-48.4891424,,Jurunas,,,ChIJAUDK12SOpJIRqpNlM9LVwyk,66033-122,$$,81,,0,,,,,,State of Pará,"Tv. dos Tupinambás, 641","Tv. Dos Tupinambás, 641",,Fazendinha's Bar,Fazendinha'S Bar,,https://www.google.com/maps/search/?api=1&query=Fazendinha's%20Bar&query_place_id=ChIJAUDK12SOpJIRqpNlM9LVwyk,,Monday-Tuesday: 10:30 to 23:40; Wednesday: 10:30 to 00:00; Thursday: 10:30 to 00:40; Friday: 10:30 to 02:00; Saturday: 10:30 to 01:40; Sunday: 15:30 to 23:30
"Tv. Piedade, 566 - Reduto, Belém - PA, 66053-210, Brazil","Tv. Piedade, 566 - Reduto, Belém - Pa, 66053-210, Brazil",Bar,,,,,,,,,Brazilian boteco,1.51e+19,Belém,BR,0x92a48f5308374497:0xd169bf4747e49de8,,,,-1.4507349,-48.4934748,,Reduto,+55 91 98067-6097,5590000000000.0,ChIJl0Q3CFOPpJIR6J3kR0e_adE,66053-210,$,79,,0,,,,,,State of Pará,"Tv. Piedade, 566","Tv. Piedade, 566",,Bar do Ercio,Bar Do Ercio,,https://www.google.com/maps/search/?api=1&query=Bar%20do%20Ercio&query_place_id=ChIJl0Q3CFOPpJIR6J3kR0e_adE,,Monday: Closed; Tuesday-Saturday: 17:30 to 01:30; Sunday: Closed
"Tv. Nove de Janeiro - Cremação, Belém - PA, 66065-205, Brazil","Tv. Nove De Janeiro - Cremação, Belém - Pa, 66065-205, Brazil",Bar,,,,,,,,,Brazilian boteco,9.36e+18,Belém,BR,0x92a48dd6e0c01a75:0x81ee987e2e1dfbaf,,,,-1.4647026,-48.474954,,Cremação,+55 91 98082-0140,5590000000000.0,ChIJdRrA4NaNpJIRr_sdLn6Y7oE,66065-205,$,77,,22,9.0,3.0,7.0,2.0,1.0,State of Pará,Tv. Nove de Janeiro,Tv. Nove De Janeiro,,Bar do Azulão,Bar Do Azulão,3.3,https://www.google.com/maps/search/?api=1&query=Bar%20do%20Azul%C3%A3o&query_place_id=ChIJdRrA4NaNpJIRr_sdLn6Y7oE,,
"São Brás, Belém - State of Pará, 66090-000, Brazil","São Brás, Belém - State Of Pará, 66090-000, Brazil",Bar,,,,,,,,,Brazilian boteco,1.13e+19,Belém,BR,0x92a48c3bb6c76709:0x9c854c56f0ac4057,,,,-1.4497537,-48.4652426,,São Brás,,,ChIJCWfHtjuMpJIRV0Cs8FZMhZw,,$,76,,3,3.0,0.0,0.0,0.0,0.0,State of Pará,,,,Bar Do Didi,Bar Do Didi,5.0,https://www.google.com/maps/search/?api=1&query=Bar%20Do%20Didi&query_place_id=ChIJCWfHtjuMpJIRV0Cs8FZMhZw,,Monday-Sunday: Atendimento 24 horas
"Tv. 14 de Março, 1999 - Telégrafo, Belém - PA, 66035-180, Brazil","Tv. 14 De Março, 1999 - Telégrafo, Belém - Pa, 66035-180, Brazil",Bar,,,,,,,,,Brazilian boteco,1.68e+19,Belém,BR,0x92a48e82ef85a8c9:0xe9a02ba076d3abcc,,,,-1.4535253,-48.4804849,,Telégrafo,,,ChIJyaiF74KOpJIRzKvTdqAroOk,66035-180,$,75,,0,,,,,,State of Pará,"Tv. 14 de Março, 1999","Tv. 14 De Março, 1999",,Menezes bar,Menezes Bar,,https://www.google.com/maps/search/?api=1&query=Menezes%20bar&query_place_id=ChIJyaiF74KOpJIRzKvTdqAroOk,,Monday-Sunday: 08:00 to 03:00
"Tv. Dr. Moraes, 1464 - Cremação, Belém - PA, 66045-590, Brazil","Tv. Dr. Moraes, 1464 - Cremação, Belém - Pa, 66045-590, Brazil",Bar,,,,,,,,,Brazilian boteco,1.3e+19,Belém,BR,0x92a48e79964529e1:0xb4c2a0ce81852a6b,,,,-1.4634087,-48.484413,,Cremação,+55 91 3271-0446,559000000000.0,ChIJ4SlFlnmOpJIRayqFgc6gwrQ,66045-590,$,74,,15,8.0,1.0,5.0,0.0,1.0,State of Pará,"Tv. Dr. Moraes, 1464","Tv. Dr. Moraes, 1464",Bar do Rocha,Bar Rock,Bar Rock,3.4,https://www.google.com/maps/search/?api=1&query=Bar%20Rock&query_place_id=ChIJ4SlFlnmOpJIRayqFgc6gwrQ,,
"Av. Generalíssimo Deodoro, 1543 - Cremação, Belém - PA, 66035-090, Brazil","Av. Generalíssimo Deodoro, 1543 - Cremação, Belém - Pa, 66035-090, Brazil",Bar,,,,,,,,,Brazilian boteco,9.9e+18,Belém,BR,0x92a48f57cb4712fb:0x8962d8dc61030a11,,,,-1.4639067,-48.4824505,,Cremação,+55 91 98283-0064,5590000000000.0,ChIJ-xJHy1ePpJIREQoDYdzYYok,66035-090,$,73,,2,1.0,0.0,0.0,1.0,0.0,State of Pará,"Av. Generalíssimo Deodoro, 1543","Av. Generalíssimo Deodoro, 1543",,BAR DO BIANO,Bar Do Biano,4.0,https://www.google.com/maps/search/?api=1&query=BAR%20DO%20BIANO&query_place_id=ChIJ-xJHy1ePpJIREQoDYdzYYok,https://www.lojalocal.com/amstel/00076391035253,
"Tv. Três de Maio, 1525 - São Braz, Belém - PA, 66063-388, Brazil","Tv. Três De Maio, 1525 - São Braz, Belém - Pa, 66063-388, Brazil",Bar,,,,,,,,,Brazilian boteco,1.32e+19,Belém,BR,0x92a48d8a97ed6667:0xb74eb5170c4dc8a4,,,,-1.4532787,-48.4739255,,São Brás,+55 91 98148-0518,5590000000000.0,ChIJZ2btl4qNpJIRpMhNDBe1Trc,66063-388,$,72,,59,30.0,8.0,13.0,6.0,2.0,State of Pará,"Tv. Três de Maio, 1525","Tv. Três De Maio, 1525",,BDR | Bar da Residência,Bdr | Bar Da Residência,3.7,https://www.google.com/maps/search/?api=1&query=BDR%20%7C%20Bar%20da%20Resid%C3%AAncia&query_place_id=ChIJZ2btl4qNpJIRpMhNDBe1Trc,https://www.instagram.com/bardaresidencia/,
"Entre 09 de Janeiro e Alcindo Cacela, R. dos Pariquis, 3184 - Cremação, Belém - PA, 66045-645, Brazil","Entre 09 De Janeiro E Alcindo Cacela, R. Dos Pariquis, 3184 - Cremação, Belém - Pa, 66045-645, Brazil",Brazilian restaurant,Bar,,,,,,,,Brazilian boteco,4.82e+17,Belém,BR,0x92a48c2b2b65d059:0x6b22bb3fbdc255c,,,,-1.459358,-48.475744,,Cremação,+55 91 3269-6024,559000000000.0,ChIJWdBlKyuMpJIRXCXc-7MrsgY,66045-645,$,71,,909,581.0,197.0,14.0,93.0,24.0,State of Pará,"Entre 09 de Janeiro e Alcindo Cacela, R. dos Pariquis, 3184","Entre 09 De Janeiro E Alcindo Cacela, R. Dos Pariquis, 3184",,Bar e Restaurante do Gugu,Bar E Restaurante Do Gugu,4.4,https://www.google.com/maps/search/?api=1&query=Bar%20e%20Restaurante%20do%20Gugu&query_place_id=ChIJWdBlKyuMpJIRXCXc-7MrsgY,,
"Tv. Dr. Moraes, 360 - Nazaré, Belém - PA, 66035-085, Brazil","Tv. Dr. Moraes, 360 - Nazaré, Belém - Pa, 66035-085, Brazil",Bar,,,,,,,,,Brazilian boteco,1.58e+19,Belém,BR,0x92a48e88a58c2f51:0xdadd48b709c30232,,,Edifício Village,-1.4564761,-48.4889952,,Nazaré,,,ChIJUS-MpYiOpJIRMgLDCbdI3do,66035-085,$,70,,5,1.0,1.0,1.0,2.0,0.0,State of Pará,"Tv. Dr. Moraes, 360","Tv. Dr. Moraes, 360",Bar da Loira,Bar Blonde,Bar Blonde,3.2,https://www.google.com/maps/search/?api=1&query=Bar%20Blonde&query_place_id=ChIJUS-MpYiOpJIRMgLDCbdI3do,,Monday-Sunday: 18:00 to 03:00
"R. São Miguel, 1271 - Cremação, Belém - PA, 66065-705, Brazil","R. São Miguel, 1271 - Cremação, Belém - Pa, 66065-705, Brazil",Bar,,,,,,,,,Brazilian boteco,1.62e+19,Belém,BR,0x92a48f5bc14b2de7:0xe08bfa707eaddf36,,,,-1.4641941,-48.4804961,,Cremação,,,ChIJ5y1LwVuPpJIRNt-tfnD6i-A,66065-705,$,68,,11,9.0,2.0,0.0,0.0,0.0,State of Pará,"R. São Miguel, 1271","R. São Miguel, 1271",,Bar do Vado O Point da Saudade,Bar Do Vado O Point Da Saudade,4.8,https://www.google.com/maps/search/?api=1&query=Bar%20do%20Vado%20O%20Point%20da%20Saudade&query_place_id=ChIJ5y1LwVuPpJIRNt-tfnD6i-A,,Monday-Sunday: 18:00 to 02:00
"Av. Conselheiro Furtado, 2553 - Cremação, Belém - PA, 66063-060, Brazil","Av. Conselheiro Furtado, 2553 - Cremação, Belém - Pa, 66063-060, Brazil",Restaurant,Bar,,,,,,,,Brazilian boteco,6.79e+18,Belém,BR,0x92a48c261b94fae1:0x5e3d17d05d21d5d7,,,,-1.4561896,-48.4760122,,Cremação,+55 91 3349-0504,559000000000.0,ChIJ4fqUGyaMpJIR19UhXdAXPV4,66063-060,$,67,,834,489.0,211.0,28.0,83.0,23.0,State of Pará,"Av. Conselheiro Furtado, 2553","Av. Conselheiro Furtado, 2553",,Taperebar Bar e Restaurante,Taperebar Bar E Restaurante,4.3,https://www.google.com/maps/search/?api=1&query=Taperebar%20Bar%20e%20Restaurante&query_place_id=ChIJ4fqUGyaMpJIR19UhXdAXPV4,,Monday-Friday: 10:00 to 17:00; Saturday: Closed; Sunday: 10:00 to 17:00
"Próximo à Av. Conselheiro Furtado, Passagem do Horto, S/N - Batista Campos, Belém - PA, 66035-350, Brazil","Próximo À Av. Conselheiro Furtado, Passagem Do Horto, S/N - Batista Campos, Belém - Pa, 66035-350, Brazil",Bar,,,,,,,,,Brazilian boteco,8.71e+18,Belém,BR,0x92a48e864eb7a9ab:0x78d774980804dd1f,,,,-1.4575797,-48.4871175,,Batista Campos,,,ChIJq6m3ToaOpJIRH90ECJh013g,66035-350,$,66,,9,6.0,1.0,0.0,2.0,0.0,State of Pará,"Próximo à Av. Conselheiro Furtado, Passagem do Horto, S/N","Próximo À Av. Conselheiro Furtado, Passagem Do Horto, S/N",,Modelo Bar,Modelo Bar,4.4,https://www.google.com/maps/search/?api=1&query=Modelo%20Bar&query_place_id=ChIJq6m3ToaOpJIRH90ECJh013g,,Monday-Friday: 08:00 to 00:00; Saturday: 16:00 to 00:00; Sunday: Closed
"Av. Gov Magalhães Barata, 62 - São Brás, Belém - PA, 66060-281, Brazil","Av. Gov Magalhães Barata, 62 - São Brás, Belém - Pa, 66060-281, Brazil",Cocktail bar,,,,,,,,,Cocktail bar,1.43e+19,Belém,BR,0x92a48fb9f66548ed:0xc64ee37e18d857b7,,,Vila Container,-1.4524561,-48.4799654,,São Brás,+55 91 98118-6008,5590000000000.0,ChIJ7Uhl9rmPpJIRt1fYGH7jTsY,66060-281,$$,65,,5,3.0,2.0,0.0,0.0,0.0,State of Pará,"Av. Gov Magalhães Barata, 62","Av. Gov Magalhães Barata, 62",,Acaso Bar de Vinho,Acaso Bar De Vinho,4.6,https://www.google.com/maps/search/?api=1&query=Acaso%20Bar%20de%20Vinho&query_place_id=ChIJ7Uhl9rmPpJIRt1fYGH7jTsY,,Monday-Tuesday: 18:00 to 01:00; Wednesday-Thursday: 18:00 to 02:00; Friday-Saturday: 18:00 to 04:00; Sunday: Closed
"Tv. dos Tupinambás - Batista Campos, Belém - PA, 68447-000, Brazil","Tv. Dos Tupinambás - Batista Campos, Belém - Pa, 68447-000, Brazil",Bar,,,,,,,,,Brazilian boteco,1.34e+19,Belém,BR,0x92a48f005d92f4d5:0xb9bc7300e969a57e,,,,-1.464514,-48.4900524,,Batista Campos,,,ChIJ1fSSXQCPpJIRfqVp6QBzvLk,,$,64,,0,,,,,,State of Pará,Tv. dos Tupinambás,Tv. Dos Tupinambás,,Bar do Brasil,Bar Do Brasil,,https://www.google.com/maps/search/?api=1&query=Bar%20do%20Brasil&query_place_id=ChIJ1fSSXQCPpJIRfqVp6QBzvLk,,
"Av. Alcindo Cacela, 3014 - Umarizal, Belém - PA, 66065-205, Brazil","Av. Alcindo Cacela, 3014 - Umarizal, Belém - Pa, 66065-205, Brazil",Bar,,,,,,,,,Brazilian boteco,2.79e+18,Belém,BR,0x92a48dd6664925f7:0x26ab7806518d576c,,,,-1.4638972,-48.4767566,,Umarizal,,,ChIJ9yVJZtaNpJIRbFeNUQZ4qyY,,$,63,,0,,,,,,State of Pará,"Av. Alcindo Cacela, 3014","Av. Alcindo Cacela, 3014",,Bar do Pascoal,Bar Do Pascoal,,https://www.google.com/maps/search/?api=1&query=Bar%20do%20Pascoal&query_place_id=ChIJ9yVJZtaNpJIRbFeNUQZ4qyY,,
"Tv. Dr. Moraes, 419 - Nazaré, Belém - PA, 66035-085, Brazil","Tv. Dr. Moraes, 419 - Nazaré, Belém - Pa, 66035-085, Brazil",Pub,,,,,,,,,Pub,9.98e+18,Belém,BR,0x92a48ffc7973001d:0x8a73dc3b8fed157b,,,,-1.4566503,-48.4888591,,Nazaré,,,ChIJHQBzefyPpJIRexXtjzvcc4o,66035-085,$$,62,,3,3.0,0.0,0.0,0.0,0.0,State of Pará,"Tv. Dr. Moraes, 419","Tv. Dr. Moraes, 419",,Arpoador Bar Carioca,Arpoador Bar Carioca,5.0,https://www.google.com/maps/search/?api=1&query=Arpoador%20Bar%20Carioca&query_place_id=ChIJHQBzefyPpJIRexXtjzvcc4o,,Monday-Tuesday: 11:00 to 00:00; Wednesday: 11:00 to 01:00; Thursday-Friday: 11:00 to 02:00; Saturday: 11:00 to 00:00; Sunday: Closed
"Av. Serzedelo Corrêa, 833 - Batista Campos, Belém - PA, 66033-770, Brazil","Av. Serzedelo Corrêa, 833 - Batista Campos, Belém - Pa, 66033-770, Brazil",Restaurant,Bar & grill,,,,,,,,Brazilian boteco,9.35e+18,Belém,BR,0x92a48e7d4dd734d7:0x81bf32437f1d17aa,,,,-1.4601647,-48.4884148,,Batista Campos,+55 91 3031-1557,559000000000.0,ChIJ1zTXTX2OpJIRqhcdf0Myv4E,66033-770,$,61,,320,194.0,63.0,14.0,43.0,6.0,State of Pará,"Av. Serzedelo Corrêa, 833","Av. Serzedelo Corrêa, 833",,Pixito Bar e Restaurante,Pixito Bar E Restaurante,4.3,https://www.google.com/maps/search/?api=1&query=Pixito%20Bar%20e%20Restaurante&query_place_id=ChIJ1zTXTX2OpJIRqhcdf0Myv4E,,
"Av. Nª Sra. de Nazaré, 579 - Nazaré, Belém - PA, 66040-145, Brazil","Av. Nª Sra. De Nazaré, 579 - Nazaré, Belém - Pa, 66040-145, Brazil",Night club,Bar,Brewery,Delivery service,Event venue,Karaoke bar,Sushi restaurant,Wine bar,,Night club,7.12e+18,Belém,BR,0x92a48fd63a11f84b:0x62c5d87657b52d1b,,,,-1.4523425,-48.4875809,,Nazaré,+55 91 98947-5257,5590000000000.0,ChIJS_gROtaPpJIRGy21V3bYxWI,66040-145,$,58,,634,369.0,132.0,22.0,89.0,22.0,State of Pará,"Av. Nª Sra. de Nazaré, 579","Av. Nª Sra. De Nazaré, 579",,Baron Club - Bar e Restaurante,Baron Club - Bar E Restaurante,4.3,https://www.google.com/maps/search/?api=1&query=Baron%20Club%20-%20Bar%20e%20Restaurante&query_place_id=ChIJS_gROtaPpJIRGy21V3bYxWI,,
"R. Santa Lúcia, 1-11 - São Brás, Belém - PA, 66090-510, Brazil","R. Santa Lúcia, 1-11 - São Brás, Belém - Pa, 66090-510, Brazil",Bar,,,,,,,,,Brazilian boteco,7.71e+18,Belém,BR,0x92a48c3ab84b4633:0x6b0fcbc1a83574a9,,,,-1.4511574,-48.4679416,,São Brás,+55 91 98855-3546,5590000000000.0,ChIJM0ZLuDqMpJIRqXQ1qMHLD2s,66090-510,$,57,,11,8.0,2.0,0.0,0.0,1.0,State of Pará,"R. Santa Lúcia, 1-11","R. Santa Lúcia, 1-11",,Bar e Restaurante Paraguai,Bar E Restaurante Paraguai,4.5,https://www.google.com/maps/search/?api=1&query=Bar%20e%20Restaurante%20Paraguai&query_place_id=ChIJM0ZLuDqMpJIRqXQ1qMHLD2s,,Monday-Tuesday: Closed; Wednesday-Thursday: 18:00 to 00:00; Friday-Saturday: 16:00 to 00:00; Sunday: Closed
"Tv. Dr. Moraes, 419 - Nazaré, Belém - PA, 66035-085, Brazil","Tv. Dr. Moraes, 419 - Nazaré, Belém - Pa, 66035-085, Brazil",Cocktail bar,,,,,,,,,Cocktail bar,6.5e+18,Belém,BR,0x92a48fed8b573449:0x5a2c44fc8a90072d,,,,-1.4566586,-48.4888762,,Nazaré,+55 91 98456-5291,5590000000000.0,ChIJSTRXi-2PpJIRLQeQivxELFo,66035-085,$$$,54,,36,32.0,0.0,2.0,0.0,2.0,State of Pará,"Tv. Dr. Moraes, 419","Tv. Dr. Moraes, 419",,Baiuquinha Bar,Baiuquinha Bar,4.6,https://www.google.com/maps/search/?api=1&query=Baiuquinha%20Bar&query_place_id=ChIJSTRXi-2PpJIRLQeQivxELFo,,
"Praça Coaraci Nunes, 4 - Batista Campos, Belém - PA, 66015-100, Brazil","Praça Coaraci Nunes, 4 - Batista Campos, Belém - Pa, 66015-100, Brazil",Bar & grill,,,,,,,,,Bar & grill,1.14e+19,Belém,BR,0x92a48f26ddf6f6a7:0x9e0248d62629c9cc,,,,-1.4577456,-48.4934205,,Batista Campos,+55 91 98066-7687,5590000000000.0,ChIJp_b23SaPpJIRzMkpJtZIAp4,66015-100,$$,53,,162,87.0,39.0,5.0,19.0,12.0,State of Pará,"Praça Coaraci Nunes, 4","Praça Coaraci Nunes, 4",,Bar Composição - Batista Campos,Bar Composição - Batista Campos,4.2,https://www.google.com/maps/search/?api=1&query=Bar%20Composi%C3%A7%C3%A3o%20-%20Batista%20Campos&query_place_id=ChIJp_b23SaPpJIRzMkpJtZIAp4,,
"Tv. dos Tupinambás, 723 - Jurunas, Belém - PA, 66033-122, Brazil","Tv. Dos Tupinambás, 723 - Jurunas, Belém - Pa, 66033-122, Brazil",Bar,,,,,,,,,Brazilian boteco,7.25e+18,Belém,BR,0x92a48e7ac96e598b:0x649bcd048869c6aa,,,,-1.4657414,-48.4885174,,Jurunas,+55 91 98225-8869,5590000000000.0,ChIJi1luyXqOpJIRqsZpiATNm2Q,66033-122,$,47,,44,26.0,12.0,1.0,4.0,1.0,State of Pará,"Tv. dos Tupinambás, 723","Tv. Dos Tupinambás, 723",,Anderson's Bar,Anderson'S Bar,4.4,https://www.google.com/maps/search/?api=1&query=Anderson's%20Bar&query_place_id=ChIJi1luyXqOpJIRqsZpiATNm2Q,,Monday: Closed; Tuesday-Sunday: 16:00 to 02:00
"Tv. dos Apinagés, 541 - Batista Campos, Belém - PA, 66033-170, Brazil","Tv. Dos Apinagés, 541 - Batista Campos, Belém - Pa, 66033-170, Brazil",Bar,Restaurant,Snack bar,,,,,,,Brazilian boteco,1.17e+19,Belém,BR,0x92a48e7cb3a36595:0xa26cc113a4943bb7,,,,-1.4635062,-48.4889194,,Batista Campos,+55 91 98233-2735,5590000000000.0,ChIJlWWjs3yOpJIRtzuUpBPBbKI,66033-170,$$,45,,337,221.0,66.0,6.0,37.0,7.0,State of Pará,"Tv. dos Apinagés, 541","Tv. Dos Apinagés, 541",,Bar Salvador,Bar Salvador,4.5,https://www.google.com/maps/search/?api=1&query=Bar%20Salvador&query_place_id=ChIJlWWjs3yOpJIRtzuUpBPBbKI,https://www.facebook.com/pages/Bar-Do-Salvador/146278232197057,
"Tv. Padre Eutíquio, 1295 - Batista Campos, Belém - PA, 66023-710, Brazil","Tv. Padre Eutíquio, 1295 - Batista Campos, Belém - Pa, 66023-710, Brazil",Cocktail bar,,,,,,,,,Cocktail bar,1.76e+19,Belém,BR,0x92a48fecec7d952d:0xf3a0c46be6f21276,,,,-1.458479,-48.493109,,Batista Campos,,,ChIJLZV97OyPpJIRdhLy5mvEoPM,66023-710,$$,35,,39,34.0,3.0,1.0,1.0,0.0,State of Pará,"Tv. Padre Eutíquio, 1295","Tv. Padre Eutíquio, 1295",,Mini Box Bar - Belém,Mini Box Bar - Belém,4.8,https://www.google.com/maps/search/?api=1&query=Mini%20Box%20Bar%20-%20Bel%C3%A9m&query_place_id=ChIJLZV97OyPpJIRdhLy5mvEoPM,https://www.instagram.com/miniboxbarbelem/,
"Av. José Bonifácio, 914 - São Brás, Belém - PA, 66063-425, Brazil","Av. José Bonifácio, 914 - São Brás, Belém - Pa, 66063-425, Brazil",Bar,,,,,,,,,Brazilian boteco,7.88e+18,Belém,BR,0x92a48c2e43fbcdd1:0x6d5af03580b85bae,,,,-1.455066,-48.4691348,,São Brás,+55 91 3249-5885,559000000000.0,ChIJ0c37Qy6MpJIRrlu4gDXwWm0,66063-425,$,42,,227,158.0,42.0,3.0,18.0,6.0,State of Pará,"Av. José Bonifácio, 914","Av. José Bonifácio, 914",,Bar do Ceará,Bar Do Ceará,4.5,https://www.google.com/maps/search/?api=1&query=Bar%20do%20Cear%C3%A1&query_place_id=ChIJ0c37Qy6MpJIRrlu4gDXwWm0,,
"Tv. Primeira de Queluz, 185 - São Brás, Belém - PA, 66090-520, Brazil","Tv. Primeira De Queluz, 185 - São Brás, Belém - Pa, 66090-520, Brazil",Bar,,,,,,,,,Brazilian boteco,1.55e+19,Belém,BR,0x92a48c3bb479c8df:0xd6e29291a25ed654,,,,-1.449757,-48.4652721,,São Brás,,,ChIJ38h5tDuMpJIRVNZeopGS4tY,66090-520,$,28,,3,3.0,0.0,0.0,0.0,0.0,State of Pará,"Tv. Primeira de Queluz, 185","Tv. Primeira De Queluz, 185",,Bar Aconchego,Bar Aconchego,5.0,https://www.google.com/maps/search/?api=1&query=Bar%20Aconchego&query_place_id=ChIJ38h5tDuMpJIRVNZeopGS4tY,,Monday-Saturday: Atendimento 24 horas; Sunday: 01:06 to 22:06
"Passagem Praiana, 13 - Telégrafo, Belém - PA, 66113-150, Brazil","Passagem Praiana, 13 - Telégrafo, Belém - Pa, 66113-150, Brazil",Beer hall,,,,,,,,,Brazilian boteco,1.37e+19,Belém,BR,0x92a4893d3709d9b5:0xbe56995f75c80c5e,,,,-1.4285217,-48.4922459,,Telégrafo,+55 91 98501-9200,5590000000000.0,ChIJtdkJNz2JpJIRXgzIdV-ZVr4,66113-150,$,17,,8,4.0,1.0,1.0,1.0,1.0,State of Pará,"Passagem Praiana, 13","Passagem Praiana, 13",,Boteco da cristina,Boteco Da Cristina,3.8,https://www.google.com/maps/search/?api=1&query=Boteco%20da%20cristina&query_place_id=ChIJtdkJNz2JpJIRXgzIdV-ZVr4,,
"Tv. Pirajá, 224 - Sacramenta, Belém - PA, 66083-512, Brazil","Tv. Pirajá, 224 - Sacramenta, Belém - Pa, 66083-512, Brazil",Beer hall,,,,,,,,,Sports bar,8.5e+18,Belém,BR,0x92a48b042c891023:0x76065284b136ea74,,,,-1.4186142,-48.4749064,,Sacramenta,+55 91 98310-9461,5590000000000.0,ChIJIxCJLASLpJIRdOo2sYRSBnY,66083-512,$$,18,,27,17.0,3.0,3.0,4.0,0.0,State of Pará,"Tv. Pirajá, 224","Tv. Pirajá, 224",,Conveniência Chute Certo,Conveniência Chute Certo,4.1,https://www.google.com/maps/search/?api=1&query=Conveni%C3%AAncia%20Chute%20Certo&query_place_id=ChIJIxCJLASLpJIRdOo2sYRSBnY,,Monday-Sunday: 09:00 to 00:00
"Passagem Cabedelo, 594 - Sacramenta, Belém - PA, 66120-320, Brazil","Passagem Cabedelo, 594 - Sacramenta, Belém - Pa, 66120-320, Brazil",Beer hall,,,,,,,,,Brazilian boteco,6.55e+18,Belém,BR,0x92a48bdf51b5c671:0x5aeebb1ebc5ac9d2,,,,-1.4121723,-48.4781892,,Sacramenta,+55 91 98282-2700,5590000000000.0,ChIJcca1Ud-LpJIR0slavB677lo,66120-320,$,15,,9,9.0,0.0,0.0,0.0,0.0,State of Pará,"Passagem Cabedelo, 594","Passagem Cabedelo, 594",,Point Do Trovão,Point Do Trovão,5.0,https://www.google.com/maps/search/?api=1&query=Point%20Do%20Trov%C3%A3o&query_place_id=ChIJcca1Ud-LpJIR0slavB677lo,,
"Av. Pedro Álvares Cabral, 1704 - Umarizal, Belém - PA, 66050-400, Brazil","Av. Pedro Álvares Cabral, 1704 - Umarizal, Belém - Pa, 66050-400, Brazil",Pub,Beer hall,Brewery,Electrical supply store,Liquor store,State liquor store,,,,Pub,1.74e+19,Belém,BR,0x92a48eed66e80aed:0xf200348785d14698,,,,-1.4317271,-48.4902686,,Umarizal,,,ChIJ7QroZu2OpJIRmEbRhYc0API,66050-400,$$,14,,378,200.0,116.0,10.0,44.0,8.0,State of Pará,"Av. Pedro Álvares Cabral, 1704","Av. Pedro Álvares Cabral, 1704",,Silva's Bar,Silva'S Bar,4.3,https://www.google.com/maps/search/?api=1&query=Silva's%20Bar&query_place_id=ChIJ7QroZu2OpJIRmEbRhYc0API,,Monday: Closed; Tuesday-Friday: 11:45 to 15:00; Saturday: 11:15 to 00:15; Sunday: 10:45 to 16:15
"Av. Gentil Bitencourt, 2384 - São Brás, Belém - PA, 66063-022, Brazil","Av. Gentil Bitencourt, 2384 - São Brás, Belém - Pa, 66063-022, Brazil",Cocktail bar,,,,,,,,,Cocktail bar,8.86e+18,Belém,BR,0x92a48dc921388889:0x7ae953a9d2640269,,,,-1.4548236,-48.4709344,,São Brás,+55 91 98749-0040,5590000000000.0,ChIJiYg4IcmNpJIRaQJk0qlT6Xo,66063-022,$$$,20,,7,5.0,2.0,0.0,0.0,0.0,State of Pará,"Av. Gentil Bitencourt, 2384","Av. Gentil Bitencourt, 2384",,Patuá Music Bar,Patuá Music Bar,4.7,https://www.google.com/maps/search/?api=1&query=Patu%C3%A1%20Music%20Bar&query_place_id=ChIJiYg4IcmNpJIRaQJk0qlT6Xo,,Monday: Closed; Tuesday: 18:00 to 00:00; Wednesday-Thursday: 18:00 to 01:00; Friday-Saturday: 18:00 to 03:00; Sunday: 17:30 to 00:14
"Av. Cmte. Brás de Aguiar, 420 - Nazaré, Belém - PA, 66035-405, Brazil","Av. Cmte. Brás De Aguiar, 420 - Nazaré, Belém - Pa, 66035-405, Brazil",Bar,Restaurant,,,,,,,,Night club,1.56e+19,Belém,BR,0x92a48e8591e7ebb3:0xd8582a67ceccc578,,,,-1.454846,-48.4879711,http://www.capitalloungebar.com.br/index.html#bebidas,Nazaré,+55 91 98519-6864,5590000000000.0,ChIJs-vnkYWOpJIReMXMzmcqWNg,66035-405,$$,19,,282,201.0,59.0,4.0,14.0,4.0,State of Pará,"Av. Cmte. Brás de Aguiar, 420","Av. Cmte. Brás De Aguiar, 420",,Capital Lounge e Bar,Capital Lounge E Bar,4.6,https://www.google.com/maps/search/?api=1&query=Capital%20Lounge%20e%20Bar&query_place_id=ChIJs-vnkYWOpJIReMXMzmcqWNg,http://www.capitalloungebar.com.br/,
"Vila Container - Loja 8 - Nazaré, Belém - PA, 66040-170, Brazil","Vila Container - Loja 8 - Nazaré, Belém - Pa, 66040-170, Brazil",Bar,Cocktail bar,,,,,,,,Cocktail bar,2.53e+18,Belém,BR,0x92a48f8fd402ff2d:0x23235e8f945382ad,,,,-1.4523737,-48.4799403,https://linklist.bio/Muamba,Nazaré,+55 91 98842-5717,5590000000000.0,ChIJLf8C1I-PpJIRrYJTlI9eIyM,66040-170,$$,18,,46,37.0,6.0,0.0,1.0,2.0,State of Pará,Vila Container - Loja 8,Vila Container - Loja 8,,Muamba Bar e Coquetéis,Muamba Bar E Coquetéis,4.7,https://www.google.com/maps/search/?api=1&query=Muamba%20Bar%20e%20Coquet%C3%A9is&query_place_id=ChIJLf8C1I-PpJIRrYJTlI9eIyM,,
"Al. Taubinha, 1615 - Umarizal, Belém - PA, 66050-520, Brazil","Al. Taubinha, 1615 - Umarizal, Belém - Pa, 66050-520, Brazil",Beer hall,,,,,,,,,Brazilian boteco,1.49e+19,Belém,BR,0x92a48f9ec894e02b:0xce4a5cc696b6e11e,,,,-1.436423,-48.4823035,,Umarizal,+55 91 98263-3974,5590000000000.0,ChIJK-CUyJ6PpJIRHuG2lsZcSs4,66050-520,$,12,,4,4.0,0.0,0.0,0.0,0.0,State of Pará,"Al. Taubinha, 1615","Al. Taubinha, 1615",,Depósito do Machado,Depósito Do Machado,5.0,https://www.google.com/maps/search/?api=1&query=Dep%C3%B3sito%20do%20Machado&query_place_id=ChIJK-CUyJ6PpJIRHuG2lsZcSs4,,Monday-Thursday: Closed; Friday-Sunday: 11:00 to 23:00
"Tv. Magno de Araújo, 877 - Telégrafo, Belém - PA, 66113-055, Brazil","Tv. Magno De Araújo, 877 - Telégrafo, Belém - Pa, 66113-055, Brazil",Beer hall,,,,,,,,,Brazilian boteco,4.04e+18,Belém,BR,0x92a48f0025472e8d:0x380681e4569617a4,,,,-1.4309248,-48.4828263,,Telégrafo,,,ChIJjS5HJQCPpJIRpBeWVuSBBjg,66113-055,$,11,,0,,,,,,State of Pará,"Tv. Magno de Araújo, 877","Tv. Magno De Araújo, 877",,Taberna do Tonico,Taberna Do Tonico,,https://www.google.com/maps/search/?api=1&query=Taberna%20do%20Tonico&query_place_id=ChIJjS5HJQCPpJIRpBeWVuSBBjg,,Monday-Tuesday: Closed; Wednesday: 18:30 to 00:30; Thursday: 18:30 to 00:00; Friday-Saturday: 18:30 to 03:00; Sunday: 17:00 to 00:00
"Av. Gentil Bitencourt, 2380 - São Brás, Belém - PA, 66063-022, Brazil","Av. Gentil Bitencourt, 2380 - São Brás, Belém - Pa, 66063-022, Brazil",Bar,Restaurant,,,,,,,,Brazilian boteco,3.89e+18,Belém,BR,0x92a48c2e415b4b47:0x35f30f76d63976ac,,,,-1.4547444,-48.4710253,,São Brás,+55 91 98114-9595,5590000000000.0,ChIJR0tbQS6MpJIRrHY51nYP8zU,66063-022,$,16,,62,47.0,8.0,1.0,5.0,1.0,State of Pará,"Av. Gentil Bitencourt, 2380","Av. Gentil Bitencourt, 2380",,Vera's Bar,Vera'S Bar,4.6,https://www.google.com/maps/search/?api=1&query=Vera's%20Bar&query_place_id=ChIJR0tbQS6MpJIRrHY51nYP8zU,,Monday-Friday: 08:00 to 00:00; Saturday: Closed; Sunday: 08:00 to 00:00
"Vila Rosa, 202 - Marco, Belém - PA, 66093-470, Brazil","Vila Rosa, 202 - Marco, Belém - Pa, 66093-470, Brazil",Beer hall,,,,,,,,,Brazilian boteco,1.05e+19,Belém,BR,0x92a48d7682a9e521:0x92653bf9bea0e5a7,,,,-1.439154,-48.4698432,,Marco,+55 91 98194-5600,5590000000000.0,ChIJIeWpgnaNpJIRp-Wgvvk7ZZI,66093-470,$,9,,5,5.0,0.0,0.0,0.0,0.0,State of Pará,"Vila Rosa, 202","Vila Rosa, 202",,Depósito do Lobo,Depósito Do Lobo,5.0,https://www.google.com/maps/search/?api=1&query=Dep%C3%B3sito%20do%20Lobo&query_place_id=ChIJIeWpgnaNpJIRp-Wgvvk7ZZI,,Monday: Closed; Tuesday-Thursday: 18:00 to 02:00; Friday-Saturday: 18:00 to 03:00; Sunday: 18:00 to 01:00
"Av. Conselheiro Furtado, 2799 - Cremação, Belém - PA, 66040-100, Brazil","Av. Conselheiro Furtado, 2799 - Cremação, Belém - Pa, 66040-100, Brazil",Bar,,,,,,,,,Brazilian boteco,1.44e+19,Belém,BR,0x92a48c2bf60d657f:0xc881cc1b678effce,,,,-1.4563329,-48.4738113,,Cremação,+55 91 98921-0640,5590000000000.0,ChIJf2UN9iuMpJIRzv-OZxvMgcg,66040-100,$,15,,1416,822.0,309.0,54.0,181.0,50.0,State of Pará,"Av. Conselheiro Furtado, 2799","Av. Conselheiro Furtado, 2799",,Bodega Bar,Bodega Bar,4.3,https://www.google.com/maps/search/?api=1&query=Bodega%20Bar&query_place_id=ChIJf2UN9iuMpJIRzv-OZxvMgcg,,Monday-Tuesday: Closed; Wednesday-Friday: 16:00 to 23:00; Saturday-Sunday: 15:00 to 23:00
"Passagem Batista, 525 - Sacramenta, Belém - PA, 66117-080, Brazil","Passagem Batista, 525 - Sacramenta, Belém - Pa, 66117-080, Brazil",Beer hall,,,,,,,,,Brazilian boteco,9.79e+18,Belém,BR,0x92a4897b6415dbbb:0x87d0cc6b66261edd,,,,-1.4167987,-48.4837665,,Sacramenta,,,ChIJu9sVZHuJpJIR3R4mZmvM0Ic,66117-080,$,8,,100,67.0,13.0,9.0,8.0,3.0,State of Pará,"Passagem Batista, 525","Passagem Batista, 525",,BAR CADA UM POR SI,Bar Cada Um Por Si,4.3,https://www.google.com/maps/search/?api=1&query=BAR%20CADA%20UM%20POR%20SI&query_place_id=ChIJu9sVZHuJpJIR3R4mZmvM0Ic,,Monday-Wednesday: 07:30 to 20:30; Thursday-Friday: 07:30 to 00:30; Saturday: Closed; Sunday: 07:30 to 20:30
"Av. Gentil Bitencourt, 2370 - São Brás, Belém - PA, 66063-022, Brazil","Av. Gentil Bitencourt, 2370 - São Brás, Belém - Pa, 66063-022, Brazil",Bar,,,,,,,,,Brazilian boteco,1.04e+19,Belém,BR,0x92a48c2e435a7431:0x8feef92cfd999901,,,,-1.4547663,-48.4711159,,São Brás,,,ChIJMXRaQy6MpJIRAZmZ_Sz57o8,66063-022,$,14,,577,365.0,103.0,15.0,74.0,20.0,State of Pará,"Av. Gentil Bitencourt, 2370","Av. Gentil Bitencourt, 2370",,YBY Bar,Yby Bar,4.4,https://www.google.com/maps/search/?api=1&query=YBY%20Bar&query_place_id=ChIJMXRaQy6MpJIRAZmZ_Sz57o8,,
"Vila Isabel - Telégrafo, Belém - PA, 66113-240, Brazil","Vila Isabel - Telégrafo, Belém - Pa, 66113-240, Brazil",Beer hall,,,,,,,,,Brazilian boteco,7.78e+18,Belém,BR,0x92a489b4941f66bb:0x6c0280d06a15c089,,,,-1.4252204,-48.4830552,,Telégrafo,+55 91 98517-6479,5590000000000.0,ChIJu2YflLSJpJIRicAVatCAAmw,66113-240,$,7,,2,2.0,0.0,0.0,0.0,0.0,State of Pará,Vila Isabel,Vila Isabel,,JS CERVEJARIA,Js Cervejaria,5.0,https://www.google.com/maps/search/?api=1&query=JS%20CERVEJARIA&query_place_id=ChIJu2YflLSJpJIRicAVatCAAmw,,
"Tv. Benjamin Constant, 1404 - Nazaré, Belém - PA, 66035-060, Brazil","Tv. Benjamin Constant, 1404 - Nazaré, Belém - Pa, 66035-060, Brazil",Bar,,,,,,,,,Cocktail bar,2.36e+18,Belém,BR,0x92a48f0046a41a63:0x20cded49d242279d,,,,-1.4543422,-48.4885698,,Nazaré,+55 91 98142-4265,5590000000000.0,ChIJYxqkRgCPpJIRnSdC0kntzSA,66035-060,$$,13,,2,2.0,0.0,0.0,0.0,0.0,State of Pará,"Tv. Benjamin Constant, 1404","Tv. Benjamin Constant, 1404",,Art Cocktail Bar,Art Cocktail Bar,5.0,https://www.google.com/maps/search/?api=1&query=Art%20Cocktail%20Bar&query_place_id=ChIJYxqkRgCPpJIRnSdC0kntzSA,,
"R. Dr. Américo Santa Rosa, 142 - São Brás, Belém - PA, 66090-230, Brazil","R. Dr. Américo Santa Rosa, 142 - São Brás, Belém - Pa, 66090-230, Brazil",Beer hall,,,,,,,,,Pub,1.79e+19,Belém,BR,0x92a48d91c096e8db:0xf904a5b372b9a683,,,,-1.4532248,-48.4665272,,São Brás,,,ChIJ2-iWwJGNpJIRg6a5crOlBPk,66090-230,$,6,,109,92.0,9.0,1.0,3.0,4.0,State of Pará,"R. Dr. Américo Santa Rosa, 142","R. Dr. Américo Santa Rosa, 142",,Quinthales,Quinthales,4.7,https://www.google.com/maps/search/?api=1&query=Quinthales&query_place_id=ChIJ2-iWwJGNpJIRg6a5crOlBPk,,
"R. dos Pariquis, 1943 - Jurunas, Belém - PA, 66033-110, Brazil","R. Dos Pariquis, 1943 - Jurunas, Belém - Pa, 66033-110, Brazil",Bar,,,,,,,,,Bar & grill,9.08e+18,Belém,BR,0x92a48e7d63b8aa67:0x7e03a9e83dec815b,,,,-1.4598547,-48.4871054,,Jurunas,,,ChIJZ6q4Y32OpJIRW4HsPeipA34,66033-110,$$,12,,2,1.0,0.0,0.0,1.0,0.0,State of Pará,"R. dos Pariquis, 1943","R. Dos Pariquis, 1943",,Casarão Bar & Restaurante,Casarão Bar & Restaurante,4.0,https://www.google.com/maps/search/?api=1&query=Casar%C3%A3o%20Bar%20%26%20Restaurante&query_place_id=ChIJZ6q4Y32OpJIRW4HsPeipA34,,
"R. Eng. Fernando Guilhon, 2412-2440 - Batista Campos, Belém - PA, 66033-310, Brazil","R. Eng. Fernando Guilhon, 2412-2440 - Batista Campos, Belém - Pa, 66033-310, Brazil",Cocktail bar,,,,,,,,,Cocktail bar,1.15e+19,Belém,BR,0x92a48df4a1dd430f:0x9f33f94c1df33a3b,,,,-1.4630064,-48.4781716,,Batista Campos,+55 91 98332-3714,5590000000000.0,ChIJD0PdofSNpJIROzrzHUz5M58,66033-310,$$,11,,67,36.0,9.0,8.0,10.0,4.0,State of Pará,"R. Eng. Fernando Guilhon, 2412-2440","R. Eng. Fernando Guilhon, 2412-2440",,Bar Vem quem Quer,Bar Vem Quem Quer,3.9,https://www.google.com/maps/search/?api=1&query=Bar%20Vem%20quem%20Quer&query_place_id=ChIJD0PdofSNpJIROzrzHUz5M58,https://www.lojalocal.com/amstel/00045571864249,
"R. Eng. Fernando Guilhon, 2464 - Cremação, Belém - PA, 66045-550, Brazil","R. Eng. Fernando Guilhon, 2464 - Cremação, Belém - Pa, 66045-550, Brazil",Bar,,,,,,,,,Brazilian boteco,8.48e+18,Belém,BR,0x92a48e7f524de217:0x75b0cae5bdfd46d9,,,,-1.4629839,-48.4777158,,Cremação,,,ChIJF-JNUn-OpJIR2Ub9veXKsHU,66045-550,$,10,,118,63.0,17.0,11.0,17.0,10.0,State of Pará,"R. Eng. Fernando Guilhon, 2464","R. Eng. Fernando Guilhon, 2464",,BAR GOTEIRAO,Bar Goteirao,3.9,https://www.google.com/maps/search/?api=1&query=BAR%20GOTEIRAO&query_place_id=ChIJF-JNUn-OpJIR2Ub9veXKsHU,,Monday: 08:00 to 17:00; Tuesday: 09:00 to 23:00; Wednesday: 08:00 to 23:00; Thursday: 09:00 to 17:00; Friday: 08:00 to 23:00; Saturday: 09:00 to 23:30; Sunday: Closed
"Av. Conselheiro Furtado, 1153 - Batista Campos, Belém - PA, 66035-350, Brazil","Av. Conselheiro Furtado, 1153 - Batista Campos, Belém - Pa, 66035-350, Brazil",Bar,,,,,,,,,Brazilian boteco,6.84e+18,Belém,BR,0x92a48f004d6b262d:0x5ef8908c01f0a5e2,,,,-1.4572112,-48.4884692,,Batista Campos,,,ChIJLSZrTQCPpJIR4qXwAYyQ-F4,66035-350,$,9,,9,6.0,0.0,3.0,0.0,0.0,State of Pará,"Av. Conselheiro Furtado, 1153","Av. Conselheiro Furtado, 1153",,Buchicho Bar,Buchicho Bar,3.7,https://www.google.com/maps/search/?api=1&query=Buchicho%20Bar&query_place_id=ChIJLSZrTQCPpJIR4qXwAYyQ-F4,https://www.instagram.com/buchichobar/profilecard/?igsh=MWgyN294bmZtNXE3Ng==,Monday-Friday: 07:00 to 22:00; Saturday: 07:00 to 00:00; Sunday: Closed
"R. dos Caripunas, 2158 - Jurunas, Belém - PA, 66030-680, Brazil","R. Dos Caripunas, 2158 - Jurunas, Belém - Pa, 66030-680, Brazil",Bar,,,,,,,,,Brazilian boteco,8.3e+18,Belém,BR,0x92a48e7e76f4008b:0x7330caa70e5cd1c8,,,,-1.4608341,-48.4835801,,Jurunas,+55 91 98374-3982,5590000000000.0,ChIJiwD0dn6OpJIRyNFcDqfKMHM,66030-680,$,8,,9,7.0,0.0,0.0,2.0,0.0,State of Pará,"R. dos Caripunas, 2158","R. Dos Caripunas, 2158",,Pedrinho's Bar,Pedrinho'S Bar,4.6,https://www.google.com/maps/search/?api=1&query=Pedrinho's%20Bar&query_place_id=ChIJiwD0dn6OpJIRyNFcDqfKMHM,,Monday: Closed; Tuesday-Thursday: 19:00 to 00:00; Friday-Saturday: Atendimento 24 horas; Sunday: Closed
"Tv. Rui Barbosa, 1317 - Reduto, Belém - PA, 66035-220, Brazil","Tv. Rui Barbosa, 1317 - Reduto, Belém - Pa, 66035-220, Brazil",Lounge,,,,,,,,,Night club,1.72e+19,Belém,BR,0x92a48fbe59564823:0xee0c5be37839469b,,,,-1.4531706,-48.4871767,,Reduto,+55 91 98249-5056,5590000000000.0,ChIJI0hWWb6PpJIRm0Y5eONbDO4,66035-220,$$,7,,48,26.0,7.0,2.0,11.0,2.0,State of Pará,"Tv. Rui Barbosa, 1317","Tv. Rui Barbosa, 1317",,Sunrise Lounge bar (Casarão Rui Barbosa),Sunrise Lounge Bar (Casarão Rui Barbosa),4.1,https://www.google.com/maps/search/?api=1&query=Sunrise%20Lounge%20bar%20(Casar%C3%A3o%20Rui%20Barbosa)&query_place_id=ChIJI0hWWb6PpJIRm0Y5eONbDO4,,
"R. São Miguel, 1212 - Cremação, Belém - PA, 66065-705, Brazil","R. São Miguel, 1212 - Cremação, Belém - Pa, 66065-705, Brazil",Bar,,,,,,,,,Sports bar,2.49e+18,Belém,BR,0x92a48e78e25b72a5:0x229a71906a9c1b32,,,,-1.4645459,-48.4811272,,Cremação,,,ChIJpXJb4niOpJIRMhucapBxmiI,66065-705,$$,4,,24,17.0,2.0,3.0,0.0,2.0,State of Pará,"R. São Miguel, 1212","R. São Miguel, 1212",,Veloso Sport Bar,Veloso Sport Bar,4.2,https://www.google.com/maps/search/?api=1&query=Veloso%20Sport%20Bar&query_place_id=ChIJpXJb4niOpJIRMhucapBxmiI,,
"Av. Nª Sra. de Nazaré, 202 - Nazaré, Belém - PA, 66035-170, Brazil","Av. Nª Sra. De Nazaré, 202 - Nazaré, Belém - Pa, 66035-170, Brazil",Restaurant,Bar,,,,,,,,Pub,8.91e+18,Belém,BR,0x92a48e8fb70bc1fb:0x7bb3805d1ce6d7a9,,,,-1.4536717,-48.4909688,,Nazaré,,,ChIJ-8ELt4-OpJIRqdfmHF2As3s,66035-170,$$,3,,3,3.0,0.0,0.0,0.0,0.0,State of Pará,"Av. Nª Sra. de Nazaré, 202","Av. Nª Sra. De Nazaré, 202",,Alice´s Restaurante & Bar,Alice´S Restaurante & Bar,5.0,https://www.google.com/maps/search/?api=1&query=Alice%C2%B4s%20Restaurante%20%26%20Bar&query_place_id=ChIJ-8ELt4-OpJIRqdfmHF2As3s,,Monday-Tuesday: Closed; Wednesday-Sunday: 18:00 to 23:00
"R. dos Mundurucus, 2699 - Loja 1 - Jurunas, Belém - PA, 66040-033, Brazil","R. Dos Mundurucus, 2699 - Loja 1 - Jurunas, Belém - Pa, 66040-033, Brazil",Cocktail bar,,,,,,,,,Cocktail bar,1.54e+19,Belém,BR,0x92a48f6b2ee217fb:0xd52b46c82e69c94a,,,,-1.4582526,-48.481885,,Jurunas,+55 21 98122-3347,5520000000000.0,ChIJ-xfiLmuPpJIRSslpLshGK9U,66040-033,$$$,5,,4,4.0,0.0,0.0,0.0,0.0,State of Pará,"R. dos Mundurucus, 2699 - Loja 1","R. Dos Mundurucus, 2699 - Loja 1",,Zoé Cocktail Bar,Zoé Cocktail Bar,5.0,https://www.google.com/maps/search/?api=1&query=Zo%C3%A9%20Cocktail%20Bar&query_place_id=ChIJ-xfiLmuPpJIRSslpLshGK9U,,Monday: Closed; Tuesday-Sunday: 19:00 to 23:00
"Av. Gov Magalhães Barata, 925 - Nazaré, Belém - PA, 66063-005, Brazil","Av. Gov Magalhães Barata, 925 - Nazaré, Belém - Pa, 66063-005, Brazil",Restaurant,Cocktail bar,,,,,,,,Pub,9.93e+18,Belém,BR,0x92a48d5b7198a4a7:0x89c9ff0a7457508c,,,"Grau Técnico Belém Centro: Administração, Enfermagem e Radiologia",-1.4514648,-48.4721726,,Nazaré,+55 91 98112-8810,5590000000000.0,ChIJp6SYcVuNpJIRjFBXdAr_yYk,66063-005,$$,2,,24,22.0,1.0,0.0,0.0,1.0,State of Pará,"Av. Gov Magalhães Barata, 925","Av. Gov Magalhães Barata, 925",,Garagem Velha bar e restaurante,Garagem Velha Bar E Restaurante,4.8,https://www.google.com/maps/search/?api=1&query=Garagem%20Velha%20bar%20e%20restaurante&query_place_id=ChIJp6SYcVuNpJIRjFBXdAr_yYk,https://www.lojalocal.com/35909516000138,Monday-Friday: 10:00 to 22:00; Saturday-Sunday: Closed
"Av. Generalíssimo Deodoro, 1354 - Nazaré, Belém - PA, 66035-090, Brazil","Av. Generalíssimo Deodoro, 1354 - Nazaré, Belém - Pa, 66035-090, Brazil",Bar,Convenience store,Pub,,,,,,,Pub,1.46e+19,Belém,BR,0x92a48f787a17906d:0xcb445fb2ed16ef00,,,,-1.4529973,-48.4829617,,Nazaré,,,ChIJbZAXeniPpJIRAO8W7bJfRMs,66035-090,$,1,,153,97.0,32.0,8.0,13.0,3.0,State of Pará,"Av. Generalíssimo Deodoro, 1354","Av. Generalíssimo Deodoro, 1354",,Bar Samaúma,Bar Samaúma,4.4,https://www.google.com/maps/search/?api=1&query=Bar%20Sama%C3%BAma&query_place_id=ChIJbZAXeniPpJIRAO8W7bJfRMs,https://www.instagram.com/barsamauma?igsh=eTFnZmd2bm1yaHly,Monday-Thursday: Closed; Friday: 17:00 to 20:00; Saturday: Atendimento 24 horas; Sunday: Closed
"R. dos Mundurucus, 2020 - Batista Campos, Belém - PA, 66033-718, Brazil","R. Dos Mundurucus, 2020 - Batista Campos, Belém - Pa, 66033-718, Brazil",Cocktail bar,Beer hall,Brewery,Chop bar,Gastropub,Tapas bar,,,,Cocktail bar,4.51e+18,Belém,BR,0x92a48f5997c17043:0x3e8656ad6cc1d961,,,,-1.4587569,-48.487789,https://linktr.ee/veracervabelem?utm_source=linktree_profile_share&ltsid=dd68083c-7b60-4fe8-90ca-871e530129ed,Batista Campos,+55 91 98540-8703,5590000000000.0,ChIJQ3DBl1mPpJIRYdnBbK1Whj4,66033-718,$$,4,,626,571.0,41.0,3.0,9.0,2.0,State of Pará,"R. dos Mundurucus, 2020","R. Dos Mundurucus, 2020",,Ver-A-Cerva Tap House - Batista Campos,Ver-A-Cerva Tap House - Batista Campos,4.9,https://www.google.com/maps/search/?api=1&query=Ver-A-Cerva%20Tap%20House%20-%20Batista%20Campos&query_place_id=ChIJQ3DBl1mPpJIRYdnBbK1Whj4,,
"Av. Cmte. Brás de Aguiar, 492 - Nazaré, Belém - PA, 66035-405, Brazil","Av. Cmte. Brás De Aguiar, 492 - Nazaré, Belém - Pa, 66035-405, Brazil",Beer hall,,,,,,,,,Pub,5.41e+18,Belém,BR,0x92a48f47cdc08b75:0x4b17b81051c8482b,,,,-1.4547406,-48.4873042,,Nazaré,+55 91 98839-6255,5590000000000.0,ChIJdYvAzUePpJIRK0jIURC4F0s,66035-405,$$,5,,34,24.0,6.0,1.0,2.0,1.0,State of Pará,"Av. Cmte. Brás de Aguiar, 492","Av. Cmte. Brás De Aguiar, 492",,Manga Pub,Manga Pub,4.5,https://www.google.com/maps/search/?api=1&query=Manga%20Pub&query_place_id=ChIJdYvAzUePpJIRK0jIURC4F0s,https://linktr.ee/MangaPubOficial,
"Passagem Moura Carvalho - Condor, Belém - PA, 66065-490 - Condor, Belém - PA, 66065-490, Brazil","Passagem Moura Carvalho - Condor, Belém - Pa, 66065-490 - Condor, Belém - Pa, 66065-490, Brazil",Beer hall,Wholesale grocer,,,,,,,,Pub,8.15e+18,Belém,BR,0x92a48dc0042f15c9:0x710b3b3c410cddbc,,,,-1.4713516,-48.4737016,,Condor,+55 91 98477-4707,5590000000000.0,ChIJyRUvBMCNpJIRvN0MQTw7C3E,66065-490,$$,3,,2,2.0,0.0,0.0,0.0,0.0,State of Pará,"Passagem Moura Carvalho - Condor, Belém - PA, 66065-490","Passagem Moura Carvalho - Condor, Belém - Pa, 66065-490",,Casa Cardoso - Bar & Mercearia,Casa Cardoso - Bar & Mercearia,5.0,https://www.google.com/maps/search/?api=1&query=Casa%20Cardoso%20-%20Bar%20%26%20Mercearia&query_place_id=ChIJyRUvBMCNpJIRvN0MQTw7C3E,,
"Av. Alcindo Cacela, 4199 - Condor, Belém - PA, 66065-205, Brazil","Av. Alcindo Cacela, 4199 - Condor, Belém - Pa, 66065-205, Brazil",Beer hall,Bar,,,,,,,,Brazilian boteco,1.62e+19,Belém,BR,0x92a48de0f1eafc41:0xe144adf7cda18fdf,,,,-1.4753145,-48.4756602,,Condor,+55 91 98454-6416,5590000000000.0,ChIJQfzq8eCNpJIR34-hzfetROE,66065-205,$,2,,18,10.0,7.0,0.0,1.0,0.0,State of Pará,"Av. Alcindo Cacela, 4199","Av. Alcindo Cacela, 4199",,Bar do Jair,Bar Do Jair,4.5,https://www.google.com/maps/search/?api=1&query=Bar%20do%20Jair&query_place_id=ChIJQfzq8eCNpJIR34-hzfetROE,,Monday-Tuesday: Closed; Wednesday-Sunday: 17:00 to 00:30
"Condor, Belém - State of Pará, 66033-045, Brazil","Condor, Belém - State Of Pará, 66033-045, Brazil",Beer hall,,,,,,,,,Pub,8.88e+18,Belém,BR,0x92a48fba3ad7f49b:0x7b405323b2b5f3d4,,,,-1.4761026,-48.4824928,,Condor,+55 91 98512-5071,5590000000000.0,ChIJm_TXOrqPpJIR1PO1siNTQHs,,$$,1,,17,15.0,0.0,0.0,2.0,0.0,State of Pará,,,,Mullti Chopp,Mullti Chopp,4.8,https://www.google.com/maps/search/?api=1&query=Mullti%20Chopp&query_place_id=ChIJm_TXOrqPpJIR1PO1siNTQHs,,
"R. Municipalidade, 1760 - Reduto, Belém - PA, 66050-350, Brazil","R. Municipalidade, 1760 - Reduto, Belém - Pa, 66050-350, Brazil",Gastropub,Cocktail bar,Restaurant,,,,,,,Pub,7.01e+18,Belém,BR,0x92a48fa70406586f:0x6151826c63ac6574,,,,-1.4345451,-48.4879944,,Reduto,+55 91 98511-4455,5590000000000.0,ChIJb1gGBKePpJIRdGWsY2yCUWE,66050-350,$$,39,,45,41.0,2.0,0.0,2.0,0.0,State of Pará,"R. Municipalidade, 1760","R. Municipalidade, 1760",,Boteco Las Chicas,Boteco Las Chicas,4.9,https://www.google.com/maps/search/?api=1&query=Boteco%20Las%20Chicas&query_place_id=ChIJb1gGBKePpJIRdGWsY2yCUWE,https://www.instagram.com/botecolaschicas/,
"Tv. Dom Pedro I, 1053 - Umarizal, Belém - PA, 66050-100, Brazil","Tv. Dom Pedro I, 1053 - Umarizal, Belém - Pa, 66050-100, Brazil",Cocktail bar,,,,,,,,,Cocktail bar,6.18e+18,Belém,BR,0x92a48f940c57b397:0x55c8ddcc8b42ce91,,,,-1.4391818,-48.4845146,https://cardapio.appget.in/seu-pai,Umarizal,,,ChIJl7NXDJSPpJIRkc5Ci8zdyFU,66050-100,$$,54,,940,573.0,200.0,55.0,82.0,30.0,State of Pará,"Tv. Dom Pedro I, 1053","Tv. Dom Pedro I, 1053",,Seu Pai Artesanal,Seu Pai Artesanal,4.3,https://www.google.com/maps/search/?api=1&query=Seu%20Pai%20Artesanal&query_place_id=ChIJl7NXDJSPpJIRkc5Ci8zdyFU,,
"R. 28 de Setembro, 665 - Reduto, Belém - PA, 66053-355, Brazil","R. 28 De Setembro, 665 - Reduto, Belém - Pa, 66053-355, Brazil",Brazilian restaurant,Bar,,,,,,,,Bar & grill,1.66e+19,Belém,BR,0x92a48e942fd3bc35:0xe5cf564f24e1e7ec,,,,-1.4472966,-48.4943951,,Reduto,,,ChIJNbzTL5SOpJIR7OfhJE9Wz-U,66053-355,$$,50,,0,,,,,,State of Pará,"R. 28 de Setembro, 665","R. 28 De Setembro, 665",,Bar e Restaurante do Negão,Bar E Restaurante Do Negão,,https://www.google.com/maps/search/?api=1&query=Bar%20e%20Restaurante%20do%20Neg%C3%A3o&query_place_id=ChIJNbzTL5SOpJIR7OfhJE9Wz-U,,Monday-Sunday: Atendimento 24 horas
"Av. Sen. Lemos, 641 - Umarizal, Belém - PA, 66050-000, Brazil","Av. Sen. Lemos, 641 - Umarizal, Belém - Pa, 66050-000, Brazil",Bar,Snack bar,,,,,,,,Brazilian boteco,1.4e+19,Belém,BR,0x92a48ea55bd61b8d:0xc26aaee4eff6e9d9,,,Edificio Irmãos Martins,-1.437707,-48.48798,,Umarizal,,,ChIJjRvWW6WOpJIR2en27-SuasI,66050-000,$$,48,,1638,1079.0,383.0,20.0,133.0,23.0,State of Pará,"Av. Sen. Lemos, 641","Av. Sen. Lemos, 641",,Bar Meu Garoto - Praça Brasil,Bar Meu Garoto - Praça Brasil,4.5,https://www.google.com/maps/search/?api=1&query=Bar%20Meu%20Garoto%20-%20Pra%C3%A7a%20Brasil&query_place_id=ChIJjRvWW6WOpJIR2en27-SuasI,https://www.instagram.com/botecomeugaroto/,
"R. 28 de Setembro, 1163 - Reduto, Belém - PA, 66053-000, Brazil","R. 28 De Setembro, 1163 - Reduto, Belém - Pa, 66053-000, Brazil",Stand bar,,,,,,,,,Brazilian boteco,1.61e+19,Belém,BR,0x92a48ebcfe250327:0xdec7d296a7c646ff,,,,-1.443947,-48.4913976,,Reduto,+55 91 3252-3284,559000000000.0,ChIJJwMl_ryOpJIR_0bGp5bSx94,66053-000,$,43,,165,90.0,39.0,10.0,22.0,4.0,State of Pará,"R. 28 de Setembro, 1163","R. 28 De Setembro, 1163",,Class Festas Drink's,Class Festas Drink'S,4.2,https://www.google.com/maps/search/?api=1&query=Class%20Festas%20Drink's&query_place_id=ChIJJwMl_ryOpJIR_0bGp5bSx94,,
"Tv. Dom Romualdo de Seixas, 1663 - Umarizal, Belém - PA, 66055-200, Brazil","Tv. Dom Romualdo De Seixas, 1663 - Umarizal, Belém - Pa, 66055-200, Brazil",Bar,,,,,,,,,Brazilian boteco,1.61e+18,Belém,BR,0x92a48e9f2b8431a9:0x1650105b116dd54f,,,,-1.4465818,-48.4835074,,Umarizal,,,ChIJqTGEK5-OpJIRT9VtEVsQUBY,66055-200,$,42,,6,4.0,2.0,0.0,0.0,0.0,State of Pará,"Tv. Dom Romualdo de Seixas, 1663","Tv. Dom Romualdo De Seixas, 1663",,Bar E Lanchonete Garagem,Bar E Lanchonete Garagem,4.7,https://www.google.com/maps/search/?api=1&query=Bar%20E%20Lanchonete%20Garagem&query_place_id=ChIJqTGEK5-OpJIRT9VtEVsQUBY,,
"R. Bernal do Couto, 452 - Umarizal, Belém - PA, 66055-080, Brazil","R. Bernal Do Couto, 452 - Umarizal, Belém - Pa, 66055-080, Brazil",Cocktail bar,,,,,,,,,Cocktail bar,3.5e+17,Belém,BR,0x92a48f955db9e3db:0x4da6378514775c7,,,,-1.4421152,-48.4859393,,Umarizal,+55 91 98257-5754,5590000000000.0,ChIJ2-O5XZWPpJIRx3VHUXhj2gQ,66055-080,$,38,,56,41.0,7.0,5.0,3.0,0.0,State of Pará,"R. Bernal do Couto, 452","R. Bernal Do Couto, 452",,Baiúca,Baiúca,4.4,https://www.google.com/maps/search/?api=1&query=Bai%C3%BAca&query_place_id=ChIJ2-O5XZWPpJIRx3VHUXhj2gQ,http://instagram.com/baiucaoficial,
"Avenida Senador Lemos, 102 entre a Doca de Souza Franco e, Tv. Alm. Wandenkolk - Umarizal, Belém - PA, 66050-000, Brazil","Avenida Senador Lemos, 102 Entre A Doca De Souza Franco E, Tv. Alm. Wandenkolk - Umarizal, Belém - Pa, 66050-000, Brazil",Cocktail bar,Pool hall,Restaurant,Snack bar,,,,,,Cocktail bar,9.38e+18,Belém,BR,0x92a48f6093b691c3:0x822695f36e7fa78d,,,,-1.442252,-48.489796,https://deliverydireto.com.br/restaurantedopara/restaurantedopara,Umarizal,+55 91 98447-7453,5590000000000.0,ChIJw5G2k2CPpJIRjad_bvOVJoI,66050-000,$,37,,2622,1699.0,636.0,35.0,210.0,42.0,State of Pará,"Avenida Senador Lemos, 102 entre a Doca de Souza Franco e, Tv. Alm. Wandenkolk","Avenida Senador Lemos, 102 Entre A Doca De Souza Franco E, Tv. Alm. Wandenkolk",,D'OPARÁ,D'Opará,4.5,https://www.google.com/maps/search/?api=1&query=D'OPAR%C3%81&query_place_id=ChIJw5G2k2CPpJIRjad_bvOVJoI,,
"Viela Célia, 689 - Umarizal, Belém - PA, 66055-110, Brazil","Viela Célia, 689 - Umarizal, Belém - Pa, 66055-110, Brazil",Bar,,,,,,,,,Brazilian boteco,6.03e+18,Belém,BR,0x92a48ea18735270b:0x53a4a29260bac2f9,,,,-1.4443282,-48.4847538,,Umarizal,+55 91 99922-6021,5590000000000.0,ChIJCyc1h6GOpJIR-cK6YJKipFM,66055-110,$,36,,318,190.0,56.0,11.0,52.0,9.0,State of Pará,"Viela Célia, 689","Viela Célia, 689",,Bar do Tuna,Bar Do Tuna,4.3,https://www.google.com/maps/search/?api=1&query=Bar%20do%20Tuna&query_place_id=ChIJCyc1h6GOpJIR-cK6YJKipFM,https://pt-br.facebook.com/pages/Bar-do-Tuna/216423521755250,
"R. Bernal do Couto, 38a - Umarizal, Belém - PA, 66055-080, Brazil","R. Bernal Do Couto, 38A - Umarizal, Belém - Pa, 66055-080, Brazil",Night club,Bar,Beer garden,Gastropub,Restaurant,,,,,Night club,9.4e+18,Belém,BR,0x92a48f3aca3a9911:0x827d29d15b7aa944,,,,-1.4446481,-48.4884929,,Umarizal,+55 91 98399-8877,5590000000000.0,ChIJEZk6yjqPpJIRRKl6W9EpfYI,66055-080,$$,35,,85,59.0,9.0,7.0,6.0,4.0,State of Pará,"R. Bernal do Couto, 38a","R. Bernal Do Couto, 38A",,F38 - Night Lounge,F38 - Night Lounge,4.3,https://www.google.com/maps/search/?api=1&query=F38%20-%20Night%20Lounge&query_place_id=ChIJEZk6yjqPpJIRRKl6W9EpfYI,https://www.instagram.com/f38nightlounge,
"Tv. Quintino Bocaiúva, 844 - Reduto, Belém - PA, 66053-240, Brazil","Tv. Quintino Bocaiúva, 844 - Reduto, Belém - Pa, 66053-240, Brazil",Cocktail bar,,,,,,,,,Cocktail bar,2.08e+18,Belém,BR,0x92a48fe93bf66f07:0x1cd3e78f692c442f,,,,-1.4477524,-48.4901478,,Reduto,+55 91 98191-4588,5590000000000.0,ChIJB2_2O-mPpJIRL0QsaY_n0xw,66053-240,$$,33,,719,471.0,130.0,36.0,69.0,13.0,State of Pará,"Tv. Quintino Bocaiúva, 844","Tv. Quintino Bocaiúva, 844",,Vitrine Lounge,Vitrine Lounge,4.4,https://www.google.com/maps/search/?api=1&query=Vitrine%20Lounge&query_place_id=ChIJB2_2O-mPpJIRL0QsaY_n0xw,https://www.instagram.com/vitrinebelem,
"R. Domingos Marreiros, 446 - Umarizal, Belém - PA, 66055-210, Brazil","R. Domingos Marreiros, 446 - Umarizal, Belém - Pa, 66055-210, Brazil",Cocktail bar,Gastropub,,,,,,,,Cocktail bar,1.52e+19,Belém,BR,0x92a48e9f32f46b75:0xd2ad56c1477c8180,,,,-1.4462651,-48.4835784,,Umarizal,+55 91 99361-7465,5590000000000.0,ChIJdWv0Mp-OpJIRgIF8R8FWrdI,66055-210,$$,32,,713,487.0,150.0,17.0,43.0,16.0,State of Pará,"R. Domingos Marreiros, 446","R. Domingos Marreiros, 446",,Hoppy Pig - GastroBar,Hoppy Pig - Gastrobar,4.5,https://www.google.com/maps/search/?api=1&query=Hoppy%20Pig%20-%20GastroBar&query_place_id=ChIJdWv0Mp-OpJIRgIF8R8FWrdI,https://instagram.com/hoppypig?igshid=YmMyMTA2M2Y=,
"Tv. José Pio, 1005 - Telégrafo, Belém - PA, 66050-240, Brazil","Tv. José Pio, 1005 - Telégrafo, Belém - Pa, 66050-240, Brazil",Bar,Restaurant,,,,,,,,Brazilian boteco,8.8e+17,Belém,BR,0x92a48ea95ecd6377:0xc3577c9452199fa,,,,-1.434059,-48.482769,,Telégrafo,+55 91 98140-9841,5590000000000.0,ChIJd2PNXqmOpJIR-pkhRcl3NQw,66050-240,$$,27,,17,13.0,2.0,0.0,2.0,0.0,State of Pará,"Tv. José Pio, 1005","Tv. José Pio, 1005",,Barzinho's Bar,Barzinho'S Bar,4.6,https://www.google.com/maps/search/?api=1&query=Barzinho's%20Bar&query_place_id=ChIJd2PNXqmOpJIR-pkhRcl3NQw,,Monday-Sunday: Atendimento 24 horas
"R. Diogo Móia, 340 - Umarizal, Belém - PA, 66055-171, Brazil","R. Diogo Móia, 340 - Umarizal, Belém - Pa, 66055-171, Brazil",Bar,,,,,,,,,Pub,1.35e+19,Belém,BR,0x92a48f002aff8189:0xbb649d9d6779ff7c,,,,-1.4443087,-48.485813,,Umarizal,,,ChIJiYH_KgCPpJIRfP95Z52dZLs,66055-171,$$$,25,,19,6.0,2.0,5.0,2.0,4.0,State of Pará,"R. Diogo Móia, 340","R. Diogo Móia, 340",,Maninho Gastrobar,Maninho Gastrobar,3.0,https://www.google.com/maps/search/?api=1&query=Maninho%20Gastrobar&query_place_id=ChIJiYH_KgCPpJIRfP95Z52dZLs,,Monday-Friday: 09:00 to 00:00; Saturday-Sunday: 09:30 to 00:00
"R. Bernal do Couto, 791 - Umarizal, Belém - PA, 66055-080, Brazil","R. Bernal Do Couto, 791 - Umarizal, Belém - Pa, 66055-080, Brazil",Bar,,,,,,,,,Pub,1.3e+19,Belém,BR,0x92a48ea6a2223af3:0xb3dc343afeb3f70a,,,,-1.4403889,-48.4834994,,Umarizal,,,ChIJ8zoioqaOpJIRCvez_jo03LM,66055-080,$$,24,,1282,866.0,281.0,33.0,83.0,19.0,State of Pará,"R. Bernal do Couto, 791","R. Bernal Do Couto, 791",Black Dog English Pub,Black Dog Pub Inglês,Black Dog Pub Inglês,4.5,https://www.google.com/maps/search/?api=1&query=Black%20Dog%20Pub%20Ingl%C3%AAs&query_place_id=ChIJ8zoioqaOpJIRCvez_jo03LM,https://www.instagram.com/blackdogenglishpub,Monday-Tuesday: Closed; Wednesday-Saturday: 17:00 to 02:00; Sunday: 17:00 to 00:00
"R. Bernal do Couto, 38a - Umarizal, Belém - PA, 66050-080, Brazil","R. Bernal Do Couto, 38A - Umarizal, Belém - Pa, 66050-080, Brazil",Restaurant,Bar,,,,,,,,Bar & grill,1.81e+19,Belém,BR,0x92a48ea2b3e5fd13:0xfb8cca83b5c54d41,,,,-1.4446481,-48.4884929,http://emporiumbelem.com.br/cardapio.pdf,Umarizal,,,ChIJE_3ls6KOpJIRQU3FtYPKjPs,66050-080,$$,22,,1187,781.0,215.0,59.0,101.0,31.0,State of Pará,"R. Bernal do Couto, 38a","R. Bernal Do Couto, 38A",,Emporium Belém,Emporium Belém,4.4,https://www.google.com/maps/search/?api=1&query=Emporium%20Bel%C3%A9m&query_place_id=ChIJE_3ls6KOpJIRQU3FtYPKjPs,,Monday: Closed; Tuesday-Sunday: 08:00 to 04:00
"R. Curuçá, 986 - Telégrafo, Belém - PA, 66113-250, Brazil","R. Curuçá, 986 - Telégrafo, Belém - Pa, 66113-250, Brazil",Bar,,,,,,,,,Brazilian boteco,1.37e+19,Belém,BR,0x92a48eab5399e5d7:0xbe465a6cbcb4690f,,,,-1.4304548,-48.4833493,,Telégrafo,,,ChIJ1-WZU6uOpJIRD2m0vGxaRr4,66113-250,$,15,,11,4.0,3.0,3.0,1.0,0.0,State of Pará,"R. Curuçá, 986","R. Curuçá, 986",,Bigos bar,Bigos Bar,3.5,https://www.google.com/maps/search/?api=1&query=Bigos%20bar&query_place_id=ChIJ1-WZU6uOpJIRD2m0vGxaRr4,,
"Tv. Rui Barbosa, 375 - Reduto, Belém - PA, 66053-260, Brazil","Tv. Rui Barbosa, 375 - Reduto, Belém - Pa, 66053-260, Brazil",Bar,,,,,,,,,Brazilian boteco,8.28e+18,Belém,BR,0x92a48e96423e023b:0x72f04c3de59fa907,,,,-1.4463445,-48.492393,,Reduto,,,ChIJOwI-QpaOpJIRB6mf5T1M8HI,66053-260,$,13,,0,,,,,,State of Pará,"Tv. Rui Barbosa, 375","Tv. Rui Barbosa, 375",,Jump Lounge E Bar,Jump Lounge E Bar,,https://www.google.com/maps/search/?api=1&query=Jump%20Lounge%20E%20Bar&query_place_id=ChIJOwI-QpaOpJIRB6mf5T1M8HI,,
"R. 28 de Setembro, 792 - Reduto, Belém - PA, 66053-355, Brazil","R. 28 De Setembro, 792 - Reduto, Belém - Pa, 66053-355, Brazil",Restaurant,Bar,,,,,,,,Pub,1.74e+19,Belém,BR,0x92a48e9679c2c239:0xf1fe77c8501d507d,,,,-1.4465854,-48.4934915,,Reduto,+55 91 3230-4652,559000000000.0,ChIJOcLCeZaOpJIRfVAdUMh3_vE,66053-355,$$,11,,1,1.0,0.0,0.0,0.0,0.0,State of Pará,"R. 28 de Setembro, 792","R. 28 De Setembro, 792",,Bar e Restaurante da Skina,Bar E Restaurante Da Skina,5.0,https://www.google.com/maps/search/?api=1&query=Bar%20e%20Restaurante%20da%20Skina&query_place_id=ChIJOcLCeZaOpJIRfVAdUMh3_vE,,
"R. Diogo Móia, 340 - Umarizal, Belém - PA, 66055-170, Brazil","R. Diogo Móia, 340 - Umarizal, Belém - Pa, 66055-170, Brazil",Lounge,Bar,,,,,,,,Night club,1.03e+19,Belém,BR,0x92a48fce5ff44551:0x8f1a6da5d6e3fdca,,,,-1.4441843,-48.4858479,,Umarizal,,,ChIJUUX0X86PpJIRyv3j1qVtGo8,66055-170,$,10,,667,423.0,131.0,44.0,40.0,29.0,State of Pará,"R. Diogo Móia, 340","R. Diogo Móia, 340",,LAGUN LOUNGE BAR,Lagun Lounge Bar,4.3,https://www.google.com/maps/search/?api=1&query=LAGUN%20LOUNGE%20BAR&query_place_id=ChIJUUX0X86PpJIRyv3j1qVtGo8,,
"R. Municipalidade, 1643 - Umarizal, Belém - PA, 66050-350, Brazil","R. Municipalidade, 1643 - Umarizal, Belém - Pa, 66050-350, Brazil",Bar,Event venue,Night club,Restaurant,,,,,,Pub,1.54e+19,Belém,BR,0x92a48eae27a4ac5f:0xd55f83f07b98bd2a,,,,-1.4353917,-48.4887085,,Umarizal,+55 91 99219-6970,5590000000000.0,ChIJX6ykJ66OpJIRKr2Ye_CDX9U,66050-350,$$,7,,1471,923.0,368.0,33.0,123.0,24.0,State of Pará,"R. Municipalidade, 1643","R. Municipalidade, 1643",,Bar Municipal,Bar Municipal,4.4,https://www.google.com/maps/search/?api=1&query=Bar%20Municipal&query_place_id=ChIJX6ykJ66OpJIRKr2Ye_CDX9U,https://meulink.com.vc/bar-municipal-bar-com-musica-ao-vivo/,Monday-Saturday: 09:00 to 21:00; Sunday: Closed
"R. Boaventura da Silva, 553 - Umarizal, Belém - PA, 66055-090, Brazil","R. Boaventura Da Silva, 553 - Umarizal, Belém - Pa, 66055-090, Brazil",Bar,,,,,,,,,Pub,8.54e+18,Belém,BR,0x92a48e997775c2c5:0x767c0f2ab4755118,,,,-1.4481772,-48.4859709,,Umarizal,,,ChIJxcJ1d5mOpJIRGFF1tCoPfHY,66055-090,$$,6,,0,,,,,,State of Pará,"R. Boaventura da Silva, 553","R. Boaventura Da Silva, 553",,SANTO BAR,Santo Bar,,https://www.google.com/maps/search/?api=1&query=SANTO%20BAR&query_place_id=ChIJxcJ1d5mOpJIRGFF1tCoPfHY,,
"R. Municipalidade, 435 - Reduto, Belém - PA, 66053-180, Brazil","R. Municipalidade, 435 - Reduto, Belém - Pa, 66053-180, Brazil",Bar,,,,,,,,,Pub,3.65e+18,Belém,BR,0x92a48ebddfb81b97:0x32b88a3870ac8aba,,,,-1.4440826,-48.4937075,,Reduto,+55 91 98327-7996,5590000000000.0,ChIJlxu4372OpJIRuoqscDiKuDI,66053-180,$$,5,,0,,,,,,State of Pará,"R. Municipalidade, 435","R. Municipalidade, 435",,Club Mpb Bar,Club Mpb Bar,,https://www.google.com/maps/search/?api=1&query=Club%20Mpb%20Bar&query_place_id=ChIJlxu4372OpJIRuoqscDiKuDI,,Monday-Tuesday: Closed; Wednesday-Saturday: 19:00 to 02:00; Sunday: 17:00 to 01:00
"R. 28 de Setembro, 1067 - Reduto, Belém - PA, 66053-355, Brazil","R. 28 De Setembro, 1067 - Reduto, Belém - Pa, 66053-355, Brazil",Cocktail bar,Live music bar,Pub,,,,,,,Cocktail bar,4.26e+18,Belém,BR,0x92a48f7c8a012fd1:0x3b244ca16d97cbd4,,,,-1.4445599,-48.4919443,,Reduto,+55 91 98641-8546,5590000000000.0,ChIJ0S8BinyPpJIR1MuXbaFMJDs,66053-355,$$,4,,193,134.0,45.0,6.0,5.0,3.0,State of Pará,"R. 28 de Setembro, 1067","R. 28 De Setembro, 1067",,Bar da Katedral,Bar Da Katedral,4.5,https://www.google.com/maps/search/?api=1&query=Bar%20da%20Katedral&query_place_id=ChIJ0S8BinyPpJIR1MuXbaFMJDs,https://www.katedral.com.br/,Monday-Friday: 21:00 to 02:00; Saturday: 20:00 to 02:00; Sunday: Closed
"Tv. Alm. Wandenkolk, 686 - Umarizal, Belém - PA, 66055-030, Brazil","Tv. Alm. Wandenkolk, 686 - Umarizal, Belém - Pa, 66055-030, Brazil",Bar,,,,,,,,,Brazilian boteco,7.26e+18,Belém,BR,0x92a48e990ddbc863:0x64cd671a0da18f2a,,,,-1.4475412,-48.4857234,,Umarizal,,,ChIJY8jbDZmOpJIRKo-hDRpnzWQ,66055-030,$,2,,18,12.0,3.0,1.0,1.0,1.0,State of Pará,"Tv. Alm. Wandenkolk, 686","Tv. Alm. Wandenkolk, 686",,Ranulfo Bar E Restaturante vital Drinks,Ranulfo Bar E Restaturante Vital Drinks,4.3,https://www.google.com/maps/search/?api=1&query=Ranulfo%20Bar%20E%20Restaturante%20vital%20Drinks&query_place_id=ChIJY8jbDZmOpJIRKo-hDRpnzWQ,,Monday: Closed; Tuesday-Saturday: 16:00 to 02:00; Sunday: 16:00 to 00:00
"R. Municipalidade, 489 - Reduto, Belém - PA, 66053-260, Brazil","R. Municipalidade, 489 - Reduto, Belém - Pa, 66053-260, Brazil",Bar,,,,,,,,,Sports bar,1.45e+19,Belém,BR,0x92a48ebc789eff9d:0xc923157168a6c169,,,Companhia Belém Academia,-1.4440516,-48.4944325,,Reduto,,,ChIJnf-eeLyOpJIRacGmaHEVI8k,66053-260,$$,1,,10,3.0,3.0,1.0,3.0,0.0,State of Pará,"R. Municipalidade, 489","R. Municipalidade, 489",,Sport Bar,Sport Bar,3.7,https://www.google.com/maps/search/?api=1&query=Sport%20Bar&query_place_id=ChIJnf-eeLyOpJIRacGmaHEVI8k,,
"Tv. Rui Barbosa, 1437 - Nazaré, Belém - PA, 66035-220, Brazil","Tv. Rui Barbosa, 1437 - Nazaré, Belém - Pa, 66035-220, Brazil",Cocktail bar,Banquet hall,Restaurant,,,,,,,Cocktail bar,8.08e+18,Belém,BR,0x92a48f3c45583c55:0x702f096d84d9d58f,,,,-1.4542164,-48.4870305,,Nazaré,+55 91 99140-7582,5590000000000.0,ChIJVTxYRTyPpJIRj9XZhG0JL3A,66035-220,$$,20,,170,84.0,12.0,71.0,1.0,2.0,State of Pará,"Tv. Rui Barbosa, 1437","Tv. Rui Barbosa, 1437",,Café com Arte,Café Com Arte,3.2,https://www.google.com/maps/search/?api=1&query=Caf%C3%A9%20com%20Arte&query_place_id=ChIJVTxYRTyPpJIRj9XZhG0JL3A,,Monday-Thursday: Closed; Friday-Saturday: 18:00 to 04:00; Sunday: 18:00 to 01:00
"Av. Generalíssimo Deodoro, 1652 - Nazaré, Belém - PA, 66040-140, Brazil","Av. Generalíssimo Deodoro, 1652 - Nazaré, Belém - Pa, 66040-140, Brazil",Bar & grill,,,,,,,,,Bar & grill,1.54e+19,Belém,BR,0x92a48f286cca4241:0xd5732708a566b18f,,,,-1.4557991,-48.482903,,Nazaré,+55 91 98021-0887,5590000000000.0,ChIJQULKbCiPpJIRj7FmpQgnc9U,66040-140,$$,30,,0,,,,,,State of Pará,"Av. Generalíssimo Deodoro, 1652","Av. Generalíssimo Deodoro, 1652",,THE WICK,The Wick,,https://www.google.com/maps/search/?api=1&query=THE%20WICK&query_place_id=ChIJQULKbCiPpJIRj7FmpQgnc9U,,Monday: Closed; Tuesday-Sunday: 17:00 to 00:00
"Av. Conselheiro Furtado, 643 - Batista Campos, Belém - PA, 66025-160, Brazil","Av. Conselheiro Furtado, 643 - Batista Campos, Belém - Pa, 66025-160, Brazil",Bar & grill,,,,,,,,,Bar & grill,4.61e+18,Belém,BR,0x92a48fcf3c79be09:0x3ff5ae5bd997af74,,,,-1.4597307,-48.4923952,,Batista Campos,,,ChIJCb55PM-PpJIRdK-X2Vuu9T8,66025-160,$$,29,,1,0.0,1.0,0.0,0.0,0.0,State of Pará,"Av. Conselheiro Furtado, 643","Av. Conselheiro Furtado, 643",,Espeto house Belém,Espeto House Belém,4.0,https://www.google.com/maps/search/?api=1&query=Espeto%20house%20Bel%C3%A9m&query_place_id=ChIJCb55PM-PpJIRdK-X2Vuu9T8,,Monday: Closed; Tuesday-Saturday: 16:00 to 00:00; Sunday: 13:00 to 22:00
"Travessa Coronel Luis Bentes, 91 Entre Avenida Pedro Alvares Cabral e Nelson Ribeiro, Belém - PA, 66113-080, Brazil","Travessa Coronel Luis Bentes, 91 Entre Avenida Pedro Alvares Cabral E Nelson Ribeiro, Belém - Pa, 66113-080, Brazil",Bar & grill,,,,,,,,,Bar & grill,6.98e+18,Belém,BR,0x92a4895008b1e311:0x60dbfb260a4cfb33,,,,-1.4275884,-48.4898721,,Telégrafo,,,ChIJEeOxCFCJpJIRM_tMCib722A,66113-080,$$,20,,29,24.0,4.0,0.0,1.0,0.0,State of Pará,"Travessa Coronel Luis Bentes, 91 Entre Avenida Pedro Alvares Cabral e Nelson Ribeiro","Travessa Coronel Luis Bentes, 91 Entre Avenida Pedro Alvares Cabral E Nelson Ribeiro",,Piratas Grill,Piratas Grill,4.8,https://www.google.com/maps/search/?api=1&query=Piratas%20Grill&query_place_id=ChIJEeOxCFCJpJIRM_tMCib722A,,Monday: Closed; Tuesday-Friday: 18:00 to 22:00; Saturday: 13:00 to 22:00; Sunday: Closed
"Conjunto Medice 2, R. Ananindeua, 44 - Marambaia, Belém - PA, 66640-375, Brazil","Conjunto Medice 2, R. Ananindeua, 44 - Marambaia, Belém - Pa, 66640-375, Brazil",Bar & grill,,,,,,,,,Bar & grill,3.15e+18,Belém,BR,0x92a48bdde6c25c7d:0x2baa3ed2b558b217,,,,-1.4011621,-48.4581527,,Marambaia,,,ChIJfVzC5t2LpJIRF7JYtdI-qis,66640-375,$,19,,11,9.0,2.0,0.0,0.0,0.0,State of Pará,"Conjunto Medice 2, R. Ananindeua, 44","Conjunto Medice 2, R. Ananindeua, 44",,Varandinha Pub e Espetaria,Varandinha Pub E Espetaria,4.8,https://www.google.com/maps/search/?api=1&query=Varandinha%20Pub%20e%20Espetaria&query_place_id=ChIJfVzC5t2LpJIRF7JYtdI-qis,,Monday-Thursday: 18:00 to 22:00; Friday: 08:00 to 18:00; Saturday: 18:00 to 22:00; Sunday: Closed
"R. Diogo Móia, 1553 - Fátima, Belém - PA, 66060-140, Brazil","R. Diogo Móia, 1553 - Fátima, Belém - Pa, 66060-140, Brazil",Bar & grill,,,,,,,,,Bar & grill,7.15e+18,Belém,BR,0x92a48d8752b1ac8b:0x63441c6751fbeb08,,,,-1.441093,-48.4755691,,Fátima,,,ChIJi6yxUoeNpJIRCOv7UWccRGM,66060-140,$,18,,34,18.0,10.0,3.0,2.0,1.0,State of Pará,"R. Diogo Móia, 1553","R. Diogo Móia, 1553",,Bar E Restaurante Pimenta De Cheiro,Bar E Restaurante Pimenta De Cheiro,4.1,https://www.google.com/maps/search/?api=1&query=Bar%20E%20Restaurante%20Pimenta%20De%20Cheiro&query_place_id=ChIJi6yxUoeNpJIRCOv7UWccRGM,,
"R. Antônio Everdosa, 1290 - Pedreira, Belém - PA, 66085-754, Brazil","R. Antônio Everdosa, 1290 - Pedreira, Belém - Pa, 66085-754, Brazil",Bar & grill,,,,,,,,,Bar & grill,1.18e+19,Belém,BR,0x92a48bb7ceff7301:0xa3105452a1b26bc6,,,,-1.4256192,-48.4740455,,Pedreira,+55 91 98347-6763,5590000000000.0,ChIJAXP_zreLpJIRxmuyoVJUEKM,66085-754,$$,17,,59,47.0,7.0,0.0,4.0,1.0,State of Pará,"R. Antônio Everdosa, 1290","R. Antônio Everdosa, 1290",,STUDIO ((S)) PUB - Choperia e Espetaria,Studio ((S)) Pub - Choperia E Espetaria,4.7,https://www.google.com/maps/search/?api=1&query=STUDIO%20((S))%20PUB%20-%20Choperia%20e%20Espetaria&query_place_id=ChIJAXP_zreLpJIRxmuyoVJUEKM,,
"R. Antônio Barreto, 1498 - Umarizal, Belém - PA, 66060-120, Brazil","R. Antônio Barreto, 1498 - Umarizal, Belém - Pa, 66060-120, Brazil",Bar & grill,,,,,,,,,Bar & grill,6.57e+18,Belém,BR,0x92a48dc9d168c0b9:0x5b30fce87005515b,,,,-1.4427286,-48.4749093,,Umarizal,+55 91 99246-1030,5590000000000.0,ChIJucBo0cmNpJIRW1EFcOj8MFs,66060-120,$$,14,,0,,,,,,State of Pará,"R. Antônio Barreto, 1498","R. Antônio Barreto, 1498",,The Pallet Grill,The Pallet Grill,,https://www.google.com/maps/search/?api=1&query=The%20Pallet%20Grill&query_place_id=ChIJucBo0cmNpJIRW1EFcOj8MFs,,Monday-Sunday: Atendimento 24 horas
"Tv. Humaitá, 2792 - Marco, Belém - PA, 66093-047, Brazil","Tv. Humaitá, 2792 - Marco, Belém - Pa, 66093-047, Brazil",Bar & grill,,,,,,,,,Bar & grill,1.73e+19,Belém,BR,0x92a48d610e27ab37:0xf017abea9d9edc9c,,,,-1.4435598,-48.4599239,,Marco,+55 91 98175-9641,5590000000000.0,ChIJN6snDmGNpJIRnNyeneqrF_A,66093-047,$$,13,,171,117.0,30.0,12.0,9.0,3.0,State of Pará,"Tv. Humaitá, 2792","Tv. Humaitá, 2792",,The Code Pub,The Code Pub,4.4,https://www.google.com/maps/search/?api=1&query=The%20Code%20Pub&query_place_id=ChIJN6snDmGNpJIRnNyeneqrF_A,https://www.thecodepub.com.br/,
"Av. Rômulo Maiorana, 1580 - Marco, Belém - PA, 66093-000, Brazil","Av. Rômulo Maiorana, 1580 - Marco, Belém - Pa, 66093-000, Brazil",Bar & grill,Buffet restaurant,,,,,,,,Bar & grill,1.99e+16,Belém,BR,0x92a48c0c91e188c5:0x468c1ea8aa3353,,,,-1.4341115,-48.4606048,,Marco,,,ChIJxYjhkQyMpJIRUzOqqB6MRgA,66093-000,$$,12,,1,1.0,0.0,0.0,0.0,0.0,State of Pará,"Av. Rômulo Maiorana, 1580","Av. Rômulo Maiorana, 1580",,Buffet e Grill,Buffet E Grill,5.0,https://www.google.com/maps/search/?api=1&query=Buffet%20e%20Grill&query_place_id=ChIJxYjhkQyMpJIRUzOqqB6MRgA,,
"Tv. Dom Romualdo de Seixas, 1230 - Umarizal, Belém - PA, 66055-200, Brazil","Tv. Dom Romualdo De Seixas, 1230 - Umarizal, Belém - Pa, 66055-200, Brazil",Bar & grill,,,,,,,,,Bar & grill,1.52e+19,Belém,BR,0x92a48fa2f6ab9365:0xd2457fb1ade533e1,,,,-1.4429737,-48.4840163,,Umarizal,,,ChIJZZOr9qKPpJIR4TPlrbF_RdI,66055-200,$$,10,,2,2.0,0.0,0.0,0.0,0.0,State of Pará,"Tv. Dom Romualdo de Seixas, 1230","Tv. Dom Romualdo De Seixas, 1230",,Butequinho,Butequinho,5.0,https://www.google.com/maps/search/?api=1&query=Butequinho&query_place_id=ChIJZZOr9qKPpJIR4TPlrbF_RdI,https://instagram.com/buttequinho?igshid=MzNlNGNkZWQ4Mg==,
"Tv. Guerra Passos - Canudos, Belém - PA, 66070-535, Brazil","Tv. Guerra Passos - Canudos, Belém - Pa, 66070-535, Brazil",Bar & grill,,,,,,,,,Bar & grill,5.19e+18,Belém,BR,0x92a48c39dd63cedd:0x48026875e4b68341,,,,-1.4513718,-48.4625514,,Canudos,+55 91 98118-0742,5590000000000.0,ChIJ3c5j3TmMpJIRQYO25HVoAkg,,$$,6,,26,14.0,3.0,1.0,7.0,1.0,State of Pará,Tv. Guerra Passos,Tv. Guerra Passos,,SporTV Bar e Restaurante,Sportv Bar E Restaurante,4.1,https://www.google.com/maps/search/?api=1&query=SporTV%20Bar%20e%20Restaurante&query_place_id=ChIJ3c5j3TmMpJIRQYO25HVoAkg,,
"EDIFÍCIO MANUEL PINTO DA SILVA - Av. Serzedelo Corrêa, N° 15 - Nazaré, Belém - PA, 66000-000, Brazil","Edifício Manuel Pinto Da Silva - Av. Serzedelo Corrêa, N° 15 - Nazaré, Belém - Pa, 66000-000, Brazil",Bar & grill,,,,,,,,,Bar & grill,3.7e+18,Belém,BR,0x92a48fae259dae67:0x3363df52b9bde6eb,,,,-1.4542254,-48.492564,,Nazaré,+55 91 98427-6183,5590000000000.0,ChIJZ66dJa6PpJIR6-a9uVLfYzM,66000000,$$,5,,0,,,,,,State of Pará,"EDIFÍCIO MANUEL PINTO DA SILVA - Av. Serzedelo Corrêa, N° 15","Edifício Manuel Pinto Da Silva - Av. Serzedelo Corrêa, N° 15",,BARAMERICA LATINA,Baramerica Latina,,https://www.google.com/maps/search/?api=1&query=BARAMERICA%20LATINA&query_place_id=ChIJZ66dJa6PpJIR6-a9uVLfYzM,,
"Av. Conselheiro Furtado, 2765 - São Brás, Belém - PA, 66063-060, Brazil","Av. Conselheiro Furtado, 2765 - São Brás, Belém - Pa, 66063-060, Brazil",Bar & grill,,,,,,,,,Bar & grill,2.4e+18,Belém,BR,0x92a48c2c0af36eb5:0x21588bcd1798317f,,,,-1.4565451,-48.4736119,,São Brás,,,ChIJtW7zCiyMpJIRfzGYF82LWCE,66063-060,$$,2,,19,14.0,2.0,1.0,1.0,1.0,State of Pará,"Av. Conselheiro Furtado, 2765","Av. Conselheiro Furtado, 2765",,Seu Menino,Seu Menino,4.4,https://www.google.com/maps/search/?api=1&query=Seu%20Menino&query_place_id=ChIJtW7zCiyMpJIRfzGYF82LWCE,https://www.instagram.com/barseumenino?igsh=MXE4aTJkdzY4a2psdw==,
"Av. Alcindo Cacela, 2335 - Cremação, Belém - PA, 66040-273, Brazil","Av. Alcindo Cacela, 2335 - Cremação, Belém - Pa, 66040-273, Brazil",Bar & grill,,,,,,,,,Bar & grill,1.68e+18,Belém,BR,0x92a48d0ee9e24ded:0x1741079956fbef2d,,,Sunset Plaza,-1.4575492,-48.4770264,,Cremação,+55 91 98343-0771,5590000000000.0,ChIJ7U3i6Q6NpJIRLe_7VpkHQRc,66040-273,$$,1,,0,,,,,,State of Pará,"Av. Alcindo Cacela, 2335","Av. Alcindo Cacela, 2335",,Parrillero Steaks & Grill,Parrillero Steaks & Grill,,https://www.google.com/maps/search/?api=1&query=Parrillero%20Steaks%20%26%20Grill&query_place_id=ChIJ7U3i6Q6NpJIRLe_7VpkHQRc,,
"R. Silva Rosado - Canudos, Belém - PA, 66070-510, Brazil","R. Silva Rosado - Canudos, Belém - Pa, 66070-510, Brazil",Bar,,,,,,,,,Pub,9.55e+18,Belém,BR,0x92a48c3778847315:0x848647850da57272,,,,-1.4521071,-48.4612573,,Canudos,,,ChIJFXOEeDeMpJIRcnKlDYVHhoQ,,$,19,,66,45.0,7.0,2.0,10.0,2.0,State of Pará,R. Silva Rosado,R. Silva Rosado,,Bar JB Nancy,Bar Jb Nancy,4.4,https://www.google.com/maps/search/?api=1&query=Bar%20JB%20Nancy&query_place_id=ChIJFXOEeDeMpJIRcnKlDYVHhoQ,,
"R. Dr. Américo Santa Rosa, 453 - São Brás, Belém - PA, 66070-350, Brazil","R. Dr. Américo Santa Rosa, 453 - São Brás, Belém - Pa, 66070-350, Brazil",Bar,,,,,,,,,Pub,1.41e+19,Belém,BR,0x92a48c312b086491:0xc38fb18a727a4afb,,,,-1.4537703,-48.4638895,,São Brás,,,ChIJkWQIKzGMpJIR-0p6coqxj8M,,$$,16,,190,125.0,36.0,9.0,17.0,3.0,State of Pará,"R. Dr. Américo Santa Rosa, 453","R. Dr. Américo Santa Rosa, 453",,Vala's Bar,Vala'S Bar,4.4,https://www.google.com/maps/search/?api=1&query=Vala's%20Bar&query_place_id=ChIJkWQIKzGMpJIR-0p6coqxj8M,,"Monday: 00:00 to 06:00; Tuesday: 10:00 to 00:00; Wednesday-Sunday: 00:00 to 06:00, 10:00 to 00:00"
"Av. Conselheiro Furtado, 3897 - Canudos, Belém - PA, 66073-160, Brazil","Av. Conselheiro Furtado, 3897 - Canudos, Belém - Pa, 66073-160, Brazil",Bar,,,,,,,,,Brazilian boteco,3.15e+18,Belém,BR,0x92a48d136813af15:0x2ba9adc0ef2dc398,,,,-1.4556313,-48.4639101,,Canudos,,,ChIJFa8TaBONpJIRmMMt78CtqSs,66073-160,$,12,,1,1.0,0.0,0.0,0.0,0.0,State of Pará,"Av. Conselheiro Furtado, 3897","Av. Conselheiro Furtado, 3897",,Black e White bar,Black E White Bar,5.0,https://www.google.com/maps/search/?api=1&query=Black%20e%20White%20bar&query_place_id=ChIJFa8TaBONpJIRmMMt78CtqSs,,
"R. Vinte e Dois A, 52 - Maracangalha, Belém - PA, 66110-066, Brazil","R. Vinte E Dois A, 52 - Maracangalha, Belém - Pa, 66110-066, Brazil",Beer hall,,,,,,,,,Brazilian boteco,1.93e+18,Belém,BR,0x92a489d4c0649e85:0x1abca1853af32a30,,,,-1.3985298,-48.4824788,,Maracangalha,+55 91 99601-3860,5590000000000.0,ChIJhZ5kwNSJpJIRMCrzOoWhvBo,66110-066,$,20,,136,112.0,12.0,2.0,9.0,1.0,State of Pará,"R. Vinte e Dois A, 52","R. Vinte E Dois A, 52",,Bar Do Aurélio,Bar Do Aurélio,4.7,https://www.google.com/maps/search/?api=1&query=Bar%20Do%20Aur%C3%A9lio&query_place_id=ChIJhZ5kwNSJpJIRMCrzOoWhvBo,,
"R. Diogo Móia, 731 - Umarizal, Belém - PA, 66055-170, Brazil","R. Diogo Móia, 731 - Umarizal, Belém - Pa, 66055-170, Brazil",Beer hall,,,,,,,,,Pub,1.03e+19,Belém,BR,0x92a48d645a871bf1:0x8f557faf2d8b30fb,,,,-1.4426044,-48.4824939,,Umarizal,+55 91 99278-3218,5590000000000.0,ChIJ8RuHWmSNpJIR-zCLLa9_VY8,66055-170,$$,19,,112,91.0,17.0,0.0,4.0,0.0,State of Pará,"R. Diogo Móia, 731","R. Diogo Móia, 731",,Craft Beer Belém Tap House,Craft Beer Belém Tap House,4.8,https://www.google.com/maps/search/?api=1&query=Craft%20Beer%20Bel%C3%A9m%20Tap%20House&query_place_id=ChIJ8RuHWmSNpJIR-zCLLa9_VY8,,Monday-Friday: 11:00 to 00:00; Saturday: 11:00 to 17:00; Sunday: 11:00 to 00:00
"Passagem Grão pará - Sacramenta, Belém - PA, 66120-700, Brazil","Passagem Grão Pará - Sacramenta, Belém - Pa, 66120-700, Brazil",Beer hall,,,,,,,,,Pub,6.53e+18,Belém,BR,0x92a48921794fbd1b:0x5a97c7f8d8e7126a,,,,-1.4143062,-48.4804923,,Sacramenta,+55 91 98464-7181,5590000000000.0,ChIJG71PeSGJpJIRahLn2PjHl1o,66120-700,$$,18,,2,1.0,0.0,0.0,1.0,0.0,State of Pará,Passagem Grão pará,Passagem Grão Pará,,Conveniência Clandestino,Conveniência Clandestino,4.0,https://www.google.com/maps/search/?api=1&query=Conveni%C3%AAncia%20Clandestino&query_place_id=ChIJG71PeSGJpJIRahLn2PjHl1o,,Monday-Tuesday: 08:00 to 00:00; Wednesday-Friday: 08:00 to 02:00; Saturday: 08:00 to 00:00; Sunday: Closed
"Av. Perimetral, 959 - Marco, Belém - PA, 66077-830, Brazil","Av. Perimetral, 959 - Marco, Belém - Pa, 66077-830, Brazil",Bar,,,,,,,,,Brazilian boteco,9.97e+18,Belém,BR,0x92a48c53b6ca4e6b:0x8a698907d5f4f19a,,,,-1.4561831,-48.4459208,,Marco,,,ChIJa07KtlOMpJIRmvH01QeJaYo,66077-830,$,9,,13,12.0,1.0,0.0,0.0,0.0,State of Pará,"Av. Perimetral, 959","Av. Perimetral, 959",,Nato's Bar,Nato'S Bar,4.9,https://www.google.com/maps/search/?api=1&query=Nato's%20Bar&query_place_id=ChIJa07KtlOMpJIRmvH01QeJaYo,,Monday-Thursday: 17:30 to 01:00; Friday-Saturday: 17:30 to 02:00; Sunday: 17:30 to 01:00
"esquina com - Almirante wandenkolk, R. Cônego Jerônimo Pimentel, nº373 - Umarizal, Belém - PA, 66055-030, Brazil","Esquina Com - Almirante Wandenkolk, R. Cônego Jerônimo Pimentel, Nº373 - Umarizal, Belém - Pa, 66055-030, Brazil",Restaurant,Cocktail bar,,,,,,,,Cocktail bar,1.76e+19,Belém,BR,0x92a48f69813ed09d:0xf3bba53218771f02,,,,-1.4422217,-48.4878689,https://beacons.ai/oficialmangajambu,Umarizal,+55 91 99160-0373,5590000000000.0,ChIJndA-gWmPpJIRAh93GDKlu_M,66055-030,$$,46,,1200,863.0,179.0,65.0,59.0,34.0,State of Pará,"esquina com - Almirante wandenkolk, R. Cônego Jerônimo Pimentel, nº373","Esquina Com - Almirante Wandenkolk, R. Cônego Jerônimo Pimentel, Nº373",,Manga Jambú,Manga Jambú,4.5,https://www.google.com/maps/search/?api=1&query=Manga%20Jamb%C3%BA&query_place_id=ChIJndA-gWmPpJIRAh93GDKlu_M,https://beacons.ai/oficialmangajambu,Monday-Wednesday: 17:30 to 01:00; Thursday: 17:30 to 02:00; Friday: 17:30 to 03:00; Saturday: 17:30 to 02:00; Sunday: Closed
"Tv. Alm. Wandenkolk, 1257 A - Nazaré, Belém - PA, 66055-045, Brazil","Tv. Alm. Wandenkolk, 1257 A - Nazaré, Belém - Pa, 66055-045, Brazil",Brewery,Beer store,Cocktail bar,Restaurant,,,,,,Pub,2.69e+17,Belém,BR,0x92a48fdddcef9adf:0x3bb0830c2a8abfb,,,,-1.4476126,-48.4854553,,Nazaré,+55 91 98820-2314,5590000000000.0,ChIJ35rv3N2PpJIR-6uowjAIuwM,66055-045,$$,45,,32,25.0,1.0,0.0,4.0,2.0,State of Pará,"Tv. Alm. Wandenkolk, 1257 A","Tv. Alm. Wandenkolk, 1257 A",,Quitanda de Garrafas,Quitanda De Garrafas,4.5,https://www.google.com/maps/search/?api=1&query=Quitanda%20de%20Garrafas&query_place_id=ChIJ35rv3N2PpJIR-6uowjAIuwM,https://linktr.ee/quitandadegarrafasbelem,
"Av. Sen. Lemos, 983 - Umarizal, Belém - PA, 66050-005, Brazil","Av. Sen. Lemos, 983 - Umarizal, Belém - Pa, 66050-005, Brazil",Bar,,,,,,,,,Brazilian boteco,2.46e+18,Belém,BR,0x92a48f7a149e532b:0x222e3dec3e7abdf4,,,,-1.4347302,-48.4868772,https://linklovers.bio/benditamarvada,Umarizal,+55 91 98469-9825,5590000000000.0,ChIJK1OeFHqPpJIR9L16Puw9LiI,66050-005,$$,41,,927,684.0,168.0,18.0,50.0,7.0,State of Pará,"Av. Sen. Lemos, 983","Av. Sen. Lemos, 983",,Buteco Bendita Marvada,Buteco Bendita Marvada,4.6,https://www.google.com/maps/search/?api=1&query=Buteco%20Bendita%20Marvada&query_place_id=ChIJK1OeFHqPpJIR9L16Puw9LiI,https://instagram.com/benditamarvada_belem,
"Tv. Barão do Triunfo, 1977 - Pedreira, Belém - PA, 66087-270, Brazil","Tv. Barão Do Triunfo, 1977 - Pedreira, Belém - Pa, 66087-270, Brazil",Bar & grill,Kebab shop,,,,,,,,Bar & grill,1.03e+18,Belém,BR,0x92a48bf780a7530b:0xe4c56d3f1d83c22,,,,-1.4283023,-48.4687444,,Pedreira,+55 91 3266-0609,559000000000.0,ChIJC1OngPeLpJIRIjzY8dNWTA4,66087-270,$,18,,129,76.0,30.0,3.0,14.0,6.0,State of Pará,"Tv. Barão do Triunfo, 1977","Tv. Barão Do Triunfo, 1977",,Pedreiras Bar e Churrasquinho,Pedreiras Bar E Churrasquinho,4.3,https://www.google.com/maps/search/?api=1&query=Pedreiras%20Bar%20e%20Churrasquinho&query_place_id=ChIJC1OngPeLpJIRIjzY8dNWTA4,,
"Praça do Carmo, 94 - Cidade Velha, Belém - PA, 66020-130, Brazil","Praça Do Carmo, 94 - Cidade Velha, Belém - Pa, 66020-130, Brazil",Bar & grill,,,,,,,,,Bar & grill,1.14e+19,Belém,BR,0x92a48f90b04d8053:0x9e2b44c028fd7e38,,,,-1.4584257,-48.5053923,https://instagram.com/boteco_do_carmo?igshid=ZDc4ODBmNjlmNQ==,Cidade Velha,+55 91 99341-7784,5590000000000.0,ChIJU4BNsJCPpJIROH79KMBEK54,66020-130,$$,11,,46,18.0,18.0,1.0,8.0,1.0,State of Pará,"Praça do Carmo, 94","Praça Do Carmo, 94",,Boteco do Carmo,Boteco Do Carmo,4.1,https://www.google.com/maps/search/?api=1&query=Boteco%20do%20Carmo&query_place_id=ChIJU4BNsJCPpJIROH79KMBEK54,,
"R. Bernal do Couto, 571 - Umarizal, Belém - PA, 66055-080, Brazil","R. Bernal Do Couto, 571 - Umarizal, Belém - Pa, 66055-080, Brazil",Bar,,,,,,,,,Pub,1.55e+19,Belém,BR,0x92a48fa1eb3baeff:0xd74b2816af089af1,,,,-1.441295,-48.4853718,,Umarizal,,,ChIJ_64766GPpJIR8ZoIrxYoS9c,66055-080,$$,34,,150,96.0,25.0,16.0,8.0,5.0,State of Pará,"R. Bernal do Couto, 571","R. Bernal Do Couto, 571",,Rebuw club,Rebuw Club,4.2,https://www.google.com/maps/search/?api=1&query=Rebuw%20club&query_place_id=ChIJ_64766GPpJIR8ZoIrxYoS9c,,
"Av. Visc. de Souza Franco, 514 - Reduto, Belém - PA, 66053-000, Brazil","Av. Visc. De Souza Franco, 514 - Reduto, Belém - Pa, 66053-000, Brazil",Bar,Restaurant,,,,,,,,Pub,1.48e+19,Belém,BR,0x92a48f5adcb613e3:0xcd804db139c43810,,,,-1.4436532,-48.4907297,,Reduto,+55 91 3117-1600,559000000000.0,ChIJ4xO23FqPpJIREDjEObFNgM0,66053-000,$$,27,,7,5.0,1.0,1.0,0.0,0.0,State of Pará,"Av. Visc. de Souza Franco, 514","Av. Visc. De Souza Franco, 514",,Doca Duo,Doca Duo,4.3,https://www.google.com/maps/search/?api=1&query=Doca%20Duo&query_place_id=ChIJ4xO23FqPpJIREDjEObFNgM0,https://www.instagram.com/doca_duo/,
"Av. Sen. Lemos, 252 B - Umarizal, Belém - PA, 66050-000, Brazil","Av. Sen. Lemos, 252 B - Umarizal, Belém - Pa, 66050-000, Brazil",Bar,,,,,,,,,Pub,1.57e+19,Belém,BR,0x92a48ebb4fe495c9:0xda1c7d247d23597b,,,,-1.4409513,-48.4893028,,Umarizal,,,ChIJyZXkT7uOpJIRe1kjfSR9HNo,66050-000,$$,19,,1,1.0,0.0,0.0,0.0,0.0,State of Pará,"Av. Sen. Lemos, 252 B","Av. Sen. Lemos, 252 B",,Hred Pub,Hred Pub,5.0,https://www.google.com/maps/search/?api=1&query=Hred%20Pub&query_place_id=ChIJyZXkT7uOpJIRe1kjfSR9HNo,,Monday-Thursday: 16:00 to 01:00; Friday-Saturday: 16:00 to 02:30; Sunday: 14:00 to 01:00
"R. Diogo Móia, 324-380 - Umarizal, Belém - PA, 66055-171, Brazil","R. Diogo Móia, 324-380 - Umarizal, Belém - Pa, 66055-171, Brazil",Restaurant,Bar,Pub,,,,,,,Pub,1.1e+19,Belém,BR,0x92a48ea267141f0d:0x98c28e764f26b03e,,,,-1.4441882,-48.485858,,Umarizal,,,ChIJDR8UZ6KOpJIRPrAmT3aOwpg,66055-171,$$,18,,220,123.0,63.0,4.0,24.0,6.0,State of Pará,"R. Diogo Móia, 324-380","R. Diogo Móia, 324-380",,The KING'S PUB,The King'S Pub,4.3,https://www.google.com/maps/search/?api=1&query=The%20KING'S%20PUB&query_place_id=ChIJDR8UZ6KOpJIRPrAmT3aOwpg,http://kingsgastropub.vitrinevirtual.net/,Monday-Thursday: 07:00 to 23:00; Friday-Saturday: 08:00 to 23:00; Sunday: 07:00 to 23:00
"R. Cônego Jerônimo Pimentel, 410 - Umarizal, Belém - PA, 66055-002, Brazil","R. Cônego Jerônimo Pimentel, 410 - Umarizal, Belém - Pa, 66055-002, Brazil",Bar,,,,,,,,,Pub,1.03e+19,Belém,BR,0x92a48ea49ee24391:0x8e762f57aaec42da,,,,-1.4411997,-48.4873237,,Umarizal,+55 91 2121-1325,559000000000.0,ChIJkUPinqSOpJIR2kLsqlcvdo4,66055-002,$$,17,,15,9.0,3.0,0.0,3.0,0.0,State of Pará,"R. Cônego Jerônimo Pimentel, 410","R. Cônego Jerônimo Pimentel, 410",,The Speakeasy Pub,The Speakeasy Pub,4.4,https://www.google.com/maps/search/?api=1&query=The%20Speakeasy%20Pub&query_place_id=ChIJkUPinqSOpJIR2kLsqlcvdo4,,Monday-Sunday: 09:00 to 17:00
"Tv. Barão do Triunfo, 1050 - Pedreira, Belém - PA, 66087-270, Brazil","Tv. Barão Do Triunfo, 1050 - Pedreira, Belém - Pa, 66087-270, Brazil",Pub,Bar,,,,,,,,Pub,1.19e+19,Belém,BR,0x92a48bfce7454181:0xa4b0d2aa899c766d,,,,-1.4239197,-48.475864,,Pedreira,+55 91 99816-5291,5590000000000.0,ChIJgUFF5_yLpJIRbXaciarSsKQ,66087-270,$$,14,,105,86.0,17.0,0.0,2.0,0.0,State of Pará,"Tv. Barão do Triunfo, 1050","Tv. Barão Do Triunfo, 1050",,Max Bar,Max Bar,4.8,https://www.google.com/maps/search/?api=1&query=Max%20Bar&query_place_id=ChIJgUFF5_yLpJIRbXaciarSsKQ,,Monday: Closed; Tuesday-Wednesday: 17:00 to 01:00; Thursday: Closed; Friday: 17:00 to 04:00; Saturday-Sunday: Closed
"Av. Pedro Miranda, 245 - Pedreira, Belém - PA, 66085-005, Brazil","Av. Pedro Miranda, 245 - Pedreira, Belém - Pa, 66085-005, Brazil",Gastropub,,,,,,,,,Pub,1.11e+19,Belém,BR,0x92a48dfec279b871:0x997c8fd7e111acc2,,,,-1.4360652,-48.4777692,,Pedreira,+55 91 98631-3012,5590000000000.0,ChIJcbh5wv6NpJIRwqwR4dePfJk,66085-005,$$,15,,16,9.0,4.0,1.0,2.0,0.0,State of Pará,"Av. Pedro Miranda, 245","Av. Pedro Miranda, 245",,PUB FICTION,Pub Fiction,4.3,https://www.google.com/maps/search/?api=1&query=PUB%20FICTION&query_place_id=ChIJcbh5wv6NpJIRwqwR4dePfJk,,
"R. Ferreira Pena, 276 - loja 06 GALERIA 276 - Umarizal, Belém - PA, 66050-140, Brazil","R. Ferreira Pena, 276 - Loja 06 Galeria 276 - Umarizal, Belém - Pa, 66050-140, Brazil",Irish pub,,,,,,,,,Pub,1.69e+19,Belém,BR,0x92a48fcf0cc22e83:0xe9da9d537ec9692e,,,Galeria 276,-1.4386804,-48.4822205,,Umarizal,+55 91 98574-1345,5590000000000.0,ChIJgy7CDM-PpJIRLmnJflOd2uk,66050-140,$$,12,,0,,,,,,State of Pará,"R. Ferreira Pena, 276 - loja 06 GALERIA 276","R. Ferreira Pena, 276 - Loja 06 Galeria 276",,Canoa Pub,Canoa Pub,,https://www.google.com/maps/search/?api=1&query=Canoa%20Pub&query_place_id=ChIJgy7CDM-PpJIRLmnJflOd2uk,,
"Tv. Manoel Evaristo, 865 - Umarizal, Belém - PA, 66050-290, Brazil","Tv. Manoel Evaristo, 865 - Umarizal, Belém - Pa, 66050-290, Brazil",Pub,,,,,,,,,Pub,1.18e+19,Belém,BR,0x92a48f589f57eee1:0xa43f52ece8c6a314,,,,-1.435053,-48.4848103,,Umarizal,+55 91 98803-7221,5590000000000.0,ChIJ4e5Xn1iPpJIRFKPG6OxSP6Q,66050-290,$$,6,,15,13.0,1.0,1.0,0.0,0.0,State of Pará,"Tv. Manoel Evaristo, 865","Tv. Manoel Evaristo, 865",,Buteco Bendita Marvada - Filial,Buteco Bendita Marvada - Filial,4.7,https://www.google.com/maps/search/?api=1&query=Buteco%20Bendita%20Marvada%20-%20Filial&query_place_id=ChIJ4e5Xn1iPpJIRFKPG6OxSP6Q,https://www.instagram.com/benditamarvada_belem_filial,Monday-Sunday: 11:00 to 00:00
"R. Veiga Cabral, 420 - Cidade Velha, Belém - PA, 66023-709, Brazil","R. Veiga Cabral, 420 - Cidade Velha, Belém - Pa, 66023-709, Brazil",Restaurant,Bar,,,,,,,,Pub,1.32e+19,Belém,BR,0x92a48f74d6681517:0xb6bd4627ece9fdee,,,,-1.4640952,-48.4993099,,Cidade Velha,,,ChIJFxVo1nSPpJIR7v3p7CdGvbY,66023-709,$$,19,,121,74.0,23.0,7.0,12.0,5.0,State of Pará,"R. Veiga Cabral, 420","R. Veiga Cabral, 420",,Bar e Restaurante Dupará,Bar E Restaurante Dupará,4.3,https://www.google.com/maps/search/?api=1&query=Bar%20e%20Restaurante%20Dupar%C3%A1&query_place_id=ChIJFxVo1nSPpJIR7v3p7CdGvbY,,Monday-Saturday: 09:00 to 01:45; Sunday: Closed
"Av. Bernardo Sayão - Cidade Velha, Belém - PA, 66025-670, Brazil","Av. Bernardo Sayão - Cidade Velha, Belém - Pa, 66025-670, Brazil",Bar,,,,,,,,,Pub,1.79e+19,Belém,BR,0x92a48fe257bd3a0d:0xf8c79e4726305108,,,,-1.4694127,-48.5008081,,Cidade Velha,,,ChIJDTq9V-KPpJIRCFEwJkeex_g,,$$,10,,37,26.0,6.0,0.0,3.0,2.0,State of Pará,Av. Bernardo Sayão,Av. Bernardo Sayão,,Palácio do bar,Palácio Do Bar,4.5,https://www.google.com/maps/search/?api=1&query=Pal%C3%A1cio%20do%20bar&query_place_id=ChIJDTq9V-KPpJIRCFEwJkeex_g,,Monday-Thursday: 17:00 to 02:00; Friday-Sunday: 15:00 to 04:00
"Tv. Padre Eutíquio, 3979 - Condor, Belém - PA, 66065-165, Brazil","Tv. Padre Eutíquio, 3979 - Condor, Belém - Pa, 66065-165, Brazil",Bar,,,,,,,,,Pub,2.92e+18,Belém,BR,0x92a48d8467b34031:0x2881232e0dbffb13,,,,-1.4735361,-48.4730645,,Condor,+55 91 99273-1978,5590000000000.0,ChIJMUCzZ4SNpJIRE_u_DS4jgSg,66065-165,$$,20,,11,7.0,1.0,1.0,0.0,2.0,State of Pará,"Tv. Padre Eutíquio, 3979","Tv. Padre Eutíquio, 3979",,Floresta Acgua Pub,Floresta Acgua Pub,4.0,https://www.google.com/maps/search/?api=1&query=Floresta%20Acgua%20Pub&query_place_id=ChIJMUCzZ4SNpJIRE_u_DS4jgSg,https://instagram.com/florestaacguapub?igshid=OGQ5ZDc2ODk2ZA==,
"Av. Duque de Caxias, 939 - Marco, Belém - PA, 66093-027, Brazil","Av. Duque De Caxias, 939 - Marco, Belém - Pa, 66093-027, Brazil",Bar,,,,,,,,,Pub,4.05e+18,Belém,BR,0x92a48d26a9ac729f:0x3839837814ad2f59,,,,-1.4327901,-48.4641443,,Marco,,,ChIJn3KsqSaNpJIRWS-tFHiDOTg,66093-027,$$,18,,1,1.0,0.0,0.0,0.0,0.0,State of Pará,"Av. Duque de Caxias, 939","Av. Duque De Caxias, 939",,Pubs House,Pubs House,5.0,https://www.google.com/maps/search/?api=1&query=Pubs%20House&query_place_id=ChIJn3KsqSaNpJIRWS-tFHiDOTg,,
"Tv. Perebebuí, 1051 - Pedreira, Belém - PA, 66083-773, Brazil","Tv. Perebebuí, 1051 - Pedreira, Belém - Pa, 66083-773, Brazil",Gastropub,Chop bar,Cocktail bar,Hamburger restaurant,Irish pub,Restaurant,Rock music club,,,Pub,1.44e+19,Belém,BR,0x92a48b5c591a298f:0xc79ae4145fd10058,,,,-1.4211929,-48.4657057,https://contate.me/rock-pub1051,Pedreira,+55 91 98409-6576,5590000000000.0,ChIJjykaWVyLpJIRWADRXxTkmsc,66083-773,$$,15,,201,166.0,20.0,6.0,8.0,1.0,State of Pará,"Tv. Perebebuí, 1051","Tv. Perebebuí, 1051",,Rockpub1051,Rockpub1051,4.7,https://www.google.com/maps/search/?api=1&query=Rockpub1051&query_place_id=ChIJjykaWVyLpJIRWADRXxTkmsc,,
"Tv. Humaitá, 2612 - Marco, Belém - PA, 66093-047, Brazil","Tv. Humaitá, 2612 - Marco, Belém - Pa, 66093-047, Brazil",Bar,,,,,,,,,Pub,1.45e+18,Belém,BR,0x92a48dec3d5ef0e7:0x1427c610b37b9e0b,,,,-1.4425308,-48.4613457,,Marco,,,ChIJ5_BePeyNpJIRC557sxDGJxQ,66093-047,$$,14,,2,2.0,0.0,0.0,0.0,0.0,State of Pará,"Tv. Humaitá, 2612","Tv. Humaitá, 2612",,Night pub,Night Pub,5.0,https://www.google.com/maps/search/?api=1&query=Night%20pub&query_place_id=ChIJ5_BePeyNpJIRC557sxDGJxQ,,
"R. Cametá, 250 - Cidade Velha, Belém - PA, 66020-120, Brazil","R. Cametá, 250 - Cidade Velha, Belém - Pa, 66020-120, Brazil",Bar,,,,,,,,,Pub,5.5e+18,Belém,BR,0x92a48ef5fc1b6877:0x4c449625784b412e,,,,-1.4598103,-48.5034525,,Cidade Velha,,,ChIJd2gb_PWOpJIRLkFLeCWWREw,66020-120,$$,5,,67,51.0,8.0,3.0,5.0,0.0,State of Pará,"R. Cametá, 250","R. Cametá, 250",,Toneca Rock Bar,Toneca Rock Bar,4.6,https://www.google.com/maps/search/?api=1&query=Toneca%20Rock%20Bar&query_place_id=ChIJd2gb_PWOpJIRLkFLeCWWREw,,Monday-Sunday: 08:00 to 00:00
"Av. Alm. Tamandaré, 588 - Cidade Velha, Belém - PA, 66020-000, Brazil","Av. Alm. Tamandaré, 588 - Cidade Velha, Belém - Pa, 66020-000, Brazil",Bar,,,,,,,,,Brazilian boteco,5.53e+18,Belém,BR,0x92a48f1db9251e73:0x4cb684b56bd507c9,,,,-1.4594272,-48.4997386,,Cidade Velha,,,ChIJcx4luR2PpJIRyQfVa7WEtkw,66020-000,$,4,,16,11.0,2.0,2.0,1.0,0.0,State of Pará,"Av. Alm. Tamandaré, 588","Av. Alm. Tamandaré, 588",,BAR PIMENTEL,Bar Pimentel,4.3,https://www.google.com/maps/search/?api=1&query=BAR%20PIMENTEL&query_place_id=ChIJcx4luR2PpJIRyQfVa7WEtkw,,Monday-Sunday: Atendimento 24 horas
"R. Veiga Cabral, 649 - Cidade Velha, Belém - PA, 66023-708, Brazil","R. Veiga Cabral, 649 - Cidade Velha, Belém - Pa, 66023-708, Brazil",Cocktail bar,,,,,,,,,Cocktail bar,6.06e+18,Belém,BR,0x92a48f24df7fb11b:0x540e051814bf4d20,,,,-1.462647,-48.4977086,,Cidade Velha,+55 91 99309-7025,5590000000000.0,ChIJG7F_3ySPpJIRIE2_FBgFDlQ,66023-708,$$,2,https://www.google.com/maps/reserve/v/dine/c/JHA58EWO8SU?source=pa&opi=79508299&hl=en-US&gei=Mp--Z-eqN-S90PEPiPebkQ0&sourceurl=http://www.google.com/service/MapsPlaceService/GetPlace?hl%3Den%26authuser%3D0%26gl%3Dus%26q%3DPuba%2BBar,6,6.0,0.0,0.0,0.0,0.0,State of Pará,"R. Veiga Cabral, 649","R. Veiga Cabral, 649",,Puba Bar,Puba Bar,5.0,https://www.google.com/maps/search/?api=1&query=Puba%20Bar&query_place_id=ChIJG7F_3ySPpJIRIE2_FBgFDlQ,,
"Av. João Paulo II, 1922 - Marco, Belém - PA, 66095-495, Brazil","Av. João Paulo Ii, 1922 - Marco, Belém - Pa, 66095-495, Brazil",Bar & grill,Restaurant,,,,,,,,Bar & grill,2.4e+18,Belém,BR,0x92a48c76c8e20cc9:0x2156f4e5756c8cdb,,,Codominio Dona Maria Jacira,-1.4330291,-48.4522211,,Marco,+55 91 98427-0727,5590000000000.0,ChIJyQziyHaMpJIR24xsdeX0ViE,66095-495,$,9,,406,215.0,97.0,19.0,64.0,11.0,State of Pará,"Av. João Paulo II, 1922","Av. João Paulo Ii, 1922",,Restaurante D'Rossi Grill,Restaurante D'Rossi Grill,4.2,https://www.google.com/maps/search/?api=1&query=Restaurante%20D'Rossi%20Grill&query_place_id=ChIJyQziyHaMpJIR24xsdeX0ViE,,Monday-Tuesday: Closed; Wednesday-Saturday: 16:00 to 00:00; Sunday: Closed
"Tv. Teófilo Condurú - Canudos, Belém - PA, 66070-530, Brazil","Tv. Teófilo Condurú - Canudos, Belém - Pa, 66070-530, Brazil",Bar & grill,,,,,,,,,Bar & grill,1.78e+19,Belém,BR,0x92a48dc26cd0ac6f:0xf66e9f93de3714a4,,,,-1.4521039,-48.4612382,,Canudos,+55 91 98597-8730,5590000000000.0,ChIJb6zQbMKNpJIRpBQ33pOfbvY,66070-530,$$,8,,0,,,,,,State of Pará,Tv. Teófilo Condurú,Tv. Teófilo Condurú,,Boteco Da Diretoria,Boteco Da Diretoria,,https://www.google.com/maps/search/?api=1&query=Boteco%20Da%20Diretoria&query_place_id=ChIJb6zQbMKNpJIRpBQ33pOfbvY,,
"Av. Alm. Barroso - São Brás, Belém - PA, 66070-080, Brazil","Av. Alm. Barroso - São Brás, Belém - Pa, 66070-080, Brazil",Chop bar,,,,,,,,,Pub,1.13e+19,Belém,BR,0x92a48d26a420b763:0x9d6fefef253ab7c8,,,,-1.4477959,-48.4656994,,São Brás,+55 91 98995-1023,5590000000000.0,ChIJY7cgpCaNpJIRyLc6Je_vb50,66070-080,$$,13,,0,,,,,,State of Pará,Av. Alm. Barroso,Av. Alm. Barroso,,Pub bee,Pub Bee,,https://www.google.com/maps/search/?api=1&query=Pub%20bee&query_place_id=ChIJY7cgpCaNpJIRyLc6Je_vb50,,
"Av. Rômulo Maiorana, 2341 - São Brás, Belém - PA, 66093-635, Brazil","Av. Rômulo Maiorana, 2341 - São Brás, Belém - Pa, 66093-635, Brazil",Bar,,,,,,,,,Pub,2.94e+18,Belém,BR,0x92a48b1e5d35e2a7:0x28c5b2b95a70a7f8,,,,-1.4279182,-48.4570793,,São Brás,,,ChIJp-I1XR6LpJIR-KdwWrmyxSg,66093-635,$$,12,,17,15.0,1.0,0.0,1.0,0.0,State of Pará,"Av. Rômulo Maiorana, 2341","Av. Rômulo Maiorana, 2341",,PRIMUS PUB,Primus Pub,4.8,https://www.google.com/maps/search/?api=1&query=PRIMUS%20PUB&query_place_id=ChIJp-I1XR6LpJIR-KdwWrmyxSg,,
"Av. Duque de Caxias, 1229 - Marco, Belém - PA, 66093-029, Brazil","Av. Duque De Caxias, 1229 - Marco, Belém - Pa, 66093-029, Brazil",Restaurant,,,,,,,,,Bar & grill,1.24e+19,Belém,BR,0x92a48d26edbc37cb:0xabc9b6777b946ef0,,,,-1.4362171,-48.466267,,Marco,+55 91 98498-5409,5590000000000.0,ChIJyze87SaNpJIR8G6Ue3e2yas,66093-029,$$,10,,6,6.0,0.0,0.0,0.0,0.0,State of Pará,"Av. Duque de Caxias, 1229","Av. Duque De Caxias, 1229",,Pub Grill Duque,Pub Grill Duque,5.0,https://www.google.com/maps/search/?api=1&query=Pub%20Grill%20Duque&query_place_id=ChIJyze87SaNpJIR8G6Ue3e2yas,,
"Av. Conselheiro Furtado, 2760 - Cremação, Belém - PA, 66040-100, Brazil","Av. Conselheiro Furtado, 2760 - Cremação, Belém - Pa, 66040-100, Brazil",Irish pub,,,,,,,,,Pub,7.52e+18,Belém,BR,0x92a48d53caf3ed83:0x686b99b8ddc3a773,,,,-1.4566198,-48.473785,,Cremação,,,ChIJg-3zylONpJIRc6fD3biZa2g,66040-100,$$,19,,1,1.0,0.0,0.0,0.0,0.0,State of Pará,"Av. Conselheiro Furtado, 2760","Av. Conselheiro Furtado, 2760",,San Bernard,San Bernard,5.0,https://www.google.com/maps/search/?api=1&query=San%20Bernard&query_place_id=ChIJg-3zylONpJIRc6fD3biZa2g,,
"Tv. Dom Romualdo de Seixas, 1230 - Umarizal, Belém - PA, 66055-200, Brazil","Tv. Dom Romualdo De Seixas, 1230 - Umarizal, Belém - Pa, 66055-200, Brazil",Irish pub,,,,,,,,,Pub,1.77e+19,Belém,BR,0x92a48ea3d435f109:0xf572d62cc7803488,,,,-1.4429444,-48.4839496,,Umarizal,,,ChIJCfE11KOOpJIRiDSAxyzWcvU,66055-200,$$,18,,948,555.0,258.0,26.0,87.0,22.0,State of Pará,"Tv. Dom Romualdo de Seixas, 1230","Tv. Dom Romualdo De Seixas, 1230",,Iron Pub,Iron Pub,4.4,https://www.google.com/maps/search/?api=1&query=Iron%20Pub&query_place_id=ChIJCfE11KOOpJIRiDSAxyzWcvU,http://instagram.com/ironpub_/,Monday-Sunday: 12:00 to 00:00
"Tv. Monte Alegre, 704 - Cidade Velha, Belém - PA, 66025-435, Brazil","Tv. Monte Alegre, 704 - Cidade Velha, Belém - Pa, 66025-435, Brazil",Bar,,,,,,,,,Pub,1.6e+19,Belém,BR,0x92a48fbfe92bf553:0xde883228d06ff3d1,,,,-1.4663246,-48.4985152,,Cidade Velha,,,ChIJU_Ur6b-PpJIR0fNv0CgyiN4,66025-435,$$,12,,5,5.0,0.0,0.0,0.0,0.0,State of Pará,"Tv. Monte Alegre, 704","Tv. Monte Alegre, 704",,FAIAL'S PUB,Faial'S Pub,5.0,https://www.google.com/maps/search/?api=1&query=FAIAL'S%20PUB&query_place_id=ChIJU_Ur6b-PpJIR0fNv0CgyiN4,,Monday-Thursday: Closed; Friday: 16:00 to 01:00; Saturday: 10:00 to 01:00; Sunday: 10:00 to 00:00
"Tv. Gurupá, 258 - Cidade Velha, Belém - PA, 66020-320, Brazil","Tv. Gurupá, 258 - Cidade Velha, Belém - Pa, 66020-320, Brazil",Bar,,,,,,,,,Pub,8.52e+18,Belém,BR,0x92a48f9be462723b:0x763e2296c59441f3,,,,-1.4598316,-48.5030959,,Cidade Velha,,,ChIJO3Ji5JuPpJIR80GUxZYiPnY,66020-320,$$,7,,1,1.0,0.0,0.0,0.0,0.0,State of Pará,"Tv. Gurupá, 258","Tv. Gurupá, 258",,Zion pub,Zion Pub,5.0,https://www.google.com/maps/search/?api=1&query=Zion%20pub&query_place_id=ChIJO3Ji5JuPpJIR80GUxZYiPnY,,Monday-Wednesday: Closed; Thursday-Sunday: 16:00 to 01:00
"R. Siqueira Mendes, 24 - Cidade Velha, Belém - PA, 66020-130, Brazil","R. Siqueira Mendes, 24 - Cidade Velha, Belém - Pa, 66020-130, Brazil",Bar,,,,,,,,,Brazilian boteco,1.27e+19,Belém,BR,0x92a48ef6f9463ef3:0xafc934742c327046,,,,-1.4578986,-48.5058828,,Cidade Velha,+55 91 98166-9812,5590000000000.0,ChIJ8z5G-faOpJIRRnAyLHQ0ya8,66020-130,$,11,,54,40.0,8.0,1.0,4.0,1.0,State of Pará,"R. Siqueira Mendes, 24","R. Siqueira Mendes, 24",,Bar Nosso Recanto,Bar Nosso Recanto,4.6,https://www.google.com/maps/search/?api=1&query=Bar%20Nosso%20Recanto&query_place_id=ChIJ8z5G-faOpJIRRnAyLHQ0ya8,,Monday-Sunday: 11:00 to 23:00
"Tv. Cel. Luíz Bentes, 98 - Telégrafo, Belém - PA, 66113-235, Brazil","Tv. Cel. Luíz Bentes, 98 - Telégrafo, Belém - Pa, 66113-235, Brazil",Bar,,,,,,,,,Brazilian boteco,1.84e+19,Belém,BR,0x92a489ca50b16da9:0xffab4ee5be4272fe,,,,-1.4278366,-48.4899172,,Telégrafo,,,ChIJqW2xUMqJpJIR_nJCvuVOq_8,66113-235,$,53,,2,1.0,0.0,0.0,1.0,0.0,State of Pará,"Tv. Cel. Luíz Bentes, 98","Tv. Cel. Luíz Bentes, 98",,Mercantil e Bar Resenha,Mercantil E Bar Resenha,4.0,https://www.google.com/maps/search/?api=1&query=Mercantil%20e%20Bar%20Resenha&query_place_id=ChIJqW2xUMqJpJIR_nJCvuVOq_8,,
"Passagem Salvador, 8 - Telégrafo, Belém - PA, 66113-210, Brazil","Passagem Salvador, 8 - Telégrafo, Belém - Pa, 66113-210, Brazil",Convenience store,Bar,,,,,,,,Pub,1.52e+19,Belém,BR,0x92a48953cb081f9f:0xd37b0fed9f0c997b,,,,-1.4273761,-48.4873551,,Telégrafo,,,ChIJnx8Iy1OJpJIRe5kMn-0Pe9M,66113-210,$$,71,,0,,,,,,State of Pará,"Passagem Salvador, 8","Passagem Salvador, 8",,D'Lucca depósito e conveniência,D'Lucca Depósito E Conveniência,,https://www.google.com/maps/search/?api=1&query=D'Lucca%20dep%C3%B3sito%20e%20conveni%C3%AAncia&query_place_id=ChIJnx8Iy1OJpJIRe5kMn-0Pe9M,,Monday-Sunday: 08:00 to 17:00
"Av. Sen. Lemos &, Passagem Dom João - Telégrafo, Belém - PA, 66113-430, Brazil","Av. Sen. Lemos &, Passagem Dom João - Telégrafo, Belém - Pa, 66113-430, Brazil",Bar,,,,,,,,,Brazilian boteco,1.14e+19,Belém,BR,0x92a48914c44cd11f:0x9e3f0402d1f263e8,,,,-1.4248453,-48.4840549,,Telégrafo,,,ChIJH9FMxBSJpJIR6GPy0QIEP54,66113-430,$,66,,0,,,,,,State of Pará,"Av. Sen. Lemos &, Passagem Dom João","Av. Sen. Lemos &, Passagem Dom João",,Caverna do fera,Caverna Do Fera,,https://www.google.com/maps/search/?api=1&query=Caverna%20do%20fera&query_place_id=ChIJH9FMxBSJpJIR6GPy0QIEP54,,
"Passagem Boca do Acre - Telégrafo, Belém - PA, 66115-091, Brazil","Passagem Boca Do Acre - Telégrafo, Belém - Pa, 66115-091, Brazil",Bar,,,,,,,,,Brazilian boteco,1.77e+19,Belém,BR,0x92a4895b7c797f91:0xf5cc22fa2b771113,,,,-1.4195837,-48.4866468,,Telégrafo,,,ChIJkX95fFuJpJIRExF3K_oizPU,66115-091,$,64,,0,,,,,,State of Pará,Passagem Boca do Acre,Passagem Boca Do Acre,,Bar da NEGA,Bar Da Nega,,https://www.google.com/maps/search/?api=1&query=Bar%20da%20NEGA&query_place_id=ChIJkX95fFuJpJIRExF3K_oizPU,,
"Passagem Lava Pés, 46 - Telégrafo, Belém - PA, 66083-360, Brazil","Passagem Lava Pés, 46 - Telégrafo, Belém - Pa, 66083-360, Brazil",Bar,,,,,,,,,Brazilian boteco,2e+18,Belém,BR,0x92a48950d09dba3f:0x1bb89cbf28210d96,,,,-1.4237858,-48.4822596,,Telégrafo,,,ChIJP7qd0FCJpJIRlg0hKL-cuBs,66083-360,$,63,,0,,,,,,State of Pará,"Passagem Lava Pés, 46","Passagem Lava Pés, 46",,Bar da Rosinha,Bar Da Rosinha,,https://www.google.com/maps/search/?api=1&query=Bar%20da%20Rosinha&query_place_id=ChIJP7qd0FCJpJIRlg0hKL-cuBs,,
"R. Prof. Nelson Ribeiro, 45 - Umarizal, Belém - PA, 66050-420, Brazil","R. Prof. Nelson Ribeiro, 45 - Umarizal, Belém - Pa, 66050-420, Brazil",Bar,,,,,,,,,Brazilian boteco,1.83e+19,Belém,BR,0x92a4894e79809a01:0xfdf2d59f7f25dd4a,,,,-1.4265899,-48.4907398,,Umarizal,,,ChIJAZqAeU6JpJIRSt0lf5_V8v0,66050-420,$,62,,0,,,,,,State of Pará,"R. Prof. Nelson Ribeiro, 45","R. Prof. Nelson Ribeiro, 45",,Bar das Gatas,Bar Das Gatas,,https://www.google.com/maps/search/?api=1&query=Bar%20das%20Gatas&query_place_id=ChIJAZqAeU6JpJIRSt0lf5_V8v0,,Monday-Tuesday: Closed; Wednesday: 17:00 to 00:00; Thursday: 17:00 to 01:00; Friday: 17:00 to 04:00; Saturday: 16:00 to 04:00; Sunday: 16:00 to 00:00
"358, Passagem Boca do Acre, 338 - Telégrafo, Belém - PA, 66115-091, Brazil","358, Passagem Boca Do Acre, 338 - Telégrafo, Belém - Pa, 66115-091, Brazil",Bar,,,,,,,,,Brazilian boteco,1.09e+16,Belém,BR,0x92a4895a95e67f73:0x26b7e21beffda3,,,,-1.4222795,-48.4873271,,Telégrafo,,,ChIJc3_mlVqJpJIRo_3vG-K3JgA,66115-091,$,61,,9,5.0,2.0,1.0,1.0,0.0,State of Pará,"358, Passagem Boca do Acre, 338","358, Passagem Boca Do Acre, 338",,Bar Do Kirin,Bar Do Kirin,4.1,https://www.google.com/maps/search/?api=1&query=Bar%20Do%20Kirin&query_place_id=ChIJc3_mlVqJpJIRo_3vG-K3JgA,,Monday-Wednesday: 16:00 to 00:00; Thursday: 12:00 to 00:00; Friday: 12:00 to 03:00; Saturday: 12:00 to 00:00; Sunday: Closed
"Passagem Boca do Acre - Telégrafo, Belém - PA, 66115-091, Brazil","Passagem Boca Do Acre - Telégrafo, Belém - Pa, 66115-091, Brazil",Bar,,,,,,,,,Brazilian boteco,6.58e+18,Belém,BR,0x92a489058b79488f:0x5b522563cb549c36,,,,-1.4249548,-48.4883786,,Telégrafo,+55 91 98550-7538,5590000000000.0,ChIJj0h5iwWJpJIRNpxUy2MlUls,66115-091,$,58,,0,,,,,,State of Pará,Passagem Boca do Acre,Passagem Boca Do Acre,,CIA DA BEBIDA BELÉM,Cia Da Bebida Belém,,https://www.google.com/maps/search/?api=1&query=CIA%20DA%20BEBIDA%20BEL%C3%89M&query_place_id=ChIJj0h5iwWJpJIRNpxUy2MlUls,,
"Av. Sen. Lemos, 2150 - Telégrafo, Belém - PA, 66113-000, Brazil","Av. Sen. Lemos, 2150 - Telégrafo, Belém - Pa, 66113-000, Brazil",Bar,,,,,,,,,Brazilian boteco,1.74e+19,Belém,BR,0x92a489c0c874ac75:0xf1ce413ef7816d43,,,,-1.4247998,-48.4839055,,Telégrafo,,,ChIJdax0yMCJpJIRQ22B9z5BzvE,66113-000,$,57,,0,,,,,,State of Pará,"Av. Sen. Lemos, 2150","Av. Sen. Lemos, 2150",,Bar do Chico,Bar Do Chico,,https://www.google.com/maps/search/?api=1&query=Bar%20do%20Chico&query_place_id=ChIJdax0yMCJpJIRQ22B9z5BzvE,,"Monday: Closed; Tuesday: 11:00 to 15:00, 18:00 to 23:50; Wednesday: 12:00 to 16:00, 18:00 to 23:50; Thursday: 11:00 to 15:00, 18:00 to 23:50; Friday-Saturday: 11:30 to 01:00; Sunday: 11:00 to 23:30"
"Tv. Barão do Triunfo, 4 - Sacramenta, Belém - PA, 66120-220, Brazil","Tv. Barão Do Triunfo, 4 - Sacramenta, Belém - Pa, 66120-220, Brazil",Bar,,,,,,,,,Brazilian boteco,3.01e+18,Belém,BR,0x92a48911480a6e8f:0x29d1185877ff4e7b,,,,-1.4182705,-48.4842165,,Sacramenta,+55 91 98194-2138,5590000000000.0,ChIJj24KSBGJpJIRe07_d1gY0Sk,66120-220,$,56,,1,0.0,1.0,0.0,0.0,0.0,State of Pará,"Tv. Barão do Triunfo, 4","Tv. Barão Do Triunfo, 4",,Cervejaria do Benezão,Cervejaria Do Benezão,4.0,https://www.google.com/maps/search/?api=1&query=Cervejaria%20do%20Benez%C3%A3o&query_place_id=ChIJj24KSBGJpJIRe07_d1gY0Sk,,Monday-Tuesday: Closed; Wednesday-Sunday: 18:00 to 04:00
"Passagem Bom Futuro, 285 - Telégrafo, Belém - PA, 66113-320, Brazil","Passagem Bom Futuro, 285 - Telégrafo, Belém - Pa, 66113-320, Brazil",Bar,,,,,,,,,Brazilian boteco,1.15e+19,Belém,BR,0x92a489c203b382e7:0x9f07e12db162d698,,,,-1.4214635,-48.4865616,,Telégrafo,,,ChIJ54KzA8KJpJIRmNZisS3hB58,66113-320,$,55,,14,9.0,2.0,0.0,2.0,1.0,State of Pará,"Passagem Bom Futuro, 285","Passagem Bom Futuro, 285",,Casa Baião,Casa Baião,4.4,https://www.google.com/maps/search/?api=1&query=Casa%20Bai%C3%A3o&query_place_id=ChIJ54KzA8KJpJIRmNZisS3hB58,,Monday-Thursday: Closed; Friday: 05:30 to 03:00; Saturday: 06:00 to 04:30; Sunday: 05:00 to 00:30
"Passagem Dom João, n•177 - Telégrafo, Belém - PA, 66113-430, Brazil","Passagem Dom João, N•177 - Telégrafo, Belém - Pa, 66113-430, Brazil",Sports bar,,,,,,,,,Sports bar,1.72e+19,Belém,BR,0x92a4896c25e70997:0xef5c2adca29005de,,,,-1.4250331,-48.4847099,,Telégrafo,+55 91 98319-8440,5590000000000.0,ChIJlwnnJWyJpJIR3gWQotwqXO8,66113-430,$$,54,,0,,,,,,State of Pará,"Passagem Dom João, n•177","Passagem Dom João, N•177",,Sede Torcida Fiel Bonde Guerreiro,Sede Torcida Fiel Bonde Guerreiro,,https://www.google.com/maps/search/?api=1&query=Sede%20Torcida%20Fiel%20Bonde%20Guerreiro&query_place_id=ChIJlwnnJWyJpJIR3gWQotwqXO8,,
"Tv. Cel. Luíz Bentes, 132 - Telégrafo, Belém - PA, 66113-080, Brazil","Tv. Cel. Luíz Bentes, 132 - Telégrafo, Belém - Pa, 66113-080, Brazil",Bar,,,,,,,,,Brazilian boteco,3.47e+18,Belém,BR,0x92a489e9ad301f49:0x3020d5f962ea9099,,,,-1.4287007,-48.4870714,,Telégrafo,+55 91 98951-7183,5590000000000.0,ChIJSR8wremJpJIRmZDqYvnVIDA,66113-080,$,51,,108,78.0,18.0,6.0,6.0,0.0,State of Pará,"Tv. Cel. Luíz Bentes, 132","Tv. Cel. Luíz Bentes, 132",,Boteco do Bilão,Boteco Do Bilão,4.5,https://www.google.com/maps/search/?api=1&query=Boteco%20do%20Bil%C3%A3o&query_place_id=ChIJSR8wremJpJIRmZDqYvnVIDA,https://instagram.com/pagodedobilao?utm_medium=copy_link,Monday-Friday: 11:00 to 23:00; Saturday-Sunday: 09:30 to 00:30
"Tv. Cel. Luíz Bentes, 93 - Telégrafo, Belém - PA, 66113-080, Brazil","Tv. Cel. Luíz Bentes, 93 - Telégrafo, Belém - Pa, 66113-080, Brazil",Bar,,,,,,,,,Brazilian boteco,7.41e+18,Belém,BR,0x92a4894deac8f761:0x66e5363e282a4bc5,,,,-1.4276896,-48.4898833,,Telégrafo,,,ChIJYffI6k2JpJIRxUsqKD425WY,66113-080,$,50,,0,,,,,,State of Pará,"Tv. Cel. Luíz Bentes, 93","Tv. Cel. Luíz Bentes, 93",,BOTECO EM CASA,Boteco Em Casa,,https://www.google.com/maps/search/?api=1&query=BOTECO%20EM%20CASA&query_place_id=ChIJYffI6k2JpJIRxUsqKD425WY,,Monday: Closed; Tuesday-Saturday: 11:00 to 00:00; Sunday: Closed
"trav: Coronel Luiz Bentes, 70a - Telégrafo, Belém - PA, 66113-080, Brazil","Trav: Coronel Luiz Bentes, 70A - Telégrafo, Belém - Pa, 66113-080, Brazil",Cocktail bar,,,,,,,,,Cocktail bar,3.02e+18,Belém,BR,0x92a489e2a53f068b:0x29e107a3dc3785b7,,,,-1.4276538,-48.4905731,,Telégrafo,+55 91 99357-8126,5590000000000.0,ChIJiwY_peKJpJIRt4U33KMH4Sk,66113-080,$$,45,,5,5.0,0.0,0.0,0.0,0.0,State of Pará,"trav: Coronel Luiz Bentes, 70a","Trav: Coronel Luiz Bentes, 70A",,POINT MIX,Point Mix,5.0,https://www.google.com/maps/search/?api=1&query=POINT%20MIX&query_place_id=ChIJiwY_peKJpJIRt4U33KMH4Sk,,Monday: Closed; Tuesday-Wednesday: 17:00 to 00:00; Thursday: 17:00 to 01:00; Friday: 17:00 to 03:00; Saturday-Sunday: Closed
"Passagem Santa Cruz, 227 - Telégrafo, Belém - PA, 66115-080, Brazil","Passagem Santa Cruz, 227 - Telégrafo, Belém - Pa, 66115-080, Brazil",Live music bar,,,,,,,,,Pub,8.31e+17,Belém,BR,0x92a4891cbbe16bf9:0xb88d3836f38a425,,,,-1.420459,-48.4876532,,Telégrafo,+55 91 98066-6552,5590000000000.0,ChIJ-WvhuxyJpJIRJaQ4b4PTiAs,66115-080,$$,42,,12,8.0,3.0,1.0,0.0,0.0,State of Pará,"Passagem Santa Cruz, 227","Passagem Santa Cruz, 227",,Cervejaria Pit Stop,Cervejaria Pit Stop,4.4,https://www.google.com/maps/search/?api=1&query=Cervejaria%20Pit%20Stop&query_place_id=ChIJ-WvhuxyJpJIRJaQ4b4PTiAs,,Monday-Sunday: Atendimento 24 horas
"Passagem São Pedro, 34 - Telégrafo, Belém - PA, 66113-520, Brazil","Passagem São Pedro, 34 - Telégrafo, Belém - Pa, 66113-520, Brazil",Bar,,,,,,,,,Brazilian boteco,1.15e+19,Belém,BR,0x92a4895a18aca2af:0x9f77ea724a38be9e,,,,-1.4221152,-48.4840382,,Telégrafo,,,ChIJr6KsGFqJpJIRnr44SnLqd58,66113-520,$,36,,7,5.0,2.0,0.0,0.0,0.0,State of Pará,"Passagem São Pedro, 34","Passagem São Pedro, 34",,Bar Do Ari,Bar Do Ari,4.7,https://www.google.com/maps/search/?api=1&query=Bar%20Do%20Ari&query_place_id=ChIJr6KsGFqJpJIRnr44SnLqd58,,
"Tv. do Chaco, 680 - Pedreira, Belém - PA, 66085-451, Brazil","Tv. Do Chaco, 680 - Pedreira, Belém - Pa, 66085-451, Brazil",Bar & grill,,,,,,,,,Bar & grill,8.68e+18,Belém,BR,0x92a48d5bac45e44d:0x788472b21d01723c,,,,-1.4349704,-48.4754368,,Pedreira,+55 91 99373-6184,5590000000000.0,ChIJTeRFrFuNpJIRPHIBHbJyhHg,66085-451,$$,15,,11,8.0,2.0,0.0,1.0,0.0,State of Pará,"Tv. do Chaco, 680","Tv. Do Chaco, 680",,DIRETORIA 29,Diretoria 29,4.6,https://www.google.com/maps/search/?api=1&query=DIRETORIA%2029&query_place_id=ChIJTeRFrFuNpJIRPHIBHbJyhHg,https://www.facebook.com/Diretoria-29-388925758544261/?modal=admin_todo_tour,
"Passagem Boca do Acre, 481 - Telégrafo, Belém - PA, 66115-091, Brazil","Passagem Boca Do Acre, 481 - Telégrafo, Belém - Pa, 66115-091, Brazil",Bar,,,,,,,,,Brazilian boteco,1.04e+19,Belém,BR,0x92a48967f94e04b7:0x90dd4ddfe5d9f505,,,,-1.4222029,-48.487395,,Telégrafo,+55 91 98069-5349,5590000000000.0,ChIJtwRO-WeJpJIRBfXZ5d9N3ZA,66115-091,$,27,,6,5.0,1.0,0.0,0.0,0.0,State of Pará,"Passagem Boca do Acre, 481","Passagem Boca Do Acre, 481",,MR bebidas,Mr Bebidas,4.8,https://www.google.com/maps/search/?api=1&query=MR%20bebidas&query_place_id=ChIJtwRO-WeJpJIRBfXZ5d9N3ZA,,Monday-Sunday: Atendimento 24 horas
"Av. Sen. Lemos, 4224 - Sacramenta, Belém - PA, 66120-000, Brazil","Av. Sen. Lemos, 4224 - Sacramenta, Belém - Pa, 66120-000, Brazil",Bar & grill,,,,,,,,,Bar & grill,1.15e+19,Belém,BR,0x92a48bdd38edde5b:0x9f0c7ef598097b00,,,Igreja Assembléia De Deus Sacramenta II,-1.4144446,-48.4695382,,Sacramenta,+55 91 3264-5881,559000000000.0,ChIJW97tON2LpJIRAHsJmPV-DJ8,66120-000,$$,14,,34,13.0,12.0,0.0,7.0,2.0,State of Pará,"Av. Sen. Lemos, 4224","Av. Sen. Lemos, 4224",,Churrasco Trés Irmãos,Churrasco Trés Irmãos,4.1,https://www.google.com/maps/search/?api=1&query=Churrasco%20Tr%C3%A9s%20Irm%C3%A3os&query_place_id=ChIJW97tON2LpJIRAHsJmPV-DJ8,,
"Passagem Santos, 30 - Sacramenta, Belém - PA, 66120-110, Brazil","Passagem Santos, 30 - Sacramenta, Belém - Pa, 66120-110, Brazil",Sports bar,,,,,,,,,Sports bar,1.44e+19,Belém,BR,0x92a4897060ecc2b5:0xc79e9be189d0a8cb,,,,-1.41676,-48.483004,,Sacramenta,+55 62 99335-9278,5560000000000.0,ChIJtcLsYHCJpJIRy6jQieGbnsc,66120-110,$$,24,,1,1.0,0.0,0.0,0.0,0.0,State of Pará,"Passagem Santos, 30","Passagem Santos, 30",,Nk Cervejaria,Nk Cervejaria,5.0,https://www.google.com/maps/search/?api=1&query=Nk%20Cervejaria&query_place_id=ChIJtcLsYHCJpJIRy6jQieGbnsc,,
"Av. Marquês de Herval, 2356 - Pedreira, Belém - PA, 66085-317, Brazil","Av. Marquês De Herval, 2356 - Pedreira, Belém - Pa, 66085-317, Brazil",Bar & grill,,,,,,,,,Bar & grill,7.34e+18,Belém,BR,0x92a48be81f1047e7:0x65e8dc1a85eb20ae,,,,-1.4210637,-48.4634882,https://linktr.ee/ELMiradorespetobar?fbclid=PAZXh0bgNhZW0CMTEAAaZhiIW0mVsOlnhN5rENDzYZCrZsV0HYFq51bV23cz7BNllWSz2rRLHjrQs_aem_AavRuG7eA8NvQmZUOaI7divw5sG10WWKojdgSH5UMOYBT5ANU6M5wvcvHcg90lR-NiNHp49rGmYddStbl78euipc,Pedreira,+55 91 99212-6476,5590000000000.0,ChIJ50cQH-iLpJIRriDrhRrc6GU,66085-317,$$,11,,24,20.0,3.0,0.0,1.0,0.0,State of Pará,"Av. Marquês de Herval, 2356","Av. Marquês De Herval, 2356",,EL MIRADOR Espeto Bar,El Mirador Espeto Bar,4.8,https://www.google.com/maps/search/?api=1&query=EL%20MIRADOR%20Espeto%20Bar&query_place_id=ChIJ50cQH-iLpJIRriDrhRrc6GU,,Monday-Friday: 10:00 to 22:00; Saturday: Closed; Sunday: 10:00 to 22:00
"Av. Dr. Freitas, 82B - Pedreira, Belém - PA, 66095-110, Brazil","Av. Dr. Freitas, 82B - Pedreira, Belém - Pa, 66095-110, Brazil",Bar & grill,Barbecue restaurant,,,,,,,,Bar & grill,1.24e+19,Belém,BR,0x92a48bc28742a62f:0xabed063b13a8d9b9,,,,-1.4114222,-48.4735441,,Pedreira,+55 91 98317-4119,5590000000000.0,ChIJL6ZCh8KLpJIRudmoEzsG7as,66095-110,$,9,,31,17.0,7.0,4.0,2.0,1.0,State of Pará,"Av. Dr. Freitas, 82B","Av. Dr. Freitas, 82B",,Bar Churrascaria do Indio,Bar Churrascaria Do Indio,4.0,https://www.google.com/maps/search/?api=1&query=Bar%20Churrascaria%20do%20Indio&query_place_id=ChIJL6ZCh8KLpJIRudmoEzsG7as,,Monday-Wednesday: Closed; Thursday-Saturday: 20:00 to 01:00; Sunday: Closed
"FINAL DA DJALMA DUTRA S/N}, R. Prof. Nelson Ribeiro - Telégrafo, Belém - PA, 66113-075, Brazil","Final Da Djalma Dutra S/N}, R. Prof. Nelson Ribeiro - Telégrafo, Belém - Pa, 66113-075, Brazil",Bar,,,,,,,,,Pub,1.8e+19,Belém,BR,0x92a4894cebe8a7a7:0xf92424f550ce6440,,,,-1.42952,-48.4917232,,Telégrafo,,,ChIJp6fo60yJpJIRQGTOUPUkJPk,66113-075,$$,26,,977,728.0,148.0,22.0,66.0,13.0,State of Pará,"FINAL DA DJALMA DUTRA S/N}, R. Prof. Nelson Ribeiro","Final Da Djalma Dutra S/N}, R. Prof. Nelson Ribeiro",,PORTO SOLAMAR,Porto Solamar,4.6,https://www.google.com/maps/search/?api=1&query=PORTO%20SOLAMAR&query_place_id=ChIJp6fo60yJpJIRQGTOUPUkJPk,,Monday-Saturday: 08:00 to 20:00; Sunday: Closed
"Tv. Cel. Luíz Bentes, 411 - Telégrafo, Belém - PA, 66113-080, Brazil","Tv. Cel. Luíz Bentes, 411 - Telégrafo, Belém - Pa, 66113-080, Brazil",Restaurant,Pub,,,,,,,,Pub,1.49e+19,Belém,BR,0x92a4896b6c895175:0xcf1c8d0e69e253bc,,,,-1.429193,-48.4846961,,Telégrafo,+55 91 99177-3747,5590000000000.0,ChIJdVGJbGuJpJIRvFPiaQ6NHM8,66113-080,$$,25,,1,1.0,0.0,0.0,0.0,0.0,State of Pará,"Tv. Cel. Luíz Bentes, 411","Tv. Cel. Luíz Bentes, 411",,Bola Preta Bar e Restaurante,Bola Preta Bar E Restaurante,5.0,https://www.google.com/maps/search/?api=1&query=Bola%20Preta%20Bar%20e%20Restaurante&query_place_id=ChIJdVGJbGuJpJIRvFPiaQ6NHM8,,
"Tv. Cel. Luíz Bentes, 388 - Telégrafo, Belém - PA, 66113-085, Brazil","Tv. Cel. Luíz Bentes, 388 - Telégrafo, Belém - Pa, 66113-085, Brazil",Bar,,,,,,,,,Pub,4.76e+18,Belém,BR,0x92a489db0b25b041:0x421c81ce5c098f26,,,,-1.4293126,-48.4848421,,Telégrafo,+55 91 98094-2080,5590000000000.0,ChIJQbAlC9uJpJIRJo8JXM6BHEI,66113-085,$$,24,,8,6.0,2.0,0.0,0.0,0.0,State of Pará,"Tv. Cel. Luíz Bentes, 388","Tv. Cel. Luíz Bentes, 388",,Ibiza Acústico Bar,Ibiza Acústico Bar,4.8,https://www.google.com/maps/search/?api=1&query=Ibiza%20Ac%C3%BAstico%20Bar&query_place_id=ChIJQbAlC9uJpJIRJo8JXM6BHEI,,Monday-Thursday: 08:00 to 22:00; Friday: 08:00 to 02:00; Saturday: 09:00 to 17:00; Sunday: Closed
"Entre Brotinho e Pinheiro Filho - Av. Pedro Álvares Cabral, 2750 - Telégrafo, Belém - PA, 66120-620, Brazil","Entre Brotinho E Pinheiro Filho - Av. Pedro Álvares Cabral, 2750 - Telégrafo, Belém - Pa, 66120-620, Brazil",Bar,,,,,,,,,Brazilian boteco,7.46e+17,Belém,BR,0x92a48950f05796b7:0xa5ba8272bb0bf8e,,,,-1.4231182,-48.4856959,,Telégrafo,+55 91 98759-5620,5590000000000.0,ChIJt5ZX8FCJpJIRjr-wKyeoWwo,66120-620,$$,22,,31,25.0,3.0,1.0,1.0,1.0,State of Pará,"Entre Brotinho e Pinheiro Filho - Av. Pedro Álvares Cabral, 2750","Entre Brotinho E Pinheiro Filho - Av. Pedro Álvares Cabral, 2750",,Point Do Rony,Point Do Rony,4.6,https://www.google.com/maps/search/?api=1&query=Point%20Do%20Rony&query_place_id=ChIJt5ZX8FCJpJIRjr-wKyeoWwo,,Monday: Closed; Tuesday-Sunday: 12:00 to 00:00
"Sacramenta, Belém - State of Pará, 66120-220, Brazil","Sacramenta, Belém - State Of Pará, 66120-220, Brazil",Bar,,,,,,,,,Brazilian boteco,8.65e+18,Belém,BR,0x92a4895c30f1ac99:0x77fd9400bf7aa76f,,,,-1.4179125,-48.4845355,,Sacramenta,,,ChIJmazxMFyJpJIRb6d6vwCU_Xc,,$,19,,3,3.0,0.0,0.0,0.0,0.0,State of Pará,,,,Bar E Mercearia Da Josi,Bar E Mercearia Da Josi,5.0,https://www.google.com/maps/search/?api=1&query=Bar%20E%20Mercearia%20Da%20Josi&query_place_id=ChIJmazxMFyJpJIRb6d6vwCU_Xc,,Monday-Sunday: 08:00 to 18:00
"R. Curuçá, 1065 - Telégrafo, Belém - PA, 66113-250, Brazil","R. Curuçá, 1065 - Telégrafo, Belém - Pa, 66113-250, Brazil",Bar,,,,,,,,,Brazilian boteco,1.53e+19,Belém,BR,0x92a48954a3c1ed9b:0xd3d681a3ff923cfc,,,,-1.4295669,-48.4833503,,Telégrafo,,,ChIJm-3Bo1SJpJIR_DyS_6OB1tM,66113-250,$,18,,5,3.0,0.0,1.0,1.0,0.0,State of Pará,"R. Curuçá, 1065","R. Curuçá, 1065",,CANTO Bar e Petiscaria,Canto Bar E Petiscaria,3.8,https://www.google.com/maps/search/?api=1&query=CANTO%20Bar%20e%20Petiscaria&query_place_id=ChIJm-3Bo1SJpJIR_DyS_6OB1tM,,Monday-Saturday: 09:30 to 22:00; Sunday: Closed
"Rua doa Bancários, 12 - Telégrafo, Belém - PA, 66113-200, Brazil","Rua Doa Bancários, 12 - Telégrafo, Belém - Pa, 66113-200, Brazil",Cocktail bar,Bar,,,,,,,,Cocktail bar,1.37e+19,Belém,BR,0x92a489a983a820cb:0xbea5007f0788da91,,,,-1.4290186,-48.4882906,,Telégrafo,+55 91 99131-0290,5590000000000.0,ChIJyyCog6mJpJIRkdqIB38Apb4,66113-200,$$,16,,49,31.0,9.0,3.0,4.0,2.0,State of Pará,"Rua doa Bancários, 12","Rua Doa Bancários, 12",,Bar da Bica Belém,Bar Da Bica Belém,4.3,https://www.google.com/maps/search/?api=1&query=Bar%20da%20Bica%20Bel%C3%A9m&query_place_id=ChIJyyCog6mJpJIRkdqIB38Apb4,,Monday: Closed; Tuesday-Wednesday: 10:00 to 00:00; Thursday: 10:00 to 02:00; Friday-Saturday: 10:00 to 04:00; Sunday: 11:00 to 00:00
"R. Curuçá, 1123 - Telégrafo, Belém - PA, 66113-250, Brazil","R. Curuçá, 1123 - Telégrafo, Belém - Pa, 66113-250, Brazil",Bar,,,,,,,,,Brazilian boteco,7.79e+18,Belém,BR,0x92a489549a45da97:0x6c0a295c968c1b9a,,,,-1.4290847,-48.4832302,,Telégrafo,,,ChIJl9pFmlSJpJIRmhuMllwpCmw,66113-250,$,13,,5,3.0,1.0,0.0,1.0,0.0,State of Pará,"R. Curuçá, 1123","R. Curuçá, 1123",,Maia's Bar,Maia'S Bar,4.4,https://www.google.com/maps/search/?api=1&query=Maia's%20Bar&query_place_id=ChIJl9pFmlSJpJIRmhuMllwpCmw,,Monday-Sunday: 10:00 to 00:00
"FINAL DA, Tv. Djalma Dutra, S/N - Telégrafo, Belém - PA, 66113, Brazil","Final Da, Tv. Djalma Dutra, S/N - Telégrafo, Belém - Pa, 66113, Brazil",Bar,,,,,,,,,Brazilian boteco,1.74e+19,Belém,BR,0x92a4896dc0dec93b:0xf0d68d8b6602b380,,,,-1.4295043,-48.4916692,,Telégrafo,,,ChIJO8newG2JpJIRgLMCZouN1vA,66113,$,12,,2,1.0,1.0,0.0,0.0,0.0,State of Pará,"FINAL DA, Tv. Djalma Dutra, S/N","Final Da, Tv. Djalma Dutra, S/N",,Bar do Roberto,Bar Do Roberto,4.5,https://www.google.com/maps/search/?api=1&query=Bar%20do%20Roberto&query_place_id=ChIJO8newG2JpJIRgLMCZouN1vA,,Monday-Sunday: 07:00 to 22:00
"Passagem Boca do Acre, 530 - Telégrafo, Belém - PA, 66115-091, Brazil","Passagem Boca Do Acre, 530 - Telégrafo, Belém - Pa, 66115-091, Brazil",Bar,,,,,,,,,Brazilian boteco,1.84e+19,Belém,BR,0x92a489c5e3ef33b3:0xffdd80bb7972e427,,,,-1.4205687,-48.4868463,,Telégrafo,,,ChIJszPv48WJpJIRJ-RyebuA3f8,66115-091,$,11,,1,1.0,0.0,0.0,0.0,0.0,State of Pará,"Passagem Boca do Acre, 530","Passagem Boca Do Acre, 530",,Bar do Jaca,Bar Do Jaca,5.0,https://www.google.com/maps/search/?api=1&query=Bar%20do%20Jaca&query_place_id=ChIJszPv48WJpJIRJ-RyebuA3f8,,
"Passagem Praiana &, R. Prof. Nelson Ribeiro, 1 - Telégrafo, Belém - PA, 66113-150, Brazil","Passagem Praiana &, R. Prof. Nelson Ribeiro, 1 - Telégrafo, Belém - Pa, 66113-150, Brazil",Bar,,,,,,,,,Brazilian boteco,4.27e+18,Belém,BR,0x92a489b56ff5f807:0x3b506b789139c6e8,,,,-1.4284668,-48.4907488,,Telégrafo,+55 91 98108-7792,5590000000000.0,ChIJB_j1b7WJpJIR6MY5kXhrUDs,66113-150,$,10,,0,,,,,,State of Pará,"Passagem Praiana &, R. Prof. Nelson Ribeiro, 1","Passagem Praiana &, R. Prof. Nelson Ribeiro, 1",,Bellas Bar,Bellas Bar,,https://www.google.com/maps/search/?api=1&query=Bellas%20Bar&query_place_id=ChIJB_j1b7WJpJIR6MY5kXhrUDs,https://www.lojalocal.com/18957909000106,
"Telégrafo, Belém - State of Pará, 66115-000, Brazil","Telégrafo, Belém - State Of Pará, 66115-000, Brazil",Bar,,,,,,,,,Brazilian boteco,1.6e+19,Belém,BR,0x92a4894544168ba5:0xde97ba7c774d0141,,,,-1.4225127,-48.4896027,,Telégrafo,,,ChIJpYsWREWJpJIRQQFNd3y6l94,66115-000,$,4,,8,7.0,0.0,0.0,1.0,0.0,State of Pará,,,,Bar Do Benicio,Bar Do Benicio,4.8,https://www.google.com/maps/search/?api=1&query=Bar%20Do%20Benicio&query_place_id=ChIJpYsWREWJpJIRQQFNd3y6l94,,
"Telégrafo, Belém - State of Pará, 66115-080, Brazil","Telégrafo, Belém - State Of Pará, 66115-080, Brazil",Bar,,,,,,,,,Pub,1.02e+19,Belém,BR,0x92a4895acd7053eb:0x8d28d5d4a22e8465,,,,-1.4217743,-48.4886279,,Telégrafo,,,ChIJ61NwzVqJpJIRZYQuotTVKI0,,$$,19,,1,1.0,0.0,0.0,0.0,0.0,State of Pará,,,,Emporio Amorim Pub & Conveniência,Emporio Amorim Pub & Conveniência,5.0,https://www.google.com/maps/search/?api=1&query=Emporio%20Amorim%20Pub%20%26%20Conveni%C3%AAncia&query_place_id=ChIJ61NwzVqJpJIRZYQuotTVKI0,,
"Tv. Barão do Triunfo, 2089 - Pedreira, Belém - PA, 66087-270, Brazil","Tv. Barão Do Triunfo, 2089 - Pedreira, Belém - Pa, 66087-270, Brazil",Bar,,,,,,,,,Pub,1.29e+19,Belém,BR,0x92a48b0038ed2cc7:0xb34b5846a942a845,,,,-1.4288216,-48.4679015,,Pedreira,,,ChIJxyztOACLpJIRRahCqUZYS7M,66087-270,$$,12,,1,1.0,0.0,0.0,0.0,0.0,State of Pará,"Tv. Barão do Triunfo, 2089","Tv. Barão Do Triunfo, 2089",,PUB (BAR) DONA ROSA,Pub (Bar) Dona Rosa,5.0,https://www.google.com/maps/search/?api=1&query=PUB%20(BAR)%20DONA%20ROSA&query_place_id=ChIJxyztOACLpJIRRahCqUZYS7M,,
"Tv. dos Apinagés, 2018 - Condor, Belém - PA, 66045-110, Brazil","Tv. Dos Apinagés, 2018 - Condor, Belém - Pa, 66045-110, Brazil",Bar,,,,,,,,,Brazilian boteco,1.1e+19,Belém,BR,0x92a48ddf7ae0aa19:0x9937457c663bd647,,,,-1.4719091,-48.4782393,,Condor,,,ChIJGarget-NpJIRR9Y7ZnxFN5k,66045-110,$,18,,1,1.0,0.0,0.0,0.0,0.0,State of Pará,"Tv. dos Apinagés, 2018","Tv. Dos Apinagés, 2018",,Mendonças Bar,Mendonças Bar,5.0,https://www.google.com/maps/search/?api=1&query=Mendon%C3%A7as%20Bar&query_place_id=ChIJGarget-NpJIRR9Y7ZnxFN5k,,Monday: 17:00 to 19:00; Tuesday-Thursday: 12:00 to 00:00; Friday: 12:00 to 01:00; Saturday: 11:00 to 01:00; Sunday: 12:00 to 00:00
"Alameda Dona Isabel, casa 119 - Marco, Belém - PA, 68447-000, Brazil","Alameda Dona Isabel, Casa 119 - Marco, Belém - Pa, 68447-000, Brazil",Bar & grill,,,,,,,,,Bar & grill,4.24e+18,Belém,BR,0x92a48baf37e6dcbf:0x3ae7b61d9a1dbea2,,,,-1.4258586,-48.4580487,,Marco,,,ChIJv9zmN6-LpJIRor4dmh225zo,68447-000,$$,20,,17,11.0,2.0,1.0,2.0,1.0,State of Pará,"Alameda Dona Isabel, casa 119","Alameda Dona Isabel, Casa 119",,Boteco do Leão,Boteco Do Leão,4.2,https://www.google.com/maps/search/?api=1&query=Boteco%20do%20Le%C3%A3o&query_place_id=ChIJv9zmN6-LpJIRor4dmh225zo,,Monday-Saturday: 08:00 to 23:30; Sunday: Closed
"R. dos Tambés, 518-696 - Condor, Belém - PA, 66033-780, Brazil","R. Dos Tambés, 518-696 - Condor, Belém - Pa, 66033-780, Brazil",Bar,,,,,,,,,Pub,1.67e+19,Belém,BR,0x92a48f2fe05230d7:0xe75472292f2e1152,,,,-1.4736531,-48.4813283,,Condor,,,ChIJ1zBS4C-PpJIRUhEuLylyVOc,66033-780,$$,17,,5,3.0,0.0,0.0,1.0,1.0,State of Pará,"R. dos Tambés, 518-696","R. Dos Tambés, 518-696",,Pingos Bar,Pingos Bar,4.0,https://www.google.com/maps/search/?api=1&query=Pingos%20Bar&query_place_id=ChIJ1zBS4C-PpJIRUhEuLylyVOc,,Monday-Sunday: 11:00 to 00:00
"R. dos Caripunas, 436 - Jurunas, Belém - PA, 66030-680, Brazil","R. Dos Caripunas, 436 - Jurunas, Belém - Pa, 66030-680, Brazil",Bar,,,,,,,,,Brazilian boteco,1.83e+19,Belém,BR,0x92a48e6bfb1ddbdd:0xfe2905956e1437ab,,,,-1.471179,-48.4942472,,Jurunas,,,ChIJ3dsd-2uOpJIRqzcUbpUFKf4,66030-680,$,16,,3,3.0,0.0,0.0,0.0,0.0,State of Pará,"R. dos Caripunas, 436","R. Dos Caripunas, 436",,Bar Do Lima,Bar Do Lima,5.0,https://www.google.com/maps/search/?api=1&query=Bar%20Do%20Lima&query_place_id=ChIJ3dsd-2uOpJIRqzcUbpUFKf4,,
"R. dos Caripunas, 368 - Jurunas, Belém - PA, 66030-680, Brazil","R. Dos Caripunas, 368 - Jurunas, Belém - Pa, 66030-680, Brazil",Bar,,,,,,,,,Brazilian boteco,5.25e+18,Belém,BR,0x92a48e6bec87b673:0x48df5cbebac87b6e,,,,-1.4716665,-48.494613,,Jurunas,,,ChIJc7aH7GuOpJIRbnvIur5c30g,66030-680,$,13,,16,9.0,4.0,2.0,1.0,0.0,State of Pará,"R. dos Caripunas, 368","R. Dos Caripunas, 368",,Bar Do Cardoso,Bar Do Cardoso,4.1,https://www.google.com/maps/search/?api=1&query=Bar%20Do%20Cardoso&query_place_id=ChIJc7aH7GuOpJIRbnvIur5c30g,,Monday-Wednesday: 16:00 to 00:00; Thursday: 16:00 to 01:00; Friday-Saturday: 15:00 to 04:00; Sunday: 16:00 to 00:00
"Tv. Quintino Bocaiúva, 3607 - Reduto, Belém - PA, 66045-320, Brazil","Tv. Quintino Bocaiúva, 3607 - Reduto, Belém - Pa, 66045-320, Brazil",Bar,,,,,,,,,Brazilian boteco,1.14e+18,Belém,BR,0x92a48e7136decca9:0xfca9ed9c521974e,,,,-1.4702165,-48.4841665,,Reduto,,,ChIJqczeNnGOpJIRTpchxdmeyg8,66045-320,$,12,,20,16.0,4.0,0.0,0.0,0.0,State of Pará,"Tv. Quintino Bocaiúva, 3607","Tv. Quintino Bocaiúva, 3607",,BAR E LANCHONETE DA LENE,Bar E Lanchonete Da Lene,4.8,https://www.google.com/maps/search/?api=1&query=BAR%20E%20LANCHONETE%20DA%20LENE&query_place_id=ChIJqczeNnGOpJIRTpchxdmeyg8,,
"R. Gaiapós, 30 - Condor, Belém - PA, 66033-840, Brazil","R. Gaiapós, 30 - Condor, Belém - Pa, 66033-840, Brazil",Bar,,,,,,,,,Brazilian boteco,4.54e+18,Belém,BR,0x92a48e0a87cadc03:0x3effc2f33dc40383,,,,-1.4758586,-48.4793857,,Condor,,,ChIJA9zKhwqOpJIRgwPEPfPC_z4,66033-840,$,9,,1,1.0,0.0,0.0,0.0,0.0,State of Pará,"R. Gaiapós, 30","R. Gaiapós, 30",,Bar De Copa,Bar De Copa,5.0,https://www.google.com/maps/search/?api=1&query=Bar%20De%20Copa&query_place_id=ChIJA9zKhwqOpJIRgwPEPfPC_z4,,
"Tv. Monte Alegre, 1512 - Jurunas, Belém - PA, 66023-040, Brazil","Tv. Monte Alegre, 1512 - Jurunas, Belém - Pa, 66023-040, Brazil",Bar,,,,,,,,,Brazilian boteco,1.83e+19,Belém,BR,0x92a48fc5ffbfb3b5:0xfd98bb5f560ab31a,,,,-1.470939,-48.4924925,,Jurunas,,,ChIJtbO__8WPpJIRGrMKVl-7mP0,66023-040,$,7,,51,38.0,8.0,0.0,3.0,2.0,State of Pará,"Tv. Monte Alegre, 1512","Tv. Monte Alegre, 1512",,BAR DO VAL,Bar Do Val,4.6,https://www.google.com/maps/search/?api=1&query=BAR%20DO%20VAL&query_place_id=ChIJtbO__8WPpJIRGrMKVl-7mP0,,Monday-Saturday: 08:00 to 23:00; Sunday: Closed
"Av. Bernardo Sayão, 1917 - Jurunas, Belém - PA, 66033-190, Brazil","Av. Bernardo Sayão, 1917 - Jurunas, Belém - Pa, 66033-190, Brazil",Bar,,,,,,,,,Brazilian boteco,8.58e+18,Belém,BR,0x92a48e1254609989:0x771b84fb288ba5a9,,,,-1.476438,-48.4910521,,Jurunas,,,ChIJiZlgVBKOpJIRqaWLKPuEG3c,66033-190,$,5,,9,9.0,0.0,0.0,0.0,0.0,State of Pará,"Av. Bernardo Sayão, 1917","Av. Bernardo Sayão, 1917",,Bar Da Diana,Bar Da Diana,5.0,https://www.google.com/maps/search/?api=1&query=Bar%20Da%20Diana&query_place_id=ChIJiZlgVBKOpJIRqaWLKPuEG3c,,
"R. dos Timbiras, 419 - Jurunas, Belém - PA, 66030-610, Brazil","R. Dos Timbiras, 419 - Jurunas, Belém - Pa, 66030-610, Brazil",Bar,,,,,,,,,Brazilian boteco,1.14e+19,Belém,BR,0x92a48f9ce6a40419:0x9e96698013290cf5,,,,-1.4714577,-48.4929064,,Jurunas,,,ChIJGQSk5pyPpJIR9QwpE4Bplp4,66030-610,$,2,,1,1.0,0.0,0.0,0.0,0.0,State of Pará,"R. dos Timbiras, 419","R. Dos Timbiras, 419",,Bar do joelson,Bar Do Joelson,5.0,https://www.google.com/maps/search/?api=1&query=Bar%20do%20joelson&query_place_id=ChIJGQSk5pyPpJIR9QwpE4Bplp4,,
"Av. Norte, 1157-1197 - Maracangalha, Belém - PA, 66110-054, Brazil","Av. Norte, 1157-1197 - Maracangalha, Belém - Pa, 66110-054, Brazil",Beer hall,,,,,,,,,Brazilian boteco,1.72e+19,Belém,BR,0x92a4893e0f8a163b:0xeeca872a97cbd89b,,,,-1.3997243,-48.4859857,,Maracangalha,+55 91 98503-3411,5590000000000.0,ChIJOxaKDz6JpJIRm9jLlyqHyu4,66110-054,$,15,,4,2.0,1.0,1.0,0.0,0.0,State of Pará,"Av. Norte, 1157-1197","Av. Norte, 1157-1197",,Bar Da Marly,Bar Da Marly,3.8,https://www.google.com/maps/search/?api=1&query=Bar%20Da%20Marly&query_place_id=ChIJOxaKDz6JpJIRm9jLlyqHyu4,,Monday-Sunday: 07:30 to 03:30
"Av. Duque de Caxias, 1224 B entre Lomas Valentinas e, Tv. Dr. Enéas Pinheiro - Marco, Belém - PA, 66093-400, Brazil","Av. Duque De Caxias, 1224 B Entre Lomas Valentinas E, Tv. Dr. Enéas Pinheiro - Marco, Belém - Pa, 66093-400, Brazil",Gastropub,Bar,,,,,,,,Pub,1.4e+19,Belém,BR,0x92a48bf5a0d7a64f:0xc2b1297543fc511a,,,,-1.428818,-48.4614266,,Marco,,,ChIJT6bXoPWLpJIRGlH8Q3UpscI,66093-400,$$,19,,738,422.0,173.0,31.0,91.0,21.0,State of Pará,"Av. Duque de Caxias, 1224 B entre Lomas Valentinas e, Tv. Dr. Enéas Pinheiro","Av. Duque De Caxias, 1224 B Entre Lomas Valentinas E, Tv. Dr. Enéas Pinheiro",,Heisenberg Pub,Heisenberg Pub,4.3,https://www.google.com/maps/search/?api=1&query=Heisenberg%20Pub&query_place_id=ChIJT6bXoPWLpJIRGlH8Q3UpscI,,
"Av. Rodolfo Chermont, 469 - Marambaia, Belém - PA, 66615-170, Brazil","Av. Rodolfo Chermont, 469 - Marambaia, Belém - Pa, 66615-170, Brazil",Kebab shop,,,,,,,,,Bar & grill,1.24e+19,Belém,BR,0x92a48bce1b995161:0xac7f0cc3cd20eb85,,,,-1.4058835,-48.4532746,,Marambaia,+55 91 98154-8829,5590000000000.0,ChIJYVGZG86LpJIRhesgzcMMf6w,66615-170,$$,17,,12,9.0,1.0,1.0,1.0,0.0,State of Pará,"Av. Rodolfo Chermont, 469","Av. Rodolfo Chermont, 469",,Boteco Espeto na Brasa,Boteco Espeto Na Brasa,4.4,https://www.google.com/maps/search/?api=1&query=Boteco%20Espeto%20na%20Brasa&query_place_id=ChIJYVGZG86LpJIRhesgzcMMf6w,https://instagram.com/botecoespetonabrasa?utm_medium=copy_link,
"Av. Tavares Bastos, 1260 - Marambaia, Belém - PA, 66615-005, Brazil","Av. Tavares Bastos, 1260 - Marambaia, Belém - Pa, 66615-005, Brazil",Bar & grill,Restaurant,,,,,,,,Bar & grill,3.41e+18,Belém,BR,0x92a48bb2158fbbef:0x2f5f35640339bab1,,,,-1.4032532,-48.4499254,,Marambaia,+55 91 98104-3047,5590000000000.0,ChIJ77uPFbKLpJIRsbo5A2Q1Xy8,66615-005,$,2,,244,163.0,46.0,9.0,18.0,8.0,State of Pará,"Av. Tavares Bastos, 1260","Av. Tavares Bastos, 1260",,Lotus Grill,Lotus Grill,4.4,https://www.google.com/maps/search/?api=1&query=Lotus%20Grill&query_place_id=ChIJ77uPFbKLpJIRsbo5A2Q1Xy8,,
"Av. Rodolfo Chermont, 1607 - Marambaia, Belém - PA, 66615-170, Brazil","Av. Rodolfo Chermont, 1607 - Marambaia, Belém - Pa, 66615-170, Brazil",Bar,Beer hall,Brewery,Live music venue,Restaurant,Sports bar,,,,Brazilian boteco,1.11e+19,Belém,BR,0x92a48b4ff61fdd83:0x99adb9ffc3fa528e,,,,-1.3950333,-48.4540854,,Marambaia,+55 91 99943-4291,5590000000000.0,ChIJg90f9k-LpJIRjlL6w_-5rZk,66615-170,$$,9,,70,45.0,6.0,12.0,5.0,2.0,State of Pará,"Av. Rodolfo Chermont, 1607","Av. Rodolfo Chermont, 1607",,Boteco Santa Matta - Bar e Restaurante,Boteco Santa Matta - Bar E Restaurante,4.0,https://www.google.com/maps/search/?api=1&query=Boteco%20Santa%20Matta%20-%20Bar%20e%20Restaurante&query_place_id=ChIJg90f9k-LpJIRjlL6w_-5rZk,,
"Av. Rodolfo Chermont, 658 - Marambaia, Belém - PA, 66615-170, Brazil","Av. Rodolfo Chermont, 658 - Marambaia, Belém - Pa, 66615-170, Brazil",Convenience store,,,,,,,,,Pub,3.53e+18,Belém,BR,0x92a48b5dd46ca7ed:0x30f8075daad95143,,,,-1.4032012,-48.4531604,,Marambaia,,,ChIJ7ads1F2LpJIRQ1HZql0H-DA,66615-170,$$,42,,1,1.0,0.0,0.0,0.0,0.0,State of Pará,"Av. Rodolfo Chermont, 658","Av. Rodolfo Chermont, 658",,King's Beer Conveniência,King'S Beer Conveniência,5.0,https://www.google.com/maps/search/?api=1&query=King's%20Beer%20Conveni%C3%AAncia&query_place_id=ChIJ7ads1F2LpJIRQ1HZql0H-DA,https://www.instagram.com/kingsbeerbelem_?igsh=MzRlODBiNWFlZA==,
"Av. Rodolfo Chermont, 1183 - Marambaia, Belém - PA, 66620-000, Brazil","Av. Rodolfo Chermont, 1183 - Marambaia, Belém - Pa, 66620-000, Brazil",Night club,,,,,,,,,Night club,7.17e+18,Belém,BR,0x92a48bc70e02eabb:0x6379cae6563946ff,,,,-1.3989989,-48.4538395,,Marambaia,+55 91 98234-3009,5590000000000.0,ChIJu-oCDseLpJIR_0Y5VubKeWM,66620-000,$$,41,,4,3.0,1.0,0.0,0.0,0.0,State of Pará,"Av. Rodolfo Chermont, 1183","Av. Rodolfo Chermont, 1183",,Coliseu Prime - Gastrô Bar,Coliseu Prime - Gastrô Bar,4.8,https://www.google.com/maps/search/?api=1&query=Coliseu%20Prime%20-%20Gastr%C3%B4%20Bar&query_place_id=ChIJu-oCDseLpJIR_0Y5VubKeWM,,
"Av. Rodolfo Chermont, 426 - Marambaia, Belém - PA, 66615-170, Brazil","Av. Rodolfo Chermont, 426 - Marambaia, Belém - Pa, 66615-170, Brazil",Bar,,,,,,,,,Brazilian boteco,8.55e+18,Belém,BR,0x92a48b922b803a3f:0x76a99da3ed564cbc,,,,-1.4055689,-48.4530486,,Marambaia,,,ChIJPzqAK5KLpJIRvExW7aOdqXY,66615-170,$$,36,,426,285.0,83.0,14.0,36.0,8.0,State of Pará,"Av. Rodolfo Chermont, 426","Av. Rodolfo Chermont, 426",,RIO VIBE CARIOCA,Rio Vibe Carioca,4.4,https://www.google.com/maps/search/?api=1&query=RIO%20VIBE%20CARIOCA&query_place_id=ChIJPzqAK5KLpJIRvExW7aOdqXY,,Monday-Wednesday: Closed; Thursday-Saturday: Atendimento 24 horas; Sunday: Closed
"R. da Mata, 132 - Marambaia, Belém - PA, 66615-420, Brazil","R. Da Mata, 132 - Marambaia, Belém - Pa, 66615-420, Brazil",Cocktail bar,Convenience store,,,,,,,,Cocktail bar,6.16e+18,Belém,BR,0x92a45fe07eb01c75:0x5587c4f6b088e53e,,,,-1.4015032,-48.4434092,https://cardapiomarquesbeer.saipos.com/marques-beer/table/dmmqrnr,Marambaia,+55 91 98192-9616,5590000000000.0,ChIJdRywfuBfpJIRPuWIsPbEh1U,66615-420,$$,33,,10,10.0,0.0,0.0,0.0,0.0,State of Pará,"R. da Mata, 132","R. Da Mata, 132",,Marques beer,Marques Beer,5.0,https://www.google.com/maps/search/?api=1&query=Marques%20beer&query_place_id=ChIJdRywfuBfpJIRPuWIsPbEh1U,,
"Av. Rodolfo Chermont, 8 - Marambaia, Belém - PA, 66615-170, Brazil","Av. Rodolfo Chermont, 8 - Marambaia, Belém - Pa, 66615-170, Brazil",Bar,Convenience store,Liquor store,,,,,,,Brazilian boteco,1.4e+19,Belém,BR,0x92a48bba1019a44d:0xc2801bb3df8a7e2e,,,,-1.408137,-48.453235,,Marambaia,+55 91 98396-5563,5590000000000.0,ChIJTaQZELqLpJIRLn6K37MbgMI,66615-170,$$,31,,146,84.0,39.0,7.0,11.0,5.0,State of Pará,"Av. Rodolfo Chermont, 8","Av. Rodolfo Chermont, 8",,Momentum Bar & Conveniência,Momentum Bar & Conveniência,4.3,https://www.google.com/maps/search/?api=1&query=Momentum%20Bar%20%26%20Conveni%C3%AAncia&query_place_id=ChIJTaQZELqLpJIRLn6K37MbgMI,,
"Av. Rômulo Maiorana, 2141 - Marco, Belém - PA, 66093-673, Brazil","Av. Rômulo Maiorana, 2141 - Marco, Belém - Pa, 66093-673, Brazil",Gastropub,,,,,,,,,Pub,9.55e+18,Belém,BR,0x92a48bfaa88ffd23:0x8484a4567afb6e7b,,,,-1.429447,-48.4580454,,Marco,+55 91 98488-0012,5590000000000.0,ChIJI_2PqPqLpJIRe277elakhIQ,66093-673,$$,16,,4,4.0,0.0,0.0,0.0,0.0,State of Pará,"Av. Rômulo Maiorana, 2141","Av. Rômulo Maiorana, 2141",,LUCKY PUB & BRUNCH,Lucky Pub & Brunch,5.0,https://www.google.com/maps/search/?api=1&query=LUCKY%20PUB%20%26%20BRUNCH&query_place_id=ChIJI_2PqPqLpJIRe277elakhIQ,,Monday-Thursday: Closed; Friday-Saturday: 16:00 to 03:00; Sunday: Closed
"Rua Anchieta, 307 Esquina com a, Av. Dalva - Marambaia, Belém - PA, 66615-030, Brazil","Rua Anchieta, 307 Esquina Com A, Av. Dalva - Marambaia, Belém - Pa, 66615-030, Brazil",Gastropub,,,,,,,,,Pub,1.35e+19,Belém,BR,0x92a48b067aa112fb:0xbb729ead8d18ae1e,,,,-1.403986,-48.4445144,,Marambaia,+55 91 98057-1455,5590000000000.0,ChIJ-xKhegaLpJIRHq4Yja2ecrs,66615-030,$$,7,,1,0.0,0.0,1.0,0.0,0.0,State of Pará,"Rua Anchieta, 307 Esquina com a, Av. Dalva","Rua Anchieta, 307 Esquina Com A, Av. Dalva",,Amazônia Pub,Amazônia Pub,1.0,https://www.google.com/maps/search/?api=1&query=Amaz%C3%B4nia%20Pub&query_place_id=ChIJ-xKhegaLpJIRHq4Yja2ecrs,,Monday-Sunday: 08:00 to 22:00
"Av. Rodolfo Chermont, 318 - Marambaia, Belém - PA, 66615-170, Brazil","Av. Rodolfo Chermont, 318 - Marambaia, Belém - Pa, 66615-170, Brazil",Bar,,,,,,,,,Pub,7.79e+18,Belém,BR,0x92a48be07e5be383:0x6c0c98983d0e659a,,,,-1.4066453,-48.4529228,,Marambaia,,,ChIJg-NbfuCLpJIRmmUOPZiYDGw,66615-170,$$,4,,7,3.0,2.0,1.0,1.0,0.0,State of Pará,"Av. Rodolfo Chermont, 318","Av. Rodolfo Chermont, 318",,Medellín Pub,Medellín Pub,3.9,https://www.google.com/maps/search/?api=1&query=Medell%C3%ADn%20Pub&query_place_id=ChIJg-NbfuCLpJIRmmUOPZiYDGw,http://medellin.pub/,Monday-Sunday: 17:00 to 00:00
"esquina da - Rua da mata, R. Ananindeua, 158 - Marambaia, Belém - PA, 66615-420, Brazil","Esquina Da - Rua Da Mata, R. Ananindeua, 158 - Marambaia, Belém - Pa, 66615-420, Brazil",Pub,,,,,,,,,Pub,2.64e+18,Belém,BR,0x92a48b2a7e0c6d87:0x24b06b0e34517f83,,,,-1.4013931,-48.458243,,Marambaia,+55 91 98085-6919,5590000000000.0,ChIJh20MfiqLpJIRg39RNA5rsCQ,66615-420,$$,5,,45,40.0,2.0,3.0,0.0,0.0,State of Pará,"esquina da - Rua da mata, R. Ananindeua, 158","Esquina Da - Rua Da Mata, R. Ananindeua, 158",,Boteco da Mata Belém,Boteco Da Mata Belém,4.7,https://www.google.com/maps/search/?api=1&query=Boteco%20da%20Mata%20Bel%C3%A9m&query_place_id=ChIJh20MfiqLpJIRg39RNA5rsCQ,,
"Passagem Dalva, 127 - Marambaia, Belém - PA, 66615-080, Brazil","Passagem Dalva, 127 - Marambaia, Belém - Pa, 66615-080, Brazil",Bar,,,,,,,,,Pub,1.66e+19,Belém,BR,0x92a48b20c9f605f3:0xe5de698777e68e3a,,,,-1.4039315,-48.4480295,,Marambaia,+55 91 98431-6861,5590000000000.0,ChIJ8wX2ySCLpJIROo7md4dp3uU,66615-080,$$,3,,6,6.0,0.0,0.0,0.0,0.0,State of Pará,"Passagem Dalva, 127","Passagem Dalva, 127",,Fluxo Pub,Fluxo Pub,5.0,https://www.google.com/maps/search/?api=1&query=Fluxo%20Pub&query_place_id=ChIJ8wX2ySCLpJIROo7md4dp3uU,,
"Av. Rodolfo Chermont, 650 - Marambaia, Belém - PA, 66615-170, Brazil","Av. Rodolfo Chermont, 650 - Marambaia, Belém - Pa, 66615-170, Brazil",Bar,,,,,,,,,Pub,1.05e+17,Belém,BR,0x92a48b9db3a69115:0x17404e98e0cd974,,,,-1.4033465,-48.4530566,,Marambaia,+55 91 99285-5502,5590000000000.0,ChIJFZGms52LpJIRdNkMjukEdAE,66615-170,$$,2,,3,3.0,0.0,0.0,0.0,0.0,State of Pará,"Av. Rodolfo Chermont, 650","Av. Rodolfo Chermont, 650",,Merlin Pub,Merlin Pub,5.0,https://www.google.com/maps/search/?api=1&query=Merlin%20Pub&query_place_id=ChIJFZGms52LpJIRdNkMjukEdAE,,Monday-Wednesday: 10:00 to 22:00; Thursday-Friday: 10:00 to 00:00; Saturday-Sunday: 10:00 to 22:00
"Av. Rodolfo Chermont, 1186 - Marambaia, Belém - PA, 66620-000, Brazil","Av. Rodolfo Chermont, 1186 - Marambaia, Belém - Pa, 66620-000, Brazil",Bar,,,,,,,,,Pub,1.52e+19,Belém,BR,0x92a48ba4ff79be23:0xd37eae50a93395f4,,,,-1.399007,-48.4534709,,Marambaia,+55 91 98151-8696,5590000000000.0,ChIJI755_6SLpJIR9JUzqVCuftM,66620-000,$$,1,,18,14.0,2.0,0.0,1.0,1.0,State of Pará,"Av. Rodolfo Chermont, 1186","Av. Rodolfo Chermont, 1186",,Club 21 Pub,Club 21 Pub,4.6,https://www.google.com/maps/search/?api=1&query=Club%2021%20Pub&query_place_id=ChIJI755_6SLpJIR9JUzqVCuftM,,
"Tv. Almirante Wandenkolk, 575 Entre, R. Cônego Jerônimo Pimentel, Av. Sen. Lemos, e - Umarizal, Belém - PA, 66055-045, Brazil","Tv. Almirante Wandenkolk, 575 Entre, R. Cônego Jerônimo Pimentel, Av. Sen. Lemos, E - Umarizal, Belém - Pa, 66055-045, Brazil",Restaurant,,,,,,,,,Pub,1.69e+19,Belém,BR,0x92a48f873bd1bddb:0xeadc8e92f657859e,,,,-1.4416729,-48.4887394,,Umarizal,+55 91 99180-1001,5590000000000.0,ChIJ273RO4ePpJIRnoVX9pKO3Oo,66055-045,$$,18,,193,109.0,33.0,17.0,26.0,8.0,State of Pará,"Tv. Almirante Wandenkolk, 575 Entre, R. Cônego Jerônimo Pimentel, Av. Sen. Lemos, e","Tv. Almirante Wandenkolk, 575 Entre, R. Cônego Jerônimo Pimentel, Av. Sen. Lemos, E",,Londres Pub,Londres Pub,4.1,https://www.google.com/maps/search/?api=1&query=Londres%20Pub&query_place_id=ChIJ273RO4ePpJIRnoVX9pKO3Oo,,Monday: 18:00 to 00:00; Tuesday-Wednesday: Closed; Thursday: 18:00 to 01:00; Friday-Saturday: 18:00 to 04:00; Sunday: Closed
"Av. Alm. Barroso - São Brás, Belém - PA, 66093-020, Brazil","Av. Alm. Barroso - São Brás, Belém - Pa, 66093-020, Brazil",Bar,,,,,,,,,Brazilian boteco,6.6e+18,Belém,BR,0x92a48c3c7db8c10d:0x5ba270d5a8e17ec1,,,,-1.4479404,-48.466131,,São Brás,,,ChIJDcG4fTyMpJIRwX7hqNVwols,66093-020,$,70,,0,,,,,,State of Pará,Av. Alm. Barroso,Av. Alm. Barroso,,Bar Sia,Bar Sia,,https://www.google.com/maps/search/?api=1&query=Bar%20Sia&query_place_id=ChIJDcG4fTyMpJIRwX7hqNVwols,,Monday-Thursday: 10:00 to 00:00; Friday-Saturday: 12:00 to 00:00; Sunday: 10:00 to 00:00
"Tv. Nove de Janeiro, 177 - Fátima, Belém - PA, 66060-365, Brazil","Tv. Nove De Janeiro, 177 - Fátima, Belém - Pa, 66060-365, Brazil",Bar,,,,,,,,,Bar & grill,2.68e+18,Belém,BR,0x92a48c1c2c6637e9:0x253ad38f3610b932,,,,-1.4408478,-48.476022,,Fátima,,,ChIJ6TdmLByMpJIRMrkQNo_TOiU,66060-365,$$,27,,0,,,,,,State of Pará,"Tv. Nove de Janeiro, 177","Tv. Nove De Janeiro, 177",,Gingo's Bar & Grill,Gingo'S Bar & Grill,,https://www.google.com/maps/search/?api=1&query=Gingo's%20Bar%20%26%20Grill&query_place_id=ChIJ6TdmLByMpJIRMrkQNo_TOiU,,
"14 de Março Loja 1 (Esquina com a Oliveira Belo, 386) - Umarizal, Belém - PA, 66055-490, Brazil","14 De Março Loja 1 (Esquina Com A Oliveira Belo, 386) - Umarizal, Belém - Pa, 66055-490, Brazil",Bar,,,,,,,,,Pub,3.17e+18,Belém,BR,0x92a48ea0d2e0de7f:0x2beefda2117c116c,,,,-1.441299,-48.480741,,Umarizal,,,ChIJf97g0qCOpJIRbBF8EaL97is,66055-490,$$,54,,13,9.0,3.0,1.0,0.0,0.0,State of Pará,"14 de Março Loja 1 (Esquina com a Oliveira Belo, 386)","14 De Março Loja 1 (Esquina Com A Oliveira Belo, 386)",,Porão Clandestino,Porão Clandestino,4.5,https://www.google.com/maps/search/?api=1&query=Por%C3%A3o%20Clandestino&query_place_id=ChIJf97g0qCOpJIRbBF8EaL97is,,
"El Pub - Tv. do Chaco, 934 A - Pedreira, Belém - PA, 66085-451, Brazil","El Pub - Tv. Do Chaco, 934 A - Pedreira, Belém - Pa, 66085-451, Brazil",Restaurant,,,,,,,,,Pub,1.74e+19,Belém,BR,0x92a48da93072fcf1:0xf0ebc5acf3472bb9,,,,-1.4362292,-48.4734895,https://www.ifood.com.br/delivery/belem-pa/el-pub---restaurante-e-bar-pedreira/108bda3f-4378-4ca0-aa73-2e3ab2db5d79?utm_medium=share,Pedreira,+55 91 98131-2029,5590000000000.0,ChIJ8fxyMKmNpJIRuStH86zF6_A,66085-451,$$,61,,1,1.0,0.0,0.0,0.0,0.0,State of Pará,"El Pub - Tv. do Chaco, 934 A","El Pub - Tv. Do Chaco, 934 A",,El Pub - Bar e Restaurante,El Pub - Bar E Restaurante,5.0,https://www.google.com/maps/search/?api=1&query=El%20Pub%20-%20Bar%20e%20Restaurante&query_place_id=ChIJ8fxyMKmNpJIRuStH86zF6_A,https://www.instagram.com/elpub.belem/,
"Tv. da Estrella, 2020 - Marco, Belém - PA, 66080-009, Brazil","Tv. Da Estrella, 2020 - Marco, Belém - Pa, 66080-009, Brazil",Bar,,,,,,,,,Brazilian boteco,1.25e+18,Belém,BR,0x92a48de70deb6bdd:0x115e9d191b9e319e,,,,-1.4339012,-48.4662285,,Marco,,,ChIJ3WvrDeeNpJIRnjGeGxmdXhE,66080-009,$,59,,0,,,,,,State of Pará,"Tv. da Estrella, 2020","Tv. Da Estrella, 2020",,Panda pub,Panda Pub,,https://www.google.com/maps/search/?api=1&query=Panda%20pub&query_place_id=ChIJ3WvrDeeNpJIRnjGeGxmdXhE,,
"R. Diogo Móia, 918 - Umarizal, Belém - PA, 66055-490, Brazil","R. Diogo Móia, 918 - Umarizal, Belém - Pa, 66055-490, Brazil",Bar,,,,,,,,,Pub,1.08e+19,Belém,BR,0x92a48f8ca7c07051:0x95a0f7ccd3714a76,,,,-1.4420453,-48.4805024,,Umarizal,,,ChIJUXDAp4yPpJIRdkpx08z3oJU,66055-490,$$,52,,73,51.0,12.0,7.0,2.0,1.0,State of Pará,"R. Diogo Móia, 918","R. Diogo Móia, 918",,Quiosque do Lugui,Quiosque Do Lugui,4.4,https://www.google.com/maps/search/?api=1&query=Quiosque%20do%20Lugui&query_place_id=ChIJUXDAp4yPpJIRdkpx08z3oJU,,
"R. Antônio Barreto, 1217 - Umarizal, Belém - PA, 66060-020, Brazil","R. Antônio Barreto, 1217 - Umarizal, Belém - Pa, 66060-020, Brazil",Bar,,,,,,,,,Pub,1.57e+19,Belém,BR,0x92a48f188631c98f:0xda7ce3f720e4d92f,,,,-1.4428937,-48.4777861,,Umarizal,+55 91 98902-3483,5590000000000.0,ChIJj8kxhhiPpJIRL9nkIPfjfNo,66060-020,$$,49,,17,8.0,6.0,2.0,1.0,0.0,State of Pará,"R. Antônio Barreto, 1217","R. Antônio Barreto, 1217",,Corredor 1217,Corredor 1217,4.1,https://www.google.com/maps/search/?api=1&query=Corredor%201217&query_place_id=ChIJj8kxhhiPpJIRL9nkIPfjfNo,https://www.instagram.com/corredor.1217?utm_source=ig_web_button_share_sheet&igsh=ZDNlZDc0MzIxNw==,
"Tv. 14 de Março, 867 - Umarizal, Belém - PA, 66055-490, Brazil","Tv. 14 De Março, 867 - Umarizal, Belém - Pa, 66055-490, Brazil",Bar,,,,,,,,,Bar & grill,1.41e+19,Belém,BR,0x92a48f67b8872459:0xc33c4ec9c2b98076,,,,-1.4432679,-48.4804853,,Umarizal,+55 91 98992-2126,5590000000000.0,ChIJWSSHuGePpJIRdoC5wslOPMM,66055-490,$$$,40,,906,656.0,156.0,29.0,46.0,19.0,State of Pará,"Tv. 14 de Março, 867","Tv. 14 De Março, 867",,O Velho Moinho,O Velho Moinho,4.5,https://www.google.com/maps/search/?api=1&query=O%20Velho%20Moinho&query_place_id=ChIJWSSHuGePpJIRdoC5wslOPMM,http://www.instagram.com/ovelhomoinho,
"R. Diogo Móia, 928 - Umarizal, Belém - PA, 66055-171, Brazil","R. Diogo Móia, 928 - Umarizal, Belém - Pa, 66055-171, Brazil",Cocktail bar,,,,,,,,,Cocktail bar,2.44e+18,Belém,BR,0x92a48f37a765c95d:0x21cd126e0fcdd4fa,,,,-1.442431,-48.4808393,,Umarizal,+55 91 98232-3471,5590000000000.0,ChIJXcllpzePpJIR-tTND24SzSE,66055-171,$$$,30,,5,5.0,0.0,0.0,0.0,0.0,State of Pará,"R. Diogo Móia, 928","R. Diogo Móia, 928",,Black House Beer e Food,Black House Beer E Food,5.0,https://www.google.com/maps/search/?api=1&query=Black%20House%20Beer%20e%20Food&query_place_id=ChIJXcllpzePpJIR-tTND24SzSE,,
"Tv. 14 de Março, 857 - Umarizal, Belém - PA, 66055-490, Brazil","Tv. 14 De Março, 857 - Umarizal, Belém - Pa, 66055-490, Brazil",Bar,,,,,,,,,Brazilian boteco,1.13e+19,Belém,BR,0x92a48ea0f7a96ec3:0x9c2044e88d7b446a,,,,-1.4431035,-48.4804648,,Umarizal,,,ChIJw26p96COpJIRakR7jehEIJw,66055-490,$,69,,5,2.0,1.0,1.0,1.0,0.0,State of Pará,"Tv. 14 de Março, 857","Tv. 14 De Março, 857",,Bar do Wadeco,Bar Do Wadeco,3.6,https://www.google.com/maps/search/?api=1&query=Bar%20do%20Wadeco&query_place_id=ChIJw26p96COpJIRakR7jehEIJw,,
"Tv. Curuzú, 875 - Pedreira, Belém - PA, 66085-431, Brazil","Tv. Curuzú, 875 - Pedreira, Belém - Pa, 66085-431, Brazil",Bar,,,,,,,,,Pub,8.53e+18,Belém,BR,0x92a48d5c09938a51:0x76619a577435c7b7,,,,-1.438275,-48.4725483,,Pedreira,,,ChIJUYqTCVyNpJIRt8c1dFeaYXY,66085-431,$$,68,,0,,,,,,State of Pará,"Tv. Curuzú, 875","Tv. Curuzú, 875",,Aquários bar,Aquários Bar,,https://www.google.com/maps/search/?api=1&query=Aqu%C3%A1rios%20bar&query_place_id=ChIJUYqTCVyNpJIRt8c1dFeaYXY,,Monday-Saturday: 09:00 to 00:00; Sunday: Closed
"Av. Marquês de Herval, 934 - Pedreira, Belém - PA, 66085-314, Brazil","Av. Marquês De Herval, 934 - Pedreira, Belém - Pa, 66085-314, Brazil",Bar,,,,,,,,,Brazilian boteco,1.02e+19,Belém,BR,0x92a48c049b7d2523:0x8d38091733c738b0,,,,-1.4362025,-48.4734573,,Pedreira,+55 91 98180-5956,5590000000000.0,ChIJIyV9mwSMpJIRsDjHMxcJOI0,66085-314,$,67,,86,38.0,19.0,7.0,19.0,3.0,State of Pará,"Av. Marquês de Herval, 934","Av. Marquês De Herval, 934",,Bandeira's Bar,Bandeira'S Bar,3.9,https://www.google.com/maps/search/?api=1&query=Bandeira's%20Bar&query_place_id=ChIJIyV9mwSMpJIRsDjHMxcJOI0,,Monday: Closed; Tuesday-Saturday: 10:00 to 22:00; Sunday: Closed
"Telégrafo, Belém - State of Pará, 66030-240, Brazil","Telégrafo, Belém - State Of Pará, 66030-240, Brazil",Bar,,,,,,,,,Brazilian boteco,6.12e+18,Belém,BR,0x92a48ea99dc32525:0x54fb7ccb68d75fda,,,,-1.4345882,-48.4810641,,Telégrafo,+55 981535067,,ChIJJSXDnamOpJIR2l_XaMt8-1Q,,$,64,,2,1.0,0.0,0.0,1.0,0.0,State of Pará,,,,Bar da ana,Bar Da Ana,4.0,https://www.google.com/maps/search/?api=1&query=Bar%20da%20ana&query_place_id=ChIJJSXDnamOpJIR2l_XaMt8-1Q,,
"Tv. 14 de Março, 1032 - Umarizal, Belém - PA, 66055-490, Brazil","Tv. 14 De Março, 1032 - Umarizal, Belém - Pa, 66055-490, Brazil",Pub,Bar,,,,,,,,Pub,1.38e+19,Belém,BR,0x92a48ea02f8c8421:0xbedd5a708d4306d3,,,,-1.4444899,-48.4807214,,Umarizal,+55 91 98272-6053,5590000000000.0,ChIJIYSML6COpJIR0wZDjXBa3b4,66055-490,$$,11,,292,177.0,75.0,9.0,20.0,11.0,State of Pará,"Tv. 14 de Março, 1032","Tv. 14 De Março, 1032",Boteco do Camarão,Pub shrimp,Pub Shrimp,4.4,https://www.google.com/maps/search/?api=1&query=Pub%20shrimp&query_place_id=ChIJIYSML6COpJIR0wZDjXBa3b4,,Monday: 10:00 to 22:00; Tuesday: 08:00 to 22:00; Wednesday: 10:30 to 01:00; Thursday: 10:00 to 22:30; Friday: 08:00 to 00:00; Saturday: 10:00 to 23:00; Sunday: 10:00 to 22:00
"R. Boaventura da Silva, 2259-2237 - Fátima, Belém - PA, 66060-260, Brazil","R. Boaventura Da Silva, 2259-2237 - Fátima, Belém - Pa, 66060-260, Brazil",Pub,,,,,,,,,Pub,4.5e+18,Belém,BR,0x92a48d7d6d34850f:0x3e821d325efceaa2,,,,-1.4464754,-48.4702872,,Fátima,,,ChIJD4U0bX2NpJIRour8XjIdgj4,66060-260,$$,8,,3,2.0,1.0,0.0,0.0,0.0,State of Pará,"R. Boaventura da Silva, 2259-2237","R. Boaventura Da Silva, 2259-2237",,Bar Do Del,Bar Do Del,4.7,https://www.google.com/maps/search/?api=1&query=Bar%20Do%20Del&query_place_id=ChIJD4U0bX2NpJIRour8XjIdgj4,,Monday-Wednesday: Closed; Thursday: 20:00 to 02:00; Friday-Saturday: 12:00 to 01:00; Sunday: Closed
"Tv. 14 de Março, n° 812 - Umarizal, Belém - PA, 66055-490, Brazil","Tv. 14 De Março, N° 812 - Umarizal, Belém - Pa, 66055-490, Brazil",Bar,,,,,,,,,Brazilian boteco,1.25e+19,Belém,BR,0x92a48f3a254e0ff9:0xad468b5b58bf3073,,,,-1.4424543,-48.4807028,,Umarizal,,,ChIJ-Q9OJTqPpJIRczC_WFuLRq0,66055-490,$,2,,82,56.0,13.0,5.0,6.0,2.0,State of Pará,"Tv. 14 de Março, n° 812","Tv. 14 De Março, N° 812",,Rusty Umarizal,Rusty Umarizal,4.4,https://www.google.com/maps/search/?api=1&query=Rusty%20Umarizal&query_place_id=ChIJ-Q9OJTqPpJIRczC_WFuLRq0,,Monday: Closed; Tuesday: 17:00 to 00:00; Wednesday: Closed; Thursday-Friday: 17:00 to 02:00; Saturday: 14:00 to 00:00; Sunday: Closed
"Tv. do Chaco, 371 - Pedreira, Belém - PA, 66083-180, Brazil","Tv. Do Chaco, 371 - Pedreira, Belém - Pa, 66083-180, Brazil",Bar,,,,,,,,,Pub,6.28e+18,Belém,BR,0x92a48c01ed396801:0x572fe899521209b1,,,,-1.433046,-48.4777092,,Pedreira,+55 91 3244-2964,559000000000.0,ChIJAWg57QGMpJIRsQkSUpnoL1c,66083-180,$$,60,,6,3.0,1.0,1.0,0.0,1.0,State of Pará,"Tv. do Chaco, 371","Tv. Do Chaco, 371",,Bar Dona Vera,Bar Dona Vera,3.7,https://www.google.com/maps/search/?api=1&query=Bar%20Dona%20Vera&query_place_id=ChIJAWg57QGMpJIRsQkSUpnoL1c,,Monday-Friday: 08:00 to 20:00; Saturday: Closed; Sunday: 08:00 to 20:00
"Av. Pedro Miranda, 454 - Pedreira, Belém - PA, 66085-005, Brazil","Av. Pedro Miranda, 454 - Pedreira, Belém - Pa, 66085-005, Brazil",Bar,,,,,,,,,Brazilian boteco,3.45e+18,Belém,BR,0x92a48c03cb2bdac1:0x2fd676349e7397fc,,,,-1.4346062,-48.4762096,,Pedreira,+55 91 98224-8362,5590000000000.0,ChIJwdorywOMpJIR_JdznjR21i8,66085-005,$,59,,22,13.0,5.0,3.0,0.0,1.0,State of Pará,"Av. Pedro Miranda, 454","Av. Pedro Miranda, 454",,Bar e Lanchonete Big Dib,Bar E Lanchonete Big Dib,4.1,https://www.google.com/maps/search/?api=1&query=Bar%20e%20Lanchonete%20Big%20Dib&query_place_id=ChIJwdorywOMpJIR_JdznjR21i8,https://www.instagram.com/barbigdib?igsh=MW1odG5qYXh3NXZ5Ng==,Monday-Sunday: Atendimento 24 horas
"Marco, Belém - State of Pará, 66087-345, Brazil","Marco, Belém - State Of Pará, 66087-345, Brazil",Bar,,,,,,,,,Brazilian boteco,8.59e+18,Belém,BR,0x92a48c11c524642d:0x77447ed35c42e697,,,,-1.437734,-48.4654794,,Marco,,,ChIJLWQkxRGMpJIRl-ZCXNN-RHc,,$,58,,0,,,,,,State of Pará,,,,Do Fabico Bar & Restaurante,Do Fabico Bar & Restaurante,,https://www.google.com/maps/search/?api=1&query=Do%20Fabico%20Bar%20%26%20Restaurante&query_place_id=ChIJLWQkxRGMpJIRl-ZCXNN-RHc,,
"Passagem Gama Malcher Ramo, 31 - Marco, Belém - PA, 66087-128, Brazil","Passagem Gama Malcher Ramo, 31 - Marco, Belém - Pa, 66087-128, Brazil",Bar,,,,,,,,,Brazilian boteco,4.72e+18,Belém,BR,0x92a48d001d1da59b:0x417fe3e2bf555bc3,,,,-1.435348,-48.4671563,,Marco,,,ChIJm6UdHQCNpJIRw1tVv-Ljf0E,66087-128,$,57,,0,,,,,,State of Pará,"Passagem Gama Malcher Ramo, 31","Passagem Gama Malcher Ramo, 31",,Bar do Henrique,Bar Do Henrique,,https://www.google.com/maps/search/?api=1&query=Bar%20do%20Henrique&query_place_id=ChIJm6UdHQCNpJIRw1tVv-Ljf0E,,Monday-Thursday: 10:00 to 23:00; Friday: 10:00 to 02:00; Saturday: 10:00 to 00:00; Sunday: 10:00 to 23:00
"Tv. 14 de Março, 434D - Umarizal, Belém - PA, 66050-430, Brazil","Tv. 14 De Março, 434D - Umarizal, Belém - Pa, 66050-430, Brazil",Bar,,,,,,,,,Bar & grill,1.2e+19,Belém,BR,0x92a48fced2ef544d:0xa5ed260e7b5da053,,,,-1.4403684,-48.4807607,,Umarizal,+55 91 98436-2214,5590000000000.0,ChIJTVTv0s6PpJIRU6Bdew4m7aU,66050-430,$$,56,,1,0.0,0.0,0.0,1.0,0.0,State of Pará,"Tv. 14 de Março, 434D","Tv. 14 De Março, 434D",,Carioca Bar e Grill,Carioca Bar E Grill,3.0,https://www.google.com/maps/search/?api=1&query=Carioca%20Bar%20e%20Grill&query_place_id=ChIJTVTv0s6PpJIRU6Bdew4m7aU,,Monday-Wednesday: Closed; Thursday-Saturday: 20:30 to 04:00; Sunday: Closed
"Tv. Vileta, 1684 - Pedreira, Belém - PA, 66087-424, Brazil","Tv. Vileta, 1684 - Pedreira, Belém - Pa, 66087-424, Brazil",Bar,,,,,,,,,Brazilian boteco,2.42e+18,Belém,BR,0x92a48c057fab7fa1:0x2199a586f17b3e91,,,,-1.4356691,-48.4689538,,Pedreira,+55 91 3226-9332,559000000000.0,ChIJoX-rfwWMpJIRkT578YalmSE,66087-424,$,55,,16,11.0,1.0,0.0,2.0,2.0,State of Pará,"Tv. Vileta, 1684","Tv. Vileta, 1684",,Bar do Zecão,Bar Do Zecão,4.3,https://www.google.com/maps/search/?api=1&query=Bar%20do%20Zec%C3%A3o&query_place_id=ChIJoX-rfwWMpJIRkT578YalmSE,,Monday: 17:30 to 00:00; Tuesday-Thursday: Closed; Friday-Sunday: 17:30 to 02:00
"Passagem 14 de Abril, 25 - Fátima, Belém - PA, 66060-460, Brazil","Passagem 14 De Abril, 25 - Fátima, Belém - Pa, 66060-460, Brazil",Bar,,,,,,,,,Brazilian boteco,9.51e+18,Belém,BR,0x92a48c1994c4f693:0x83f58d93ff6b8b63,,,,-1.4416564,-48.4700585,,Fátima,,,ChIJk_bElBmMpJIRY4tr_5ON9YM,66060-460,$,53,,17,11.0,4.0,1.0,1.0,0.0,State of Pará,"Passagem 14 de Abril, 25","Passagem 14 De Abril, 25",,Bar do Lula,Bar Do Lula,4.4,https://www.google.com/maps/search/?api=1&query=Bar%20do%20Lula&query_place_id=ChIJk_bElBmMpJIRY4tr_5ON9YM,,Monday-Wednesday: Closed; Thursday: 18:00 to 00:00; Friday: 16:00 to 00:00; Saturday: 11:00 to 00:00; Sunday: Closed
"Marco, Belém - State of Pará, 66090-520, Brazil","Marco, Belém - State Of Pará, 66090-520, Brazil",Bar,,,,,,,,,Brazilian boteco,9.52e+18,Belém,BR,0x92a48c3c7adc2349:0x842c4588901b47b9,,,,-1.4478115,-48.4657424,,Marco,,,ChIJSSPcejyMpJIRuUcbkIhFLIQ,,$,48,,0,,,,,,State of Pará,,,,BELLAGIO BAR,Bellagio Bar,,https://www.google.com/maps/search/?api=1&query=BELLAGIO%20BAR&query_place_id=ChIJSSPcejyMpJIRuUcbkIhFLIQ,,Monday-Friday: 08:00 to 16:00; Saturday: Closed; Sunday: 08:00 to 16:00
"Tv. Vileta, 1496 - Pedreira, Belém - PA, 66087-423, Brazil","Tv. Vileta, 1496 - Pedreira, Belém - Pa, 66087-423, Brazil",Bar,,,,,,,,,Brazilian boteco,8.18e+17,Belém,BR,0x92a48da23fcd8d8f:0xb5a8ef70c397a93,,,,-1.4347653,-48.4704,,Pedreira,,,ChIJj43NP6KNpJIRk3o5DPeOWgs,66087-423,$,47,,29,24.0,3.0,0.0,0.0,2.0,State of Pará,"Tv. Vileta, 1496","Tv. Vileta, 1496",,Bar da Kombi da Saudade,Bar Da Kombi Da Saudade,4.7,https://www.google.com/maps/search/?api=1&query=Bar%20da%20Kombi%20da%20Saudade&query_place_id=ChIJj43NP6KNpJIRk3o5DPeOWgs,,Monday-Wednesday: Closed; Thursday: 22:00 to 00:00; Friday: 00:00 to 17:00; Saturday: 09:00 to 17:00; Sunday: Closed
"Chaco, 1939, entre Rômulo Maiorana, Av. Duque de Caxias, e - Marco, Belém - PA, 66093-541, Brazil","Chaco, 1939, Entre Rômulo Maiorana, Av. Duque De Caxias, E - Marco, Belém - Pa, 66093-541, Brazil",Pub,,,,,,,,,Pub,6.65e+18,Belém,BR,0x92a48b1c1fcd5ad9:0x5c4ac8021ba0f123,,,,-1.440924,-48.4660577,,Marco,+55 91 98948-1007,5590000000000.0,ChIJ2VrNHxyLpJIRI_GgGwLISlw,66093-541,$$,46,,81,64.0,6.0,7.0,3.0,1.0,State of Pará,"Chaco, 1939, entre Rômulo Maiorana, Av. Duque de Caxias, e","Chaco, 1939, Entre Rômulo Maiorana, Av. Duque De Caxias, E",,Bar Clube do Rock,Bar Clube Do Rock,4.5,https://www.google.com/maps/search/?api=1&query=Bar%20Clube%20do%20Rock&query_place_id=ChIJ2VrNHxyLpJIRI_GgGwLISlw,https://www.instagram.com/clubedo_rock/,Monday-Sunday: 08:00 to 00:00
"Av. Ceará, 3 - São Brás, Belém - PA, 66070-080, Brazil","Av. Ceará, 3 - São Brás, Belém - Pa, 66070-080, Brazil",Bar,,,,,,,,,Brazilian boteco,1.4e+19,Belém,BR,0x92a48c3c79d81397:0xc2c02be29c053889,,,,-1.448073,-48.4656115,,São Brás,,,ChIJlxPYeTyMpJIRiTgFnOIrwMI,66070-080,$,44,,1,1.0,0.0,0.0,0.0,0.0,State of Pará,"Av. Ceará, 3","Av. Ceará, 3",,Bar Carimbó,Bar Carimbó,5.0,https://www.google.com/maps/search/?api=1&query=Bar%20Carimb%C3%B3&query_place_id=ChIJlxPYeTyMpJIRiTgFnOIrwMI,,
"Tv. 14 de Março, 1032 - Umarizal, Belém - PA, 66055-490, Brazil","Tv. 14 De Março, 1032 - Umarizal, Belém - Pa, 66055-490, Brazil",Bar,,,,,,,,,Brazilian boteco,1.1e+19,Belém,BR,0x92a48e7fa6913c2d:0x98ae6c29809d82d0,,,,-1.4445045,-48.4807257,,Umarizal,+55 91 98958-8592,5590000000000.0,ChIJLTyRpn-OpJIR0IKdgClsrpg,66055-490,$$,39,,275,167.0,47.0,16.0,40.0,5.0,State of Pará,"Tv. 14 de Março, 1032","Tv. 14 De Março, 1032",,Bira's Bar,Bira'S Bar,4.3,https://www.google.com/maps/search/?api=1&query=Bira's%20Bar&query_place_id=ChIJLTyRpn-OpJIR0IKdgClsrpg,,Monday: Closed; Tuesday-Saturday: 17:15 to 00:00; Sunday: Closed
"Av. Alcindo Cacela, 966 - Umarizal, Belém - PA, 66060-271, Brazil","Av. Alcindo Cacela, 966 - Umarizal, Belém - Pa, 66060-271, Brazil",Bar,,,,,,,,,Brazilian boteco,3.37e+17,Belém,BR,0x92a48d15067ac43f:0x4ada90dca829169,,,,-1.4450757,-48.4783848,https://bentocafesushibar.com.br/sushi,Umarizal,+55 91 98208-9635,5590000000000.0,ChIJP8R6BhWNpJIRaZGCyg2prQQ,66060-271,$$,38,,25,24.0,1.0,0.0,0.0,0.0,State of Pará,"Av. Alcindo Cacela, 966","Av. Alcindo Cacela, 966",,Bento Café Sushi bar,Bento Café Sushi Bar,5.0,https://www.google.com/maps/search/?api=1&query=Bento%20Caf%C3%A9%20Sushi%20bar&query_place_id=ChIJP8R6BhWNpJIRaZGCyg2prQQ,http://www.bentocafesushibar.com.br/,
"Tv. Francisco Caldeira Castelo Branco, 93 - Fátima, Belém - PA, 66060-220, Brazil","Tv. Francisco Caldeira Castelo Branco, 93 - Fátima, Belém - Pa, 66060-220, Brazil",Bar,,,,,,,,,Brazilian boteco,9.5e+18,Belém,BR,0x92a48c1850cd533b:0x83c832262b9834f3,,,,-1.4432198,-48.4709171,,Fátima,,,ChIJO1PNUBiMpJIR8zSYKyYyyIM,66060-220,$,37,,0,,,,,,State of Pará,"Tv. Francisco Caldeira Castelo Branco, 93","Tv. Francisco Caldeira Castelo Branco, 93",,Hayna's BAR,Hayna'S Bar,,https://www.google.com/maps/search/?api=1&query=Hayna's%20BAR&query_place_id=ChIJO1PNUBiMpJIR8zSYKyYyyIM,,
"Tv. Timbó, 1843 - Marco, Belém - PA, 66095-128, Brazil","Tv. Timbó, 1843 - Marco, Belém - Pa, 66095-128, Brazil",Bar,,,,,,,,,Brazilian boteco,5e+18,Belém,BR,0x92a48c0f5ad34e27:0x455d93b60a0d6228,,,,-1.434191,-48.4681081,,Marco,,,ChIJJ07TWg-MpJIRKGINCraTXUU,66095-128,$,36,,0,,,,,,State of Pará,"Tv. Timbó, 1843","Tv. Timbó, 1843",,ESTANCIA BAR,Estancia Bar,,https://www.google.com/maps/search/?api=1&query=ESTANCIA%20BAR&query_place_id=ChIJJ07TWg-MpJIRKGINCraTXUU,,Monday-Thursday: 15:00 to 00:00; Friday-Saturday: 15:00 to 02:30; Sunday: 12:00 to 23:00
"Av. Alm. Barroso - São Brás, Belém - PA, 66090-520, Brazil","Av. Alm. Barroso - São Brás, Belém - Pa, 66090-520, Brazil",Restaurant,Bar,,,,,,,,Pub,6.88e+17,Belém,BR,0x92a48c3c7a5233c1:0x98c9cee73ee9a85,,,,-1.4478917,-48.465737,,São Brás,,,ChIJwTNSejyMpJIRhZruc-6cjAk,,$$,27,,3,1.0,2.0,0.0,0.0,0.0,State of Pará,Av. Alm. Barroso,Av. Alm. Barroso,,Bar E Restaurante Amigos Bar,Bar E Restaurante Amigos Bar,4.3,https://www.google.com/maps/search/?api=1&query=Bar%20E%20Restaurante%20Amigos%20Bar&query_place_id=ChIJwTNSejyMpJIRhZruc-6cjAk,,
"Marco, Belém - State of Pará, 66090-520, Brazil","Marco, Belém - State Of Pará, 66090-520, Brazil",Bar,,,,,,,,,Pub,3.54e+18,Belém,BR,0x92a48c3c7a560d4d:0x311afa6d6ca5039a,,,,-1.4478822,-48.4657425,,Marco,+55 91 98995-1023,5590000000000.0,ChIJTQ1WejyMpJIRmgOlbG36GjE,,$$,22,,6,5.0,0.0,1.0,0.0,0.0,State of Pará,,,,Bráz Bar,Bráz Bar,4.3,https://www.google.com/maps/search/?api=1&query=Br%C3%A1z%20Bar&query_place_id=ChIJTQ1WejyMpJIRmgOlbG36GjE,,
"R. Boaventura da Silva, 414 - Reduto, Belém - PA, 66053-050, Brazil","R. Boaventura Da Silva, 414 - Reduto, Belém - Pa, 66053-050, Brazil",Bar,,,,,,,,,Pub,1.29e+19,Belém,BR,0x92a48e9a1f806e4f:0xb2f6adf28eeecccd,,,,-1.4488174,-48.4872426,,Reduto,+55 91 99359-9142,5590000000000.0,ChIJT26AH5qOpJIRzczujvKt9rI,66053-050,$$,20,,676,458.0,142.0,14.0,43.0,19.0,State of Pará,"R. Boaventura da Silva, 414","R. Boaventura Da Silva, 414",,Nostalgic Bar,Nostalgic Bar,4.5,https://www.google.com/maps/search/?api=1&query=Nostalgic%20Bar&query_place_id=ChIJT26AH5qOpJIRzczujvKt9rI,,Monday-Wednesday: 16:00 to 23:00; Thursday-Friday: 16:00 to 03:00; Saturday: 16:00 to 00:00; Sunday: Closed
"R. Diogo Móia, 489 - Umarizal, Belém - PA, 66055-170, Brazil","R. Diogo Móia, 489 - Umarizal, Belém - Pa, 66055-170, Brazil",Bar,,,,,,,,,Pub,8.97e+18,Belém,BR,0x92a48f13bd77356d:0x7c85c1b8cefe6911,,,,-1.4433642,-48.4846309,https://menu.ncrcolibri.com.br/app/porto-lounge-bar/,Umarizal,+55 91 99292-0323,5590000000000.0,ChIJbTV3vROPpJIREWn-zrjBhXw,66055-170,$$,19,,347,244.0,58.0,10.0,31.0,4.0,State of Pará,"R. Diogo Móia, 489","R. Diogo Móia, 489",,Porto Lounge Bar,Porto Lounge Bar,4.5,https://www.google.com/maps/search/?api=1&query=Porto%20Lounge%20Bar&query_place_id=ChIJbTV3vROPpJIREWn-zrjBhXw,,
"Av. Sen. Lemos, 35 - Umarizal, Belém - PA, 66050-000, Brazil","Av. Sen. Lemos, 35 - Umarizal, Belém - Pa, 66050-000, Brazil",Restaurant,Bar,Irish pub,Middle Eastern restaurant,,,,,,Cocktail bar,3.88e+18,Belém,BR,0x92a48ebcef5d0ac9:0x35d1156dff97c53f,,,,-1.442514,-48.4903606,,Umarizal,+55 91 98137-1000,5590000000000.0,ChIJyQpd77yOpJIRP8WX_20V0TU,66050-000,$$,18,,363,218.0,85.0,15.0,38.0,7.0,State of Pará,"Av. Sen. Lemos, 35","Av. Sen. Lemos, 35",,Senador Lounge Bar,Senador Lounge Bar,4.3,https://www.google.com/maps/search/?api=1&query=Senador%20Lounge%20Bar&query_place_id=ChIJyQpd77yOpJIRP8WX_20V0TU,,
"Av. Duque de Caxias, 367-449 - Marco, Belém - PA, 66087-003, Brazil","Av. Duque De Caxias, 367-449 - Marco, Belém - Pa, 66087-003, Brazil",Sports bar,,,,,,,,,Sports bar,1.74e+19,Belém,BR,0x92a48c1087f003c3:0xf143b77ae38a3744,,,,-1.4390741,-48.4682031,,Marco,,,ChIJwwPwhxCMpJIRRDeK43q3Q_E,66087-003,$$,17,,1,0.0,1.0,0.0,0.0,0.0,State of Pará,"Av. Duque de Caxias, 367-449","Av. Duque De Caxias, 367-449",,Players Sport Bar,Players Sport Bar,4.0,https://www.google.com/maps/search/?api=1&query=Players%20Sport%20Bar&query_place_id=ChIJwwPwhxCMpJIRRDeK43q3Q_E,,Monday-Sunday: Atendimento 24 horas
"Passagem Vitória, 33 - Fátima, Belém - PA, 66060-620, Brazil","Passagem Vitória, 33 - Fátima, Belém - Pa, 66060-620, Brazil",Bar,,,,,,,,,Pub,1.35e+17,Belém,BR,0x92a48dd20448b729:0x1e06d455b622c96,,,,-1.4448469,-48.4700602,,Fátima,+55 91 98960-5758,5590000000000.0,ChIJKbdIBNKNpJIRlixiW0Vt4AE,66060-620,$$,16,,10,8.0,2.0,0.0,0.0,0.0,State of Pará,"Passagem Vitória, 33","Passagem Vitória, 33",,Bar e restaurante pit stop do cat,Bar E Restaurante Pit Stop Do Cat,4.8,https://www.google.com/maps/search/?api=1&query=Bar%20e%20restaurante%20pit%20stop%20do%20cat&query_place_id=ChIJKbdIBNKNpJIRlixiW0Vt4AE,,
"Av. Rômulo Maiorana, 452 - Marco, Belém - PA, 66093-005, Brazil","Av. Rômulo Maiorana, 452 - Marco, Belém - Pa, 66093-005, Brazil",Bar,,,,,,,,,Brazilian boteco,1.59e+19,Belém,BR,0x92a48ddebdaa5c5d:0xdc0365bc7b46da23,,,,-1.4427358,-48.4663499,,Marco,,,ChIJXVyqvd6NpJIRI9pGe7xlA9w,66093-005,$$,13,,14,12.0,1.0,0.0,1.0,0.0,State of Pará,"Av. Rômulo Maiorana, 452","Av. Rômulo Maiorana, 452",,Bar do Mineiro,Bar Do Mineiro,4.8,https://www.google.com/maps/search/?api=1&query=Bar%20do%20Mineiro&query_place_id=ChIJXVyqvd6NpJIRI9pGe7xlA9w,,
"Av. José Bonifácio, 450 B - Fátima, Belém - PA, 66093-029, Brazil","Av. José Bonifácio, 450 B - Fátima, Belém - Pa, 66093-029, Brazil",Bar,,,,,,,,,Brazilian boteco,2.44e+18,Belém,BR,0x92a48dee1199445f:0x21d09e015c8b7c74,,,,-1.442322,-48.4690512,,Fátima,,,ChIJX0SZEe6NpJIRdHyLXAGe0CE,66093-029,$,12,,8,8.0,0.0,0.0,0.0,0.0,State of Pará,"Av. José Bonifácio, 450 B","Av. José Bonifácio, 450 B",,Bar e Restaurante Apoena,Bar E Restaurante Apoena,5.0,https://www.google.com/maps/search/?api=1&query=Bar%20e%20Restaurante%20Apoena&query_place_id=ChIJX0SZEe6NpJIRdHyLXAGe0CE,,
"Tv. do Chaco, 21 - Pedreira, Belém - PA, 66083-180, Brazil","Tv. Do Chaco, 21 - Pedreira, Belém - Pa, 66083-180, Brazil",Bar,,,,,,,,,Brazilian boteco,1.83e+19,Belém,BR,0x92a48eaaeece31f3:0xfe0a10b04b030058,,,,-1.4313093,-48.4806368,,Pedreira,+55 32445031,,ChIJ8zHO7qqOpJIRWAADS7AQCv4,66083-180,$,10,,32,20.0,3.0,3.0,4.0,2.0,State of Pará,"Tv. do Chaco, 21","Tv. Do Chaco, 21",,Bar Mico Preto,Bar Mico Preto,4.1,https://www.google.com/maps/search/?api=1&query=Bar%20Mico%20Preto&query_place_id=ChIJ8zHO7qqOpJIRWAADS7AQCv4,,
"Tv. Antônio Baena, 461 - Pedreira, Belém - PA, 66085-050, Brazil","Tv. Antônio Baena, 461 - Pedreira, Belém - Pa, 66085-050, Brazil",Cocktail bar,,,,,,,,,Cocktail bar,1.42e+19,Belém,BR,0x92a48d46cb9a49cd:0xc461507156a358ea,,,,-1.4386256,-48.4746067,,Pedreira,+55 91 98949-5243,5590000000000.0,ChIJzUmay0aNpJIR6lijVnFQYcQ,66085-050,$$$,7,,1,1.0,0.0,0.0,0.0,0.0,State of Pará,"Tv. Antônio Baena, 461","Tv. Antônio Baena, 461",,K'uase Bar,K'Uase Bar,5.0,https://www.google.com/maps/search/?api=1&query=K'uase%20Bar&query_place_id=ChIJzUmay0aNpJIR6lijVnFQYcQ,,Monday-Sunday: 06:00 to 00:00
"Av. Visc. de Inhaúma, 1 - Pedreira, Belém - PA, 66085-731, Brazil","Av. Visc. De Inhaúma, 1 - Pedreira, Belém - Pa, 66085-731, Brazil",Bar,,,,,,,,,Brazilian boteco,1.37e+19,Belém,BR,0x92a48d20ea97d15f:0xbe8c61f03fa0a33c,,,,-1.4383168,-48.4721728,,Pedreira,+55 91 98239-9571,5590000000000.0,ChIJX9GX6iCNpJIRPKOgP_BhjL4,66085-731,$,6,,36,26.0,3.0,5.0,2.0,0.0,State of Pará,"Av. Visc. de Inhaúma, 1","Av. Visc. De Inhaúma, 1",,BAR NINHO DO GAVIÃO,Bar Ninho Do Gavião,4.3,https://www.google.com/maps/search/?api=1&query=BAR%20NINHO%20DO%20GAVI%C3%83O&query_place_id=ChIJX9GX6iCNpJIRPKOgP_BhjL4,,Monday: 08:00 to 21:30; Tuesday-Wednesday: 07:30 to 23:30; Thursday-Saturday: 07:30 to 00:00; Sunday: 07:30 to 22:30
"Passagem São Jorge - Pedreira, Belém - PA, 66087-082, Brazil","Passagem São Jorge - Pedreira, Belém - Pa, 66087-082, Brazil",Bar,,,,,,,,,Brazilian boteco,4.98e+17,Belém,BR,0x92a48fe8397ca52b:0x6ea623b0c793818,,,,-1.4346733,-48.4793595,,Pedreira,,,ChIJK6V8OeiPpJIRGDh5DDti6gY,66087-082,$,5,,16,12.0,1.0,1.0,2.0,0.0,State of Pará,Passagem São Jorge,Passagem São Jorge,,NATU'S BAR,Natu'S Bar,4.4,https://www.google.com/maps/search/?api=1&query=NATU'S%20BAR&query_place_id=ChIJK6V8OeiPpJIRGDh5DDti6gY,,
"Tv. Curuzú, 942 - Pedreira, Belém - PA, 66085-451, Brazil","Tv. Curuzú, 942 - Pedreira, Belém - Pa, 66085-451, Brazil",Bar,,,,,,,,,Brazilian boteco,4.96e+18,Belém,BR,0x92a48d6b09f10c4d:0x44d9231005cb3fd4,,,,-1.4387816,-48.4721862,,Pedreira,+55 91 98102-7345,5590000000000.0,ChIJTQzxCWuNpJIR1D_LBRAj2UQ,66085-451,$,3,,25,13.0,7.0,1.0,3.0,1.0,State of Pará,"Tv. Curuzú, 942","Tv. Curuzú, 942",,BAR DA CARLINHA,Bar Da Carlinha,4.2,https://www.google.com/maps/search/?api=1&query=BAR%20DA%20CARLINHA&query_place_id=ChIJTQzxCWuNpJIR1D_LBRAj2UQ,,
"Tv. Francisco Caldeira Castelo Branco - Fátima, Belém - PA, 66060-220, Brazil","Tv. Francisco Caldeira Castelo Branco - Fátima, Belém - Pa, 66060-220, Brazil",Bar,,,,,,,,,Brazilian boteco,1.35e+17,Belém,BR,0x92a48c1850d29b1d:0x1df80680b79f672,,,,-1.4432069,-48.4709194,,Fátima,,,ChIJHZvSUBiMpJIRcvZ5C2iA3wE,,$,2,,2,2.0,0.0,0.0,0.0,0.0,State of Pará,Tv. Francisco Caldeira Castelo Branco,Tv. Francisco Caldeira Castelo Branco,,Draft Sound Bar Do Izaac,Draft Sound Bar Do Izaac,5.0,https://www.google.com/maps/search/?api=1&query=Draft%20Sound%20Bar%20Do%20Izaac&query_place_id=ChIJHZvSUBiMpJIRcvZ5C2iA3wE,,Monday-Sunday: 10:00 to 22:00
"Av. Conselheiro Furtado, 2862 - Cremação, Belém - PA, 66063-060, Brazil","Av. Conselheiro Furtado, 2862 - Cremação, Belém - Pa, 66063-060, Brazil",Disco club,,,,,,,,,Night club,6.88e+18,Belém,BR,0x92a48d42034cdda7:0x5f7f78a547f89545,,,,-1.4566612,-48.4728108,,Cremação,,,ChIJp91MA0KNpJIRRZX4R6V4f18,66063-060,$$,44,,283,170.0,58.0,15.0,28.0,12.0,State of Pará,"Av. Conselheiro Furtado, 2862","Av. Conselheiro Furtado, 2862",,Castanho Club,Castanho Club,4.3,https://www.google.com/maps/search/?api=1&query=Castanho%20Club&query_place_id=ChIJp91MA0KNpJIRRZX4R6V4f18,https://www.instagram.com/castanhoclub/,Monday-Sunday: 08:00 to 22:00
"R. Dr. Américo Santa Rosa, 555 - São Brás, Belém - PA, 66090-230, Brazil","R. Dr. Américo Santa Rosa, 555 - São Brás, Belém - Pa, 66090-230, Brazil",Bar,,,,,,,,,Brazilian boteco,9.98e+18,Belém,BR,0x92a48d042d14181d:0x8a8672c97d6798fc,,,,-1.4536539,-48.46284,,São Brás,,,ChIJHRgULQSNpJIR_Jhnfclyhoo,66090-230,$,95,,0,,,,,,State of Pará,"R. Dr. Américo Santa Rosa, 555","R. Dr. Américo Santa Rosa, 555",,Bar do bar/ delícia da Debora,Bar Do Bar/ Delícia Da Debora,,https://www.google.com/maps/search/?api=1&query=Bar%20do%20bar%2F%20del%C3%ADcia%20da%20Debora&query_place_id=ChIJHRgULQSNpJIR_Jhnfclyhoo,,Monday-Wednesday: 08:00 to 19:00; Thursday-Friday: 08:00 to 21:00; Saturday: 09:00 to 22:00; Sunday: 09:00 to 18:30
"R. Silva Rosado, 263 - São Brás, Belém - PA, 66070-510, Brazil","R. Silva Rosado, 263 - São Brás, Belém - Pa, 66070-510, Brazil",Bar,,,,,,,,,Brazilian boteco,1.61e+19,Belém,BR,0x92a48c3752b09301:0xdee78f35b5966bc5,,,,-1.4521624,-48.4637143,,São Brás,,,ChIJAZOwUjeMpJIRxWuWtTWP594,66070-510,$,94,,0,,,,,,State of Pará,"R. Silva Rosado, 263","R. Silva Rosado, 263",,Bar Do Valdery,Bar Do Valdery,,https://www.google.com/maps/search/?api=1&query=Bar%20Do%20Valdery&query_place_id=ChIJAZOwUjeMpJIRxWuWtTWP594,,
"Tv. Teófilo Condurú, 484 - Canudos, Belém - PA, 66070-530, Brazil","Tv. Teófilo Condurú, 484 - Canudos, Belém - Pa, 66070-530, Brazil",Bar,,,,,,,,,Brazilian boteco,9.86e+18,Belém,BR,0x92a48c377809f819:0x88c8e35043b6a3d1,,,,-1.4521965,-48.4612385,,Canudos,,,ChIJGfgJeDeMpJIR0aO2Q1DjyIg,66070-530,$,36,,6,2.0,3.0,0.0,1.0,0.0,State of Pará,"Tv. Teófilo Condurú, 484","Tv. Teófilo Condurú, 484",,Choperia Rollon,Choperia Rollon,4.2,https://www.google.com/maps/search/?api=1&query=Choperia%20Rollon&query_place_id=ChIJGfgJeDeMpJIR0aO2Q1DjyIg,,
"Tv. Três de Maio, 2217 - Cremação, Belém - PA, 66063-388, Brazil","Tv. Três De Maio, 2217 - Cremação, Belém - Pa, 66063-388, Brazil",Bar,,,,,,,,,Brazilian boteco,1.1e+18,Belém,BR,0x92a48dd357b81da5:0xf368f8f38280d27,,,,-1.4597559,-48.473647,,Cremação,,,ChIJpR24V9ONpJIRJw0oOI-PNg8,,$,79,,11,8.0,0.0,0.0,3.0,0.0,State of Pará,"Tv. Três de Maio, 2217","Tv. Três De Maio, 2217",,Depósito do Carlão,Depósito Do Carlão,4.5,https://www.google.com/maps/search/?api=1&query=Dep%C3%B3sito%20do%20Carl%C3%A3o&query_place_id=ChIJpR24V9ONpJIRJw0oOI-PNg8,,Monday-Sunday: 08:00 to 20:00
"Tv. Francisco Monteiro, 866 - Marco, Belém - PA, 66070-604, Brazil","Tv. Francisco Monteiro, 866 - Marco, Belém - Pa, 66070-604, Brazil",Bar,,,,,,,,,Brazilian boteco,9.48e+18,Belém,BR,0x92a48c37c9f5dac5:0x839fd622fcef2f03,,,,-1.4533487,-48.4599264,,Marco,,,ChIJxdr1yTeMpJIRAy_v_CLWn4M,66070-604,$,13,,1,1.0,0.0,0.0,0.0,0.0,State of Pará,"Tv. Francisco Monteiro, 866","Tv. Francisco Monteiro, 866",,BAR ZAMORIM,Bar Zamorim,5.0,https://www.google.com/maps/search/?api=1&query=BAR%20ZAMORIM&query_place_id=ChIJxdr1yTeMpJIRAy_v_CLWn4M,,
"Tv. Segunda de Queluz - Canudos, Belém - PA, 66070-500, Brazil","Tv. Segunda De Queluz - Canudos, Belém - Pa, 66070-500, Brazil",Bar,,,,,,,,,Brazilian boteco,1.12e+19,Belém,BR,0x92a48c49e114aea3:0x9ad18a306c83be3e,,,,-1.4546289,-48.4585497,,Canudos,,,ChIJo64U4UmMpJIRPr6DbDCK0Zo,66070-500,$,8,,10,8.0,1.0,1.0,0.0,0.0,State of Pará,Tv. Segunda de Queluz,Tv. Segunda De Queluz,,Bar Brasileirinho,Bar Brasileirinho,4.5,https://www.google.com/maps/search/?api=1&query=Bar%20Brasileirinho&query_place_id=ChIJo64U4UmMpJIRPr6DbDCK0Zo,,Monday-Wednesday: Closed; Thursday-Saturday: 18:00 to 02:00; Sunday: 18:00 to 00:00
"66610-770 - Canudos, Belém - PA, Brazil","66610-770 - Canudos, Belém - Pa, Brazil",Bar,,,,,,,,,Brazilian boteco,1.48e+19,Belém,BR,0x92a48c36d8b1aaa9:0xcdeb2dde8c5539a4,,,,-1.4534944,-48.4627609,,Canudos,,,ChIJqaqx2DaMpJIRpDlVjN4t680,,$,7,,31,20.0,4.0,0.0,6.0,1.0,State of Pará,66610-770,66610-770,,Bar Do Baré,Bar Do Baré,4.4,https://www.google.com/maps/search/?api=1&query=Bar%20Do%20Bar%C3%A9&query_place_id=ChIJqaqx2DaMpJIRpDlVjN4t680,,
"Tv. Nina Ribeiro, 508 - São Brás, Belém - PA, 66070-350, Brazil","Tv. Nina Ribeiro, 508 - São Brás, Belém - Pa, 66070-350, Brazil",Bar,,,,,,,,,Brazilian boteco,9.99e+18,Belém,BR,0x92a48dfca4aecc63:0x8aab45ff159a66b1,,,,-1.4528671,-48.464179,,São Brás,+55 91 98120-1924,5590000000000.0,ChIJY8yupPyNpJIRsWaaFf9Fq4o,66070-350,$,5,,1,1.0,0.0,0.0,0.0,0.0,State of Pará,"Tv. Nina Ribeiro, 508","Tv. Nina Ribeiro, 508",,Snooker Bar,Snooker Bar,5.0,https://www.google.com/maps/search/?api=1&query=Snooker%20Bar&query_place_id=ChIJY8yupPyNpJIRsWaaFf9Fq4o,https://www.facebook.com/profile.php?id=100088932447395&mibextid=ZbWKwL,
"R. Triunvirato, 267 - Cidade Velha, Belém - PA, 66020-645, Brazil","R. Triunvirato, 267 - Cidade Velha, Belém - Pa, 66020-645, Brazil",Bar,,,,,,,,,Brazilian boteco,9.13e+18,Belém,BR,0x92a48e5e829afa6d:0x7ec4b3a0ae38c0b8,,,,-1.4636577,-48.5017366,,Cidade Velha,,,ChIJbfqagl6OpJIRuMA4rqCzxH4,66020-645,$,92,,6,4.0,2.0,0.0,0.0,0.0,State of Pará,"R. Triunvirato, 267","R. Triunvirato, 267",,Boteco 267,Boteco 267,4.7,https://www.google.com/maps/search/?api=1&query=Boteco%20267&query_place_id=ChIJbfqagl6OpJIRuMA4rqCzxH4,,Monday-Sunday: 08:00 to 22:00
"Rua são Miguel entre Honório e, Tv. Carlos de Carvalho, número 21 - Jurunas, Belém - PA, Brazil","Rua São Miguel Entre Honório E, Tv. Carlos De Carvalho, Número 21 - Jurunas, Belém - Pa, Brazil",Bar,,,,,,,,,Brazilian boteco,6.8e+18,Belém,BR,0x92a48fd52e6e1009:0x5e6237991afe9a05,,,,-1.4595003,-48.4996659,,Jurunas,,,ChIJCRBuLtWPpJIRBZr-Gpk3Yl4,,$,84,,0,,,,,,State of Pará,"Rua são Miguel entre Honório e, Tv. Carlos de Carvalho, número 21","Rua São Miguel Entre Honório E, Tv. Carlos De Carvalho, Número 21",,Bar O Manelito,Bar O Manelito,,https://www.google.com/maps/search/?api=1&query=Bar%20O%20Manelito&query_place_id=ChIJCRBuLtWPpJIRBZr-Gpk3Yl4,,Monday-Thursday: Closed; Friday-Sunday: Atendimento 24 horas
"R. Siqueira Mendes, 130 - Cidade Velha, Belém - PA, 66020-600, Brazil","R. Siqueira Mendes, 130 - Cidade Velha, Belém - Pa, 66020-600, Brazil",Night club,Bar,,,,,,,,Night club,2.66e+18,Belém,BR,0x92a48f9de90b83b3:0x24ebaa87a6f71ff0,,,,-1.4571115,-48.5060763,,Cidade Velha,+55 91 98156-0506,5590000000000.0,ChIJs4ML6Z2PpJIR8B_3poeq6yQ,66020-600,$$,78,,265,154.0,61.0,15.0,29.0,6.0,State of Pará,"R. Siqueira Mendes, 130","R. Siqueira Mendes, 130",,Açaí Biruta,Açaí Biruta,4.3,https://www.google.com/maps/search/?api=1&query=A%C3%A7a%C3%AD%20Biruta&query_place_id=ChIJs4ML6Z2PpJIR8B_3poeq6yQ,https://m.facebook.com/FanPageAcaiBiruta/?locale2=pt_BR,Monday-Tuesday: Closed; Wednesday: 09:00 to 00:00; Thursday: 09:00 to 22:00; Friday-Sunday: 09:00 to 00:00
"R. Carneiro da Rocha - Cidade Velha, Belém - PA, 66020-160, Brazil","R. Carneiro Da Rocha - Cidade Velha, Belém - Pa, 66020-160, Brazil",Chop bar,,,,,,,,,Pub,6.7e+18,Belém,BR,0x92a48fc4159d02df:0x5d04474fcd9af6b6,,,,-1.4636644,-48.5050136,,Cidade Velha,+55 91 99391-7877,5590000000000.0,ChIJ3wKdFcSPpJIRtvaazU9HBF0,66020-160,$$,74,,0,,,,,,State of Pará,R. Carneiro da Rocha,R. Carneiro Da Rocha,,Égua do chopp,Égua Do Chopp,,https://www.google.com/maps/search/?api=1&query=%C3%89gua%20do%20chopp&query_place_id=ChIJ3wKdFcSPpJIRtvaazU9HBF0,,"Monday-Sunday: 09:00 to 14:00, 15:00 to 23:00"
"R. São Boaventura, 268 - Cidade Velha, Belém - PA, 66020-550, Brazil","R. São Boaventura, 268 - Cidade Velha, Belém - Pa, 66020-550, Brazil",Bar,,,,,,,,,Bar & grill,3.16e+18,Belém,BR,0x92a48f0016aafe89:0x2bd05fb3dfbbb2dd,,,,-1.4617824,-48.5055325,,Cidade Velha,+55 91 99160-0373,5590000000000.0,ChIJif6qFgCPpJIR3bK737Nf0Cs,66020-550,$$,70,,60,32.0,10.0,9.0,9.0,0.0,State of Pará,"R. São Boaventura, 268","R. São Boaventura, 268",,Nabêra Gastronomia e Cultura,Nabêra Gastronomia E Cultura,3.9,https://www.google.com/maps/search/?api=1&query=Nab%C3%AAra%20Gastronomia%20e%20Cultura&query_place_id=ChIJif6qFgCPpJIR3bK737Nf0Cs,,
"R. Carneiro da Rocha, 2a - Cidade Velha, Belém - PA, 66020-160, Brazil","R. Carneiro Da Rocha, 2A - Cidade Velha, Belém - Pa, 66020-160, Brazil",Night club,,,,,,,,,Night club,1.32e+19,Belém,BR,0x92a48f0077c4ea1b:0xb787ea1b0a5dba8d,,,,-1.4636656,-48.5057624,,Cidade Velha,,,ChIJG-rEdwCPpJIRjbpdChvqh7c,66020-160,$$,67,,1,1.0,0.0,0.0,0.0,0.0,State of Pará,"R. Carneiro da Rocha, 2a","R. Carneiro Da Rocha, 2A",,Sodom fetish bar,Sodom Fetish Bar,5.0,https://www.google.com/maps/search/?api=1&query=Sodom%20fetish%20bar&query_place_id=ChIJG-rEdwCPpJIRjbpdChvqh7c,,Monday-Friday: 16:00 to 00:00; Saturday: 09:00 to 21:00; Sunday: 09:00 to 18:00
"Av. Alm. Tamandaré, 121 - Cidade Velha, Belém - PA, 66020-000, Brazil","Av. Alm. Tamandaré, 121 - Cidade Velha, Belém - Pa, 66020-000, Brazil",Bar,,,,,,,,,Brazilian boteco,1.43e+19,Belém,BR,0x92a48f5bd4fe90b3:0xc64468fc1c946fe0,,,,-1.4616427,-48.5043219,,Cidade Velha,+55 91 98527-1390,5590000000000.0,ChIJs5D-1FuPpJIR4G-UHPxoRMY,66020-000,$,65,,6,4.0,1.0,0.0,1.0,0.0,State of Pará,"Av. Alm. Tamandaré, 121","Av. Alm. Tamandaré, 121",,DOM LITRÃO,Dom Litrão,4.5,https://www.google.com/maps/search/?api=1&query=DOM%20LITR%C3%83O&query_place_id=ChIJs5D-1FuPpJIR4G-UHPxoRMY,http://www.domlitrao.com.br/,Monday-Saturday: Atendimento 24 horas; Sunday: 01:06 to 22:06
"R. Triunvirato, 303 - Cidade Velha, Belém - PA, 66020-645, Brazil","R. Triunvirato, 303 - Cidade Velha, Belém - Pa, 66020-645, Brazil",Gastropub,Bar,,,,,,,,Pub,6.31e+18,Belém,BR,0x92a48e5e7c59c455:0x57a1739c5d99c273,,,,-1.4629689,-48.5007141,,Cidade Velha,+55 91 98365-5883,5590000000000.0,ChIJVcRZfF6OpJIRc8KZXZxzoVc,66020-645,$$,58,,559,379.0,112.0,11.0,47.0,10.0,State of Pará,"R. Triunvirato, 303","R. Triunvirato, 303",,Boteco do Bacú,Boteco Do Bacú,4.5,https://www.google.com/maps/search/?api=1&query=Boteco%20do%20Bac%C3%BA&query_place_id=ChIJVcRZfF6OpJIRc8KZXZxzoVc,,Monday-Thursday: 18:00 to 01:00; Friday-Saturday: 18:00 to 04:00; Sunday: 18:00 to 01:00
"Av. Alm. Tamandaré, 71 - Cidade Velha, Belém - PA, 66020-000, Brazil","Av. Alm. Tamandaré, 71 - Cidade Velha, Belém - Pa, 66020-000, Brazil",Bar,,,,,,,,,Bar & grill,1.54e+19,Belém,BR,0x92a48f31b2b4e36f:0xd60fb6ecb09574d5,,,,-1.4618103,-48.503258,,Cidade Velha,+55 91 99294-2132,5590000000000.0,ChIJb-O0sjGPpJIR1XSVsOy2D9Y,66020-000,$$,57,,7,6.0,0.0,0.0,1.0,0.0,State of Pará,"Av. Alm. Tamandaré, 71","Av. Alm. Tamandaré, 71",,MRS Boteco & Bistrô,Mrs Boteco & Bistrô,4.7,https://www.google.com/maps/search/?api=1&query=MRS%20Boteco%20%26%20Bistr%C3%B4&query_place_id=ChIJb-O0sjGPpJIR1XSVsOy2D9Y,https://pt-br.facebook.com/bistroebotecobelem/,Monday-Sunday: Atendimento 24 horas
"R. Arsenal, 143 - Cidade Velha, Belém - PA, 66023-025, Brazil","R. Arsenal, 143 - Cidade Velha, Belém - Pa, 66023-025, Brazil",Oyster bar restaurant,Bar,,,,,,,,Pub,1.44e+18,Belém,BR,0x92a48f1ab23f13c7:0x13eeb5b21543ad6c,,,,-1.464825,-48.5028309,,Cidade Velha,+55 91 99642-2852,5590000000000.0,ChIJxxM_shqPpJIRbK1DFbK17hM,66023-025,$$,48,,30,16.0,4.0,4.0,4.0,2.0,State of Pará,"R. Arsenal, 143","R. Arsenal, 143",,Tchaaba Beer e Conveniência,Tchaaba Beer E Conveniência,3.9,https://www.google.com/maps/search/?api=1&query=Tchaaba%20Beer%20e%20Conveni%C3%AAncia&query_place_id=ChIJxxM_shqPpJIRbK1DFbK17hM,https://instagram.com/tchabaoficial?igshid=MzRlODBiNWFlZA==,
"R. Dr. Assis, 592 - Cidade Velha, Belém - PA, 66020-290, Brazil","R. Dr. Assis, 592 - Cidade Velha, Belém - Pa, 66020-290, Brazil",Bar,,,,,,,,,Brazilian boteco,8.07e+18,Belém,BR,0x92a48fc24bd3936d:0x70063f8936f55c7a,,,,-1.4611543,-48.5046712,,Cidade Velha,,,ChIJbZPTS8KPpJIRelz1Nok_BnA,66020-290,$,47,,4,3.0,0.0,1.0,0.0,0.0,State of Pará,"R. Dr. Assis, 592","R. Dr. Assis, 592",,Porão do Índio,Porão Do Índio,4.0,https://www.google.com/maps/search/?api=1&query=Por%C3%A3o%20do%20%C3%8Dndio&query_place_id=ChIJbZPTS8KPpJIRelz1Nok_BnA,,
"R. Cametá, 113 - Cidade Velha, Belém - PA, 66020-120, Brazil","R. Cametá, 113 - Cidade Velha, Belém - Pa, 66020-120, Brazil",Bar,,,,,,,,,Brazilian boteco,1.78e+19,Belém,BR,0x92a48fcafd8af31b:0xf6824f6b5e232206,,,,-1.458682,-48.5031589,,Cidade Velha,+55 91 98166-9368,5590000000000.0,ChIJG_OK_cqPpJIRBiIjXmtPgvY,66020-120,$,45,,17,14.0,1.0,0.0,2.0,0.0,State of Pará,"R. Cametá, 113","R. Cametá, 113",,Xibé Cultural,Xibé Cultural,4.7,https://www.google.com/maps/search/?api=1&query=Xib%C3%A9%20Cultural&query_place_id=ChIJG_OK_cqPpJIRBiIjXmtPgvY,,Monday-Thursday: 17:30 to 01:00; Friday-Saturday: 17:30 to 02:00; Sunday: 17:30 to 01:00
"R. Triunvirato, 280 - Cidade Velha, Belém - PA, 66020-645, Brazil","R. Triunvirato, 280 - Cidade Velha, Belém - Pa, 66020-645, Brazil",Bar,Restaurant,,,,,,,,Brazilian boteco,1.32e+19,Belém,BR,0x92a48e5e65298e7b:0xb7adbe02fd4f3b9c,,,,-1.4632401,-48.5007595,https://www.ifood.com.br/delivery/belem-pa/bar-dois-irmaos-cidade-velha/f31f2f62-ebd3-4d87-affc-d59f16fc3104?srsltid=AfmBOorkjZytTUz58A7Ieubyh3YVEoo0-3LYXMw7PiWlFNJ2dxe-xEq4,Cidade Velha,+55 91 98032-7474,5590000000000.0,ChIJe44pZV6OpJIRnDtP_QK-rbc,66020-645,$$,42,,657,397.0,146.0,24.0,71.0,19.0,State of Pará,"R. Triunvirato, 280","R. Triunvirato, 280",,Bar Dois Irmãos,Bar Dois Irmãos,4.3,https://www.google.com/maps/search/?api=1&query=Bar%20Dois%20Irm%C3%A3os&query_place_id=ChIJe44pZV6OpJIRnDtP_QK-rbc,https://api.whatsapp.com/send?phone=%2B559180327474&context=ARDa2H0Rd6dMgZEzgDxvil7lK4pmx7HKxOSdS9jSfuEILxKFuYZHucl2YxUnNvNTPiXgBOrcilYEMaOad0EtIMxccBLPHhA9chrnfxUfqr-aA328f3UaECnEVQ6IP5cRU48ZeE9TOmxDGKWJBE94H_mmkg&source=FB_Page&app=facebook&entry_point=page_cta,Monday: 18:00 to 02:30; Tuesday-Wednesday: Closed; Thursday-Saturday: 18:00 to 04:00; Sunday: 16:00 to 01:00
"Tv. São Francisco, 493 - Batista Campos, Belém - PA, 66913-430, Brazil","Tv. São Francisco, 493 - Batista Campos, Belém - Pa, 66913-430, Brazil",Pub,,,,,,,,,Pub,1.58e+19,Belém,BR,0x92a48e8a972f4a5d:0xdbb1f1f22b79f46b,,,,-1.4591101,-48.4970436,,Batista Campos,,,ChIJXUovl4qOpJIRa_R5K_Lxsds,66913-430,$$,7,,1603,1005.0,345.0,43.0,169.0,41.0,State of Pará,"Tv. São Francisco, 493","Tv. São Francisco, 493",,Bar Tacada Certa,Bar Tacada Certa,4.4,https://www.google.com/maps/search/?api=1&query=Bar%20Tacada%20Certa&query_place_id=ChIJXUovl4qOpJIRa_R5K_Lxsds,,
"Cidade Velha, Belém - State of Pará, Brazil","Cidade Velha, Belém - State Of Pará, Brazil",Bar,,,,,,,,,Brazilian boteco,1.33e+19,Belém,BR,0x92a48e587b7d5a63:0xb88dafbbb6909a69,,,,-1.4604632,-48.5066208,,Cidade Velha,,,ChIJY1p9e1iOpJIRaZqQtruvjbg,,$,39,,21,9.0,7.0,1.0,4.0,0.0,State of Pará,,,,Tabuas de Marés,Tabuas De Marés,4.1,https://www.google.com/maps/search/?api=1&query=Tabuas%20de%20Mar%C3%A9s&query_place_id=ChIJY1p9e1iOpJIRaZqQtruvjbg,,
"R. Carneiro da Rocha, 8 - Cidade Velha, Belém - PA, 66020-160, Brazil","R. Carneiro Da Rocha, 8 - Cidade Velha, Belém - Pa, 66020-160, Brazil",Bar,,,,,,,,,Brazilian boteco,6.71e+18,Belém,BR,0x92a48f3982da7a17:0x5d19384392b18bfb,,,,-1.4637703,-48.5060156,,Cidade Velha,,,ChIJF3ragjmPpJIR-4uxkkM4GV0,66020-160,$,38,,1,1.0,0.0,0.0,0.0,0.0,State of Pará,"R. Carneiro da Rocha, 8","R. Carneiro Da Rocha, 8",,Maloca das Amazonas,Maloca Das Amazonas,5.0,https://www.google.com/maps/search/?api=1&query=Maloca%20das%20Amazonas&query_place_id=ChIJF3ragjmPpJIR-4uxkkM4GV0,https://instagram.com/malocadasamazonas?igshid=OGQ5ZDc2ODk2ZA==,Monday: 17:30 to 00:00; Tuesday-Thursday: Closed; Friday-Sunday: 17:30 to 02:00
"R. Arsenal, 289 - Cidade Velha, Belém - PA, 66023-110, Brazil","R. Arsenal, 289 - Cidade Velha, Belém - Pa, 66023-110, Brazil",Cocktail bar,Restaurant,,,,,,,,Cocktail bar,2.95e+18,Belém,BR,0x92a48e5c0fed1037:0x29005938ac33181b,,,,-1.4658835,-48.502424,,Cidade Velha,+55 91 98187-0479,5590000000000.0,ChIJNxDtD1yOpJIRGxgzrDhZACk,66023-110,$$$,31,,144,97.0,28.0,8.0,10.0,1.0,State of Pará,"R. Arsenal, 289","R. Arsenal, 289",,Skina Queen,Skina Queen,4.4,https://www.google.com/maps/search/?api=1&query=Skina%20Queen&query_place_id=ChIJNxDtD1yOpJIRGxgzrDhZACk,,Monday-Sunday: 08:00 to 03:00
"Cidade Velha, Belém - State of Pará, 66020-060, Brazil","Cidade Velha, Belém - State Of Pará, 66020-060, Brazil",Bar,,,,,,,,,Brazilian boteco,1.77e+19,Belém,BR,0x92a48e5ced0aa385:0xf519be639a671b93,,,,-1.465908,-48.5024003,,Cidade Velha,,,ChIJhaMK7VyOpJIRkxtnmmO-GfU,,$$,29,,1,1.0,0.0,0.0,0.0,0.0,State of Pará,,,,Devassa,Devassa,5.0,https://www.google.com/maps/search/?api=1&query=Devassa&query_place_id=ChIJhaMK7VyOpJIRkxtnmmO-GfU,,Monday: 18:00 to 00:00; Tuesday-Wednesday: Closed; Thursday: 18:00 to 01:00; Friday-Saturday: 18:00 to 04:00; Sunday: Closed
"Cidade Velha, Belém - State of Pará, Brazil","Cidade Velha, Belém - State Of Pará, Brazil",Sports bar,,,,,,,,,Sports bar,1.74e+19,Belém,BR,0x92a48f0060ea1199:0xf1e646bf0d7fa9e5,,,,-1.4619499,-48.5062207,,Cidade Velha,,,ChIJmRHqYACPpJIR5al_Db9G5vE,,$,27,,1,1.0,0.0,0.0,0.0,0.0,State of Pará,,,,Ginasio Resenha steak,Ginasio Resenha Steak,5.0,https://www.google.com/maps/search/?api=1&query=Ginasio%20Resenha%20steak&query_place_id=ChIJmRHqYACPpJIR5al_Db9G5vE,,
"Esquina com Rua Óbidos, Tv. de Breves, 111 - Cidade Velha, Belém - PA, 66020-448, Brazil","Esquina Com Rua Óbidos, Tv. De Breves, 111 - Cidade Velha, Belém - Pa, 66020-448, Brazil",Bar,,,,,,,,,Brazilian boteco,2.36e+18,Belém,BR,0x92a48fc5939cb0e3:0x20ba8fce50cd230f,,,,-1.4628802,-48.5026008,,Cidade Velha,+55 91 98736-6601,5590000000000.0,ChIJ47Cck8WPpJIRDyPNUM6PuiA,66020-448,$$,22,,123,103.0,13.0,4.0,3.0,0.0,State of Pará,"Esquina com Rua Óbidos, Tv. de Breves, 111","Esquina Com Rua Óbidos, Tv. De Breves, 111",,Canto do Zé,Canto Do Zé,4.7,https://www.google.com/maps/search/?api=1&query=Canto%20do%20Z%C3%A9&query_place_id=ChIJ47Cck8WPpJIRDyPNUM6PuiA,https://instagram.com/sambadeze?igshid=YmMyMTA2M2Y=,
"Av. Alm. Tamandaré, 71 - Cidade Velha, Belém - PA, 66020-000, Brazil","Av. Alm. Tamandaré, 71 - Cidade Velha, Belém - Pa, 66020-000, Brazil",Bar,,,,,,,,,Pub,1.58e+19,Belém,BR,0x92a48f5ac57948bb:0xdb0e91df980cddf8,,,Edifício Almirante Tamandaré,-1.4618103,-48.503258,,Cidade Velha,,,ChIJu0h5xVqPpJIR-N0MmN-RDts,66020-000,$$,18,,2,1.0,1.0,0.0,0.0,0.0,State of Pará,"Av. Alm. Tamandaré, 71","Av. Alm. Tamandaré, 71",,Raízes,Raízes,4.5,https://www.google.com/maps/search/?api=1&query=Ra%C3%ADzes&query_place_id=ChIJu0h5xVqPpJIR-N0MmN-RDts,,Monday-Sunday: 08:00 to 00:00
"Av. Alm. Tamandaré, 35 - Cidade Velha, Belém - PA, 66020-000, Brazil","Av. Alm. Tamandaré, 35 - Cidade Velha, Belém - Pa, 66020-000, Brazil",Bar,,,,,,,,,Brazilian boteco,1.27e+19,Belém,BR,0x92a48e59217c5307:0xafb5a394024c7098,,,,-1.462139,-48.5047868,,Cidade Velha,+55 91 98900-4706,5590000000000.0,ChIJB1N8IVmOpJIRmHBMApSjta8,66020-000,$,17,,6,4.0,1.0,1.0,0.0,0.0,State of Pará,"Av. Alm. Tamandaré, 35","Av. Alm. Tamandaré, 35",,Bar da Galera,Bar Da Galera,4.2,https://www.google.com/maps/search/?api=1&query=Bar%20da%20Galera&query_place_id=ChIJB1N8IVmOpJIRmHBMApSjta8,,
"R. São Boaventura, 171 - Cidade Velha, Belém - PA, 66020-550, Brazil","R. São Boaventura, 171 - Cidade Velha, Belém - Pa, 66020-550, Brazil",Cocktail bar,Art gallery,Brewery,Live music bar,Live music venue,Restaurant,Tapas bar,,,Cocktail bar,1.57e+19,Belém,BR,0x92a48f85721c6bfb:0xda9255f53f8eacdb,,,,-1.4608375,-48.5053075,https://drive.google.com/file/d/16w6YpHsSX-ZiR7VOBcguQwBtcxV5ZOxM/view?usp=drivesdk,Cidade Velha,+55 91 98213-6071,5590000000000.0,ChIJ-2sccoWPpJIR26yOP_VVkto,66020-550,$$,15,,77,65.0,5.0,5.0,1.0,1.0,State of Pará,"R. São Boaventura, 171","R. São Boaventura, 171",,Casa Apoena (Cidade Velha),Casa Apoena (Cidade Velha),4.6,https://www.google.com/maps/search/?api=1&query=Casa%20Apoena%20(Cidade%20Velha)&query_place_id=ChIJ-2sccoWPpJIR26yOP_VVkto,https://instagram.com/_casaapoena?igshid=MzRlODBiNWFlZA==,Monday-Sunday: 17:00 to 00:00
"R. Dr. Rodrigues dos Santos, 210 - Cidade Velha, Belém - PA, 66020-260, Brazil","R. Dr. Rodrigues Dos Santos, 210 - Cidade Velha, Belém - Pa, 66020-260, Brazil",Bar,,,,,,,,,Brazilian boteco,6.94e+18,Belém,BR,0x92a48ef5f2bb36f3:0x604f97b6791e7bb4,,,,-1.4596063,-48.5025236,,Cidade Velha,+55 91 98729-8665,5590000000000.0,ChIJ8za78vWOpJIRtHseebaXT2A,66020-260,$,14,,198,127.0,40.0,5.0,23.0,3.0,State of Pará,"R. Dr. Rodrigues dos Santos, 210","R. Dr. Rodrigues Dos Santos, 210",,De Bubuia,De Bubuia,4.4,https://www.google.com/maps/search/?api=1&query=De%20Bubuia&query_place_id=ChIJ8za78vWOpJIRtHseebaXT2A,https://www.instagram.com/de_bubuia?igsh=MTRpbWNhaDZvZTVqNw==,Monday-Sunday: Atendimento 24 horas
"Tv. Bom Jardim, 167 - Cidade Velha, Belém - PA, 66025-188, Brazil","Tv. Bom Jardim, 167 - Cidade Velha, Belém - Pa, 66025-188, Brazil",Bar,,,,,,,,,Brazilian boteco,1.3e+19,Belém,BR,0x92a48f7ed720569f:0xb50b92987f12dc9b,,,,-1.461985,-48.500627,,Cidade Velha,+55 91 98199-5479,5590000000000.0,ChIJn1Yg136PpJIRm9wSf5iSC7U,66025-188,$$,13,,241,168.0,46.0,12.0,14.0,1.0,State of Pará,"Tv. Bom Jardim, 167","Tv. Bom Jardim, 167",,Bar The Beatles Yellow Submarine,Bar The Beatles Yellow Submarine,4.5,https://www.google.com/maps/search/?api=1&query=Bar%20The%20Beatles%20Yellow%20Submarine&query_place_id=ChIJn1Yg136PpJIRm9wSf5iSC7U,https://www.facebook.com/barthebeatles/,Monday-Sunday: 18:00 to 02:00
"Beco do Carmo - Cidade Velha, Belém - PA, 66020-010, Brazil","Beco Do Carmo - Cidade Velha, Belém - Pa, 66020-010, Brazil",Bar,,,,,,,,,Brazilian boteco,1.34e+19,Belém,BR,0x92a48f004cf4da5b:0xb95753d27256a5f4,,,,-1.4593358,-48.5061242,,Cidade Velha,,,ChIJW9r0TACPpJIR9KVWctJTV7k,,$,9,,0,,,,,,State of Pará,Beco do Carmo,Beco Do Carmo,,"Bar do Bené, Ladeira do Beco do Carmo","Bar Do Bené, Ladeira Do Beco Do Carmo",,https://www.google.com/maps/search/?api=1&query=Bar%20do%20Ben%C3%A9%2C%20Ladeira%20do%20Beco%20do%20Carmo&query_place_id=ChIJW9r0TACPpJIR9KVWctJTV7k,,
"Tv. Dom Bôsco, 15 - Cidade Velha, Belém - PA, 66020-210, Brazil","Tv. Dom Bôsco, 15 - Cidade Velha, Belém - Pa, 66020-210, Brazil",Bar,,,,,,,,,Brazilian boteco,1.53e+19,Belém,BR,0x92a48f0032261e55:0xd40a3c048a438d8b,,,Carmo Square,-1.458451,-48.506147,,Cidade Velha,+55 91 98224-7259,5590000000000.0,ChIJVR4mMgCPpJIRi41DigQ8CtQ,66020-210,$,8,,0,,,,,,State of Pará,"Tv. Dom Bôsco, 15","Tv. Dom Bôsco, 15",,Templo de Jah - Bar do Jamaica,Templo De Jah - Bar Do Jamaica,,https://www.google.com/maps/search/?api=1&query=Templo%20de%20Jah%20-%20Bar%20do%20Jamaica&query_place_id=ChIJVR4mMgCPpJIRi41DigQ8CtQ,,
"Tv. Joaquim Távora, 188 - Cidade Velha, Belém - PA, 66020-340, Brazil","Tv. Joaquim Távora, 188 - Cidade Velha, Belém - Pa, 66020-340, Brazil",Live music bar,,,,,,,,,Pub,1.4e+19,Belém,BR,0x92a48fefe5c04a81:0xc21b9eee5ea8d7c3,,,,-1.4577239,-48.5047999,,Cidade Velha,,,ChIJgUrA5e-PpJIRw9eoXu6eG8I,66020-340,$$,6,,9,8.0,0.0,0.0,1.0,0.0,State of Pará,"Tv. Joaquim Távora, 188","Tv. Joaquim Távora, 188",,Sacada 188,Sacada 188,4.8,https://www.google.com/maps/search/?api=1&query=Sacada%20188&query_place_id=ChIJgUrA5e-PpJIRw9eoXu6eG8I,,
"R. Siqueira Mendes, 108 - Cidade Velha, Belém - PA, 66020-600, Brazil","R. Siqueira Mendes, 108 - Cidade Velha, Belém - Pa, 66020-600, Brazil",Bar,,,,,,,,,Brazilian boteco,5.98e+18,Belém,BR,0x92a48ef6fb7b2707:0x53016312322768bc,,,,-1.4579083,-48.5058794,,Cidade Velha,,,ChIJByd7-_aOpJIRvGgnMhJjAVM,66020-600,$,5,,0,,,,,,State of Pará,"R. Siqueira Mendes, 108","R. Siqueira Mendes, 108",,Bar da Praca,Bar Da Praca,,https://www.google.com/maps/search/?api=1&query=Bar%20da%20Praca&query_place_id=ChIJByd7-_aOpJIRvGgnMhJjAVM,,
"Tv. Bom Jardim, 82 - Cidade Velha, Belém - PA, 66025-180, Brazil","Tv. Bom Jardim, 82 - Cidade Velha, Belém - Pa, 66025-180, Brazil",Bar,,,,,,,,,Brazilian boteco,3.61e+18,Belém,BR,0x92a48e5f08121f01:0x32185039277da170,,,,-1.4614267,-48.5012919,,Cidade Velha,,,ChIJAR8SCF-OpJIRcKF9JzlQGDI,66025-180,$,4,,19,13.0,1.0,0.0,4.0,1.0,State of Pará,"Tv. Bom Jardim, 82","Tv. Bom Jardim, 82",,Bar do Toninho (Canoa),Bar Do Toninho (Canoa),4.4,https://www.google.com/maps/search/?api=1&query=Bar%20do%20Toninho%20(Canoa)&query_place_id=ChIJAR8SCF-OpJIRcKF9JzlQGDI,,
"R. São Boaventura, 268 - Cidade Velha, Belém - PA, 66020-550, Brazil","R. São Boaventura, 268 - Cidade Velha, Belém - Pa, 66020-550, Brazil",Cocktail bar,,,,,,,,,Cocktail bar,1.78e+19,Belém,BR,0x92a48fb1db5297f7:0xf76adf26190546f8,,,,-1.4617293,-48.5053222,,Cidade Velha,+55 91 98521-0107,5590000000000.0,ChIJ95dS27GPpJIR-EYFGSbfavc,66020-550,$$$,2,,0,,,,,,State of Pará,"R. São Boaventura, 268","R. São Boaventura, 268",,Banzeriô Deck Bar,Banzeriô Deck Bar,,https://www.google.com/maps/search/?api=1&query=Banzeri%C3%B4%20Deck%20Bar&query_place_id=ChIJ95dS27GPpJIR-EYFGSbfavc,https://www.instagram.com/banzeriodeckbar/,
"Av. Cipriano Santos, 42 - São Brás, Belém - PA, 66090-340, Brazil","Av. Cipriano Santos, 42 - São Brás, Belém - Pa, 66090-340, Brazil",Bar,,,,,,,,,Brazilian boteco,2.13e+18,Belém,BR,0x92a48d3cc56889c3:0x1d8ef85419e9a39f,,,,-1.4485946,-48.4494445,,São Brás,,,ChIJw4loxTyNpJIRn6PpGVT4jh0,66090-340,$,38,,0,,,,,,State of Pará,"Av. Cipriano Santos, 42","Av. Cipriano Santos, 42",,Bar Do Maranhão,Bar Do Maranhão,,https://www.google.com/maps/search/?api=1&query=Bar%20Do%20Maranh%C3%A3o&query_place_id=ChIJw4loxTyNpJIRn6PpGVT4jh0,,
"Esquina com - Avenida romulo maiorana, Tv. Barão do Triunfo, 1580 - Marco, Belém - PA, 66093-000, Brazil","Esquina Com - Avenida Romulo Maiorana, Tv. Barão Do Triunfo, 1580 - Marco, Belém - Pa, 66093-000, Brazil",Live music bar,Beer hall,,,,,,,,Brazilian boteco,5.11e+18,Belém,BR,0x92a48c0b43cfcdbf:0x46e7e6d76985cd43,,,,-1.4341105,-48.4606073,https://www.instagram.com/eguaducardapio/,Marco,+55 91 99287-1414,5590000000000.0,ChIJv83PQwuMpJIRQ82Fadfm50Y,66093-000,$$,15,,886,547.0,231.0,19.0,62.0,27.0,State of Pará,"Esquina com - Avenida romulo maiorana, Tv. Barão do Triunfo, 1580","Esquina Com - Avenida Romulo Maiorana, Tv. Barão Do Triunfo, 1580",,Égua Du Buteco,Égua Du Buteco,4.4,https://www.google.com/maps/search/?api=1&query=%C3%89gua%20Du%20Buteco&query_place_id=ChIJv83PQwuMpJIRQ82Fadfm50Y,https://www.facebook.com/eguadubuteco/,
"3883 C - Tv. Barão do Triunfo, 3883 - Marco, Belém - PA, 66095-055, Brazil","3883 C - Tv. Barão Do Triunfo, 3883 - Marco, Belém - Pa, 66095-055, Brazil",Bar & grill,,,,,,,,,Bar & grill,1.71e+18,Belém,BR,0x92a48daf25d121db:0x17b84dee2e3e7522,,,,-1.437989,-48.4542178,,Marco,+55 91 98536-3879,5590000000000.0,ChIJ2yHRJa-NpJIRInU-Lu5NuBc,66095-055,$$,6,,0,,,,,,State of Pará,"3883 C - Tv. Barão do Triunfo, 3883","3883 C - Tv. Barão Do Triunfo, 3883",,Amsterdã Belém,Amsterdã Belém,,https://www.google.com/maps/search/?api=1&query=Amsterd%C3%A3%20Bel%C3%A9m&query_place_id=ChIJ2yHRJa-NpJIRInU-Lu5NuBc,,Monday-Saturday: 07:00 to 20:30; Sunday: 07:00 to 18:00
"Av. Perimetral, 1622 - Marco, Belém - PA, 66077-830, Brazil","Av. Perimetral, 1622 - Marco, Belém - Pa, 66077-830, Brazil",Bar,,,,,,,,,Pub,1.24e+19,Belém,BR,0x92a48dfc2176def5:0xac7bf45eb595faf9,,,,-1.4380659,-48.449108,,Marco,+55 91 98102-9813,5590000000000.0,ChIJ9d52IfyNpJIR-fqVtV70e6w,66077-830,$$,22,,24,15.0,1.0,2.0,3.0,3.0,State of Pará,"Av. Perimetral, 1622","Av. Perimetral, 1622",,Toca Mix,Toca Mix,4.0,https://www.google.com/maps/search/?api=1&query=Toca%20Mix&query_place_id=ChIJ9d52IfyNpJIR-fqVtV70e6w,,Monday-Sunday: 12:00 to 22:00
"Passagem São Sebastião, 166 - Marco, Belém - PA, 66095-590, Brazil","Passagem São Sebastião, 166 - Marco, Belém - Pa, 66095-590, Brazil",Bar,,,,,,,,,Brazilian boteco,1.44e+19,Belém,BR,0x92a48d2714afde99:0xc7e9061268a234c0,,,,-1.4417318,-48.4558971,,Marco,+55 91 98994-7199,5590000000000.0,ChIJmd6vFCeNpJIRwDSiaBIG6cc,66095-590,$,37,,0,,,,,,State of Pará,"Passagem São Sebastião, 166","Passagem São Sebastião, 166",,BAR DA SONIA/CONVENIÊNCIA HORA EXTRA/ ALUGUEL DE MESAS,Bar Da Sonia/Conveniência Hora Extra/ Aluguel De Mesas,,https://www.google.com/maps/search/?api=1&query=BAR%20DA%20SONIA%2FCONVENI%C3%8ANCIA%20HORA%20EXTRA%2F%20ALUGUEL%20DE%20MESAS&query_place_id=ChIJmd6vFCeNpJIRwDSiaBIG6cc,,
"Tv. Vileta - Marco, Belém - PA, 66095-346, Brazil","Tv. Vileta - Marco, Belém - Pa, 66095-346, Brazil",Bar,,,,,,,,,Brazilian boteco,1.44e+19,Belém,BR,0x92a48d65630efc05:0xc84b586e14a22e3c,,,,-1.4453492,-48.4538986,,Marco,,,ChIJBfwOY2WNpJIRPC6iFG5YS8g,66095-346,$,36,,0,,,,,,State of Pará,Tv. Vileta,Tv. Vileta,,Bar da rai,Bar Da Rai,,https://www.google.com/maps/search/?api=1&query=Bar%20da%20rai&query_place_id=ChIJBfwOY2WNpJIRPC6iFG5YS8g,,Monday-Saturday: 08:00 to 19:00; Sunday: Closed
"Av. Ceará, 642 - Canudos, Belém - PA, 66070-180, Brazil","Av. Ceará, 642 - Canudos, Belém - Pa, 66070-180, Brazil",Bar,Restaurant,,,,,,,,Brazilian boteco,1.01e+19,Belém,BR,0x92a48c3f486e955d:0x8ba40a60528e2416,,,,-1.4477141,-48.4598996,,Canudos,+55 91 3274-5951,559000000000.0,ChIJXZVuSD-MpJIRFiSOUmAKpIs,66070-180,$,28,,34,20.0,5.0,1.0,7.0,1.0,State of Pará,"Av. Ceará, 642","Av. Ceará, 642",,Bar Luti Drinks,Bar Luti Drinks,4.2,https://www.google.com/maps/search/?api=1&query=Bar%20Luti%20Drinks&query_place_id=ChIJXZVuSD-MpJIRFiSOUmAKpIs,,Monday-Thursday: Closed; Friday: 17:00 to 22:00; Saturday-Sunday: 11:00 to 23:00
"Tv. Vileta, 2384 - Marco, Belém - PA, 66093-345, Brazil","Tv. Vileta, 2384 - Marco, Belém - Pa, 66093-345, Brazil",Restaurant,,,,,,,,,Pub,9.82e+18,Belém,BR,0x92a48d13aceda169:0x8847867bc33b6f44,,,,-1.4391766,-48.4637051,https://wa.me/message/CS7YVXAGQ5ACI1,Marco,+55 91 99382-2024,5590000000000.0,ChIJaaHtrBONpJIRRG87w3uGR4g,66093-345,$$,15,,132,94.0,20.0,4.0,8.0,6.0,State of Pará,"Tv. Vileta, 2384","Tv. Vileta, 2384",,Cabaré SG Pub,Cabaré Sg Pub,4.5,https://www.google.com/maps/search/?api=1&query=Cabar%C3%A9%20SG%20Pub&query_place_id=ChIJaaHtrBONpJIRRG87w3uGR4g,,"Monday: 00:00 to 07:00; Tuesday: 09:00 to 00:00; Wednesday-Sunday: 00:00 to 07:00, 09:00 to 00:00"
"Tv. Dr. Enéas Pinheiro, 1307 - Marco, Belém - PA, 66095-015, Brazil","Tv. Dr. Enéas Pinheiro, 1307 - Marco, Belém - Pa, 66095-015, Brazil",Pub,,,,,,,,,Pub,1.64e+18,Belém,BR,0x92a48c741618e3eb:0x16cf87a26c554e44,,,,-1.4324206,-48.4545913,,Marco,+55 91 3120-8488,559000000000.0,ChIJ6-MYFnSMpJIRRE5VbKKHzxY,66095-015,$$,3,,511,393.0,81.0,7.0,24.0,6.0,State of Pará,"Tv. Dr. Enéas Pinheiro, 1307","Tv. Dr. Enéas Pinheiro, 1307",,Empório da Gelada,Empório Da Gelada,4.7,https://www.google.com/maps/search/?api=1&query=Emp%C3%B3rio%20da%20Gelada&query_place_id=ChIJ6-MYFnSMpJIRRE5VbKKHzxY,http://emporiodagelada.com.br/,Monday-Sunday: Atendimento 24 horas
"R. Jabatiteua, n° 860 - Marco, Belém - PA, 66070-260, Brazil","R. Jabatiteua, N° 860 - Marco, Belém - Pa, 66070-260, Brazil",Bar,,,,,,,,,Brazilian boteco,1.48e+19,Belém,BR,0x92a48ddf35fb4065:0xcd5123e460aa301e,,,,-1.4476544,-48.4525381,,Marco,+55 91 98745-7011,5590000000000.0,ChIJZUD7Nd-NpJIRHjCqYOQjUc0,66070-260,$,19,,8,7.0,0.0,1.0,0.0,0.0,State of Pará,"R. Jabatiteua, n° 860","R. Jabatiteua, N° 860",,Bar do Mario,Bar Do Mario,4.5,https://www.google.com/maps/search/?api=1&query=Bar%20do%20Mario&query_place_id=ChIJZUD7Nd-NpJIRHjCqYOQjUc0,,Monday-Saturday: 08:00 to 12:00; Sunday: 08:00 to 04:00
"Marco, Belém - State of Pará, 66080-472, Brazil","Marco, Belém - State Of Pará, 66080-472, Brazil",Bar,,,,,,,,,Brazilian boteco,1.63e+19,Belém,BR,0x92a48c6be90a606f:0xe20f9c86e74fa380,,,,-1.441394,-48.4545912,,Marco,,,ChIJb2AK6WuMpJIRgKNP54acD-I,,$,18,,0,,,,,,State of Pará,,,,Bar Da Jack,Bar Da Jack,,https://www.google.com/maps/search/?api=1&query=Bar%20Da%20Jack&query_place_id=ChIJb2AK6WuMpJIRgKNP54acD-I,,Monday: Closed; Tuesday-Sunday: 08:00 to 00:00
"Passagem Getúlio Vargas, 88 - Marco, Belém - PA, 66095-690, Brazil","Passagem Getúlio Vargas, 88 - Marco, Belém - Pa, 66095-690, Brazil",Bar,,,,,,,,,Brazilian boteco,1.66e+18,Belém,BR,0x92a48c767e8383bd:0x16f949de92504280,,,,-1.4313522,-48.4534475,,Marco,,,ChIJvYODfnaMpJIRgEJQkt5J-RY,66095-690,$,17,,53,34.0,16.0,1.0,2.0,0.0,State of Pará,"Passagem Getúlio Vargas, 88","Passagem Getúlio Vargas, 88",,Bar do João,Bar Do João,4.5,https://www.google.com/maps/search/?api=1&query=Bar%20do%20Jo%C3%A3o&query_place_id=ChIJvYODfnaMpJIRgEJQkt5J-RY,,
"Tv. Barão do Triunfo, 3883 - Marco, Belém - PA, 66095-055, Brazil","Tv. Barão Do Triunfo, 3883 - Marco, Belém - Pa, 66095-055, Brazil",Bar,,,,,,,,,Brazilian boteco,8.87e+18,Belém,BR,0x92a48d0bdac8ea6f:0x7b260ecc904876c8,,,,-1.4379725,-48.4542302,,Marco,+55 91 98591-9142,5590000000000.0,ChIJb-rI2guNpJIRyHZIkMwOJns,66095-055,$,13,,9,6.0,3.0,0.0,0.0,0.0,State of Pará,"Tv. Barão do Triunfo, 3883","Tv. Barão Do Triunfo, 3883",,Bar Segundas Intenções,Bar Segundas Intenções,4.7,https://www.google.com/maps/search/?api=1&query=Bar%20Segundas%20Inten%C3%A7%C3%B5es&query_place_id=ChIJb-rI2guNpJIRyHZIkMwOJns,,
"Passagem Santo Antônio, 267 - Curió-Utinga, Belém - PA, 66610-180, Brazil","Passagem Santo Antônio, 267 - Curió-Utinga, Belém - Pa, 66610-180, Brazil",Bar,,,,,,,,,Brazilian boteco,1.31e+19,Belém,BR,0x92a48c7777bd41b5:0xb61551547ddaebad,,,,-1.4314674,-48.4494127,,Curió-Utinga,,,ChIJtUG9d3eMpJIRrevafVRRFbY,66610-180,$,11,,16,9.0,2.0,3.0,1.0,1.0,State of Pará,"Passagem Santo Antônio, 267","Passagem Santo Antônio, 267",,Bar Da Uva,Bar Da Uva,3.8,https://www.google.com/maps/search/?api=1&query=Bar%20Da%20Uva&query_place_id=ChIJtUG9d3eMpJIRrevafVRRFbY,,
"Curió-Utinga, Belém - State of Pará, 66610-190, Brazil","Curió-Utinga, Belém - State Of Pará, 66610-190, Brazil",Bar,,,,,,,,,Brazilian boteco,1.22e+19,Belém,BR,0x92a48c77e901ca5f:0xa99f82b909dbf838,,,,-1.4301474,-48.4498293,,Curió-Utinga,,,ChIJX8oB6XeMpJIROPjbCbmCn6k,,$,9,,4,3.0,0.0,0.0,1.0,0.0,State of Pará,,,,Esquina Bar,Esquina Bar,4.5,https://www.google.com/maps/search/?api=1&query=Esquina%20Bar&query_place_id=ChIJX8oB6XeMpJIROPjbCbmCn6k,,
"Tv. Mauriti, 4243 - Marco, Belém - PA, 66093-681, Brazil","Tv. Mauriti, 4243 - Marco, Belém - Pa, 66093-681, Brazil",Bar,,,,,,,,,Brazilian boteco,1.79e+19,Belém,BR,0x92a48c6809fc68ef:0xf8cc17642766ce93,,,,-1.4435157,-48.4487625,,Marco,+55 91 98827-2472,5590000000000.0,ChIJ72j8CWiMpJIRk85mJ2QXzPg,66093-681,$,8,,75,46.0,18.0,2.0,5.0,4.0,State of Pará,"Tv. Mauriti, 4243","Tv. Mauriti, 4243",,Bar Saldanha,Bar Saldanha,4.4,https://www.google.com/maps/search/?api=1&query=Bar%20Saldanha&query_place_id=ChIJ72j8CWiMpJIRk85mJ2QXzPg,,Monday-Tuesday: Closed; Wednesday-Sunday: 16:00 to 00:00
"Passagem Valdir Acatauassú Nunes, 50 - Marco, Belém - PA, 66095-020, Brazil","Passagem Valdir Acatauassú Nunes, 50 - Marco, Belém - Pa, 66095-020, Brazil",Bar,,,,,,,,,Brazilian boteco,1.79e+19,Belém,BR,0x92a48d00739e4389:0xf8ea9167e9fd6889,,,,-1.4434325,-48.452866,,Marco,+55 91 98711-8285,5590000000000.0,ChIJiUOecwCNpJIRiWj96WeR6vg,66095-020,$,7,,0,,,,,,State of Pará,"Passagem Valdir Acatauassú Nunes, 50","Passagem Valdir Acatauassú Nunes, 50",,Claudinho Filho Bar,Claudinho Filho Bar,,https://www.google.com/maps/search/?api=1&query=Claudinho%20Filho%20Bar&query_place_id=ChIJiUOecwCNpJIRiWj96WeR6vg,,
"Tv. da Estrella, 3528 - Marco, Belém - PA, 66080-472, Brazil","Tv. Da Estrella, 3528 - Marco, Belém - Pa, 66080-472, Brazil",Bar,,,,,,,,,Brazilian boteco,4.42e+18,Belém,BR,0x92a48dc9e0bdd119:0x3d49c25e7543ba86,,,,-1.4417287,-48.4544914,,Marco,,,ChIJGdG94MmNpJIRhrpDdV7CST0,66080-472,$,6,,3,2.0,1.0,0.0,0.0,0.0,State of Pará,"Tv. da Estrella, 3528","Tv. Da Estrella, 3528",,Bar e Conveniência do Fred,Bar E Conveniência Do Fred,4.7,https://www.google.com/maps/search/?api=1&query=Bar%20e%20Conveni%C3%AAncia%20do%20Fred&query_place_id=ChIJGdG94MmNpJIRhrpDdV7CST0,,
"Tv. Angustura, 4202 - Marco, Belém - PA, 66093-042, Brazil","Tv. Angustura, 4202 - Marco, Belém - Pa, 66093-042, Brazil",Bar,,,,,,,,,Brazilian boteco,3.28e+18,Belém,BR,0x92a48c6f12ab659d:0x2d8f99b022df002a,,,,-1.4392697,-48.4500547,,Marco,+55 91 98383-4721,5590000000000.0,ChIJnWWrEm-MpJIRKgDfIrCZjy0,66093-042,$,5,,41,30.0,8.0,0.0,1.0,2.0,State of Pará,"Tv. Angustura, 4202","Tv. Angustura, 4202",,DOMINGAS BAR,Domingas Bar,4.6,https://www.google.com/maps/search/?api=1&query=DOMINGAS%20BAR&query_place_id=ChIJnWWrEm-MpJIRKgDfIrCZjy0,,Monday-Tuesday: Closed; Wednesday-Thursday: 19:00 to 00:00; Friday-Saturday: 19:00 to 01:00; Sunday: 19:00 to 00:00
"Passagem Trindade, 33 - Marco, Belém - PA, 66095-660, Brazil","Passagem Trindade, 33 - Marco, Belém - Pa, 66095-660, Brazil",Bar,,,,,,,,,Brazilian boteco,1.73e+19,Belém,BR,0x92a48c692c83f1bf:0xf000d91a41365bc8,,,,-1.4406837,-48.4515743,,Marco,,,ChIJv_GDLGmMpJIRyFs2QRrZAPA,66095-660,$,4,,8,4.0,1.0,1.0,0.0,2.0,State of Pará,"Passagem Trindade, 33","Passagem Trindade, 33",,Bar & Boate Bidicos Bar,Bar & Boate Bidicos Bar,3.6,https://www.google.com/maps/search/?api=1&query=Bar%20%26%20Boate%20Bidicos%20Bar&query_place_id=ChIJv_GDLGmMpJIRyFs2QRrZAPA,,Monday: Atendimento 24 horas; Tuesday: Closed; Wednesday-Sunday: Atendimento 24 horas
"Av. João Paulo II, 2052 - Marco, Belém - PA, 66087-810, Brazil","Av. João Paulo Ii, 2052 - Marco, Belém - Pa, 66087-810, Brazil",Bar,Night club,,,,,,,,Brazilian boteco,1.22e+19,Belém,BR,0x92a48c76e807a7af:0xa9976f4e0c4d2848,,,,-1.4323535,-48.4518578,,Marco,,,ChIJr6cH6HaMpJIRSChNDE5vl6k,66087-810,$,3,,15,4.0,2.0,4.0,2.0,3.0,State of Pará,"Av. João Paulo II, 2052","Av. João Paulo Ii, 2052",,Bar Athenas Club,Bar Athenas Club,2.9,https://www.google.com/maps/search/?api=1&query=Bar%20Athenas%20Club&query_place_id=ChIJr6cH6HaMpJIRSChNDE5vl6k,,Monday-Sunday: 09:00 to 00:00
"Passagem Jarina, 244 - Marco, Belém - PA, 66070-270, Brazil","Passagem Jarina, 244 - Marco, Belém - Pa, 66070-270, Brazil",Bar,,,,,,,,,Brazilian boteco,7.17e+18,Belém,BR,0x92a48c4024f96c27:0x6370161d5bf0ed38,,,,-1.4447221,-48.4570468,,Marco,,,ChIJJ2z5JECMpJIROO3wWx0WcGM,66070-270,$,2,,7,6.0,0.0,1.0,0.0,0.0,State of Pará,"Passagem Jarina, 244","Passagem Jarina, 244",,Rodela's Bar,Rodela'S Bar,4.4,https://www.google.com/maps/search/?api=1&query=Rodela's%20Bar&query_place_id=ChIJJ2z5JECMpJIROO3wWx0WcGM,,Monday-Thursday: 15:00 to 00:00; Friday-Saturday: 15:00 to 02:30; Sunday: 12:00 to 23:00
"Av. Pedro Miranda, 1749 - Pedreira, Belém - PA, 66080-970, Brazil","Av. Pedro Miranda, 1749 - Pedreira, Belém - Pa, 66080-970, Brazil",Bar,,,,,,,,,Brazilian boteco,1.52e+19,Belém,BR,0x92a48bfa8b0a9033:0xd268a0a3cd46a2c6,,,,-1.4243403,-48.469921,,Pedreira,+55 91 3233-6050,559000000000.0,ChIJM5AKi_qLpJIRxqJGzaOgaNI,66080-970,$$,36,,27,16.0,5.0,2.0,4.0,0.0,State of Pará,"Av. Pedro Miranda, 1749","Av. Pedro Miranda, 1749",,Recanto Pedreirense,Recanto Pedreirense,4.2,https://www.google.com/maps/search/?api=1&query=Recanto%20Pedreirense&query_place_id=ChIJM5AKi_qLpJIRxqJGzaOgaNI,,
"Tv. Dr. Enéas Pinheiro, 864 - Pedreira, Belém - PA, 66083-157, Brazil","Tv. Dr. Enéas Pinheiro, 864 - Pedreira, Belém - Pa, 66083-157, Brazil",Bar,,,,,,,,,Pub,5.16e+18,Belém,BR,0x92a48b2aae7ac639:0x47a3949371b3ace0,,,,-1.4252489,-48.4659497,,Pedreira,,,ChIJOcZ6riqLpJIR4KyzcZOUo0c,66083-157,$$,51,,18,14.0,1.0,1.0,1.0,1.0,State of Pará,"Tv. Dr. Enéas Pinheiro, 864","Tv. Dr. Enéas Pinheiro, 864",,Capitolium Pub,Capitolium Pub,4.4,https://www.google.com/maps/search/?api=1&query=Capitolium%20Pub&query_place_id=ChIJOcZ6riqLpJIR4KyzcZOUo0c,,
"Tv. Alferes Costa, 2660 - Marco, Belém - PA, 66083-108, Brazil","Tv. Alferes Costa, 2660 - Marco, Belém - Pa, 66083-108, Brazil",Bar,Restaurant,,,,,,,,Pub,5.79e+18,Belém,BR,0x92a48b8cced419d5:0x504bda4d94403cfb,,,,-1.4249316,-48.458228,,Marco,+55 91 3355-5287,559000000000.0,ChIJ1RnUzoyLpJIR-zxAlE3aS1A,66083-108,$$,44,,203,119.0,46.0,15.0,14.0,9.0,State of Pará,"Tv. Alferes Costa, 2660","Tv. Alferes Costa, 2660",,Mercearia Forasteiro,Mercearia Forasteiro,4.2,https://www.google.com/maps/search/?api=1&query=Mercearia%20Forasteiro&query_place_id=ChIJ1RnUzoyLpJIR-zxAlE3aS1A,,Monday: Closed; Tuesday: 17:00 to 01:00; Wednesday: 16:00 to 01:00; Thursday: 11:00 to 01:00; Friday-Saturday: 11:00 to 03:00; Sunday: 11:00 to 01:00
"Tv. Lomas Valentinas, 1525 - Marco, Belém - PA, 66093-677, Brazil","Tv. Lomas Valentinas, 1525 - Marco, Belém - Pa, 66093-677, Brazil",Bar,,,,,,,,,Night club,3.02e+18,Belém,BR,0x92a48b9fce0e144f:0x29ec1a5da8cc3e09,,,,-1.4290374,-48.4623203,,Marco,+55 91 99112-2148,5590000000000.0,ChIJTxQOzp-LpJIRCT7MqF0a7Ck,66093-677,$$,41,,174,145.0,20.0,1.0,5.0,3.0,State of Pará,"Tv. Lomas Valentinas, 1525","Tv. Lomas Valentinas, 1525",,Boate Sauri,Boate Sauri,4.8,https://www.google.com/maps/search/?api=1&query=Boate%20Sauri&query_place_id=ChIJTxQOzp-LpJIRCT7MqF0a7Ck,,
"Av. Marquês de Herval, 1195 - Pedreira, Belém - PA, 66085-316, Brazil","Av. Marquês De Herval, 1195 - Pedreira, Belém - Pa, 66085-316, Brazil",Brewery,,,,,,,,,Pub,3.23e+17,Belém,BR,0x92a48b47cb6fe691:0x47c8358351997c4,,,,-1.4300041,-48.4699999,,Pedreira,+55 91 99214-5679,5590000000000.0,ChIJkeZvy0eLpJIRxJcZNViDfAQ,66085-316,$$,35,,56,55.0,1.0,0.0,0.0,0.0,State of Pará,"Av. Marquês de Herval, 1195","Av. Marquês De Herval, 1195",,1ª Rodada Cervejaria,1ª Rodada Cervejaria,5.0,https://www.google.com/maps/search/?api=1&query=1%C2%AA%20Rodada%20Cervejaria&query_place_id=ChIJkeZvy0eLpJIRxJcZNViDfAQ,https://wa.me/5591992145679,Monday: Closed; Tuesday-Thursday: 18:00 to 01:00; Friday: 09:00 to 02:00; Saturday-Sunday: 18:00 to 01:00
"Av. Rômulo Maiorana, 1859 - São Brás, Belém - PA, 66093-635, Brazil","Av. Rômulo Maiorana, 1859 - São Brás, Belém - Pa, 66093-635, Brazil",Live music bar,Bar,Gay bar,Pub,Tapas bar,,,,,Brazilian boteco,1.03e+19,Belém,BR,0x92a48dba7cadd93b:0x8f7c3e20a87f8d52,,,,-1.4314754,-48.4593831,https://bit.ly/cardapiodoboteco,São Brás,+55 91 98122-8487,5590000000000.0,ChIJO9mtfLqNpJIRUo1_qCA-fI8,66093-635,$,33,,119,71.0,28.0,3.0,13.0,4.0,State of Pará,"Av. Rômulo Maiorana, 1859","Av. Rômulo Maiorana, 1859",,Boteco Casa Amarela,Boteco Casa Amarela,4.3,https://www.google.com/maps/search/?api=1&query=Boteco%20Casa%20Amarela&query_place_id=ChIJO9mtfLqNpJIRUo1_qCA-fI8,https://www.instagram.com/botecocasamarela/,Monday-Thursday: Closed; Friday-Sunday: 21:00 to 05:00
"Av João Paulo II, Passagem Santo Antônio, 108 - Curió-Utinga, Belém - PA, 66610-180, Brazil","Av João Paulo Ii, Passagem Santo Antônio, 108 - Curió-Utinga, Belém - Pa, 66610-180, Brazil",Bar,,,,,,,,,Bar & grill,1.53e+19,Belém,BR,0x92a48db84cf181cf:0xd43fb966e49a66b6,,,,-1.4303092,-48.4501378,,Curió-Utinga,+55 91 98336-3109,5590000000000.0,ChIJz4HxTLiNpJIRtmaa5Ga5P9Q,66610-180,$$,29,,29,27.0,1.0,0.0,0.0,1.0,State of Pará,"Av João Paulo II, Passagem Santo Antônio, 108","Av João Paulo Ii, Passagem Santo Antônio, 108",,Gotham Steak,Gotham Steak,4.9,https://www.google.com/maps/search/?api=1&query=Gotham%20Steak&query_place_id=ChIJz4HxTLiNpJIRtmaa5Ga5P9Q,,Monday-Sunday: 09:00 to 23:00
"Tv. Perebebuí, 2350 - Marco, Belém - PA, 66093-059, Brazil","Tv. Perebebuí, 2350 - Marco, Belém - Pa, 66093-059, Brazil",Restaurant,Pub,,,,,,,,Bar & grill,4.03e+18,Belém,BR,0x92a48ba0894cdd5f:0x37f6b7adca9ed40b,,,,-1.427799,-48.4569428,http://gm.btechsolutions.com.br/,Marco,,,ChIJX91MiaCLpJIRC9Seyq239jc,66093-059,$$,27,,1082,900.0,137.0,10.0,23.0,12.0,State of Pará,"Tv. Perebebuí, 2350","Tv. Perebebuí, 2350",,GM,Gm,4.8,https://www.google.com/maps/search/?api=1&query=GM&query_place_id=ChIJX91MiaCLpJIRC9Seyq239jc,,
"Av. Sen. Lemos, 4291 - Sacramenta, Belém - PA, 66120-002, Brazil","Av. Sen. Lemos, 4291 - Sacramenta, Belém - Pa, 66120-002, Brazil",Barbecue restaurant,,,,,,,,,Bar & grill,7.13e+18,Belém,BR,0x92a48b60be3f7e5f:0x62fabdeca8d41657,,,,-1.4137906,-48.4683402,,Sacramenta,,,ChIJX34_vmCLpJIRVxbUqOy9-mI,66120-002,$$,10,,46,37.0,3.0,4.0,2.0,0.0,State of Pará,"Av. Sen. Lemos, 4291","Av. Sen. Lemos, 4291",,Na Resenha Pub e Espetaria,Na Resenha Pub E Espetaria,4.5,https://www.google.com/maps/search/?api=1&query=Na%20Resenha%20Pub%20e%20Espetaria&query_place_id=ChIJX34_vmCLpJIRVxbUqOy9-mI,,Monday-Thursday: Atendimento 24 horas; Friday-Saturday: Closed; Sunday: Atendimento 24 horas
"Tv. Angustura, 913 - Sacramenta, Belém - PA, 66120-230, Brazil","Tv. Angustura, 913 - Sacramenta, Belém - Pa, 66120-230, Brazil",Bar,,,,,,,,,Brazilian boteco,1.23e+19,Belém,BR,0x92a48be2fcd4e3d1:0xab5496f4ec2df0a0,,,,-1.4214659,-48.4763937,,Sacramenta,,,ChIJ0ePU_OKLpJIRoPAt7PSWVKs,66120-230,$,65,,0,,,,,,State of Pará,"Tv. Angustura, 913","Tv. Angustura, 913",,AMARELINHO BAR,Amarelinho Bar,,https://www.google.com/maps/search/?api=1&query=AMARELINHO%20BAR&query_place_id=ChIJ0ePU_OKLpJIRoPAt7PSWVKs,,
"Passagem do Arame, 423 - Pedreira, Belém - PA, 66087-230, Brazil","Passagem Do Arame, 423 - Pedreira, Belém - Pa, 66087-230, Brazil",Bar,,,,,,,,,Brazilian boteco,1.08e+19,Belém,BR,0x92a48bedb6c30d13:0x960b6eebef6cb2b4,,,,-1.4210111,-48.4622368,,Pedreira,,,ChIJEw3Dtu2LpJIRtLJs7-tuC5Y,66087-230,$,64,,0,,,,,,State of Pará,"Passagem do Arame, 423","Passagem Do Arame, 423",,BAR & GOULART,Bar & Goulart,,https://www.google.com/maps/search/?api=1&query=BAR%20%26%20GOULART&query_place_id=ChIJEw3Dtu2LpJIRtLJs7-tuC5Y,,Monday-Tuesday: Closed; Wednesday: 16:00 to 00:00; Thursday-Sunday: 08:00 to 11:30
"Tv. da Estrella, 788 - Telégrafo, Belém - PA, 66083-280, Brazil","Tv. Da Estrella, 788 - Telégrafo, Belém - Pa, 66083-280, Brazil",Bar,,,,,,,,,Brazilian boteco,1.64e+19,Belém,BR,0x92a48bfef31f96ad:0xe38fcd238062ede5,,,,-1.4274614,-48.4757647,,Telégrafo,+55 30328547,,ChIJrZYf8_6LpJIR5e1igCPNj-M,66083-280,$,60,,14,7.0,1.0,4.0,1.0,1.0,State of Pará,"Tv. da Estrella, 788","Tv. Da Estrella, 788",,Bar Do Papudo,Bar Do Papudo,3.4,https://www.google.com/maps/search/?api=1&query=Bar%20Do%20Papudo&query_place_id=ChIJrZYf8_6LpJIR5e1igCPNj-M,,
"Tv. Lomas Valentinas, 894 - Pedreira, Belém - PA, 66087-441, Brazil","Tv. Lomas Valentinas, 894 - Pedreira, Belém - Pa, 66087-441, Brazil",Live music bar,,,,,,,,,Brazilian boteco,1.22e+19,Belém,BR,0x92a48b0052303073:0xa98cf1883e71f42b,,,,-1.4260359,-48.4672383,,Pedreira,+55 91 90190-0190,5590000000000.0,ChIJczAwUgCLpJIRK_RxPojxjKk,66087-441,$,59,,31,12.0,6.0,8.0,2.0,3.0,State of Pará,"Tv. Lomas Valentinas, 894","Tv. Lomas Valentinas, 894",,Varandinha Bar e Restaurante,Varandinha Bar E Restaurante,3.4,https://www.google.com/maps/search/?api=1&query=Varandinha%20Bar%20e%20Restaurante&query_place_id=ChIJczAwUgCLpJIRK_RxPojxjKk,,
"Passagem Bartolomeu de Gusmão, 406-536 - Curió-Utinga, Belém - PA, 66610-190, Brazil","Passagem Bartolomeu De Gusmão, 406-536 - Curió-Utinga, Belém - Pa, 66610-190, Brazil",Bar,,,,,,,,,Brazilian boteco,3.67e+18,Belém,BR,0x92a48c77e8fc3e93:0x32f76e2919cef142,,,,-1.4301654,-48.4498484,,Curió-Utinga,+55 91 98855-0618,5590000000000.0,ChIJkz786HeMpJIRQvHOGSlu9zI,66610-190,$,57,,44,31.0,3.0,4.0,6.0,0.0,State of Pará,"Passagem Bartolomeu de Gusmão, 406-536","Passagem Bartolomeu De Gusmão, 406-536",,Bar Do Makako,Bar Do Makako,4.3,https://www.google.com/maps/search/?api=1&query=Bar%20Do%20Makako&query_place_id=ChIJkz786HeMpJIRQvHOGSlu9zI,,Monday-Tuesday: Closed; Wednesday-Thursday: 17:00 to 00:00; Friday-Saturday: 17:00 to 03:00; Sunday: 16:00 to 01:00
"Tv. da Estrella, 1203 - Pedreira, Belém - PA, 66080-008, Brazil","Tv. Da Estrella, 1203 - Pedreira, Belém - Pa, 66080-008, Brazil",Bar,,,,,,,,,Pub,1.51e+18,Belém,BR,0x92a48b6529bb7e59:0x1504ec35f7f01e16,,,,-1.4294129,-48.4725138,,Pedreira,+55 91 98910-4009,5590000000000.0,ChIJWX67KWWLpJIRFh7w9zXsBBU,66080-008,$$,55,,15,13.0,1.0,1.0,0.0,0.0,State of Pará,"Tv. da Estrella, 1203","Tv. Da Estrella, 1203",,Choperia Diretoria - Bar e Restaurante em Belém,Choperia Diretoria - Bar E Restaurante Em Belém,4.7,https://www.google.com/maps/search/?api=1&query=Choperia%20Diretoria%20-%20Bar%20e%20Restaurante%20em%20Bel%C3%A9m&query_place_id=ChIJWX67KWWLpJIRFh7w9zXsBBU,https://www.lojalocal.com/amstel/46093172000158,Monday-Saturday: 08:00 to 22:00; Sunday: 09:00 to 17:00
"R. Nova, 1337 - Pedreira, Belém - PA, 66083-390, Brazil","R. Nova, 1337 - Pedreira, Belém - Pa, 66083-390, Brazil",Bar,,,,,,,,,Brazilian boteco,6.28e+18,Belém,BR,0x92a48be39c2143c3:0x572a9b6eb3c34066,,,,-1.4208115,-48.474642,,Pedreira,,,ChIJw0MhnOOLpJIRZkDDs26bKlc,,$,54,,50,32.0,3.0,5.0,7.0,3.0,State of Pará,"R. Nova, 1337","R. Nova, 1337",,Bar Do Paulo,Bar Do Paulo,4.1,https://www.google.com/maps/search/?api=1&query=Bar%20Do%20Paulo&query_place_id=ChIJw0MhnOOLpJIRZkDDs26bKlc,,Monday: Closed; Tuesday-Friday: 09:00 to 19:00; Saturday: 09:01 to 19:00; Sunday: Closed
"Tv. da Estrella, 1203 - Pedreira, Belém - PA, 66080-008, Brazil","Tv. Da Estrella, 1203 - Pedreira, Belém - Pa, 66080-008, Brazil",Restaurant,Bar,,,,,,,,Pub,3.4e+18,Belém,BR,0x92a48bf896523f47:0x2f31a7ae9fde1b33,,,,-1.4294878,-48.4723559,,Pedreira,+55 91 3233-0227,559000000000.0,ChIJRz9SlviLpJIRMxven66nMS8,66080-008,$$,53,,6,5.0,0.0,0.0,1.0,0.0,State of Pará,"Tv. da Estrella, 1203","Tv. Da Estrella, 1203",,Bar e Restaurante Estrela,Bar E Restaurante Estrela,4.7,https://www.google.com/maps/search/?api=1&query=Bar%20e%20Restaurante%20Estrela&query_place_id=ChIJRz9SlviLpJIRMxven66nMS8,,Monday-Sunday: 07:00 to 21:00
"Tv. da Estrella, 644 - Pedreira, Belém - PA, 66080-006, Brazil","Tv. Da Estrella, 644 - Pedreira, Belém - Pa, 66080-006, Brazil",Bar,,,,,,,,,Brazilian boteco,1.03e+19,Belém,BR,0x92a48b14fe202929:0x8f2c9880bd25c679,,,,-1.4267308,-48.4771055,,Pedreira,,,ChIJKSkg_hSLpJIRecYlvYCYLI8,66080-006,$,51,,4,4.0,0.0,0.0,0.0,0.0,State of Pará,"Tv. da Estrella, 644","Tv. Da Estrella, 644",,bar da pantera,Bar Da Pantera,5.0,https://www.google.com/maps/search/?api=1&query=bar%20da%20pantera&query_place_id=ChIJKSkg_hSLpJIRecYlvYCYLI8,,
"Tv. Dr. Enéas Pinheiro, 431 - Pedreira, Belém - PA, 66083-156, Brazil","Tv. Dr. Enéas Pinheiro, 431 - Pedreira, Belém - Pa, 66083-156, Brazil",Bar,Event venue,,,,,,,,Brazilian boteco,1.56e+19,Belém,BR,0x92a48beefe3132b3:0xd81f865b3e11b7bd,,,,-1.4227459,-48.4690186,,Pedreira,+55 91 98087-2697,5590000000000.0,ChIJszIx_u6LpJIRvbcRPluGH9g,66083-156,$,48,,78,49.0,11.0,6.0,8.0,4.0,State of Pará,"Tv. Dr. Enéas Pinheiro, 431","Tv. Dr. Enéas Pinheiro, 431",,Boteco Da Anastácia,Boteco Da Anastácia,4.2,https://www.google.com/maps/search/?api=1&query=Boteco%20Da%20Anast%C3%A1cia&query_place_id=ChIJszIx_u6LpJIRvbcRPluGH9g,,Monday-Sunday: 09:00 to 22:00
"Viela Joãozinho, 14 - Marco, Belém - PA, 66087-085, Brazil","Viela Joãozinho, 14 - Marco, Belém - Pa, 66087-085, Brazil",Pub,,,,,,,,,Pub,1.71e+19,Belém,BR,0x92a48bdcb732e807:0xecc139eb0f61a89b,,,,-1.4290273,-48.4641014,,Marco,+55 91 98564-3884,5590000000000.0,ChIJB-gyt9yLpJIRm6hhD-s5wew,66087-085,$$,46,,2,1.0,0.0,1.0,0.0,0.0,State of Pará,"Viela Joãozinho, 14","Viela Joãozinho, 14",,Bar,Bar,3.0,https://www.google.com/maps/search/?api=1&query=Bar&query_place_id=ChIJB-gyt9yLpJIRm6hhD-s5wew,,Monday-Sunday: 07:00 to 23:00
"R. Nova, 1335 - Pedreira, Belém - PA, 66080-322, Brazil","R. Nova, 1335 - Pedreira, Belém - Pa, 66080-322, Brazil",Bar,,,,,,,,,Brazilian boteco,1.23e+19,Belém,BR,0x92a48be39c29ce77:0xaa35579e24437c4c,,,,-1.4209159,-48.4747919,,Pedreira,,,ChIJd84pnOOLpJIRTHxDJJ5XNao,66080-322,$,43,,0,,,,,,State of Pará,"R. Nova, 1335","R. Nova, 1335",,BAR DA PEDRITA,Bar Da Pedrita,,https://www.google.com/maps/search/?api=1&query=BAR%20DA%20PEDRITA&query_place_id=ChIJd84pnOOLpJIRTHxDJJ5XNao,,Monday: Closed; Tuesday-Sunday: 10:00 to 04:00
"Av. Marquês de Herval, 1072 - Pedreira, Belém - PA, 66085-314, Brazil","Av. Marquês De Herval, 1072 - Pedreira, Belém - Pa, 66085-314, Brazil",Bar,,,,,,,,,Bar & grill,1.03e+19,Belém,BR,0x92a48d90fcc6dfe3:0x8f1ebbc2365bcd34,,,,-1.4310967,-48.4700088,,Pedreira,+55 91 99125-8266,5590000000000.0,ChIJ49_G_JCNpJIRNM1bNsK7Ho8,66085-314,$$,44,,187,102.0,29.0,19.0,26.0,11.0,State of Pará,"Av. Marquês de Herval, 1072","Av. Marquês De Herval, 1072",,O MARQUÊS Bar e Restaurante,O Marquês Bar E Restaurante,4.0,https://www.google.com/maps/search/?api=1&query=O%20MARQU%C3%8AS%20Bar%20e%20Restaurante&query_place_id=ChIJ49_G_JCNpJIRNM1bNsK7Ho8,https://pt-br.facebook.com/MarquesBareRestaurante/,Monday-Sunday: 08:00 to 00:00
"Tv. Lomas Valentinas, 270 - Pedreira, Belém - PA, 66087-441, Brazil","Tv. Lomas Valentinas, 270 - Pedreira, Belém - Pa, 66087-441, Brazil",Live music bar,,,,,,,,,Pub,2.07e+18,Belém,BR,0x92a48be4ccacf3a9:0x1cc5ded581dc7a58,,,,-1.4227469,-48.4721441,,Pedreira,+55 91 98257-9501,5590000000000.0,ChIJqfOszOSLpJIRWHrcgdXexRw,66087-441,$$,41,,226,141.0,36.0,9.0,30.0,10.0,State of Pará,"Tv. Lomas Valentinas, 270","Tv. Lomas Valentinas, 270",,Lounge Kalçadão Restô,Lounge Kalçadão Restô,4.3,https://www.google.com/maps/search/?api=1&query=Lounge%20Kal%C3%A7ad%C3%A3o%20Rest%C3%B4&query_place_id=ChIJqfOszOSLpJIRWHrcgdXexRw,,
"Av. Marquês de Herval, 1166 - Pedreira, Belém - PA, 66083-160, Brazil","Av. Marquês De Herval, 1166 - Pedreira, Belém - Pa, 66083-160, Brazil",Live music bar,Bar,Buffet restaurant,,,,,,,Bar & grill,2.8e+18,Belém,BR,0x92a48bf73176fae3:0x26eb2be56d319c94,,,,-1.4304559,-48.4696524,,Pedreira,+55 91 98119-0522,5590000000000.0,ChIJ4_p2MfeLpJIRlJwxbeUr6yY,66083-160,$$,36,,7853,6000.0,1289.0,132.0,350.0,82.0,State of Pará,"Av. Marquês de Herval, 1166","Av. Marquês De Herval, 1166",,Grill Mix Belém,Grill Mix Belém,4.6,https://www.google.com/maps/search/?api=1&query=Grill%20Mix%20Bel%C3%A9m&query_place_id=ChIJ4_p2MfeLpJIRlJwxbeUr6yY,https://www.instagram.com/grillmixrestaurante/,Monday-Sunday: 07:00 to 23:30
"Tv. Dr. Enéas Pinheiro, 1542 - Pedreira, Belém - PA, 66083-156, Brazil","Tv. Dr. Enéas Pinheiro, 1542 - Pedreira, Belém - Pa, 66083-156, Brazil",Live music bar,,,,,,,,,Bar & grill,7.32e+18,Belém,BR,0x92a48bf512093071:0x659cc7b31bc6901c,,,,-1.4287052,-48.4605945,,Pedreira,,,ChIJcTAJEvWLpJIRHJDGG7PHnGU,66083-156,$,23,,40,22.0,10.0,2.0,6.0,0.0,State of Pará,"Tv. Dr. Enéas Pinheiro, 1542","Tv. Dr. Enéas Pinheiro, 1542",,Beer Of Thrones,Beer Of Thrones,4.3,https://www.google.com/maps/search/?api=1&query=Beer%20Of%20Thrones&query_place_id=ChIJcTAJEvWLpJIRHJDGG7PHnGU,,
"Pedreira, Belém - State of Pará, 66085-435, Brazil","Pedreira, Belém - State Of Pará, 66085-435, Brazil",Bar,,,,,,,,,Brazilian boteco,1.79e+19,Belém,BR,0x92a48c07f1742157:0xf8258bf315813ad3,,,,-1.4303428,-48.4696083,,Pedreira,,,ChIJVyF08QeMpJIR0zqBFfOLJfg,,$,20,,0,,,,,,State of Pará,,,,SILVIO'S BAR,Silvio'S Bar,,https://www.google.com/maps/search/?api=1&query=SILVIO'S%20BAR&query_place_id=ChIJVyF08QeMpJIR0zqBFfOLJfg,,
"Al. São João, 105 - Sacramenta, Belém - PA, 66083-496, Brazil","Al. São João, 105 - Sacramenta, Belém - Pa, 66083-496, Brazil",Bar,,,,,,,,,Brazilian boteco,9.97e+18,Belém,BR,0x92a48be1ba893773:0x8a66876b16e9d4ac,,,,-1.4178644,-48.4769905,,Sacramenta,+55 91 98607-2210,5590000000000.0,ChIJczeJuuGLpJIRrNTpFmuHZoo,66083-496,$,18,,4,4.0,0.0,0.0,0.0,0.0,State of Pará,"Al. São João, 105","Al. São João, 105",,BAR ENCONTRO DOS AMIGOS,Bar Encontro Dos Amigos,5.0,https://www.google.com/maps/search/?api=1&query=BAR%20ENCONTRO%20DOS%20AMIGOS&query_place_id=ChIJczeJuuGLpJIRrNTpFmuHZoo,,
"Av. Marquês de Herval, 1405 - Pedreira, Belém - PA, 66085-314, Brazil","Av. Marquês De Herval, 1405 - Pedreira, Belém - Pa, 66085-314, Brazil",Restaurant,Bar & grill,,,,,,,,Bar & grill,1.52e+19,Belém,BR,0x92a48b4b227be3e9:0xd2c816e62f85353e,,,,-1.4285516,-48.4689458,,Pedreira,+55 91 98117-1330,5590000000000.0,ChIJ6eN7IkuLpJIRPjWFL-YWyNI,66085-314,$$,17,,124,97.0,20.0,2.0,4.0,1.0,State of Pará,"Av. Marquês de Herval, 1405","Av. Marquês De Herval, 1405",,Barão Bistrô Bar e Restaurante,Barão Bistrô Bar E Restaurante,4.7,https://www.google.com/maps/search/?api=1&query=Bar%C3%A3o%20Bistr%C3%B4%20Bar%20e%20Restaurante&query_place_id=ChIJ6eN7IkuLpJIRPjWFL-YWyNI,http://instagram.com/baraobb,
"Av. Marquês de Herval, 1812 - Pedreira, Belém - PA, 68087-320, Brazil","Av. Marquês De Herval, 1812 - Pedreira, Belém - Pa, 68087-320, Brazil",Bar,,,,,,,,,Brazilian boteco,9.67e+18,Belém,BR,0x92a48bf0dfd0b17b:0x8621609287d8c2a2,,,,-1.4254243,-48.4663084,,Pedreira,+55 91 98029-8025,5590000000000.0,ChIJe7HQ3_CLpJIRosLYh5JgIYY,68087-320,$,16,,466,336.0,75.0,11.0,40.0,4.0,State of Pará,"Av. Marquês de Herval, 1812","Av. Marquês De Herval, 1812",,Bar Da Loura,Bar Da Loura,4.5,https://www.google.com/maps/search/?api=1&query=Bar%20Da%20Loura&query_place_id=ChIJe7HQ3_CLpJIRosLYh5JgIYY,,Monday-Sunday: Atendimento 24 horas
"Passagem A, 361 - Sacramenta, Belém - PA, 66083-010, Brazil","Passagem A, 361 - Sacramenta, Belém - Pa, 66083-010, Brazil",Bar,,,,,,,,,Brazilian boteco,1.16e+19,Belém,BR,0x92a48b61195d1d55:0xa19447f094dcb4f3,,,,-1.4204642,-48.4767537,,Sacramenta,,,ChIJVR1dGWGLpJIR87TclPBHlKE,66083-010,$,15,,2,2.0,0.0,0.0,0.0,0.0,State of Pará,"Passagem A, 361","Passagem A, 361",,Bar dos amigos,Bar Dos Amigos,5.0,https://www.google.com/maps/search/?api=1&query=Bar%20dos%20amigos&query_place_id=ChIJVR1dGWGLpJIR87TclPBHlKE,,
"Tv. Perebebuí, 1882 - Marco, Belém - PA, 68447-000, Brazil","Tv. Perebebuí, 1882 - Marco, Belém - Pa, 68447-000, Brazil",Bar,,,,,,,,,Brazilian boteco,7.92e+18,Belém,BR,0x92a48c03463b7cf9:0x6de6d3be07adfd9c,,,,-1.4250777,-48.460525,,Marco,+55 982347749,,ChIJ-Xw7RgOMpJIRnP2tB77T5m0,,$,14,,78,62.0,8.0,5.0,3.0,0.0,State of Pará,"Tv. Perebebuí, 1882","Tv. Perebebuí, 1882",,AP Bar e Conveniência,Ap Bar E Conveniência,4.6,https://www.google.com/maps/search/?api=1&query=AP%20Bar%20e%20Conveni%C3%AAncia&query_place_id=ChIJ-Xw7RgOMpJIRnP2tB77T5m0,https://www.lojalocal.com/amstel/00089194101272,
"Tv. Lomas Valentinas, 1988 - Marco, Belém - PA, 66093-671, Brazil","Tv. Lomas Valentinas, 1988 - Marco, Belém - Pa, 66093-671, Brazil",Bar,,,,,,,,,Brazilian boteco,1.2e+19,Belém,BR,0x92a48bf68d0b9c8d:0xa7167e996b90e613,,,,-1.431642,-48.4589623,,Marco,+55 91 99208-2449,5590000000000.0,ChIJjZwLjfaLpJIRE-aQa5l-Fqc,66093-671,$,13,,257,149.0,51.0,10.0,35.0,12.0,State of Pará,"Tv. Lomas Valentinas, 1988","Tv. Lomas Valentinas, 1988",,Bar Suíço,Bar Suíço,4.2,https://www.google.com/maps/search/?api=1&query=Bar%20Su%C3%AD%C3%A7o&query_place_id=ChIJjZwLjfaLpJIRE-aQa5l-Fqc,,Monday-Sunday: 11:00 to 00:00
"Passagem Dias Junior - Pedreira, Belém - PA, 66085-120, Brazil","Passagem Dias Junior - Pedreira, Belém - Pa, 66085-120, Brazil",Bar,,,,,,,,,Brazilian boteco,1.46e+19,Belém,BR,0x92a48c07f1769ea7:0xca7473ac5c35f9e9,,,,-1.4303429,-48.4696105,,Pedreira,,,ChIJp5528QeMpJIR6fk1XKxzdMo,66085-120,$,12,,0,,,,,,State of Pará,Passagem Dias Junior,Passagem Dias Junior,,WL BISTRO BAR,Wl Bistro Bar,,https://www.google.com/maps/search/?api=1&query=WL%20BISTRO%20BAR&query_place_id=ChIJp5528QeMpJIR6fk1XKxzdMo,,
"Av. Rômulo Maiorana, 1801 - Marco, Belém - PA, 66093-005, Brazil","Av. Rômulo Maiorana, 1801 - Marco, Belém - Pa, 66093-005, Brazil",Bar,,,,,,,,,Brazilian boteco,2.3e+18,Belém,BR,0x92a48c0b3cbcc1db:0x1ff99c84ecaf2c91,,,,-1.4321108,-48.4597969,,Marco,+55 91 98120-8371,5590000000000.0,ChIJ28G8PAuMpJIRkSyv7ISc-R8,66093-005,$$,10,,482,300.0,106.0,4.0,61.0,11.0,State of Pará,"Av. Rômulo Maiorana, 1801","Av. Rômulo Maiorana, 1801",Bar da Tia,Aunt's Bar,Aunt'S Bar,4.4,https://www.google.com/maps/search/?api=1&query=Aunt's%20Bar&query_place_id=ChIJ28G8PAuMpJIRkSyv7ISc-R8,https://www.instagram.com/bar_da_tia_25?igsh=dXJwMGl6anlmaXIz&utm_source=qr,Monday-Wednesday: 16:00 to 00:00; Thursday: 16:00 to 01:00; Friday-Saturday: 15:00 to 04:00; Sunday: 16:00 to 00:00
"Tv. Lomas Valentinas - Pedreira, Belém - PA, 68447-000, Brazil","Tv. Lomas Valentinas - Pedreira, Belém - Pa, 68447-000, Brazil",Bar,,,,,,,,,Brazilian boteco,5.28e+18,Belém,BR,0x92a48bfa7efd305d:0x493fa6fdfa4de05f,,,,-1.4246477,-48.4688941,,Pedreira,+55 91 3233-1268,559000000000.0,ChIJXTD9fvqLpJIRX-BN-v2mP0k,,$,9,,67,51.0,9.0,1.0,6.0,0.0,State of Pará,Tv. Lomas Valentinas,Tv. Lomas Valentinas,,Bar da Castanheira,Bar Da Castanheira,4.6,https://www.google.com/maps/search/?api=1&query=Bar%20da%20Castanheira&query_place_id=ChIJXTD9fvqLpJIRX-BN-v2mP0k,https://www.facebook.com/BarDaCastanheira1/?fref=ts,Monday-Friday: 09:00 to 00:00; Saturday-Sunday: 09:30 to 00:00
"Tv. Perebebuí - Pedreira, Belém - PA, 66085-026, Brazil","Tv. Perebebuí - Pedreira, Belém - Pa, 66085-026, Brazil",Bar,,,,,,,,,Brazilian boteco,1.3e+19,Belém,BR,0x92a48bef0604eea9:0xb3d42ead09972252,,,,-1.4206633,-48.4667154,,Pedreira,,,ChIJqe4EBu-LpJIRUiKXCa0u1LM,,$,6,,29,17.0,6.0,3.0,3.0,0.0,State of Pará,Tv. Perebebuí,Tv. Perebebuí,,Bar Da Creuza,Bar Da Creuza,4.2,https://www.google.com/maps/search/?api=1&query=Bar%20Da%20Creuza&query_place_id=ChIJqe4EBu-LpJIRUiKXCa0u1LM,,
"Passagem Quarubas, 287 - Pedreira, Belém - PA, 66080-570, Brazil","Passagem Quarubas, 287 - Pedreira, Belém - Pa, 66080-570, Brazil",Bar,,,,,,,,,Brazilian boteco,1.21e+19,Belém,BR,0x92a48be9cec5ba43:0xa7eb145e596c4ac1,,,,-1.4159473,-48.4658163,,Pedreira,,,ChIJQ7rFzumLpJIRwUpsWV4U66c,66080-570,$,5,,1,1.0,0.0,0.0,0.0,0.0,State of Pará,"Passagem Quarubas, 287","Passagem Quarubas, 287",,Bar Rr,Bar Rr,5.0,https://www.google.com/maps/search/?api=1&query=Bar%20Rr&query_place_id=ChIJQ7rFzumLpJIRwUpsWV4U66c,,Monday-Sunday: 09:00 to 00:00
"Passagem Quarubas, 301 - Pedreira, Belém - PA, 66080-570, Brazil","Passagem Quarubas, 301 - Pedreira, Belém - Pa, 66080-570, Brazil",Bar,,,,,,,,,Brazilian boteco,1.33e+19,Belém,BR,0x92a48be9cf007ab3:0xb841ce724d95880a,,,,-1.4157932,-48.465853,,Pedreira,,,ChIJs3oAz-mLpJIRCoiVTXLOQbg,66080-570,$,4,,103,81.0,10.0,2.0,8.0,2.0,State of Pará,"Passagem Quarubas, 301","Passagem Quarubas, 301",,Bar e Lanchonete J.SA,Bar E Lanchonete J.Sa,4.6,https://www.google.com/maps/search/?api=1&query=Bar%20e%20Lanchonete%20J.SA&query_place_id=ChIJs3oAz-mLpJIRCoiVTXLOQbg,,
"Tv. Alferes Costa, 2796 - Pedreira, Belém - PA, 66083-108, Brazil","Tv. Alferes Costa, 2796 - Pedreira, Belém - Pa, 66083-108, Brazil",Bar,,,,,,,,,Brazilian boteco,1.12e+19,Belém,BR,0x92a48b8c9738dbed:0x9bb79590aeb7c710,,,,-1.4256166,-48.4572144,,Pedreira,,,ChIJ7ds4l4yLpJIREMe3rpCVt5s,66083-108,$,3,,46,31.0,7.0,0.0,6.0,2.0,State of Pará,"Tv. Alferes Costa, 2796","Tv. Alferes Costa, 2796",,BAR DO VICENTE,Bar Do Vicente,4.5,https://www.google.com/maps/search/?api=1&query=BAR%20DO%20VICENTE&query_place_id=ChIJ7ds4l4yLpJIREMe3rpCVt5s,,Monday-Wednesday: 08:00 to 00:00; Thursday-Friday: 08:00 to 02:00; Saturday: 08:00 to 03:00; Sunday: 08:00 to 00:00
"Tv. Dr. Enéas Pinheiro, 932 - Pedreira, Belém - PA, 66083-157, Brazil","Tv. Dr. Enéas Pinheiro, 932 - Pedreira, Belém - Pa, 66083-157, Brazil",Bar,,,,,,,,,Brazilian boteco,4.35e+18,Belém,BR,0x92a48bc772700d47:0x3c6e7e2756e5f6b6,,,,-1.4254982,-48.4653226,,Pedreira,,,ChIJRw1wcseLpJIRtvblVid-bjw,66083-157,$,2,,3,2.0,1.0,0.0,0.0,0.0,State of Pará,"Tv. Dr. Enéas Pinheiro, 932","Tv. Dr. Enéas Pinheiro, 932",,Amigos BAR,Amigos Bar,4.7,https://www.google.com/maps/search/?api=1&query=Amigos%20BAR&query_place_id=ChIJRw1wcseLpJIRtvblVid-bjw,,
"2523, Tv. Vileta, 2517 - Marco, Belém - PA, 66087-345, Brazil","2523, Tv. Vileta, 2517 - Marco, Belém - Pa, 66087-345, Brazil",Bar,,,,,,,,,Brazilian boteco,5.41e+18,Belém,BR,0x92a48c13d1a5ad0d:0x4b16b586c146b896,,,,-1.4392774,-48.4631373,,Marco,,,ChIJDa2l0ROMpJIRlrhGwYa1Fks,66087-345,$,84,,5,4.0,1.0,0.0,0.0,0.0,State of Pará,"2523, Tv. Vileta, 2517","2523, Tv. Vileta, 2517",,Bar & Conveniências Alexandre,Bar & Conveniências Alexandre,4.8,https://www.google.com/maps/search/?api=1&query=Bar%20%26%20Conveni%C3%AAncias%20Alexandre&query_place_id=ChIJDa2l0ROMpJIRlrhGwYa1Fks,,
"Tv. Vileta, 2457 A - Marco, Belém - PA, 66093-345, Brazil","Tv. Vileta, 2457 A - Marco, Belém - Pa, 66093-345, Brazil",Bar,,,,,,,,,Brazilian boteco,8.96e+18,Belém,BR,0x92a48c11808b991b:0x7c57676ea4a1f747,,,,-1.4388736,-48.4637683,,Marco,,,ChIJG5mLgBGMpJIRR_ehpG5nV3w,66093-345,$,38,,1071,670.0,233.0,35.0,100.0,33.0,State of Pará,"Tv. Vileta, 2457 A","Tv. Vileta, 2457 A",,Point Da Gelada FC,Point Da Gelada Fc,4.4,https://www.google.com/maps/search/?api=1&query=Point%20Da%20Gelada%20FC&query_place_id=ChIJG5mLgBGMpJIRR_ehpG5nV3w,,
"Av. Rômulo Maiorana, 1251 - Marco, Belém - PA, 66093-005, Brazil","Av. Rômulo Maiorana, 1251 - Marco, Belém - Pa, 66093-005, Brazil",Bar,,,,,,,,,Pub,8.51e+17,Belém,BR,0x92a48d351c7c6a91:0xbcf1ffb39ce1ac8,,,,-1.4363598,-48.4627,,Marco,+55 91 99149-8602,5590000000000.0,ChIJkWp8HDWNpJIRyBrOOfsfzws,66093-005,$$,27,,307,213.0,58.0,11.0,18.0,7.0,State of Pará,"Av. Rômulo Maiorana, 1251","Av. Rômulo Maiorana, 1251",,The Sailor,The Sailor,4.5,https://www.google.com/maps/search/?api=1&query=The%20Sailor&query_place_id=ChIJkWp8HDWNpJIRyBrOOfsfzws,https://www.instagram.com/thesailorbelem/,Monday-Thursday: 19:00 to 00:00; Friday: 18:00 to 02:00; Saturday: 10:00 to 03:00; Sunday: 10:00 to 00:00
"Esquina com a - Avenida João Paulo II, Tv. Curuzú, 235 - Marco, Belém - PA, 66095-491, Brazil","Esquina Com A - Avenida João Paulo Ii, Tv. Curuzú, 235 - Marco, Belém - Pa, 66095-491, Brazil",Restaurant,,,,,,,,,Bar & grill,2.97e+17,Belém,BR,0x92a48d80402f2c6f:0x420956df0a6e35e,,,Ed.Coronel Firmino,-1.4458869,-48.4612852,,Marco,,,ChIJbywvQICNpJIRXuOm8G2VIAQ,66095-491,$$,29,,449,319.0,78.0,8.0,33.0,11.0,State of Pará,"Esquina com a - Avenida João Paulo II, Tv. Curuzú, 235","Esquina Com A - Avenida João Paulo Ii, Tv. Curuzú, 235",,Resenha Prime Bar e Restaurante,Resenha Prime Bar E Restaurante,4.5,https://www.google.com/maps/search/?api=1&query=Resenha%20Prime%20Bar%20e%20Restaurante&query_place_id=ChIJbywvQICNpJIRXuOm8G2VIAQ,,
"Tv. Mauriti, 2116 - Marco, Belém - PA, 66087-680, Brazil","Tv. Mauriti, 2116 - Marco, Belém - Pa, 66087-680, Brazil",Wine bar,,,,,,,,,Wine bar,2.8e+18,Belém,BR,0x92a48b9f9e145657:0x26e24281e0c63629,,,,-1.4326514,-48.4656276,,Marco,+55 91 3199-2814,559000000000.0,ChIJV1YUnp-LpJIRKTbG4IFC4iY,66087-680,$$$,78,,0,,,,,,State of Pará,"Tv. Mauriti, 2116","Tv. Mauriti, 2116",,Duvin Vinhos Finos,Duvin Vinhos Finos,,https://www.google.com/maps/search/?api=1&query=Duvin%20Vinhos%20Finos&query_place_id=ChIJV1YUnp-LpJIRKTbG4IFC4iY,,
"Tv. Antônio Baena - Pedreira, Belém - PA, 66093-081, Brazil","Tv. Antônio Baena - Pedreira, Belém - Pa, 66093-081, Brazil",Bar,,,,,,,,,Brazilian boteco,4.7e+18,Belém,BR,0x92a48c199296d8d7:0x4132fabefadbbe7c,,,,-1.4454628,-48.4647132,,Pedreira,,,ChIJ19iWkhmMpJIRfL7b-r76MkE,66093-081,$,73,,1,1.0,0.0,0.0,0.0,0.0,State of Pará,Tv. Antônio Baena,Tv. Antônio Baena,,BAR E MERCANTIL BRASIL,Bar E Mercantil Brasil,5.0,https://www.google.com/maps/search/?api=1&query=BAR%20E%20MERCANTIL%20BRASIL&query_place_id=ChIJ19iWkhmMpJIRfL7b-r76MkE,,
"Tv. do Chaco, 2576 - Marco, Belém - PA, 66093-047, Brazil","Tv. Do Chaco, 2576 - Marco, Belém - Pa, 66093-047, Brazil",Bar,,,,,,,,,Brazilian boteco,1.49e+19,Belém,BR,0x92a48c3fd5ec86a5:0xcf700d2eca3075a7,,,,-1.444576,-48.4610309,,Marco,,,ChIJpYbs1T-MpJIRp3Uwyi4NcM8,66093-047,$,72,,2,2.0,0.0,0.0,0.0,0.0,State of Pará,"Tv. do Chaco, 2576","Tv. Do Chaco, 2576",,Bar Do Mauro,Bar Do Mauro,5.0,https://www.google.com/maps/search/?api=1&query=Bar%20Do%20Mauro&query_place_id=ChIJpYbs1T-MpJIRp3Uwyi4NcM8,,
"Tv. da Estrella, 2256 - Marco, Belém - PA, 66080-660, Brazil","Tv. Da Estrella, 2256 - Marco, Belém - Pa, 66080-660, Brazil",Bar,,,,,,,,,Brazilian boteco,9.07e+18,Belém,BR,0x92a48c0e8f0e0557:0x7de8d48bbdee2354,,,,-1.4350725,-48.4645114,,Marco,+55 91 98252-4258,5590000000000.0,ChIJVwUOjw6MpJIRVCPuvYvU6H0,66080-660,$,69,,1,0.0,0.0,1.0,0.0,0.0,State of Pará,"Tv. da Estrella, 2256","Tv. Da Estrella, 2256",,Open Bar - ACORDOVIL,Open Bar - Acordovil,1.0,https://www.google.com/maps/search/?api=1&query=Open%20Bar%20-%20ACORDOVIL&query_place_id=ChIJVwUOjw6MpJIRVCPuvYvU6H0,,
"Tv. Barão do Triunfo, 2887-2857 - Marco, Belém - PA, 66093-050, Brazil","Tv. Barão Do Triunfo, 2887-2857 - Marco, Belém - Pa, 66093-050, Brazil",Bar,,,,,,,,,Brazilian boteco,4.52e+18,Belém,BR,0x92a48d7ef3093cc1:0x3eba6a9b8142fbc0,,,,-1.4329704,-48.4618532,,Marco,,,ChIJwTwJ836NpJIRwPtCgZtquj4,66093-050,$,66,,0,,,,,,State of Pará,"Tv. Barão do Triunfo, 2887-2857","Tv. Barão Do Triunfo, 2887-2857",,Bar do Tomé,Bar Do Tomé,,https://www.google.com/maps/search/?api=1&query=Bar%20do%20Tom%C3%A9&query_place_id=ChIJwTwJ836NpJIRwPtCgZtquj4,,
"Tv. do Chaco, 2219 - Marco, Belém - PA, 66093-542, Brazil","Tv. Do Chaco, 2219 - Marco, Belém - Pa, 66093-542, Brazil",Bar,,,,,,,,,Brazilian boteco,9.53e+18,Belém,BR,0x92a48c16824bae8f:0x843e8d4228d656e5,,,,-1.4423959,-48.4638791,,Marco,+55 91 98055-0806,5590000000000.0,ChIJj65LghaMpJIR5VbWKEKNPoQ,66093-542,$,64,,23,15.0,2.0,1.0,4.0,1.0,State of Pará,"Tv. do Chaco, 2219","Tv. Do Chaco, 2219",,Bar do Bigode,Bar Do Bigode,4.3,https://www.google.com/maps/search/?api=1&query=Bar%20do%20Bigode&query_place_id=ChIJj65LghaMpJIR5VbWKEKNPoQ,,Monday-Sunday: 10:00 to 00:00
"Tv. Vileta, 2246 - Marco, Belém - PA, 66093-345, Brazil","Tv. Vileta, 2246 - Marco, Belém - Pa, 66093-345, Brazil",Bar,,,,,,,,,Brazilian boteco,1.64e+18,Belém,BR,0x92a48c119729e1a7:0x16c299c417948903,,,,-1.4384714,-48.4647786,,Marco,,,ChIJp-EplxGMpJIRA4mUF8SZwhY,66093-345,$,59,,24,18.0,2.0,1.0,2.0,1.0,State of Pará,"Tv. Vileta, 2246","Tv. Vileta, 2246",,Bar Do Ney,Bar Do Ney,4.5,https://www.google.com/maps/search/?api=1&query=Bar%20Do%20Ney&query_place_id=ChIJp-EplxGMpJIRA4mUF8SZwhY,,Monday-Sunday: 07:00 to 22:00
"Av. Pedro Miranda, 302 - Pedreira, Belém - PA, 66085-005, Brazil","Av. Pedro Miranda, 302 - Pedreira, Belém - Pa, 66085-005, Brazil",Sports bar,,,,,,,,,Sports bar,2.72e+18,Belém,BR,0x92a48d590d6d0d49:0x25b4bae06b7ffe1f,,,,-1.4356785,-48.4768736,,Pedreira,+55 91 98525-5211,5590000000000.0,ChIJSQ1tDVmNpJIRH_5_a-C6tCU,66085-005,$$$,57,,22,16.0,5.0,0.0,0.0,1.0,State of Pará,"Av. Pedro Miranda, 302","Av. Pedro Miranda, 302",,Studio Champions,Studio Champions,4.6,https://www.google.com/maps/search/?api=1&query=Studio%20Champions&query_place_id=ChIJSQ1tDVmNpJIRH_5_a-C6tCU,,
"Tv. do Chaco, 4 - Marco, Belém - PA, 66093-047, Brazil","Tv. Do Chaco, 4 - Marco, Belém - Pa, 66093-047, Brazil",Restaurant,Bar,,,,,,,,Brazilian boteco,8.98e+18,Belém,BR,0x92a48c15c0592187:0x7ca90dc16e577a69,,,,-1.4434698,-48.4625873,,Marco,,,ChIJhyFZwBWMpJIRaXpXbsENqXw,66093-047,$,56,,0,,,,,,State of Pará,"Tv. do Chaco, 4","Tv. Do Chaco, 4",,Amigão Bar e Restaurante,Amigão Bar E Restaurante,,https://www.google.com/maps/search/?api=1&query=Amig%C3%A3o%20Bar%20e%20Restaurante&query_place_id=ChIJhyFZwBWMpJIRaXpXbsENqXw,,
"Tv. Mauriti, 2446 - Marco, Belém - PA, 66093-180, Brazil","Tv. Mauriti, 2446 - Marco, Belém - Pa, 66093-180, Brazil",Bar,,,,,,,,,Brazilian boteco,7.21e+18,Belém,BR,0x92a48c0c173a56cb:0x640d928fc3f366cf,,,,-1.4342685,-48.4630876,,Marco,+55 91 98218-1010,5590000000000.0,ChIJy1Y6FwyMpJIRz2bzw4-SDWQ,66093-180,$,50,,7,5.0,1.0,0.0,1.0,0.0,State of Pará,"Tv. Mauriti, 2446","Tv. Mauriti, 2446",,Bruno's Bar,Bruno'S Bar,4.6,https://www.google.com/maps/search/?api=1&query=Bruno's%20Bar&query_place_id=ChIJy1Y6FwyMpJIRz2bzw4-SDWQ,,
"Tv. do Chaco, 2163 - Marco, Belém - PA, 66093-542, Brazil","Tv. Do Chaco, 2163 - Marco, Belém - Pa, 66093-542, Brazil",Bar,Restaurant,,,,,,,,Brazilian boteco,3.34e+18,Belém,BR,0x92a48c16909dc513:0x2e4aa0ff20338765,,,,-1.4420299,-48.4643661,,Marco,,,ChIJE8WdkBaMpJIRZYczIP-gSi4,66093-542,$,49,,14,8.0,6.0,0.0,0.0,0.0,State of Pará,"Tv. do Chaco, 2163","Tv. Do Chaco, 2163",,Bar e Restaurante da Tia,Bar E Restaurante Da Tia,4.6,https://www.google.com/maps/search/?api=1&query=Bar%20e%20Restaurante%20da%20Tia&query_place_id=ChIJE8WdkBaMpJIRZYczIP-gSi4,,Monday-Tuesday: 10:30 to 23:40; Wednesday: 10:30 to 00:00; Thursday: 10:30 to 00:40; Friday: 10:30 to 02:00; Saturday: 10:30 to 01:40; Sunday: 15:30 to 23:30
"Av. Marquês de Herval, 209 - Pedreira, Belém - PA, 66085-309, Brazil","Av. Marquês De Herval, 209 - Pedreira, Belém - Pa, 66085-309, Brazil",Bar,,,,,,,,,Pub,1.59e+18,Belém,BR,0x92a48d001826aa65:0x16080438291eedab,,,,-1.4376332,-48.4749111,,Pedreira,+55 91 98499-2930,5590000000000.0,ChIJZaomGACNpJIRq-0eKTgECBY,66085-309,$$,51,,20,20.0,0.0,0.0,0.0,0.0,State of Pará,"Av. Marquês de Herval, 209","Av. Marquês De Herval, 209",,Boemia Amazônica,Boemia Amazônica,5.0,https://www.google.com/maps/search/?api=1&query=Boemia%20Amaz%C3%B4nica&query_place_id=ChIJZaomGACNpJIRq-0eKTgECBY,https://www.instagram.com/bo_amazonica?igsh=bTdkaTZwZzh6cXIy,
"Av. Ceará, 269 - São Brás, Belém - PA, 66070-080, Brazil","Av. Ceará, 269 - São Brás, Belém - Pa, 66070-080, Brazil",Bar,,,,,,,,,Brazilian boteco,1.29e+19,Belém,BR,0x92a48c3eaef34295:0xb305492005bd2c40,,,,-1.4478506,-48.4632911,,São Brás,+55 91 98298-4980,5590000000000.0,ChIJlULzrj6MpJIRQCy9BSBJBbM,66070-080,$,47,,164,121.0,21.0,4.0,14.0,4.0,State of Pará,"Av. Ceará, 269","Av. Ceará, 269",,Bar do Ary,Bar Do Ary,4.5,https://www.google.com/maps/search/?api=1&query=Bar%20do%20Ary&query_place_id=ChIJlULzrj6MpJIRQCy9BSBJBbM,,Monday-Sunday: 08:00 to 00:00
"Av. Ceará, 221 - São Brás, Belém - PA, 66090-460, Brazil","Av. Ceará, 221 - São Brás, Belém - Pa, 66090-460, Brazil",Bar,,,,,,,,,Brazilian boteco,3.54e+18,Belém,BR,0x92a48c3ea991d6a1:0x311ff2d03e55fd40,,,,-1.4478862,-48.4636329,,São Brás,+55 91 98183-0291,5590000000000.0,ChIJodaRqT6MpJIRQP1VPtDyHzE,66090-460,$,42,,36,30.0,4.0,1.0,1.0,0.0,State of Pará,"Av. Ceará, 221","Av. Ceará, 221",,Bar do Ceará,Bar Do Ceará,4.7,https://www.google.com/maps/search/?api=1&query=Bar%20do%20Cear%C3%A1&query_place_id=ChIJodaRqT6MpJIRQP1VPtDyHzE,,
"Tv. Três de Maio, 866 - São Brás, Belém - PA, 66060-600, Brazil","Tv. Três De Maio, 866 - São Brás, Belém - Pa, 66060-600, Brazil",Bar,,,,,,,,,Brazilian boteco,9.54e+18,Belém,BR,0x92a48dc32b2cb581:0x8473656b1f73d471,,,,-1.4473668,-48.4744273,,São Brás,+55 91 98012-9933,5590000000000.0,ChIJgbUsK8ONpJIRcdRzH2tlc4Q,66060-600,$,38,,24,18.0,4.0,1.0,1.0,0.0,State of Pará,"Tv. Três de Maio, 866","Tv. Três De Maio, 866",,Boteco 866,Boteco 866,4.6,https://www.google.com/maps/search/?api=1&query=Boteco%20866&query_place_id=ChIJgbUsK8ONpJIRcdRzH2tlc4Q,,Monday: 17:00 to 19:00; Tuesday-Thursday: 12:00 to 00:00; Friday: 12:00 to 01:00; Saturday: 11:00 to 01:00; Sunday: 12:00 to 00:00
"Tv. Antônio Baena, 882 - Marco, Belém - PA, 66093-082, Brazil","Tv. Antônio Baena, 882 - Marco, Belém - Pa, 66093-082, Brazil",Restaurant,Cocktail bar,Hamburger restaurant,,,,,,,Bar & grill,1.25e+19,Belém,BR,0x92a48d58cf093cef:0xad02e2a83aad84b3,,,Dallas Express - João Paulo II,-1.4472846,-48.4624047,https://drive.google.com/file/d/1GQR_IVDLfn1sHIXoVwEVsZJj67609UaE/view?usp=drive_link,Marco,+55 91 99169-7966,5590000000000.0,ChIJ7zwJz1iNpJIRs4StOqjiAq0,66093-082,$$,40,,341,251.0,47.0,15.0,23.0,5.0,State of Pará,"Tv. Antônio Baena, 882","Tv. Antônio Baena, 882",,Restaurante Piratas Lounge - Belém,Restaurante Piratas Lounge - Belém,4.5,https://www.google.com/maps/search/?api=1&query=Restaurante%20Piratas%20Lounge%20-%20Bel%C3%A9m&query_place_id=ChIJ7zwJz1iNpJIRs4StOqjiAq0,,
"Tv. Vileta, 2461 - Marco, Belém - PA, 66093-345, Brazil","Tv. Vileta, 2461 - Marco, Belém - Pa, 66093-345, Brazil",Bar,,,,,,,,,Brazilian boteco,1.06e+19,Belém,BR,0x92a48d9eff1a5dd3:0x9280a4a99e7a3bfe,,,,-1.4389289,-48.463535,,Marco,,,ChIJ010a_56NpJIR_jt6nqmkgJI,66093-345,$,7,,55,43.0,7.0,0.0,4.0,1.0,State of Pará,"Tv. Vileta, 2461","Tv. Vileta, 2461",,Bar do Bragança,Bar Do Bragança,4.7,https://www.google.com/maps/search/?api=1&query=Bar%20do%20Bragan%C3%A7a&query_place_id=ChIJ010a_56NpJIR_jt6nqmkgJI,,
"Av. Rômulo Maiorana, 853 - Marco, Belém - PA, 66093-635, Brazil","Av. Rômulo Maiorana, 853 - Marco, Belém - Pa, 66093-635, Brazil",Bar,,,,,,,,,Brazilian boteco,3.16e+18,Belém,BR,0x92a48c1183d17e95:0x2bccffd3b5b3507c,,,,-1.4393627,-48.4645958,,Marco,,,ChIJlX7RgxGMpJIRfFCztdP_zCs,66093-635,$,2,,36,25.0,4.0,0.0,6.0,1.0,State of Pará,"Av. Rômulo Maiorana, 853","Av. Rômulo Maiorana, 853",,Bar do Carvalho,Bar Do Carvalho,4.5,https://www.google.com/maps/search/?api=1&query=Bar%20do%20Carvalho&query_place_id=ChIJlX7RgxGMpJIRfFCztdP_zCs,,
"R. da Mata, 131 - Marambaia, Belém - PA, 66615-420, Brazil","R. Da Mata, 131 - Marambaia, Belém - Pa, 66615-420, Brazil",Bar,,,,,,,,,Brazilian boteco,1.76e+19,Belém,BR,0x92a48bb362894697:0xf4457d4d53e29573,,,,-1.4016228,-48.4536995,,Marambaia,+55 91 3243-2579,559000000000.0,ChIJl0aJYrOLpJIRc5XiU019RfQ,66615-420,$,67,,0,,,,,,State of Pará,"R. da Mata, 131","R. Da Mata, 131",,Barraca do Louro,Barraca Do Louro,,https://www.google.com/maps/search/?api=1&query=Barraca%20do%20Louro&query_place_id=ChIJl0aJYrOLpJIRc5XiU019RfQ,,
"R. 5, 182 - Maracangalha, Belém - PA, 66110-047, Brazil","R. 5, 182 - Maracangalha, Belém - Pa, 66110-047, Brazil",Bar,,,,,,,,,Brazilian boteco,7.94e+18,Belém,BR,0x92a48bd76948e7cb:0x6e31e4aa5c3fd70e,,,Maracangalha - Av Sul,-1.3987177,-48.4765571,,Maracangalha,,,ChIJy-dIadeLpJIRDtc_XKrkMW4,66110-047,$,86,,0,,,,,,State of Pará,"R. 5, 182","R. 5, 182",,Beto conveniência,Beto Conveniência,,https://www.google.com/maps/search/?api=1&query=Beto%20conveni%C3%AAncia&query_place_id=ChIJy-dIadeLpJIRDtc_XKrkMW4,,
"Conjunto Marex,Rua Natal,227 Entre a Av.Brasil e a, R. Vitória - Val-de-Cães, Belém - PA, 66617-320, Brazil","Conjunto Marex,Rua Natal,227 Entre A Av.Brasil E A, R. Vitória - Val-De-Cães, Belém - Pa, 66617-320, Brazil",Bar,,,,,,,,,Brazilian boteco,1.13e+19,Belém,BR,0x92a48b0accc59f89:0x9cd59bb3da4ec05b,,,,-1.398211,-48.4736992,,Val-de-Cães,,,ChIJiZ_FzAqLpJIRW8BO2rOb1Zw,66617-320,$,85,,0,,,,,,State of Pará,"Conjunto Marex,Rua Natal,227 Entre a Av.Brasil e a, R. Vitória","Conjunto Marex,Rua Natal,227 Entre A Av.Brasil E A, R. Vitória",,Etc &Tal,Etc &Tal,,https://www.google.com/maps/search/?api=1&query=Etc%20%26Tal&query_place_id=ChIJiZ_FzAqLpJIRW8BO2rOb1Zw,,
"Passagem São Cristóvão, 2-114 - Marambaia, Belém - PA, 66615-230, Brazil","Passagem São Cristóvão, 2-114 - Marambaia, Belém - Pa, 66615-230, Brazil",Bar,,,,,,,,,Brazilian boteco,4.7e+18,Belém,BR,0x92a48bb6f7e61877:0x413d2bb3cac2af35,,,,-1.4054423,-48.4562032,,Marambaia,+55 91 98532-2843,5590000000000.0,ChIJdxjm97aLpJIRNa_CyrMrPUE,66615-230,$,84,,3,2.0,1.0,0.0,0.0,0.0,State of Pará,"Passagem São Cristóvão, 2-114","Passagem São Cristóvão, 2-114",,Zero Grau Deposito E Distribuidora,Zero Grau Deposito E Distribuidora,4.7,https://www.google.com/maps/search/?api=1&query=Zero%20Grau%20Deposito%20E%20Distribuidora&query_place_id=ChIJdxjm97aLpJIRNa_CyrMrPUE,,Monday-Sunday: 08:00 to 22:00
"Marambaia, Belém - State of Pará, 68447-000, Brazil","Marambaia, Belém - State Of Pará, 68447-000, Brazil",Bar,,,,,,,,,Brazilian boteco,2.77e+18,Belém,BR,0x92a48b5321e1c6df:0x266b82591d2ac997,,,,-1.4007654,-48.453631,,Marambaia,,,ChIJ38bhIVOLpJIRl8kqHVmCayY,,$,83,,0,,,,,,State of Pará,,,,Bar da dete,Bar Da Dete,,https://www.google.com/maps/search/?api=1&query=Bar%20da%20dete&query_place_id=ChIJ38bhIVOLpJIRl8kqHVmCayY,,Monday: Closed; Tuesday-Sunday: 19:00 to 23:00
"Av. Contôrno Leste, 332 - Maracangalha, Belém - PA, 66813-330, Brazil","Av. Contôrno Leste, 332 - Maracangalha, Belém - Pa, 66813-330, Brazil",Bar,,,,,,,,,Brazilian boteco,5.9e+18,Belém,BR,0x92a48a2b29e5f537:0x51e483af2e09adda,,,,-1.4006182,-48.4762096,,Maracangalha,,,ChIJN_XlKSuKpJIR2q0JLq-D5FE,66813-330,$,79,,0,,,,,,State of Pará,"Av. Contôrno Leste, 332","Av. Contôrno Leste, 332",,BAR DO CURIÓ,Bar Do Curió,,https://www.google.com/maps/search/?api=1&query=BAR%20DO%20CURI%C3%93&query_place_id=ChIJN_XlKSuKpJIR2q0JLq-D5FE,,"Monday-Thursday: 09:00 to 13:00, 15:00 to 23:00; Friday-Saturday: 09:00 to 02:00; Sunday: 09:00 to 12:00"
"Tv. Alferes Costa, 575 - Sacramenta, Belém - PA, 66120-330, Brazil","Tv. Alferes Costa, 575 - Sacramenta, Belém - Pa, 66120-330, Brazil",Bar,,,,,,,,,Brazilian boteco,1.67e+19,Belém,BR,0x92a48bde763a9007:0xe7d332798fad1cac,,,,-1.4142425,-48.4737745,,Sacramenta,,,ChIJB5A6dt6LpJIRrBytj3ky0-c,66120-330,$,77,,0,,,,,,State of Pará,"Tv. Alferes Costa, 575","Tv. Alferes Costa, 575",,Bar E Restaurante Molecote,Bar E Restaurante Molecote,,https://www.google.com/maps/search/?api=1&query=Bar%20E%20Restaurante%20Molecote&query_place_id=ChIJB5A6dt6LpJIRrBytj3ky0-c,,Monday-Thursday: 07:30 to 19:30; Friday: 07:30 to 21:00; Saturday-Sunday: 07:30 to 15:00
"Passagem Nossa Sra. das Graças - Marambaia, Belém - PA, 68447-000, Brazil","Passagem Nossa Sra. Das Graças - Marambaia, Belém - Pa, 68447-000, Brazil",Bar,,,,,,,,,Brazilian boteco,1.48e+19,Belém,BR,0x92a48ba959b1ebc5:0xcce7b37bb6fee9f7,,,,-1.4063054,-48.4606065,,Marambaia,,,ChIJxeuxWamLpJIR9-n-tnuz58w,68447-000,$,76,,0,,,,,,State of Pará,Passagem Nossa Sra. das Graças,Passagem Nossa Sra. Das Graças,,Bar da Curva,Bar Da Curva,,https://www.google.com/maps/search/?api=1&query=Bar%20da%20Curva&query_place_id=ChIJxeuxWamLpJIR9-n-tnuz58w,,
"Passagem Iracema, 263 - Marambaia, Belém - PA, 66623-140, Brazil","Passagem Iracema, 263 - Marambaia, Belém - Pa, 66623-140, Brazil",Bar,,,,,,,,,Brazilian boteco,1.39e+17,Belém,BR,0x92a48a52b336dc6b:0x1edfc2629377c7f,,,,-1.4002648,-48.4479262,,Marambaia,,,ChIJa9w2s1KKpJIRf3w3KSb87QE,66623-140,$,75,,0,,,,,,State of Pará,"Passagem Iracema, 263","Passagem Iracema, 263",,ROCHA'S BAR,Rocha'S Bar,,https://www.google.com/maps/search/?api=1&query=ROCHA'S%20BAR&query_place_id=ChIJa9w2s1KKpJIRf3w3KSb87QE,,Monday-Wednesday: 08:00 to 19:00; Thursday-Friday: 08:00 to 21:00; Saturday: 09:00 to 22:00; Sunday: 09:00 to 18:30
"Av. Dr. Freitas, 759 - Sacramenta, Belém - PA, 66123-050, Brazil","Av. Dr. Freitas, 759 - Sacramenta, Belém - Pa, 66123-050, Brazil",Cocktail bar,Convenience store,,,,,,,,Brazilian boteco,8.6e+18,Belém,BR,0x92a48b88afb8f3d7:0x776af6780bb342a2,,,,-1.4145,-48.4666816,,Sacramenta,+55 91 98309-6493,5590000000000.0,ChIJ1_O4r4iLpJIRokKzC3j2anc,66123-050,$$$,63,,0,,,,,,State of Pará,"Av. Dr. Freitas, 759","Av. Dr. Freitas, 759",,Dr. Beer Official,Dr. Beer Official,,https://www.google.com/maps/search/?api=1&query=Dr.%20Beer%20Official&query_place_id=ChIJ1_O4r4iLpJIRokKzC3j2anc,https://instagram.com/dr.beerofficial?igshid=ZDdkNTZiNTM=,Monday-Tuesday: Closed; Wednesday-Saturday: 17:00 to 02:00; Sunday: 17:00 to 00:00
"Sacramenta, Belém - State of Pará, 68447-000, Brazil","Sacramenta, Belém - State Of Pará, 68447-000, Brazil",Bar,,,,,,,,,Brazilian boteco,4.86e+18,Belém,BR,0x92a48bd201e8465f:0x436f83a88e9b93f7,,,,-1.4043607,-48.4689711,,Sacramenta,,,ChIJX0boAdKLpJIR95ObjqiDb0M,,$,62,,2,2.0,0.0,0.0,0.0,0.0,State of Pará,,,,Bar Do Gil,Bar Do Gil,5.0,https://www.google.com/maps/search/?api=1&query=Bar%20Do%20Gil&query_place_id=ChIJX0boAdKLpJIR95ObjqiDb0M,,
"R. Canal Joaquim, 1123 - Sacramenta, Belém - PA, 66123-030, Brazil","R. Canal Joaquim, 1123 - Sacramenta, Belém - Pa, 66123-030, Brazil",Cocktail bar,,,,,,,,,Brazilian boteco,3.8e+18,Belém,BR,0x92a48bbedfbd6249:0x34ba3d000e9f49a8,,,,-1.4085143,-48.4762735,,Sacramenta,+55 91 98522-0881,5590000000000.0,ChIJSWK9376LpJIRqEmfDgA9ujQ,66123-030,$$$,61,,0,,,,,,State of Pará,"R. Canal Joaquim, 1123","R. Canal Joaquim, 1123",,Bar da Neth,Bar Da Neth,,https://www.google.com/maps/search/?api=1&query=Bar%20da%20Neth&query_place_id=ChIJSWK9376LpJIRqEmfDgA9ujQ,,Monday-Tuesday: 11:00 to 15:00; Wednesday-Saturday: 11:00 to 02:00; Sunday: 11:00 to 15:00
"Av. Rodolfo Chermont, 440 - Marambaia, Belém - PA, 66615-170, Brazil","Av. Rodolfo Chermont, 440 - Marambaia, Belém - Pa, 66615-170, Brazil",Cocktail bar,Convenience store,Delivery Restaurant,,,,,,,Cocktail bar,4.02e+18,Belém,BR,0x92a48b3f7e7970a3:0x37c499b22d5493d7,,,,-1.4054342,-48.4530212,,Marambaia,,,ChIJo3B5fj-LpJIR15NULbKZxDc,66615-170,$$,60,,5,5.0,0.0,0.0,0.0,0.0,State of Pará,"Av. Rodolfo Chermont, 440","Av. Rodolfo Chermont, 440",,Esquenta 021,Esquenta 021,5.0,https://www.google.com/maps/search/?api=1&query=Esquenta%20021&query_place_id=ChIJo3B5fj-LpJIR15NULbKZxDc,https://www.lojalocal.com/51833910000196,Monday-Friday: 09:00 to 22:00; Saturday-Sunday: 09:00 to 00:00
"Aeroporto Internacional de Belém - Av. Júlio César, SN - Val-de-Cães, Belém - PA, 68447-000, Brazil","Aeroporto Internacional De Belém - Av. Júlio César, Sn - Val-De-Cães, Belém - Pa, 68447-000, Brazil",Bar,,,,,,,,,Brazilian boteco,1.12e+19,Belém,BR,0x92a48bcfa74c1853:0x9b27220769d5f4fe,,,,-1.4068373,-48.4662869,,Val-de-Cães,+55 91 3210-6419,559000000000.0,ChIJUxhMp8-LpJIR_vTVaQciJ5s,,$$,58,,0,,,,,,State of Pará,"Aeroporto Internacional de Belém - Av. Júlio César, SN","Aeroporto Internacional De Belém - Av. Júlio César, Sn",,Quiosque Chopp Brahma,Quiosque Chopp Brahma,,https://www.google.com/maps/search/?api=1&query=Quiosque%20Chopp%20Brahma&query_place_id=ChIJUxhMp8-LpJIR_vTVaQciJ5s,http://quiosquechoppbrahma.com.br/,Monday-Saturday: 09:00 to 22:00; Sunday: 09:00 to 17:00
"Passagem são José, 12,atalaia - Marambaia, Belém - PA, 67013-000, Brazil","Passagem São José, 12,Atalaia - Marambaia, Belém - Pa, 67013-000, Brazil",Cocktail bar,,,,,,,,,Cocktail bar,7.38e+18,Belém,BR,0x92a48b990f88b3dd:0x66725207372c5fb1,,,,-1.3994874,-48.4528743,,Marambaia,+55 91 99381-7201,5590000000000.0,ChIJ3bOID5mLpJIRsV8sNwdScmY,67013-000,$,56,,0,,,,,,State of Pará,"Passagem são José, 12,atalaia","Passagem São José, 12,Atalaia",,Pátio da naza,Pátio Da Naza,,https://www.google.com/maps/search/?api=1&query=P%C3%A1tio%20da%20naza&query_place_id=ChIJ3bOID5mLpJIRsV8sNwdScmY,,Monday-Friday: 11:00 to 23:00; Saturday-Sunday: 09:30 to 00:30
"Tv. São Sebastião, 1015 - Sacramenta, Belém - PA, 66120-340, Brazil","Tv. São Sebastião, 1015 - Sacramenta, Belém - Pa, 66120-340, Brazil",Bar,,,,,,,,,Brazilian boteco,1.42e+19,Belém,BR,0x92a48becded7b213:0xc497fce023f9d020,,,,-1.4134242,-48.4741948,,Sacramenta,,,ChIJE7LX3uyLpJIRIND5I-D8l8Q,66120-340,$,54,,44,35.0,6.0,3.0,0.0,0.0,State of Pará,"Tv. São Sebastião, 1015","Tv. São Sebastião, 1015",,César Conveniência,César Conveniência,4.6,https://www.google.com/maps/search/?api=1&query=C%C3%A9sar%20Conveni%C3%AAncia&query_place_id=ChIJE7LX3uyLpJIRIND5I-D8l8Q,,
"Canal Água Cristal, 96 - Marambaia, Belém - PA, 66613-150, Brazil","Canal Água Cristal, 96 - Marambaia, Belém - Pa, 66613-150, Brazil",Bar,,,,,,,,,Brazilian boteco,3.62e+18,Belém,BR,0x92a48b002b9294bb:0x323984e0f3f7addd,,,,-1.4078518,-48.4510965,,Marambaia,+55 91 99178-5178,5590000000000.0,ChIJu5SSKwCLpJIR3a338-CEOTI,66613-150,$,49,,0,,,,,,State of Pará,"Canal Água Cristal, 96","Canal Água Cristal, 96",,Got Beer Conveniência,Got Beer Conveniência,,https://www.google.com/maps/search/?api=1&query=Got%20Beer%20Conveni%C3%AAncia&query_place_id=ChIJu5SSKwCLpJIR3a338-CEOTI,,
"Passagem Dalva, 127 A - Marambaia, Belém - PA, 66615-080, Brazil","Passagem Dalva, 127 A - Marambaia, Belém - Pa, 66615-080, Brazil",Bar,,,,,,,,,Brazilian boteco,2.93e+18,Belém,BR,0x92a48bf77176e04f:0x28b697f47b29485a,,,,-1.4039315,-48.4480295,,Marambaia,+55 91 3223-3324,559000000000.0,ChIJT-B2cfeLpJIRWkgpe_SXtig,66615-080,$,48,,2,2.0,0.0,0.0,0.0,0.0,State of Pará,"Passagem Dalva, 127 A","Passagem Dalva, 127 A",,LÓS CASTRO'S,Lós Castro'S,5.0,https://www.google.com/maps/search/?api=1&query=L%C3%93S%20CASTRO'S&query_place_id=ChIJT-B2cfeLpJIRWkgpe_SXtig,,Monday-Saturday: 08:00 to 23:00; Sunday: Closed
"Av. Contôrno Leste, 361 - Maracangalha, Belém - PA, 66110-046, Brazil","Av. Contôrno Leste, 361 - Maracangalha, Belém - Pa, 66110-046, Brazil",Bar,,,,,,,,,Brazilian boteco,1.11e+19,Belém,BR,0x92a48b98bb14c3c3:0x9994165790b6d65a,,,,-1.4009617,-48.4760617,,Maracangalha,,,ChIJw8MUu5iLpJIRWta2kFcWlJk,66110-046,$,47,,3,2.0,0.0,1.0,0.0,0.0,State of Pará,"Av. Contôrno Leste, 361","Av. Contôrno Leste, 361",,Point beer,Point Beer,3.7,https://www.google.com/maps/search/?api=1&query=Point%20beer&query_place_id=ChIJw8MUu5iLpJIRWta2kFcWlJk,https://www.lojalocal.com/00076039366249,Monday: Closed; Tuesday-Sunday: 16:00 to 01:00
"Av. Contôrno Leste, 332 - Val-de-Cães, Belém - PA, 66110-046, Brazil","Av. Contôrno Leste, 332 - Val-De-Cães, Belém - Pa, 66110-046, Brazil",Bar,,,,,,,,,Brazilian boteco,1.48e+19,Belém,BR,0x92a48b879b85da57:0xcdebdccd7968e399,,,,-1.4005967,-48.4762002,,Val-de-Cães,+55 91 98738-8978,5590000000000.0,ChIJV9qFm4eLpJIRmeNoec3c680,66110-046,$,46,,4,4.0,0.0,0.0,0.0,0.0,State of Pará,"Av. Contôrno Leste, 332","Av. Contôrno Leste, 332",,Bar do Mendes,Bar Do Mendes,5.0,https://www.google.com/maps/search/?api=1&query=Bar%20do%20Mendes&query_place_id=ChIJV9qFm4eLpJIRmeNoec3c680,https://www.lojalocal.com/31040921000101,
"Av. Rodolfo Chermont - Marambaia, Belém - PA, 66615-700, Brazil","Av. Rodolfo Chermont - Marambaia, Belém - Pa, 66615-700, Brazil",Bar,,,,,,,,,Brazilian boteco,8.72e+18,Belém,BR,0x92a48b0067e8b9fb:0x78f7ce260b6e4db6,,,,-1.4022903,-48.4534769,,Marambaia,,,ChIJ-7noZwCLpJIRtk1uCybO93g,,$,44,,0,,,,,,State of Pará,Av. Rodolfo Chermont,Av. Rodolfo Chermont,,Eskina mix,Eskina Mix,,https://www.google.com/maps/search/?api=1&query=Eskina%20mix&query_place_id=ChIJ-7noZwCLpJIRtk1uCybO93g,,Monday: Closed; Tuesday-Sunday: 16:00 to 02:00
"R. Pampulha, 12 - Maracangalha, Belém - PA, 66110-110, Brazil","R. Pampulha, 12 - Maracangalha, Belém - Pa, 66110-110, Brazil",Bar,,,,,,,,,Pub,6.66e+18,Belém,BR,0x92a48bbba7a84eb5:0x5c7c713d73f4ea88,,,,-1.3999774,-48.4753182,,Maracangalha,+55 91 99631-6759,5590000000000.0,ChIJtU6op7uLpJIRiOr0cz1xfFw,66110-110,$$,15,,0,,,,,,State of Pará,"R. Pampulha, 12","R. Pampulha, 12",,Gaetas pub,Gaetas Pub,,https://www.google.com/maps/search/?api=1&query=Gaetas%20pub&query_place_id=ChIJtU6op7uLpJIRiOr0cz1xfFw,,Monday-Tuesday: Closed; Wednesday-Sunday: 18:00 to 04:00
"Av. Pedro Álvares Cabral, 25 - Marambaia, Belém - PA, 66050-400, Brazil","Av. Pedro Álvares Cabral, 25 - Marambaia, Belém - Pa, 66050-400, Brazil",Bar,,,,,,,,,Pub,8.33e+18,Belém,BR,0x92a48bb2fbb7096d:0x7395ec2f795cb1c5,,,,-1.4105999,-48.4686288,,Marambaia,,,ChIJbQm3-7KLpJIRxbFceS_slXM,66050-400,$$,32,,10,6.0,1.0,1.0,2.0,0.0,State of Pará,"Av. Pedro Álvares Cabral, 25","Av. Pedro Álvares Cabral, 25",,Avenida Pedro Álvares Cabral 18,Avenida Pedro Álvares Cabral 18,4.1,https://www.google.com/maps/search/?api=1&query=Avenida%20Pedro%20%C3%81lvares%20Cabral%2018&query_place_id=ChIJbQm3-7KLpJIRxbFceS_slXM,,Monday-Tuesday: Closed; Wednesday-Sunday: 18:00 to 23:00
"Av. Contôrno Leste, 162 - Maracangalha, Belém - PA, 66813-330, Brazil","Av. Contôrno Leste, 162 - Maracangalha, Belém - Pa, 66813-330, Brazil",Bar,,,,,,,,,Pub,1.71e+19,Belém,BR,0x92a48a2baac7507b:0xecef68d3f94e6b21,,,,-1.3990115,-48.476163,,Maracangalha,,,ChIJe1DHqiuKpJIRIWtO-dNo7-w,66813-330,$$,29,,16,12.0,2.0,1.0,1.0,0.0,State of Pará,"Av. Contôrno Leste, 162","Av. Contôrno Leste, 162",,Black Point,Black Point,4.5,https://www.google.com/maps/search/?api=1&query=Black%20Point&query_place_id=ChIJe1DHqiuKpJIRIWtO-dNo7-w,,Monday: Closed; Tuesday-Wednesday: 17:00 to 00:00; Thursday: 17:00 to 01:00; Friday: 17:00 to 03:00; Saturday-Sunday: Closed
"R. Cláudio Bordalo - Sacramenta, Belém - PA, 66123-130, Brazil","R. Cláudio Bordalo - Sacramenta, Belém - Pa, 66123-130, Brazil",Bar,,,,,,,,,Pub,1.7e+19,Belém,BR,0x92a48b850b99a447:0xec873e9ec7c5fab4,,,,-1.4076302,-48.4697753,,Sacramenta,+55 91 99305-4947,5590000000000.0,ChIJR6SZC4WLpJIRtPrFx54-h-w,66123-130,$$,28,,4,2.0,0.0,1.0,1.0,0.0,State of Pará,R. Cláudio Bordalo,R. Cláudio Bordalo,,Express Beer,Express Beer,3.5,https://www.google.com/maps/search/?api=1&query=Express%20Beer&query_place_id=ChIJR6SZC4WLpJIRtPrFx54-h-w,,Monday: Closed; Tuesday-Sunday: 17:00 to 00:00
"R. Carlos Drummond de Andrade - Marambaia, Belém - PA, 66615-025, Brazil","R. Carlos Drummond De Andrade - Marambaia, Belém - Pa, 66615-025, Brazil",Bar,,,,,,,,,Pub,1.08e+19,Belém,BR,0x92a48bcdf355f0f9:0x95e321b7db2d6fea,,,,-1.4034813,-48.468417,,Marambaia,,,ChIJ-fBV882LpJIR6m8t27ch45U,66615-025,$$,27,,1,0.0,1.0,0.0,0.0,0.0,State of Pará,R. Carlos Drummond de Andrade,R. Carlos Drummond De Andrade,,Camarote Beer,Camarote Beer,4.0,https://www.google.com/maps/search/?api=1&query=Camarote%20Beer&query_place_id=ChIJ-fBV882LpJIR6m8t27ch45U,,
"Passagem Santo Amaro, 173 - Maracangalha, Belém - PA, 68447-000, Brazil","Passagem Santo Amaro, 173 - Maracangalha, Belém - Pa, 68447-000, Brazil",Bar,,,,,,,,,Bar & grill,1.15e+19,Belém,BR,0x92a48b71021c148d:0x9fc38d9a2c86a216,,,,-1.4066402,-48.4759142,,Maracangalha,+55 91 98245-4384,5590000000000.0,ChIJjRQcAnGLpJIRFqKGLJqNw58,,$$,24,,1,1.0,0.0,0.0,0.0,0.0,State of Pará,"Passagem Santo Amaro, 173","Passagem Santo Amaro, 173",,STEAK BEER SUCESSO,Steak Beer Sucesso,5.0,https://www.google.com/maps/search/?api=1&query=STEAK%20BEER%20SUCESSO&query_place_id=ChIJjRQcAnGLpJIRFqKGLJqNw58,,Monday-Tuesday: Closed; Wednesday: 18:30 to 00:30; Thursday: 18:30 to 00:00; Friday-Saturday: 18:30 to 03:00; Sunday: 17:00 to 00:00
"R. Teodoro Palmeira, 161 - Sacramenta, Belém - PA, 66123-330, Brazil","R. Teodoro Palmeira, 161 - Sacramenta, Belém - Pa, 66123-330, Brazil",Bar,,,,,,,,,Brazilian boteco,3.1e+18,Belém,BR,0x92a48b002a664dab:0x2af882279fb8b933,,,,-1.4061249,-48.4701054,,Sacramenta,,,ChIJq01mKgCLpJIRM7m4nyeC-Co,66123-330,$,18,,0,,,,,,State of Pará,"R. Teodoro Palmeira, 161","R. Teodoro Palmeira, 161",,Bar Mercearia - Nezir,Bar Mercearia - Nezir,,https://www.google.com/maps/search/?api=1&query=Bar%20Mercearia%20-%20Nezir&query_place_id=ChIJq01mKgCLpJIRM7m4nyeC-Co,,Monday-Sunday: 12:00 to 00:00
"Av. Contôrno - Maracangalha, Belém - PA, 66110-046, Brazil","Av. Contôrno - Maracangalha, Belém - Pa, 66110-046, Brazil",Cocktail bar,,,,,,,,,Cocktail bar,1.35e+19,Belém,BR,0x92a48bf7fee94d3b:0xbb69a85aa152921d,,,,-1.3982458,-48.4761555,,Maracangalha,+55 91 98306-8498,5590000000000.0,ChIJO03p_veLpJIRHZJSoVqoabs,66110-046,$,16,,16,11.0,1.0,0.0,3.0,1.0,State of Pará,Av. Contôrno,Av. Contôrno,,Marcio Bar,Marcio Bar,4.4,https://www.google.com/maps/search/?api=1&query=Marcio%20Bar&query_place_id=ChIJO03p_veLpJIRHZJSoVqoabs,,Monday-Sunday: 10:00 to 22:00
"Passagem São José, 182 - Sacramenta, Belém - PA, 66120-270, Brazil","Passagem São José, 182 - Sacramenta, Belém - Pa, 66120-270, Brazil",Bar,,,,,,,,,Brazilian boteco,1.34e+19,Belém,BR,0x92a4896031474809:0xba573a353c5fb948,,,,-1.4140556,-48.4795978,,Sacramenta,,,ChIJCUhHMWCJpJIRSLlfPDU6V7o,66120-270,$,14,,1,1.0,0.0,0.0,0.0,0.0,State of Pará,"Passagem São José, 182","Passagem São José, 182",,Bar DOS CARBORETOS,Bar Dos Carboretos,5.0,https://www.google.com/maps/search/?api=1&query=Bar%20DOS%20CARBORETOS&query_place_id=ChIJCUhHMWCJpJIRSLlfPDU6V7o,,Monday-Friday: 06:00 to 00:00; Saturday: 06:00 to 02:00; Sunday: 06:00 to 00:00
"Av. Contôrno Leste, 172 - Maracangalha, Belém - PA, 66813-330, Brazil","Av. Contôrno Leste, 172 - Maracangalha, Belém - Pa, 66813-330, Brazil",Bar,,,,,,,,,Brazilian boteco,1.01e+19,Belém,BR,0x92a48b3239a94c65:0x8be184bb2c7cc00f,,,,-1.3991024,-48.4761901,,Maracangalha,,,ChIJZUypOTKLpJIRD8B8LLuE4Ys,66813-330,$,13,,27,12.0,6.0,2.0,4.0,3.0,State of Pará,"Av. Contôrno Leste, 172","Av. Contôrno Leste, 172",,Bar Dos Amigos Marex,Bar Dos Amigos Marex,3.9,https://www.google.com/maps/search/?api=1&query=Bar%20Dos%20Amigos%20Marex&query_place_id=ChIJZUypOTKLpJIRD8B8LLuE4Ys,,
"Av. Rodolfo Chermont, 668 - Marambaia, Belém - PA, 66615-170, Brazil","Av. Rodolfo Chermont, 668 - Marambaia, Belém - Pa, 66615-170, Brazil",Bar,,,,,,,,,Brazilian boteco,1.05e+19,Belém,BR,0x92a48bb3f2b167e3:0x9150986bae595cce,,,,-1.4030668,-48.4531808,,Marambaia,,,ChIJ42ex8rOLpJIRzlxZrmuYUJE,66615-170,$,12,,8,5.0,1.0,1.0,1.0,0.0,State of Pará,"Av. Rodolfo Chermont, 668","Av. Rodolfo Chermont, 668",,Naza's Bar,Naza'S Bar,4.1,https://www.google.com/maps/search/?api=1&query=Naza's%20Bar&query_place_id=ChIJ42ex8rOLpJIRzlxZrmuYUJE,,
"Passagem Vila Nova, 335 - Sacramenta, Belém - PA, 66113-190, Brazil","Passagem Vila Nova, 335 - Sacramenta, Belém - Pa, 66113-190, Brazil",Bar,,,,,,,,,Brazilian boteco,6.61e+18,Belém,BR,0x92a48bded0f51d23:0x5bba95e9171b3166,,,,-1.4108628,-48.4679015,,Sacramenta,,,ChIJIx310N6LpJIRZjEbF-mVuls,66113-190,$,11,,8,4.0,0.0,3.0,1.0,0.0,State of Pará,"Passagem Vila Nova, 335","Passagem Vila Nova, 335",,Bar e convêniencia santos,Bar E Convêniencia Santos,3.3,https://www.google.com/maps/search/?api=1&query=Bar%20e%20conv%C3%AAniencia%20santos&query_place_id=ChIJIx310N6LpJIRZjEbF-mVuls,,
"Passagem Salvador, 392-412 - Sacramenta, Belém - PA, 66123-280, Brazil","Passagem Salvador, 392-412 - Sacramenta, Belém - Pa, 66123-280, Brazil",Bar,,,,,,,,,Brazilian boteco,4.23e+18,Belém,BR,0x92a48bbba8bc495f:0x3abc149d4b671290,,,,-1.4063726,-48.4721671,,Sacramenta,,,ChIJX0m8qLuLpJIRkBJnS50UvDo,66123-280,$,9,,3,1.0,0.0,0.0,2.0,0.0,State of Pará,"Passagem Salvador, 392-412","Passagem Salvador, 392-412",,Bar da Ana,Bar Da Ana,3.7,https://www.google.com/maps/search/?api=1&query=Bar%20da%20Ana&query_place_id=ChIJX0m8qLuLpJIRkBJnS50UvDo,,
"Passagem Nossa Sra. das Graças - Marambaia, Belém - PA, 68447-000, Brazil","Passagem Nossa Sra. Das Graças - Marambaia, Belém - Pa, 68447-000, Brazil",Bar,,,,,,,,,Brazilian boteco,1.64e+19,Belém,BR,0x92a48b604d6ce00f:0xe34c12a5bb86a335,,,,-1.4063054,-48.4606065,,Marambaia,+55 91 98178-4324,5590000000000.0,ChIJD-BsTWCLpJIRNaOGu6USTOM,68447-000,$,5,,1,1.0,0.0,0.0,0.0,0.0,State of Pará,Passagem Nossa Sra. das Graças,Passagem Nossa Sra. Das Graças,,Bar e conveniência conexao do chopp,Bar E Conveniência Conexao Do Chopp,5.0,https://www.google.com/maps/search/?api=1&query=Bar%20e%20conveni%C3%AAncia%20conexao%20do%20chopp&query_place_id=ChIJD-BsTWCLpJIRNaOGu6USTOM,,
"Passage Ana Dantas, 147 - Sacramenta, Belém - PA, 68447-000, Brazil","Passage Ana Dantas, 147 - Sacramenta, Belém - Pa, 68447-000, Brazil",Bar,,,,,,,,,Brazilian boteco,1.02e+19,Belém,BR,0x92a48bdd36d71adf:0x8d1b5acd60345868,,,,-1.4072398,-48.469716,,Sacramenta,+55 91 99611-6095,5590000000000.0,ChIJ3xrXNt2LpJIRaFg0YM1aG40,68447-000,$,4,,1,1.0,0.0,0.0,0.0,0.0,State of Pará,"Passage Ana Dantas, 147","Passage Ana Dantas, 147",,Bar da nete (bar e restaurante),Bar Da Nete (Bar E Restaurante),5.0,https://www.google.com/maps/search/?api=1&query=Bar%20da%20nete%20(bar%20e%20restaurante)&query_place_id=ChIJ3xrXNt2LpJIRaFg0YM1aG40,,Monday-Sunday: Atendimento 24 horas
"Av. Tavares Bastos, 1518 c - Marambaia, Belém - PA, 66615-005, Brazil","Av. Tavares Bastos, 1518 C - Marambaia, Belém - Pa, 66615-005, Brazil",Oyster bar restaurant,Bar,,,,,,,,Bar & grill,8.22e+17,Belém,BR,0x92a48bb3beb48d8b:0xb6801173b69970e,,,,-1.4029212,-48.452167,,Marambaia,+55 91 98150-7113,5590000000000.0,ChIJi420vrOLpJIRDpdpOxcBaAs,66615-005,$$,3,,17,11.0,3.0,1.0,1.0,1.0,State of Pará,"Av. Tavares Bastos, 1518 c","Av. Tavares Bastos, 1518 C",,Texas Bar E Restaurante,Texas Bar E Restaurante,4.3,https://www.google.com/maps/search/?api=1&query=Texas%20Bar%20E%20Restaurante&query_place_id=ChIJi420vrOLpJIRDpdpOxcBaAs,,Monday-Sunday: 11:00 to 00:00
"Viela Cel. Artur - Marambaia, Belém - PA, 66620-560, Brazil","Viela Cel. Artur - Marambaia, Belém - Pa, 66620-560, Brazil",Bar,,,,,,,,,Brazilian boteco,5.43e+18,Belém,BR,0x92a48bacc225dc57:0x4b5d0f98cde20a46,,,,-1.398107,-48.4528583,,Marambaia,,,ChIJV9wlwqyLpJIRRgrizZgPXUs,,$,1,,1,1.0,0.0,0.0,0.0,0.0,State of Pará,Viela Cel. Artur,Viela Cel. Artur,,Nagoya Bar,Nagoya Bar,5.0,https://www.google.com/maps/search/?api=1&query=Nagoya%20Bar&query_place_id=ChIJV9wlwqyLpJIRRgrizZgPXUs,,
"R. da Mata, 244A - Marambaia, Belém - PA, 66623-710, Brazil","R. Da Mata, 244A - Marambaia, Belém - Pa, 66623-710, Brazil",Bar,,,,,,,,,Brazilian boteco,6.45e+18,Belém,BR,0x92a48bb2fd86eed3:0x598de3aa0b84512d,,,,-1.4018589,-48.4512317,,Marambaia,+55 91 98183-6824,5590000000000.0,ChIJ0-6G_bKLpJIRLVGEC6rjjVk,66623-710,$,2,,28,19.0,3.0,1.0,3.0,2.0,State of Pará,"R. da Mata, 244A","R. Da Mata, 244A",,Mendes Bar,Mendes Bar,4.3,https://www.google.com/maps/search/?api=1&query=Mendes%20Bar&query_place_id=ChIJ0-6G_bKLpJIRLVGEC6rjjVk,,Monday-Sunday: 07:30 to 03:30
"Cj Promorar Rua 26A Q78 N142 - Maracangalha, Belém - PA, 66110-074, Brazil","Cj Promorar Rua 26A Q78 N142 - Maracangalha, Belém - Pa, 66110-074, Brazil",Bar,,,,,,,,,Brazilian boteco,1.91e+18,Belém,BR,0x92a4894f8e7e99ed:0x1a802d8babddbdd3,,,,-1.3983168,-48.484362,,Maracangalha,+55 91 98573-4633,5590000000000.0,ChIJ7Zl-jk-JpJIR073dq4stgBo,66110-074,$$,7,,11,10.0,1.0,0.0,0.0,0.0,State of Pará,Cj Promorar Rua 26A Q78 N142,Cj Promorar Rua 26A Q78 N142,,Bar do Aranha,Bar Do Aranha,4.9,https://www.google.com/maps/search/?api=1&query=Bar%20do%20Aranha&query_place_id=ChIJ7Zl-jk-JpJIR073dq4stgBo,,Monday-Friday: 08:00 to 00:00; Saturday-Sunday: Atendimento 24 horas
"R. Trinta e Três, 91a - Maracangalha, Belém - PA, 66110-027, Brazil","R. Trinta E Três, 91A - Maracangalha, Belém - Pa, 66110-027, Brazil",Bar,,,,,,,,,Brazilian boteco,7.35e+18,Belém,BR,0x92a48930044cfcd7:0x65f6582f4ec3e9d0,,,,-1.3988034,-48.4863119,,Maracangalha,,,ChIJ1_xMBDCJpJIR0OnDTi9Y9mU,66110-027,$,2,,29,21.0,2.0,2.0,3.0,1.0,State of Pará,"R. Trinta e Três, 91a","R. Trinta E Três, 91A",,Novo Bar Da Marly,Novo Bar Da Marly,4.3,https://www.google.com/maps/search/?api=1&query=Novo%20Bar%20Da%20Marly&query_place_id=ChIJ1_xMBDCJpJIR0OnDTi9Y9mU,,"Monday: 10:00 to 00:00; Tuesday-Thursday: Atendimento 24 horas; Friday: 00:00 to 10:00, 10:01 to 23:00; Saturday-Sunday: 10:01 to 23:00"
"Tv. Benjamin Constant, 1780 - Nazaré, Belém - PA, 66035-095, Brazil","Tv. Benjamin Constant, 1780 - Nazaré, Belém - Pa, 66035-095, Brazil",Pub,,,,,,,,,Pub,1.66e+19,Belém,BR,0x92a48e8633cfa2b7:0xe6a8ce2b19f96ab5,,,,-1.4575015,-48.4879023,,Nazaré,,,ChIJt6LPM4aOpJIRtWr5GSvOqOY,66035-095,$$,19,,6,2.0,0.0,1.0,2.0,1.0,State of Pará,"Tv. Benjamin Constant, 1780","Tv. Benjamin Constant, 1780",,Dakota Pub,Dakota Pub,3.2,https://www.google.com/maps/search/?api=1&query=Dakota%20Pub&query_place_id=ChIJt6LPM4aOpJIRtWr5GSvOqOY,,Monday-Thursday: 06:30 to 00:00; Friday-Saturday: Atendimento 24 horas; Sunday: 06:30 to 00:00
"Portal da Amazônia - Jurunas, Belém - PA, 66020-160, Brazil","Portal Da Amazônia - Jurunas, Belém - Pa, 66020-160, Brazil",Stand bar,,,,,,,,,Brazilian boteco,1.72e+19,Belém,BR,0x92a48f7612cf8183:0xef48170f6f4d570a,,,,-1.4721783,-48.5034214,,Jurunas,+55 91 98055-9360,5590000000000.0,ChIJg4HPEnaPpJIRCldNbw8XSO8,66020-160,$,27,,1,0.0,0.0,0.0,0.0,1.0,State of Pará,Portal da Amazônia,Portal Da Amazônia,,Deck do Coelho,Deck Do Coelho,2.0,https://www.google.com/maps/search/?api=1&query=Deck%20do%20Coelho&query_place_id=ChIJg4HPEnaPpJIRCldNbw8XSO8,,Monday-Wednesday: 14:00 to 00:00; Thursday: 14:00 to 01:00; Friday-Sunday: 09:00 to 00:00
"81 A - R. Osvaldo de Caldas Brito - Jurunas, Belém - PA, 66025-190, Brazil","81 A - R. Osvaldo De Caldas Brito - Jurunas, Belém - Pa, 66025-190, Brazil",Cocktail bar,,,,,,,,,Cocktail bar,1.37e+19,Belém,BR,0x92a48f80a92c861b:0xbd723fb18a17e7ed,,,,-1.4711018,-48.5013573,,Jurunas,+55 91 98145-8878,5590000000000.0,ChIJG4YsqYCPpJIR7ecXirE_cr0,66025-190,$$,25,,5,5.0,0.0,0.0,0.0,0.0,State of Pará,81 A - R. Osvaldo de Caldas Brito,81 A - R. Osvaldo De Caldas Brito,,Adega da Orla - Portal da Amazônia,Adega Da Orla - Portal Da Amazônia,5.0,https://www.google.com/maps/search/?api=1&query=Adega%20da%20Orla%20-%20Portal%20da%20Amaz%C3%B4nia&query_place_id=ChIJG4YsqYCPpJIR7ecXirE_cr0,,Monday: 16:00 to 04:00; Tuesday: Closed; Wednesday-Sunday: 16:00 to 04:00
"Portal da Amazônia - Jurunas, Belém - PA, Brazil","Portal Da Amazônia - Jurunas, Belém - Pa, Brazil",Bar,,,,,,,,,Pub,9.76e+17,Belém,BR,0x92a48f806277f041:0xd8bab07c2834c0e,,,,-1.472128,-48.5033951,,Jurunas,,,ChIJQfB3YoCPpJIRDkyDwgeriw0,,$$,24,,2,2.0,0.0,0.0,0.0,0.0,State of Pará,Portal da Amazônia,Portal Da Amazônia,,Portal da Amazônia Beer,Portal Da Amazônia Beer,5.0,https://www.google.com/maps/search/?api=1&query=Portal%20da%20Amaz%C3%B4nia%20Beer&query_place_id=ChIJQfB3YoCPpJIRDkyDwgeriw0,,Monday-Sunday: Atendimento 24 horas
"Av. Bernardo Sayão - Cidade Velha, Belém - PA, 66025-670, Brazil","Av. Bernardo Sayão - Cidade Velha, Belém - Pa, 66025-670, Brazil",Bar,,,,,,,,,Brazilian boteco,1.53e+19,Belém,BR,0x92a48d79127bacf9:0xd3bcd381393a1e69,,,,-1.4694128,-48.5008082,,Cidade Velha,,,ChIJ-ax7EnmNpJIRaR46OYHTvNM,,$,22,,0,,,,,,State of Pará,Av. Bernardo Sayão,Av. Bernardo Sayão,,Dan Beer,Dan Beer,,https://www.google.com/maps/search/?api=1&query=Dan%20Beer&query_place_id=ChIJ-ax7EnmNpJIRaR46OYHTvNM,,
"Tv. Bom Jardim, 509 - Cidade Velha, Belém - PA, 66023-140, Brazil","Tv. Bom Jardim, 509 - Cidade Velha, Belém - Pa, 66023-140, Brazil",Bar,,,,,,,,,Brazilian boteco,1.73e+19,Belém,BR,0x92a48e5df504926f:0xefb65fbdc063c029,,,,-1.4644291,-48.498838,,Cidade Velha,,,ChIJb5IE9V2OpJIRKcBjwL1ftu8,66023-140,$,20,,6,3.0,2.0,1.0,0.0,0.0,State of Pará,"Tv. Bom Jardim, 509","Tv. Bom Jardim, 509",,BAR DO POLACO,Bar Do Polaco,4.0,https://www.google.com/maps/search/?api=1&query=BAR%20DO%20POLACO&query_place_id=ChIJb5IE9V2OpJIRKcBjwL1ftu8,,Monday-Friday: 08:00 to 22:00; Saturday: 08:00 to 00:00; Sunday: 16:00 to 20:00
"Tv. Honório José dos Santos, 857 - Jurunas, Belém - PA, 66033-340, Brazil","Tv. Honório José Dos Santos, 857 - Jurunas, Belém - Pa, 66033-340, Brazil",Bar,,,,,,,,,Brazilian boteco,4.11e+18,Belém,BR,0x92a48e6e2fd1aa09:0x38fac76a39112042,,,,-1.4691403,-48.4893099,,Jurunas,+55 91 98160-8035,5590000000000.0,ChIJCarRL26OpJIRQiAROWrH-jg,66033-340,$,17,,3,2.0,0.0,0.0,1.0,0.0,State of Pará,"Tv. Honório José dos Santos, 857","Tv. Honório José Dos Santos, 857",,Murilos Bar,Murilos Bar,4.3,https://www.google.com/maps/search/?api=1&query=Murilos%20Bar&query_place_id=ChIJCarRL26OpJIRQiAROWrH-jg,,Monday: 09:00 to 10:00; Tuesday-Wednesday: Closed; Thursday-Sunday: 09:00 to 10:00
"R. Cesário Alvim, 660 - Jurunas, Belém - PA, 66023-170, Brazil","R. Cesário Alvim, 660 - Jurunas, Belém - Pa, 66023-170, Brazil",Bar,,,,,,,,,Pub,9.67e+17,Belém,BR,0x92a48e5d30597f1d:0xd6c1d40110b3590,,,,-1.4651954,-48.4984581,,Jurunas,+55 91 98091-5561,5590000000000.0,ChIJHX9ZMF2OpJIRkDULEUAdbA0,66023-170,$$,7,,539,320.0,114.0,25.0,62.0,18.0,State of Pará,"R. Cesário Alvim, 660","R. Cesário Alvim, 660",Esquina Cultural Bar The Beatles,Cultural Corner Bar The Beatles,Cultural Corner Bar The Beatles,4.3,https://www.google.com/maps/search/?api=1&query=Cultural%20Corner%20Bar%20The%20Beatles&query_place_id=ChIJHX9ZMF2OpJIRkDULEUAdbA0,https://www.facebook.com/barthebeatles,
"R. Osvaldo de Caldas Brito, 10 - Jurunas, Belém - PA, 66025-190, Brazil","R. Osvaldo De Caldas Brito, 10 - Jurunas, Belém - Pa, 66025-190, Brazil",Bar,,,,,,,,,Brazilian boteco,1.1e+19,Belém,BR,0x92a48fd0d7f652e5:0x98d7975ecfba8d69,,,,-1.4726054,-48.5021714,,Jurunas,+55 91 98095-4786,5590000000000.0,ChIJ5VL219CPpJIRaY26z16X15g,66025-190,$,6,,0,,,,,,State of Pará,"R. Osvaldo de Caldas Brito, 10","R. Osvaldo De Caldas Brito, 10",,Na Proa bar e petiscaria,Na Proa Bar E Petiscaria,,https://www.google.com/maps/search/?api=1&query=Na%20Proa%20bar%20e%20petiscaria&query_place_id=ChIJ5VL219CPpJIRaY26z16X15g,,
"R. Osvaldo de Caldas Brito, 353 - Jurunas, Belém - PA, 66025-190, Brazil","R. Osvaldo De Caldas Brito, 353 - Jurunas, Belém - Pa, 66025-190, Brazil",Bar,,,,,,,,,Brazilian boteco,2.42e+18,Belém,BR,0x92a48e4262292cff:0x21870b175b477d97,,,,-1.4691956,-48.4996778,,Jurunas,,,ChIJ_ywpYkKOpJIRl31HWxcLhyE,66025-190,$,3,,36,27.0,2.0,1.0,5.0,1.0,State of Pará,"R. Osvaldo de Caldas Brito, 353","R. Osvaldo De Caldas Brito, 353",,Bar Maués,Bar Maués,4.5,https://www.google.com/maps/search/?api=1&query=Bar%20Mau%C3%A9s&query_place_id=ChIJ_ywpYkKOpJIRl31HWxcLhyE,,
"R. dos Tambés, 305 - Condor, Belém - PA, 66033-780, Brazil","R. Dos Tambés, 305 - Condor, Belém - Pa, 66033-780, Brazil",Bar,,,,,,,,,Brazilian boteco,1.8e+19,Belém,BR,0x92a48f1e892904a3:0xf9576c3d285bc3bb,,,,-1.471976,-48.4802974,,Condor,+55 91 99612-1098,5590000000000.0,ChIJowQpiR6PpJIRu8NbKD1sV_k,66033-780,$,59,,8,5.0,2.0,0.0,1.0,0.0,State of Pará,"R. dos Tambés, 305","R. Dos Tambés, 305",,Bar do Paxica,Bar Do Paxica,4.5,https://www.google.com/maps/search/?api=1&query=Bar%20do%20Paxica&query_place_id=ChIJowQpiR6PpJIRu8NbKD1sV_k,https://www.lojalocal.com/amstel/19111488000152,
"Av. Bernardo Sayão, 1029 - Jurunas, Belém - PA, 66030-120, Brazil","Av. Bernardo Sayão, 1029 - Jurunas, Belém - Pa, 66030-120, Brazil",Bar,,,,,,,,,Brazilian boteco,4.81e+18,Belém,BR,0x92a48fdd7c3e4c9f:0x42bd92e83f6affa6,,,,-1.4722257,-48.4975457,,Jurunas,,,ChIJn0w-fN2PpJIRpv9qP-iSvUI,66030-120,$,74,,0,,,,,,State of Pará,"Av. Bernardo Sayão, 1029","Av. Bernardo Sayão, 1029",,Point 6 Irmãos,Point 6 Irmãos,,https://www.google.com/maps/search/?api=1&query=Point%206%20Irm%C3%A3os&query_place_id=ChIJn0w-fN2PpJIRpv9qP-iSvUI,,
"R. Osvaldo de Caldas Brito - Jurunas, Belém - PA, 66025-190, Brazil","R. Osvaldo De Caldas Brito - Jurunas, Belém - Pa, 66025-190, Brazil",Bar,,,,,,,,,Brazilian boteco,7.41e+18,Belém,BR,0x92a48f70b171afe9:0x66cc1e300e0efea7,,,,-1.4685293,-48.4991028,,Jurunas,,,ChIJ6a9xsXCPpJIRp_4ODjAezGY,,$,73,,0,,,,,,State of Pará,R. Osvaldo de Caldas Brito,R. Osvaldo De Caldas Brito,,Bar da guerreira,Bar Da Guerreira,,https://www.google.com/maps/search/?api=1&query=Bar%20da%20guerreira&query_place_id=ChIJ6a9xsXCPpJIRp_4ODjAezGY,,Monday-Tuesday: 18:00 to 01:00; Wednesday-Thursday: 18:00 to 02:00; Friday-Saturday: 18:00 to 04:00; Sunday: Closed
"Passagem Beira-Mar, 43 - Jurunas, Belém - PA, 66030-770, Brazil","Passagem Beira-Mar, 43 - Jurunas, Belém - Pa, 66030-770, Brazil",Bar,,,,,,,,,Brazilian boteco,9.79e+18,Belém,BR,0x92a48e6ab8cd4ccf:0x87d0458812cf58b7,,,,-1.4738938,-48.4975848,,Jurunas,,,ChIJz0zNuGqOpJIRt1jPEohF0Ic,66030-770,$,61,,1,1.0,0.0,0.0,0.0,0.0,State of Pará,"Passagem Beira-Mar, 43","Passagem Beira-Mar, 43",,TITICAS BAR,Titicas Bar,5.0,https://www.google.com/maps/search/?api=1&query=TITICAS%20BAR&query_place_id=ChIJz0zNuGqOpJIRt1jPEohF0Ic,,
"R. dos Caripunas, 880 - Jurunas, Belém - PA, 66045-143, Brazil","R. Dos Caripunas, 880 - Jurunas, Belém - Pa, 66045-143, Brazil",Bar,,,,,,,,,Brazilian boteco,4.5e+17,Belém,BR,0x92a48f3ef1d0af9f:0x63fb229499040d1,,,,-1.4681695,-48.4916807,,Jurunas,+55 91 98173-1160,5590000000000.0,ChIJn6_Q8T6PpJIR0UCQSSmyPwY,66045-143,$,57,,0,,,,,,State of Pará,"R. dos Caripunas, 880","R. Dos Caripunas, 880",,Meu Querido,Meu Querido,,https://www.google.com/maps/search/?api=1&query=Meu%20Querido&query_place_id=ChIJn6_Q8T6PpJIR0UCQSSmyPwY,https://www.lojalocal.com/00033083410263,
"Jurunas, Belém - State of Pará, 68447-000, Brazil","Jurunas, Belém - State Of Pará, 68447-000, Brazil",Bar,,,,,,,,,Brazilian boteco,4.03e+18,Belém,BR,0x92a48e71b4f464a3:0x37e465613af2a638,,,,-1.4689329,-48.4872702,,Jurunas,,,ChIJo2T0tHGOpJIROKbyOmFl5Dc,,$,51,,0,,,,,,State of Pará,,,,BOTECO DO LUIZ,Boteco Do Luiz,,https://www.google.com/maps/search/?api=1&query=BOTECO%20DO%20LUIZ&query_place_id=ChIJo2T0tHGOpJIROKbyOmFl5Dc,,
"Av. Bernardo Sayão, 1481 - Jurunas, Belém - PA, 66025-214, Brazil","Av. Bernardo Sayão, 1481 - Jurunas, Belém - Pa, 66025-214, Brazil",Cocktail bar,,,,,,,,,Cocktail bar,1.18e+19,Belém,BR,0x92a48f647574b39f:0xa399a3c549e5f5bf,,,,-1.4750173,-48.4945926,,Jurunas,+55 91 99183-0331,5590000000000.0,ChIJn7N0dWSPpJIRv_XlScWjmaM,66025-214,$$,48,,0,,,,,,State of Pará,"Av. Bernardo Sayão, 1481","Av. Bernardo Sayão, 1481",,Bar Paraíso,Bar Paraíso,,https://www.google.com/maps/search/?api=1&query=Bar%20Para%C3%ADso&query_place_id=ChIJn7N0dWSPpJIRv_XlScWjmaM,,
"Tv. Bom Jardim, 1876 - Jurunas, Belém - PA, 66025-184, Brazil","Tv. Bom Jardim, 1876 - Jurunas, Belém - Pa, 66025-184, Brazil",Bar,,,,,,,,,Brazilian boteco,7.85e+18,Belém,BR,0x92a48f00534f78a1:0x6cf2403d228a3901,,,,-1.4723899,-48.4896889,,Jurunas,,,ChIJoXhPUwCPpJIRATmKIj1A8mw,66025-184,$,40,,0,,,,,,State of Pará,"Tv. Bom Jardim, 1876","Tv. Bom Jardim, 1876",,Point da resenha,Point Da Resenha,,https://www.google.com/maps/search/?api=1&query=Point%20da%20resenha&query_place_id=ChIJoXhPUwCPpJIRATmKIj1A8mw,,
"R. Eng. Fernando Guilhon, 621 - Jurunas, Belém - PA, 66045-200, Brazil","R. Eng. Fernando Guilhon, 621 - Jurunas, Belém - Pa, 66045-200, Brazil",Live music bar,,,,,,,,,Brazilian boteco,1.07e+19,Belém,BR,0x92a48f001dcaa521:0x9510aba1dfb6baee,,,,-1.471333,-48.4910574,,Jurunas,+55 91 98055-9360,5590000000000.0,ChIJIaXKHQCPpJIR7rq236GrEJU,66045-200,$,43,,5,5.0,0.0,0.0,0.0,0.0,State of Pará,"R. Eng. Fernando Guilhon, 621","R. Eng. Fernando Guilhon, 621",,Boteco do Coelho,Boteco Do Coelho,5.0,https://www.google.com/maps/search/?api=1&query=Boteco%20do%20Coelho&query_place_id=ChIJIaXKHQCPpJIR7rq236GrEJU,,
"R. dos Tamoios, n°340 - Jurunas, Belém - PA, 66025-540, Brazil","R. Dos Tamoios, N°340 - Jurunas, Belém - Pa, 66025-540, Brazil",Sports bar,,,,,,,,,Sports bar,6.51e+18,Belém,BR,0x92a48fb5d7704b67:0x5a60bf7ab002b407,,,,-1.4697703,-48.4984014,,Jurunas,,,ChIJZ0tw17WPpJIRB7QCsHq_YFo,66025-540,$,37,,5,4.0,1.0,0.0,0.0,0.0,State of Pará,"R. dos Tamoios, n°340","R. Dos Tamoios, N°340",,Prime Drinks Bares & Eventos,Prime Drinks Bares & Eventos,4.8,https://www.google.com/maps/search/?api=1&query=Prime%20Drinks%20Bares%20%26%20Eventos&query_place_id=ChIJZ0tw17WPpJIRB7QCsHq_YFo,,
"R. dos Timbiras, 402 - Jurunas, Belém - PA, 66030-610, Brazil","R. Dos Timbiras, 402 - Jurunas, Belém - Pa, 66030-610, Brazil",Stand bar,,,,,,,,,Brazilian boteco,1.64e+19,Belém,BR,0x92a48e6fbe8d8bf7:0xe321fe9551d71827,,,,-1.4723768,-48.4932459,,Jurunas,+55 982526647,,ChIJ94uNvm-OpJIRJxjXUZX-IeM,66030-610,$,1,,18,13.0,1.0,0.0,3.0,1.0,State of Pará,"R. dos Timbiras, 402","R. Dos Timbiras, 402",,BELÉM DRINKS,Belém Drinks,4.4,https://www.google.com/maps/search/?api=1&query=BEL%C3%89M%20DRINKS&query_place_id=ChIJ94uNvm-OpJIRJxjXUZX-IeM,,
"Passagem Nove de Janeiro, 3413 - Condor, Belém - PA, 66060-370, Brazil","Passagem Nove De Janeiro, 3413 - Condor, Belém - Pa, 66060-370, Brazil",Bar,,,,,,,,,Brazilian boteco,1.37e+19,Belém,BR,0x92a48d5352f5bd49:0xbea1cb87bdbc0697,,,,-1.47008,-48.4747511,,Condor,+55 91 99355-7191,5590000000000.0,ChIJSb31UlONpJIRlwa8vYfLob4,66060-370,$,95,,0,,,,,,State of Pará,"Passagem Nove de Janeiro, 3413","Passagem Nove De Janeiro, 3413",,América Chopperia e Conveniência,América Chopperia E Conveniência,,https://www.google.com/maps/search/?api=1&query=Am%C3%A9rica%20Chopperia%20e%20Conveni%C3%AAncia&query_place_id=ChIJSb31UlONpJIRlwa8vYfLob4,,
"Passagem Monte Alegre - Jurunas, Belém - PA, 66030-360, Brazil","Passagem Monte Alegre - Jurunas, Belém - Pa, 66030-360, Brazil",Bar,,,,,,,,,Brazilian boteco,2.79e+18,Belém,BR,0x92a48e12b05b5475:0x26a802732e27d5cd,,,,-1.474745,-48.4894306,,Jurunas,,,ChIJdVRbsBKOpJIRzdUnLnMCqCY,66030-360,$,94,,0,,,,,,State of Pará,Passagem Monte Alegre,Passagem Monte Alegre,,Wal Bar,Wal Bar,,https://www.google.com/maps/search/?api=1&query=Wal%20Bar&query_place_id=ChIJdVRbsBKOpJIRzdUnLnMCqCY,,
"R. Gaiapós, 49 - Condor, Belém - PA, 66033-151, Brazil","R. Gaiapós, 49 - Condor, Belém - Pa, 66033-151, Brazil",Bar,,,,,,,,,Brazilian boteco,8.68e+17,Belém,BR,0x92a48faba7daf223:0xc0d34e9d1f7e4c4,,,,-1.4757489,-48.4792527,,Condor,,,ChIJI_Lap6uPpJIRxOT30ek0DQw,,$,91,,0,,,,,,State of Pará,"R. Gaiapós, 49","R. Gaiapós, 49",,Bar do fuxico,Bar Do Fuxico,,https://www.google.com/maps/search/?api=1&query=Bar%20do%20fuxico&query_place_id=ChIJI_Lap6uPpJIRxOT30ek0DQw,,
"Passagem Cabo Leão, 36 - Condor, Belém - PA, 66033-220, Brazil","Passagem Cabo Leão, 36 - Condor, Belém - Pa, 66033-220, Brazil",Bar,,,,,,,,,Brazilian boteco,1.1e+19,Belém,BR,0x92a48f5545fb10ab:0x98daacdc73aef2eb,,,,-1.4756095,-48.4809076,,Condor,,,ChIJqxD7RVWPpJIR6_Kuc9ys2pg,66033-220,$,88,,0,,,,,,State of Pará,"Passagem Cabo Leão, 36","Passagem Cabo Leão, 36",,Bar do Loro,Bar Do Loro,,https://www.google.com/maps/search/?api=1&query=Bar%20do%20Loro&query_place_id=ChIJqxD7RVWPpJIR6_Kuc9ys2pg,,Monday-Saturday: 08:00 to 23:30; Sunday: Closed
"Passagem Comunitária, 103 - Jurunas, Belém - PA, 66030-010, Brazil","Passagem Comunitária, 103 - Jurunas, Belém - Pa, 66030-010, Brazil",Bar,,,,,,,,,Brazilian boteco,5.89e+18,Belém,BR,0x92a48fc601088379:0x51bb9781a781907a,,,,-1.47488,-48.486585,,Jurunas,,,ChIJeYMIAcaPpJIRepCBp4GXu1E,66030-010,$,87,,0,,,,,,State of Pará,"Passagem Comunitária, 103","Passagem Comunitária, 103",,Bar da Regina,Bar Da Regina,,https://www.google.com/maps/search/?api=1&query=Bar%20da%20Regina&query_place_id=ChIJeYMIAcaPpJIRepCBp4GXu1E,,
"Av. Roberto Camelier, 1114 - Jurunas, Belém - PA, 66033-640, Brazil","Av. Roberto Camelier, 1114 - Jurunas, Belém - Pa, 66033-640, Brazil",Bar,,,,,,,,,Brazilian boteco,8.87e+18,Belém,BR,0x92a48e71ae176a61:0x7b106ed142df5ebd,,,,-1.4691541,-48.4868006,,Jurunas,,,ChIJYWoXrnGOpJIRvV7fQtFuEHs,66033-640,$,85,,8,3.0,4.0,1.0,0.0,0.0,State of Pará,"Av. Roberto Camelier, 1114","Av. Roberto Camelier, 1114",,Bar Da Katia Churrasco Do Cabeção,Bar Da Katia Churrasco Do Cabeção,4.0,https://www.google.com/maps/search/?api=1&query=Bar%20Da%20Katia%20Churrasco%20Do%20Cabe%C3%A7%C3%A3o&query_place_id=ChIJYWoXrnGOpJIRvV7fQtFuEHs,,Monday: 08:00 to 17:00; Tuesday: 09:00 to 23:00; Wednesday: 08:00 to 23:00; Thursday: 09:00 to 17:00; Friday: 08:00 to 23:00; Saturday: 09:00 to 23:30; Sunday: Closed
"R. dos Timbiras, 310 - Jurunas, Belém - PA, 66025-669, Brazil","R. Dos Timbiras, 310 - Jurunas, Belém - Pa, 66025-669, Brazil",Bar,,,,,,,,,Brazilian boteco,1.74e+19,Belém,BR,0x92a48e6b7c5e9c2f:0xf1ff480bfe9927f1,,,,-1.4729954,-48.4939424,,Jurunas,,,ChIJL5xefGuOpJIR8SeZ_gtI__E,66025-669,$,83,,0,,,,,,State of Pará,"R. dos Timbiras, 310","R. Dos Timbiras, 310",,Zeca´s Bar,Zeca´S Bar,,https://www.google.com/maps/search/?api=1&query=Zeca%C2%B4s%20Bar&query_place_id=ChIJL5xefGuOpJIR8SeZ_gtI__E,,
"Tv. Padre Eutíquio, 3131 - Condor, Belém - PA, 66045-225, Brazil","Tv. Padre Eutíquio, 3131 - Condor, Belém - Pa, 66045-225, Brazil",Convenience store,Cocktail bar,Liquor store,State liquor store,Warehouse,,,,,Pub,1.1e+19,Belém,BR,0x92a48fa3f80dcf75:0x98986ed659a9569c,,,,-1.4687373,-48.4797688,,Condor,+55 91 98523-4539,5590000000000.0,ChIJdc8N-KOPpJIRnFapWdZumJg,66045-225,$$,81,,7,7.0,0.0,0.0,0.0,0.0,State of Pará,"Tv. Padre Eutíquio, 3131","Tv. Padre Eutíquio, 3131",,Oasis Conveniência,Oasis Conveniência,5.0,https://www.google.com/maps/search/?api=1&query=Oasis%20Conveni%C3%AAncia&query_place_id=ChIJdc8N-KOPpJIRnFapWdZumJg,https://oasisconveniencia.megschiager.com/,
"Passagem Dr. Brito - Jurunas, Belém - PA, 68447-000, Brazil","Passagem Dr. Brito - Jurunas, Belém - Pa, 68447-000, Brazil",Bar,,,,,,,,,Brazilian boteco,1.52e+19,Belém,BR,0x92a48e732a46a4d9:0xd2df8eb2ca44f928,,,,-1.4741578,-48.4861033,,Jurunas,,,ChIJ2aRGKnOOpJIRKPlEyrKO39I,,$,76,,6,4.0,0.0,1.0,1.0,0.0,State of Pará,Passagem Dr. Brito,Passagem Dr. Brito,,Biba's Bar,Biba'S Bar,4.0,https://www.google.com/maps/search/?api=1&query=Biba's%20Bar&query_place_id=ChIJ2aRGKnOOpJIRKPlEyrKO39I,,
"Tv. Nove de Janeiro, 3030 - Fátima, Belém - PA, 66065-155, Brazil","Tv. Nove De Janeiro, 3030 - Fátima, Belém - Pa, 66065-155, Brazil",Bar,,,,,,,,,Brazilian boteco,4.21e+18,Belém,BR,0x92a48dd9c3b15a05:0x3a73f3ecb8d48242,,,,-1.4674086,-48.4750964,,Fátima,,,ChIJBVqxw9mNpJIRQoLUuOzzczo,66065-155,$,77,,1,1.0,0.0,0.0,0.0,0.0,State of Pará,"Tv. Nove de Janeiro, 3030","Tv. Nove De Janeiro, 3030",,Bar e Restaurante da Chunga,Bar E Restaurante Da Chunga,5.0,https://www.google.com/maps/search/?api=1&query=Bar%20e%20Restaurante%20da%20Chunga&query_place_id=ChIJBVqxw9mNpJIRQoLUuOzzczo,,Monday-Sunday: 10:00 to 15:30
"Tv. Carlos de Carvalho, 1440 - Jurunas, Belém - PA, 66025-215, Brazil","Tv. Carlos De Carvalho, 1440 - Jurunas, Belém - Pa, 66025-215, Brazil",Bar,,,,,,,,,Brazilian boteco,1.28e+19,Belém,BR,0x92a48e6efbb5b25f:0xb1eb9fdced633297,,,,-1.4692826,-48.4916214,,Jurunas,,,ChIJX7K1-26OpJIRlzJj7dyf67E,66025-215,$,75,,2,2.0,0.0,0.0,0.0,0.0,State of Pará,"Tv. Carlos de Carvalho, 1440","Tv. Carlos De Carvalho, 1440",,Bar Castanheira,Bar Castanheira,5.0,https://www.google.com/maps/search/?api=1&query=Bar%20Castanheira&query_place_id=ChIJX7K1-26OpJIRlzJj7dyf67E,,
"Av. Bernardo Sayão, 2203 - Jurunas, Belém - PA, 66030-120, Brazil","Av. Bernardo Sayão, 2203 - Jurunas, Belém - Pa, 66030-120, Brazil",Bar,,,,,,,,,Brazilian boteco,1.02e+19,Belém,BR,0x92a48f2a4968e947:0x8dc101a91441cb46,,,,-1.476831,-48.4885857,,Jurunas,+55 91 99629-0065,5590000000000.0,ChIJR-loSSqPpJIRRstBFKkBwY0,66030-120,$,74,,0,,,,,,State of Pará,"Av. Bernardo Sayão, 2203","Av. Bernardo Sayão, 2203",,Bar do touro (menga),Bar Do Touro (Menga),,https://www.google.com/maps/search/?api=1&query=Bar%20do%20touro%20(menga)&query_place_id=ChIJR-loSSqPpJIRRstBFKkBwY0,,Monday: Closed; Tuesday: 10:00 to 00:00; Wednesday: 10:00 to 01:00; Thursday: 10:00 to 02:00; Friday-Saturday: 10:00 to 04:00; Sunday: 15:00 to 01:00
"Passagem Alvino, 255 - Condor, Belém - PA, 66065-328, Brazil","Passagem Alvino, 255 - Condor, Belém - Pa, 66065-328, Brazil",Cocktail bar,Wholesale grocer,,,,,,,,Cocktail bar,3.55e+18,Belém,BR,0x92a48d002c2528f1:0x31389c26ce350820,,,,-1.4718786,-48.4709438,,Condor,,,ChIJ8SglLACNpJIRIAg1ziacODE,66065-328,$$,73,,0,,,,,,State of Pará,"Passagem Alvino, 255","Passagem Alvino, 255",,Bar do Mago,Bar Do Mago,,https://www.google.com/maps/search/?api=1&query=Bar%20do%20Mago&query_place_id=ChIJ8SglLACNpJIRIAg1ziacODE,,Monday-Sunday: 11:00 to 23:00
"R. Nova II, 52 - Condor, Belém - PA, 66033-573, Brazil","R. Nova Ii, 52 - Condor, Belém - Pa, 66033-573, Brazil",Bar,,,,,,,,,Brazilian boteco,1.49e+19,Belém,BR,0x92a48f892abe004b:0xcefa151e171dd36c,,,,-1.4726036,-48.4841198,,Condor,,,ChIJSwC-KomPpJIRbNMdFx4V-s4,66033-573,$,71,,4,3.0,1.0,0.0,0.0,0.0,State of Pará,"R. Nova II, 52","R. Nova Ii, 52",,Bar Do Picolé,Bar Do Picolé,4.8,https://www.google.com/maps/search/?api=1&query=Bar%20Do%20Picol%C3%A9&query_place_id=ChIJSwC-KomPpJIRbNMdFx4V-s4,,
"Condor, Belém - State of Pará, 66920-560, Brazil","Condor, Belém - State Of Pará, 66920-560, Brazil",Bar,,,,,,,,,Brazilian boteco,1.88e+18,Belém,BR,0x92a48de76bc3a01d:0x1a0dc99dbc7f20ca,,,,-1.4747272,-48.4722593,,Condor,,,ChIJHaDDa-eNpJIRyiB_vJ3JDRo,,$,70,,0,,,,,,State of Pará,,,,Bar do Caju,Bar Do Caju,,https://www.google.com/maps/search/?api=1&query=Bar%20do%20Caju&query_place_id=ChIJHaDDa-eNpJIRyiB_vJ3JDRo,,
"R. São Silvestre, 282 - Jurunas, Belém - PA, 66030-570, Brazil","R. São Silvestre, 282 - Jurunas, Belém - Pa, 66030-570, Brazil",Cocktail bar,,,,,,,,,Cocktail bar,1.57e+19,Belém,BR,0x92a48fc817497d33:0xda5e2a6cbdf150d8,,,,-1.4694433,-48.4855945,,Jurunas,+55 91 98320-8016,5590000000000.0,ChIJM31JF8iPpJIR2FDxvWwqXto,66030-570,$$,69,,0,,,,,,State of Pará,"R. São Silvestre, 282","R. São Silvestre, 282",,verde Bar,Verde Bar,,https://www.google.com/maps/search/?api=1&query=verde%20Bar&query_place_id=ChIJM31JF8iPpJIR2FDxvWwqXto,,
"Tv. Padre Eutíquio, 3172 - Condor, Belém - PA, 66045-000, Brazil","Tv. Padre Eutíquio, 3172 - Condor, Belém - Pa, 66045-000, Brazil",Bar,,,,,,,,,Brazilian boteco,3.87e+18,Belém,BR,0x92a48e77a3be6f0f:0x35c581ab3f54b7b8,,,,-1.4695509,-48.4790764,,Condor,+55 91 3272-7306,559000000000.0,ChIJD2--o3eOpJIRuLdUP6uBxTU,66045-000,$,64,,561,417.0,97.0,7.0,38.0,2.0,State of Pará,"Tv. Padre Eutíquio, 3172","Tv. Padre Eutíquio, 3172",,Casa do Gilson,Casa Do Gilson,4.6,https://www.google.com/maps/search/?api=1&query=Casa%20do%20Gilson&query_place_id=ChIJD2--o3eOpJIRuLdUP6uBxTU,,
"R. Eng. Fernando Guilhon, 531 - Jurunas, Belém - PA, 67105-165, Brazil","R. Eng. Fernando Guilhon, 531 - Jurunas, Belém - Pa, 67105-165, Brazil",Bar,,,,,,,,,Brazilian boteco,1.15e+19,Belém,BR,0x92a48ffbb6e85c91:0x9fe04df873c1312f,,,,-1.4715661,-48.4911499,,Jurunas,+55 91 98532-2793,5590000000000.0,ChIJkVzotvuPpJIRLzHBc_hN4J8,67105-165,$,63,,1,1.0,0.0,0.0,0.0,0.0,State of Pará,"R. Eng. Fernando Guilhon, 531","R. Eng. Fernando Guilhon, 531",,Toca Do Urubu,Toca Do Urubu,5.0,https://www.google.com/maps/search/?api=1&query=Toca%20Do%20Urubu&query_place_id=ChIJkVzotvuPpJIRLzHBc_hN4J8,,
"Passagem Sta Terezinha, 2 - Condor, Belém - PA, 66033-385, Brazil","Passagem Sta Terezinha, 2 - Condor, Belém - Pa, 66033-385, Brazil",Bar,,,,,,,,,Brazilian boteco,2.33e+18,Belém,BR,0x92a48f001177cf7f:0x205d646ffc8cfc9f,,,,-1.4726094,-48.4816412,,Condor,,,ChIJf893EQCPpJIRn_yM_G9kXSA,66033-385,$,62,,0,,,,,,State of Pará,"Passagem Sta Terezinha, 2","Passagem Sta Terezinha, 2",,Bar do Boringa,Bar Do Boringa,,https://www.google.com/maps/search/?api=1&query=Bar%20do%20Boringa&query_place_id=ChIJf893EQCPpJIRn_yM_G9kXSA,,Monday-Sunday: Atendimento 24 horas
"Tv. Monte Alegre, 274 - Jurunas, Belém - PA, 66023-040, Brazil","Tv. Monte Alegre, 274 - Jurunas, Belém - Pa, 66023-040, Brazil",Bar,,,,,,,,,Brazilian boteco,7.56e+18,Belém,BR,0x92a48e6d1724b5bf:0x68eefb9d50cf8007,,,,-1.4733136,-48.4904789,,Jurunas,,,ChIJv7UkF22OpJIRB4DPUJ377mg,66023-040,$,61,,1,0.0,1.0,0.0,0.0,0.0,State of Pará,"Tv. Monte Alegre, 274","Tv. Monte Alegre, 274",,Risos Bar,Risos Bar,4.0,https://www.google.com/maps/search/?api=1&query=Risos%20Bar&query_place_id=ChIJv7UkF22OpJIRB4DPUJ377mg,,
"Passagem São Silvestre, 15 - Jurunas, Belém - PA, 66030-345, Brazil","Passagem São Silvestre, 15 - Jurunas, Belém - Pa, 66030-345, Brazil",Sports bar,,,,,,,,,Sports bar,5.28e+18,Belém,BR,0x92a48f3fe3cef3a3:0x4955536f58899d36,,,,-1.4733441,-48.4894742,,Jurunas,+55 91 98224-2672,5590000000000.0,ChIJo_PO4z-PpJIRNp2JWG9TVUk,66030-345,$,56,,0,,,,,,State of Pará,"Passagem São Silvestre, 15","Passagem São Silvestre, 15",,FALANGE DO JURUNAS,Falange Do Jurunas,,https://www.google.com/maps/search/?api=1&query=FALANGE%20DO%20JURUNAS&query_place_id=ChIJo_PO4z-PpJIRNp2JWG9TVUk,,Monday-Thursday: Closed; Friday: 05:30 to 03:00; Saturday: 06:00 to 04:30; Sunday: 05:00 to 00:30
"Condor, Belém - State of Pará, 66065-165, Brazil","Condor, Belém - State Of Pará, 66065-165, Brazil",Bar,,,,,,,,,Brazilian boteco,1.02e+19,Belém,BR,0x92a48ddde255926b:0x8de307e6f99f9ef6,,,,-1.4734601,-48.4735858,,Condor,,,ChIJa5JV4t2NpJIR9p6f-eYH440,,$,55,,0,,,,,,State of Pará,,,,Mercearia e Bar N. Sra Nazaré,Mercearia E Bar N. Sra Nazaré,,https://www.google.com/maps/search/?api=1&query=Mercearia%20e%20Bar%20N.%20Sra%20Nazar%C3%A9&query_place_id=ChIJa5JV4t2NpJIR9p6f-eYH440,,
"Tv. dos Tupinambás, 1323 - Jurunas, Belém - PA, 66033-124, Brazil","Tv. Dos Tupinambás, 1323 - Jurunas, Belém - Pa, 66033-124, Brazil",Bar,,,,,,,,,Brazilian boteco,1.81e+19,Belém,BR,0x92a48e71304a51b5:0xfb56e6def140ddff,,,,-1.4693011,-48.4842043,,Jurunas,,,ChIJtVFKMHGOpJIR_91A8d7mVvs,66033-124,$,53,,5,4.0,0.0,0.0,0.0,1.0,State of Pará,"Tv. dos Tupinambás, 1323","Tv. Dos Tupinambás, 1323",,Socorro's Bar Point Dos Amigos,Socorro'S Bar Point Dos Amigos,4.4,https://www.google.com/maps/search/?api=1&query=Socorro's%20Bar%20Point%20Dos%20Amigos&query_place_id=ChIJtVFKMHGOpJIR_91A8d7mVvs,,Monday-Friday: Atendimento 24 horas; Saturday: Closed; Sunday: Atendimento 24 horas
"Tv. Nove de Janeiro, 3178 - Condor, Belém - PA, 66065-155, Brazil","Tv. Nove De Janeiro, 3178 - Condor, Belém - Pa, 66065-155, Brazil",Bar,,,,,,,,,Pub,1.38e+19,Belém,BR,0x92a48d0030db89eb:0xbf215429e8c2e592,,,,-1.4681876,-48.475163,,Condor,,,ChIJ64nbMACNpJIRkuXC6ClUIb8,66065-155,$$,51,,0,,,,,,State of Pará,"Tv. Nove de Janeiro, 3178","Tv. Nove De Janeiro, 3178",,Manga Rosa Bar,Manga Rosa Bar,,https://www.google.com/maps/search/?api=1&query=Manga%20Rosa%20Bar&query_place_id=ChIJ64nbMACNpJIRkuXC6ClUIb8,,
"R. dos Tambés, 443 - Condor, Belém - PA, 66033-780, Brazil","R. Dos Tambés, 443 - Condor, Belém - Pa, 66033-780, Brazil",Bar,,,,,,,,,Brazilian boteco,6.7e+18,Belém,BR,0x92a48e751c651839:0x5d0966fefa94187d,,,,-1.4729572,-48.4809608,,Condor,+55 91 98917-0244,5590000000000.0,ChIJORhlHHWOpJIRfRiU-v5mCV0,66033-780,$,48,,143,91.0,17.0,7.0,22.0,6.0,State of Pará,"R. dos Tambés, 443","R. Dos Tambés, 443",,Bar Do Rubens,Bar Do Rubens,4.3,https://www.google.com/maps/search/?api=1&query=Bar%20Do%20Rubens&query_place_id=ChIJORhlHHWOpJIRfRiU-v5mCV0,https://www.facebook.com/bardorubens2017/,
"Tv. Monte Alegre, 1465 - Jurunas, Belém - PA, 66020-700, Brazil","Tv. Monte Alegre, 1465 - Jurunas, Belém - Pa, 66020-700, Brazil",Bar,,,,,,,,,Brazilian boteco,8.96e+18,Belém,BR,0x92a48fb29eab2b61:0x7c651312d4ec8274,,,,-1.4705283,-48.4927184,,Jurunas,+55 91 98268-2887,5590000000000.0,ChIJYSurnrKPpJIRdILs1BITZXw,66020-700,$,44,,3,3.0,0.0,0.0,0.0,0.0,State of Pará,"Tv. Monte Alegre, 1465","Tv. Monte Alegre, 1465",,ANA BAR,Ana Bar,5.0,https://www.google.com/maps/search/?api=1&query=ANA%20BAR&query_place_id=ChIJYSurnrKPpJIRdILs1BITZXw,,Monday: Closed; Tuesday: 18:00 to 00:00; Wednesday-Thursday: 18:00 to 01:00; Friday-Saturday: 18:00 to 03:00; Sunday: 17:30 to 00:14
"R. dos Timbiras, 580-666 - Cremação, Belém - PA, 66045-520, Brazil","R. Dos Timbiras, 580-666 - Cremação, Belém - Pa, 66045-520, Brazil",Bar,,,,,,,,,Brazilian boteco,8.61e+18,Belém,BR,0x92a48e6c212424ff:0x7780c2131bab157f,,,,-1.4708247,-48.4923866,,Cremação,,,ChIJ_yQkIWyOpJIRfxWrGxPCgHc,66045-520,$,27,,98,63.0,13.0,11.0,8.0,3.0,State of Pará,"R. dos Timbiras, 580-666","R. Dos Timbiras, 580-666",,Bar Da Toca Do Leão,Bar Da Toca Do Leão,4.2,https://www.google.com/maps/search/?api=1&query=Bar%20Da%20Toca%20Do%20Le%C3%A3o&query_place_id=ChIJ_yQkIWyOpJIRfxWrGxPCgHc,,
"Av. Alcindo Cacela, 4338 - Condor, Belém - PA, 66050-030, Brazil","Av. Alcindo Cacela, 4338 - Condor, Belém - Pa, 66050-030, Brazil",Bar,,,,,,,,,Pub,5.01e+18,Belém,BR,0x92a48de0f0d5140f:0x4586b1382b5ce84d,,,,-1.4753513,-48.4759086,,Condor,,,ChIJDxTV8OCNpJIRTehcKzixhkU,66050-030,$$,28,,29,20.0,5.0,1.0,2.0,1.0,State of Pará,"Av. Alcindo Cacela, 4338","Av. Alcindo Cacela, 4338",,Espaço Cultural Boteco Da Princesa,Espaço Cultural Boteco Da Princesa,4.4,https://www.google.com/maps/search/?api=1&query=Espa%C3%A7o%20Cultural%20Boteco%20Da%20Princesa&query_place_id=ChIJDxTV8OCNpJIRTehcKzixhkU,,
"R. Nova I, 341 - Condor, Belém - PA, 66033-563, Brazil","R. Nova I, 341 - Condor, Belém - Pa, 66033-563, Brazil",Bar,Bar & grill,,,,,,,,Brazilian boteco,9.68e+18,Belém,BR,0x92a48fdc3d1b05a9:0x865b453093a2db62,,,,-1.4711899,-48.481624,,Condor,+55 91 98255-4962,5590000000000.0,ChIJqQUbPdyPpJIRYtuikzBFW4Y,66033-563,$,24,,65,45.0,8.0,4.0,5.0,3.0,State of Pará,"R. Nova I, 341","R. Nova I, 341",,Boteco do antonio,Boteco Do Antonio,4.3,https://www.google.com/maps/search/?api=1&query=Boteco%20do%20antonio&query_place_id=ChIJqQUbPdyPpJIRYtuikzBFW4Y,,
"Tv. Carlos de Carvalho, 1524 - Jurunas, Belém - PA, 66023-720, Brazil","Tv. Carlos De Carvalho, 1524 - Jurunas, Belém - Pa, 66023-720, Brazil",Pub,,,,,,,,,Pub,4e+17,Belém,BR,0x92a48e6e5f0c1e49:0x58c1645716037bd,,,,-1.4697212,-48.4911245,,Jurunas,+55 91 3272-2019,559000000000.0,ChIJSR4MX26OpJIRvTdgcUUWjAU,66023-720,$,5,,20,13.0,2.0,1.0,2.0,2.0,State of Pará,"Tv. Carlos de Carvalho, 1524","Tv. Carlos De Carvalho, 1524",,Frucoco,Frucoco,4.2,https://www.google.com/maps/search/?api=1&query=Frucoco&query_place_id=ChIJSR4MX26OpJIRvTdgcUUWjAU,,
"Tv. Dr. Moraes, 1655a - Batista Campos, Belém - PA, 66045-640, Brazil","Tv. Dr. Moraes, 1655A - Batista Campos, Belém - Pa, 66045-640, Brazil",Bar,,,,,,,,,Brazilian boteco,1.21e+19,Belém,BR,0x92a48f9049c9f90f:0xa7a9b593913692a3,,,,-1.4662207,-48.4822378,,Batista Campos,,,ChIJD_nJSZCPpJIRo5I2kZO1qac,66045-640,$,20,,9,9.0,0.0,0.0,0.0,0.0,State of Pará,"Tv. Dr. Moraes, 1655a","Tv. Dr. Moraes, 1655A",,Alezinho Bar e Arte,Alezinho Bar E Arte,5.0,https://www.google.com/maps/search/?api=1&query=Alezinho%20Bar%20e%20Arte&query_place_id=ChIJD_nJSZCPpJIRo5I2kZO1qac,,
"R. São Miguel, 31 - Jurunas, Belém - PA, 66030-550, Brazil","R. São Miguel, 31 - Jurunas, Belém - Pa, 66030-550, Brazil",Bar,,,,,,,,,Brazilian boteco,1.54e+19,Belém,BR,0x92a48fcd1130a7cf:0xd65ec67b0591b4e9,,,,-1.4709921,-48.4890044,,Jurunas,+55 91 98082-8242,5590000000000.0,ChIJz6cwEc2PpJIR6bSRBXvGXtY,66030-550,$,18,,7,5.0,2.0,0.0,0.0,0.0,State of Pará,"R. São Miguel, 31","R. São Miguel, 31",,Bar o manelito,Bar O Manelito,4.7,https://www.google.com/maps/search/?api=1&query=Bar%20o%20manelito&query_place_id=ChIJz6cwEc2PpJIR6bSRBXvGXtY,,
"Av. Bernardo Sayão, 2185 - Cidade Velha, Belém - PA, 66033-190, Brazil","Av. Bernardo Sayão, 2185 - Cidade Velha, Belém - Pa, 66033-190, Brazil",Bar,,,,,,,,,Brazilian boteco,3.58e+18,Belém,BR,0x92a48e0d89e143b1:0x31bdb70017c8c358,,,,-1.4768002,-48.4886737,,Cidade Velha,,,ChIJsUPhiQ2OpJIRWMPIFwC3vTE,66033-190,$,17,,0,,,,,,State of Pará,"Av. Bernardo Sayão, 2185","Av. Bernardo Sayão, 2185",,BAR RADICAL,Bar Radical,,https://www.google.com/maps/search/?api=1&query=BAR%20RADICAL&query_place_id=ChIJsUPhiQ2OpJIRWMPIFwC3vTE,,Monday-Wednesday: Closed; Thursday-Sunday: Atendimento 24 horas
"Tv. dos Tupinambás, 2010 - Jurunas, Belém - PA, 66033-842, Brazil","Tv. Dos Tupinambás, 2010 - Jurunas, Belém - Pa, 66033-842, Brazil",Bar,,,,,,,,,Brazilian boteco,1.07e+19,Belém,BR,0x92a48e750cd6370f:0x93f1d1e720350364,,,,-1.4726646,-48.4799711,,Jurunas,,,ChIJDzfWDHWOpJIRZAM1IOfR8ZM,66033-842,$,16,,181,105.0,24.0,16.0,24.0,12.0,State of Pará,"Tv. dos Tupinambás, 2010","Tv. Dos Tupinambás, 2010",,Sitio's Bar,Sitio'S Bar,4.0,https://www.google.com/maps/search/?api=1&query=Sitio's%20Bar&query_place_id=ChIJDzfWDHWOpJIRZAM1IOfR8ZM,,Monday-Wednesday: Closed; Thursday-Sunday: 19:00 to 01:00
"Tv. Monte Alegre, 1008 - Jurunas, Belém - PA, 66025-400, Brazil","Tv. Monte Alegre, 1008 - Jurunas, Belém - Pa, 66025-400, Brazil",Bar,,,,,,,,,Brazilian boteco,1.42e+19,Belém,BR,0x92a48f480235bc6d:0xc52ba4d76897a298,,,,-1.4733903,-48.4907137,,Jurunas,,,ChIJbbw1AkiPpJIRmKKXaNekK8U,66025-400,$,13,,2,1.0,1.0,0.0,0.0,0.0,State of Pará,"Tv. Monte Alegre, 1008","Tv. Monte Alegre, 1008",,Bar do Gago,Bar Do Gago,4.5,https://www.google.com/maps/search/?api=1&query=Bar%20do%20Gago&query_place_id=ChIJbbw1AkiPpJIRmKKXaNekK8U,,Monday: Closed; Tuesday-Saturday: Atendimento 24 horas; Sunday: 16:00 to 00:00
"Tv. Honório José dos Santos, 1004 - Jurunas, Belém - PA, 66033-343, Brazil","Tv. Honório José Dos Santos, 1004 - Jurunas, Belém - Pa, 66033-343, Brazil",Bar,,,,,,,,,Brazilian boteco,5.9e+18,Belém,BR,0x92a48f05558047c7:0x51df39057d730a60,,,,-1.4701054,-48.4884113,,Jurunas,,,ChIJx0eAVQWPpJIRYApzfQU531E,66033-343,$,10,,15,10.0,3.0,0.0,2.0,0.0,State of Pará,"Tv. Honório José dos Santos, 1004","Tv. Honório José Dos Santos, 1004",,BAR PARÁ BRASIL,Bar Pará Brasil,4.5,https://www.google.com/maps/search/?api=1&query=BAR%20PAR%C3%81%20BRASIL&query_place_id=ChIJx0eAVQWPpJIRYApzfQU531E,,Monday-Tuesday: 10:00 to 22:00; Wednesday-Friday: 09:00 to 00:00; Saturday: 09:00 to 00:30; Sunday: 09:00 to 23:30
"Tv. 14 de Março, 1687 - Cremação, Belém - PA, 66045-350, Brazil","Tv. 14 De Março, 1687 - Cremação, Belém - Pa, 66045-350, Brazil",Bar,,,,,,,,,Brazilian boteco,8.4e+18,Belém,BR,0x92a48dd879a0838d:0x748c2431ec013099,,,,-1.4683065,-48.4785029,,Cremação,,,ChIJjYOgediNpJIRmTAB7DEkjHQ,66045-350,$,9,,9,8.0,0.0,0.0,1.0,0.0,State of Pará,"Tv. 14 de Março, 1687","Tv. 14 De Março, 1687",,Bar Da Oscarina,Bar Da Oscarina,4.8,https://www.google.com/maps/search/?api=1&query=Bar%20Da%20Oscarina&query_place_id=ChIJjYOgediNpJIRmTAB7DEkjHQ,,Monday-Sunday: 08:00 to 23:00
"Tv. Quintino Bocaiúva, 4016 - Jurunas, Belém - PA, 66033-620, Brazil","Tv. Quintino Bocaiúva, 4016 - Jurunas, Belém - Pa, 66033-620, Brazil",Bar,,,,,,,,,Brazilian boteco,1.18e+19,Belém,BR,0x92a48f0d43106e13:0xa42dc58043d2b7d1,,,,-1.4714801,-48.4849248,,Jurunas,,,ChIJE24QQw2PpJIR0bfSQ4DFLaQ,66033-620,$,3,,4,3.0,1.0,0.0,0.0,0.0,State of Pará,"Tv. Quintino Bocaiúva, 4016","Tv. Quintino Bocaiúva, 4016",,Bar Das Devassas,Bar Das Devassas,4.8,https://www.google.com/maps/search/?api=1&query=Bar%20Das%20Devassas&query_place_id=ChIJE24QQw2PpJIR0bfSQ4DFLaQ,,Monday-Sunday: 08:30 to 22:01
"R. São Silvestre, 897 - Jurunas, Belém - PA, 66033-035, Brazil","R. São Silvestre, 897 - Jurunas, Belém - Pa, 66033-035, Brazil",Pub,,,,,,,,,Pub,1.64e+19,Belém,BR,0x92a48f962f5abc07:0xe424624617611a2f,,,,-1.4706375,-48.4869763,,Jurunas,,,ChIJB7xaL5aPpJIRLxphF0ZiJOQ,66033-035,$$,20,,0,,,,,,State of Pará,"R. São Silvestre, 897","R. São Silvestre, 897",,Bar e Mercearia,Bar E Mercearia,,https://www.google.com/maps/search/?api=1&query=Bar%20e%20Mercearia&query_place_id=ChIJB7xaL5aPpJIRLxphF0ZiJOQ,,Monday-Friday: 08:00 to 18:00; Saturday-Sunday: Closed
"Av. Centenário, 1052 - Val-de-Cães, Belém - PA, 66635-894, Brazil","Av. Centenário, 1052 - Val-De-Cães, Belém - Pa, 66635-894, Brazil",Sports bar,Restaurant,,,,,,,,Sports bar,1.84e+19,Belém,BR,0x92a48a3b944acd8f:0xffe5f7254e378d94,,,Shopping Bosque Grão-Pará,-1.3907068,-48.466391,,Val-de-Cães,+55 91 99981-3789,5590000000000.0,ChIJj81KlDuKpJIRlI03TiX35f8,66635-894,$$,17,,1201,829.0,233.0,45.0,75.0,19.0,State of Pará,"Av. Centenário, 1052","Av. Centenário, 1052",,Bosque Sport Bar & Bowling (1° andar),Bosque Sport Bar & Bowling (1° Andar),4.5,https://www.google.com/maps/search/?api=1&query=Bosque%20Sport%20Bar%20%26%20Bowling%20(1%C2%B0%20andar)&query_place_id=ChIJj81KlDuKpJIRlI03TiX35f8,,Monday-Sunday: Atendimento 24 horas
"Av. Centenário - Mangueirão, Belém - PA, Brazil","Av. Centenário - Mangueirão, Belém - Pa, Brazil",Night club,,,,,,,,,Night club,2.89e+18,Belém,BR,0x92a48b5cde89bab9:0x2824dbae4bb0e721,,,Shopping Bosque Grão-Pará,-1.390736,-48.4663139,,Mangueirão,,,ChIJubqJ3lyLpJIRIeewS67bJCg,,$$,27,,1,0.0,1.0,0.0,0.0,0.0,State of Pará,Av. Centenário,Av. Centenário,,Boate UP (1° andar) / boliche,Boate Up (1° Andar) / Boliche,4.0,https://www.google.com/maps/search/?api=1&query=Boate%20UP%20(1%C2%B0%20andar)%20%2F%20boliche&query_place_id=ChIJubqJ3lyLpJIRIeewS67bJCg,,Monday-Saturday: 07:30 to 22:00; Sunday: Closed
"Shopping Center Bosque Grão-Pará - Av. Centenário - Mangueirão, Belém - PA, 66640-150, Brazil","Shopping Center Bosque Grão-Pará - Av. Centenário - Mangueirão, Belém - Pa, 66640-150, Brazil",Bar,,,,,,,,,Pub,1.5e+19,Belém,BR,0x92a48b0062e6c467:0xd0c13feda07e2102,,,,-1.3901071,-48.4656181,,Mangueirão,,,ChIJZ8TmYgCLpJIRAiF-oO0_wdA,66640-150,$$,21,,1,1.0,0.0,0.0,0.0,0.0,State of Pará,Shopping Center Bosque Grão-Pará - Av. Centenário,Shopping Center Bosque Grão-Pará - Av. Centenário,,Quick chopp/ grão Pará,Quick Chopp/ Grão Pará,5.0,https://www.google.com/maps/search/?api=1&query=Quick%20chopp%2F%20gr%C3%A3o%20Par%C3%A1&query_place_id=ChIJZ8TmYgCLpJIRAiF-oO0_wdA,,
"R. Vinte e Nove, 80 - Maracangalha, Belém - PA, 66110-023, Brazil","R. Vinte E Nove, 80 - Maracangalha, Belém - Pa, 66110-023, Brazil",Bar,,,,,,,,,Brazilian boteco,1.49e+19,Belém,BR,0x92a4893a8a7c89cd:0xcf52512227c7434d,,,Conapet,-1.3992255,-48.4852685,,Maracangalha,,,ChIJzYl8ijqJpJIRTUPHJyJRUs8,,$,8,,4,2.0,1.0,1.0,0.0,0.0,State of Pará,"R. Vinte e Nove, 80","R. Vinte E Nove, 80",,Bar Da Dulce,Bar Da Dulce,3.8,https://www.google.com/maps/search/?api=1&query=Bar%20Da%20Dulce&query_place_id=ChIJzYl8ijqJpJIRTUPHJyJRUs8,,
"Av. João Paulo II - Curió-Utinga, Belém - PA, 66610-770, Brazil","Av. João Paulo Ii - Curió-Utinga, Belém - Pa, 66610-770, Brazil",Bar,,,,,,,,,Brazilian boteco,1.6e+19,Belém,BR,0x92a48b84273acd31:0xddc370d610b4c81a,,,,-1.4257471,-48.4453702,,Curió-Utinga,,,ChIJMc06J4SLpJIRGsi0ENZww90,66610-770,$,11,,0,,,,,,State of Pará,Av. João Paulo II,Av. João Paulo Ii,,Ducas Bar,Ducas Bar,,https://www.google.com/maps/search/?api=1&query=Ducas%20Bar&query_place_id=ChIJMc06J4SLpJIRGsi0ENZww90,,Monday-Tuesday: Closed; Wednesday-Thursday: 19:00 to 00:00; Friday-Saturday: 19:00 to 02:00; Sunday: 19:00 to 00:00
"Av. Sen. Lemos - Sacramenta, Belém - PA, 66120-000, Brazil","Av. Sen. Lemos - Sacramenta, Belém - Pa, 66120-000, Brazil",Bar & grill,,,,,,,,,Bar & grill,1.79e+19,Belém,BR,0x92a48bc94f286455:0xf87e931c005f61a3,,,,-1.4165315,-48.4775228,,Sacramenta,,,ChIJVWQoT8mLpJIRo2FfAByTfvg,66120-000,$$,10,,0,,,,,,State of Pará,Av. Sen. Lemos,Av. Sen. Lemos,,Bar e Churrascaria Do Vasco,Bar E Churrascaria Do Vasco,,https://www.google.com/maps/search/?api=1&query=Bar%20e%20Churrascaria%20Do%20Vasco&query_place_id=ChIJVWQoT8mLpJIRo2FfAByTfvg,,
"Av. Nª Sra. de Nazaré, 731 - Nazaré, Belém - PA, 66040-145, Brazil","Av. Nª Sra. De Nazaré, 731 - Nazaré, Belém - Pa, 66040-145, Brazil",Night club,Gay night club,,,,,,,,Night club,1.45e+18,Belém,BR,0x92a48f1041216563:0x14262eed1fad392c,,,,-1.4518516,-48.4863853,,Nazaré,+55 86 99941-3330,5590000000000.0,ChIJY2UhQRCPpJIRLDmtH-0uJhQ,66040-145,$$,89,,1,1.0,0.0,0.0,0.0,0.0,State of Pará,"Av. Nª Sra. de Nazaré, 731","Av. Nª Sra. De Nazaré, 731",,SPACE CLUB,Space Club,5.0,https://www.google.com/maps/search/?api=1&query=SPACE%20CLUB&query_place_id=ChIJY2UhQRCPpJIRLDmtH-0uJhQ,https://www.instagram.com/spaceclubbelem?igsh=ZXFmMXc3cDhydTkz,
"Tv. Piedade, 587 - Reduto, Belém - PA, 66053-210, Brazil","Tv. Piedade, 587 - Reduto, Belém - Pa, 66053-210, Brazil",Night club,,,,,,,,,Night club,5.64e+18,Belém,BR,0x92a48e919ccf7c43:0x4e50896383c92585,,,,-1.4508656,-48.4932245,,Reduto,,,ChIJQ3zPnJGOpJIRhSXJg2OJUE4,66053-210,$,71,,76,46.0,9.0,11.0,6.0,4.0,State of Pará,"Tv. Piedade, 587","Tv. Piedade, 587",,Boate Exclusive Club,Boate Exclusive Club,4.0,https://www.google.com/maps/search/?api=1&query=Boate%20Exclusive%20Club&query_place_id=ChIJQ3zPnJGOpJIRhSXJg2OJUE4,,Monday-Thursday: 08:00 to 00:00; Friday: 08:00 to 04:00; Saturday: 08:01 to 04:00; Sunday: Closed
"Av. Nª Sra. de Nazaré, 457 - Nazaré, Belém - PA, 66040-145, Brazil","Av. Nª Sra. De Nazaré, 457 - Nazaré, Belém - Pa, 66040-145, Brazil",Night club,,,,,,,,,Night club,8.69e+18,Belém,BR,0x92a48fe422345411:0x789978272b9aea90,,,,-1.4527013,-48.4885516,,Nazaré,+55 91 98022-8794,5590000000000.0,ChIJEVQ0IuSPpJIRkOqaKyd4mXg,66040-145,$$,70,,9,4.0,3.0,0.0,1.0,1.0,State of Pará,"Av. Nª Sra. de Nazaré, 457","Av. Nª Sra. De Nazaré, 457",,Sauva Cultural,Sauva Cultural,4.1,https://www.google.com/maps/search/?api=1&query=Sauva%20Cultural&query_place_id=ChIJEVQ0IuSPpJIRkOqaKyd4mXg,,
"Av. Alm. Tamandaré, 680 - Cidade Velha, Belém - PA, 66020-000, Brazil","Av. Alm. Tamandaré, 680 - Cidade Velha, Belém - Pa, 66020-000, Brazil",Bar,,,,,,,,,Pub,1.48e+19,Belém,BR,0x92a48ef537b43145:0xce10a5c4f0dc8228,,,,-1.4589755,-48.499169,http://belemvirtual.com.br/igrejadorock/cardapio_Jul2020_virtual.pdf,Cidade Velha,+55 91 98416-6903,5590000000000.0,ChIJRTG0N_WOpJIRKILc8MSlEM4,66020-000,$$,34,,501,377.0,68.0,7.0,37.0,12.0,State of Pará,"Av. Alm. Tamandaré, 680","Av. Alm. Tamandaré, 680",,Igreja Do Rock,Igreja Do Rock,4.6,https://www.google.com/maps/search/?api=1&query=Igreja%20Do%20Rock&query_place_id=ChIJRTG0N_WOpJIRKILc8MSlEM4,https://www.instagram.com/igrejadorock/,Monday-Sunday: Atendimento 24 horas
"R. Osvaldo de Caldas Brito, 885 - Jurunas, Belém - PA, 66025-190, Brazil","R. Osvaldo De Caldas Brito, 885 - Jurunas, Belém - Pa, 66025-190, Brazil",Bar,,,,,,,,,Pub,6.48e+18,Belém,BR,0x92a48e67a99931a7:0x59eef8cbbdca43da,,,,-1.4654178,-48.4966606,,Jurunas,+55 32416129,,ChIJpzGZqWeOpJIR2kPKvcv47lk,66025-190,$,62,,60,41.0,9.0,3.0,5.0,2.0,State of Pará,"R. Osvaldo de Caldas Brito, 885","R. Osvaldo De Caldas Brito, 885",Bar e Restaurante Casa dos Anjos,House of Angels,House Of Angels,4.4,https://www.google.com/maps/search/?api=1&query=House%20of%20Angels&query_place_id=ChIJpzGZqWeOpJIR2kPKvcv47lk,,Monday-Sunday: Atendimento 24 horas
"Praça Amazonas, 117 - Jurunas, Belém - PA, 66025-070, Brazil","Praça Amazonas, 117 - Jurunas, Belém - Pa, 66025-070, Brazil",Bar,,,,,,,,,Brazilian boteco,5.06e+18,Belém,BR,0x92a48fcc956cbf2d:0x4638f4468739698f,,,,-1.4644021,-48.4960923,,Jurunas,+55 91 99241-1138,5590000000000.0,ChIJLb9slcyPpJIRj2k5h0b0OEY,66025-070,$,64,,13,11.0,2.0,0.0,0.0,0.0,State of Pará,"Praça Amazonas, 117","Praça Amazonas, 117",,Bar do Dj,Bar Do Dj,4.8,https://www.google.com/maps/search/?api=1&query=Bar%20do%20Dj&query_place_id=ChIJLb9slcyPpJIRj2k5h0b0OEY,,
"R. Nova, 471 - Telégrafo, Belém - PA, 66123-040, Brazil","R. Nova, 471 - Telégrafo, Belém - Pa, 66123-040, Brazil",Bar,,,,,,,,,Brazilian boteco,9.22e+18,Belém,BR,0x92a489eddfc5f789:0x7fefee94af111413,,,,-1.4271667,-48.478943,,Telégrafo,+55 91 98918-1955,5590000000000.0,ChIJiffF3-2JpJIRExQRr5Tu738,66123-040,$,71,,1,1.0,0.0,0.0,0.0,0.0,State of Pará,"R. Nova, 471","R. Nova, 471",,Bar E Mercearia Do Luiz,Bar E Mercearia Do Luiz,5.0,https://www.google.com/maps/search/?api=1&query=Bar%20E%20Mercearia%20Do%20Luiz&query_place_id=ChIJiffF3-2JpJIRExQRr5Tu738,,Monday-Sunday: 07:00 to 23:00
"Passagem Alm. Saldanha Marinho, 179 - Pedreira, Belém - PA, 66083-050, Brazil","Passagem Alm. Saldanha Marinho, 179 - Pedreira, Belém - Pa, 66083-050, Brazil",Bar,,,,,,,,,Brazilian boteco,1.39e+17,Belém,BR,0x92a48bfe29161067:0x1ed28c84fbce34e,,,,-1.4280239,-48.4785378,,Pedreira,,,ChIJZxAWKf6LpJIRTuO8T8go7QE,66083-050,$,80,,0,,,,,,State of Pará,"Passagem Alm. Saldanha Marinho, 179","Passagem Alm. Saldanha Marinho, 179",,Bar da Mana,Bar Da Mana,,https://www.google.com/maps/search/?api=1&query=Bar%20da%20Mana&query_place_id=ChIJZxAWKf6LpJIRTuO8T8go7QE,,Monday-Sunday: 08:00 to 23:00
"R. Nova, 681 - Pedreira, Belém - PA, 66083-442, Brazil","R. Nova, 681 - Pedreira, Belém - Pa, 66083-442, Brazil",Bar,,,,,,,,,Brazilian boteco,2.89e+18,Belém,BR,0x92a48b001666cacd:0x28204b53fb3a3590,,,,-1.4256583,-48.4779738,,Pedreira,,,ChIJzcpmFgCLpJIRkDU6-1NLICg,66083-442,$,70,,0,,,,,,State of Pará,"R. Nova, 681","R. Nova, 681",,Bar do Tio (PEDREIRA),Bar Do Tio (Pedreira),,https://www.google.com/maps/search/?api=1&query=Bar%20do%20Tio%20(PEDREIRA)&query_place_id=ChIJzcpmFgCLpJIRkDU6-1NLICg,,Monday-Wednesday: Closed; Thursday-Sunday: Atendimento 24 horas
"R. Nova, 284 - Pedreira, Belém - PA, 66083-444, Brazil","R. Nova, 284 - Pedreira, Belém - Pa, 66083-444, Brazil",Bar,,,,,,,,,Brazilian boteco,2.39e+18,Belém,BR,0x92a48955741eeb61:0x211eeb568e35b28d,,,,-1.4286533,-48.4796686,,Pedreira,,,ChIJYesedFWJpJIRjbI1jlbrHiE,66083-444,$,53,,12,8.0,1.0,0.0,1.0,2.0,State of Pará,"R. Nova, 284","R. Nova, 284",,Bar Flamengo,Bar Flamengo,4.3,https://www.google.com/maps/search/?api=1&query=Bar%20Flamengo&query_place_id=ChIJYesedFWJpJIRjbI1jlbrHiE,,
"Tv. Angustura, 658 - Sacramenta, Belém - PA, 66120-230, Brazil","Tv. Angustura, 658 - Sacramenta, Belém - Pa, 66120-230, Brazil",Bar,,,,,,,,,Brazilian boteco,7.79e+17,Belém,BR,0x92a48be26562e4cf:0xaceb4dea5fd6293,,,,-1.4206097,-48.4779997,,Sacramenta,,,ChIJz-RiZeKLpJIRk2L9pd60zgo,66120-230,$,14,,47,33.0,5.0,3.0,2.0,4.0,State of Pará,"Tv. Angustura, 658","Tv. Angustura, 658",,Bar Do Richard,Bar Do Richard,4.3,https://www.google.com/maps/search/?api=1&query=Bar%20Do%20Richard&query_place_id=ChIJz-RiZeKLpJIRk2L9pd60zgo,,
"R. Nova, 673 - Pedreira, Belém - PA, 66083-442, Brazil","R. Nova, 673 - Pedreira, Belém - Pa, 66083-442, Brazil",Bar,,,,,,,,,Brazilian boteco,7.81e+18,Belém,BR,0x92a48bfdec528d05:0x6c572c7762825d01,,,,-1.4257822,-48.4779728,,Pedreira,,,ChIJBY1S7P2LpJIRAV2CYncsV2w,66083-442,$,11,,7,4.0,1.0,0.0,2.0,0.0,State of Pará,"R. Nova, 673","R. Nova, 673",,Bar Canto Da Saudade,Bar Canto Da Saudade,4.3,https://www.google.com/maps/search/?api=1&query=Bar%20Canto%20Da%20Saudade&query_place_id=ChIJBY1S7P2LpJIRAV2CYncsV2w,,
"R. do Acampamento, 1296 - Telégrafo, Belém - PA, 66083-030, Brazil","R. Do Acampamento, 1296 - Telégrafo, Belém - Pa, 66083-030, Brazil",Bar,,,,,,,,,Brazilian boteco,1.34e+19,Belém,BR,0x92a4895455d70d17:0xba2fbb929accef86,,,,-1.4283538,-48.4815254,,Telégrafo,,,ChIJFw3XVVSJpJIRhu_MmpK7L7o,66083-030,$,9,,18,10.0,2.0,1.0,4.0,1.0,State of Pará,"R. do Acampamento, 1296","R. Do Acampamento, 1296",,Bar Geracana,Bar Geracana,4.1,https://www.google.com/maps/search/?api=1&query=Bar%20Geracana&query_place_id=ChIJFw3XVVSJpJIRhu_MmpK7L7o,,
"tv, Tv. da Estrella, 343 - Pedreira, Belém - PA, 66083-280, Brazil","Tv, Tv. Da Estrella, 343 - Pedreira, Belém - Pa, 66083-280, Brazil",Bar,Sports bar,,,,,,,,Brazilian boteco,4.04e+18,Belém,BR,0x92a4895626597f9d:0x3815398027f03fde,,,,-1.425063,-48.4789821,,Pedreira,+55 91 98933-4252,5590000000000.0,ChIJnX9ZJlaJpJIR3j_wJ4A5FTg,66083-280,$,2,,33,22.0,6.0,1.0,3.0,1.0,State of Pará,"tv, Tv. da Estrella, 343","Tv, Tv. Da Estrella, 343",,Bar Palheta (Edilson),Bar Palheta (Edilson),4.4,https://www.google.com/maps/search/?api=1&query=Bar%20Palheta%20(Edilson)&query_place_id=ChIJnX9ZJlaJpJIR3j_wJ4A5FTg,,Monday-Wednesday: Closed; Thursday-Friday: 18:00 to 04:00; Saturday: 16:00 to 04:00; Sunday: 16:00 to 00:00
"Passagem Miracy, 65 - Telégrafo, Belém - PA, 66083-420, Brazil","Passagem Miracy, 65 - Telégrafo, Belém - Pa, 66083-420, Brazil",Bar,,,,,,,,,Brazilian boteco,4.11e+18,Belém,BR,0x92a489563f6b2d9d:0x3916768cef10e7a2,,,,-1.4255044,-48.4798933,,Telégrafo,,,ChIJnS1rP1aJpJIRoucQ74x2Fjk,66083-420,$,1,,1,1.0,0.0,0.0,0.0,0.0,State of Pará,"Passagem Miracy, 65","Passagem Miracy, 65",,Nosso Bar,Nosso Bar,5.0,https://www.google.com/maps/search/?api=1&query=Nosso%20Bar&query_place_id=ChIJnS1rP1aJpJIRoucQ74x2Fjk,,
"R. Rio Amazonas - Maracangalha, Belém - PA, 66110-230, Brazil","R. Rio Amazonas - Maracangalha, Belém - Pa, 66110-230, Brazil",Convenience store,,,,,,,,,Pub,1.47e+19,Belém,BR,0x92a48978ad728e4b:0xcba5e51529fa6b08,,,,-1.4014763,-48.4838412,,Maracangalha,,,ChIJS45yrXiJpJIRCGv6KRXlpcs,66110-230,$$,60,,6,5.0,1.0,0.0,0.0,0.0,State of Pará,R. Rio Amazonas,R. Rio Amazonas,,Casa Cereja,Casa Cereja,4.8,https://www.google.com/maps/search/?api=1&query=Casa%20Cereja&query_place_id=ChIJS45yrXiJpJIRCGv6KRXlpcs,,
"Av. Sul, Quadra 39 - Maracangalha, Belém - PA, 66110-071, Brazil","Av. Sul, Quadra 39 - Maracangalha, Belém - Pa, 66110-071, Brazil",Bar,,,,,,,,,Brazilian boteco,1.31e+19,Belém,BR,0x92a489fc3583c181:0xb52f5b2ef33f7c26,,,,-1.4001316,-48.4831611,,Maracangalha,,,ChIJgcGDNfyJpJIRJnw_8y5bL7U,66110-071,$,61,,0,,,,,,State of Pará,"Av. Sul, Quadra 39","Av. Sul, Quadra 39",,Os Cunhas,Os Cunhas,,https://www.google.com/maps/search/?api=1&query=Os%20Cunhas&query_place_id=ChIJgcGDNfyJpJIRJnw_8y5bL7U,,
"R. Cumbica - Maracangalha, Belém - PA, 66110-010, Brazil","R. Cumbica - Maracangalha, Belém - Pa, 66110-010, Brazil",Bar,,,,,,,,,Brazilian boteco,1.66e+19,Belém,BR,0x92a4895bfcae6145:0xe5f265ec343706fb,,,,-1.4032069,-48.4826505,,Maracangalha,,,ChIJRWGu_FuJpJIR-wY3NOxl8uU,66110-010,$,44,,0,,,,,,State of Pará,R. Cumbica,R. Cumbica,,Deposito do João,Deposito Do João,,https://www.google.com/maps/search/?api=1&query=Deposito%20do%20Jo%C3%A3o&query_place_id=ChIJRWGu_FuJpJIR-wY3NOxl8uU,,
"Q. Dois (Cj CDP), 30 - Maracangalha, Belém - PA, 66110-091, Brazil","Q. Dois (Cj Cdp), 30 - Maracangalha, Belém - Pa, 66110-091, Brazil",Live music bar,,,,,,,,,Brazilian boteco,1.63e+19,Belém,BR,0x92a489667cbe1977:0xe22ee9759999811a,,,,-1.4017845,-48.4845586,,Maracangalha,,,ChIJdxm-fGaJpJIRGoGZmXXpLuI,66110-091,$,24,,9,4.0,2.0,1.0,2.0,0.0,State of Pará,"Q. Dois (Cj CDP), 30","Q. Dois (Cj Cdp), 30",,Black moon boteco,Black Moon Boteco,3.9,https://www.google.com/maps/search/?api=1&query=Black%20moon%20boteco&query_place_id=ChIJdxm-fGaJpJIRGoGZmXXpLuI,,
"Av. Norte, 01 - Maracangalha, Belém - PA, 66110-034, Brazil","Av. Norte, 01 - Maracangalha, Belém - Pa, 66110-034, Brazil",Bar,,,,,,,,,Brazilian boteco,1.43e+19,Belém,BR,0x92a4899ab7bb7713:0xc62e16b06009dba4,,,,-1.3996598,-48.4884931,,Maracangalha,+55 91 99919-2970,5590000000000.0,ChIJE3e7t5qJpJIRpNsJYLAWLsY,66110-034,$,23,,18,17.0,0.0,0.0,1.0,0.0,State of Pará,"Av. Norte, 01","Av. Norte, 01",,Conveniência T&D,Conveniência T&D,4.9,https://www.google.com/maps/search/?api=1&query=Conveni%C3%AAncia%20T%26D&query_place_id=ChIJE3e7t5qJpJIRpNsJYLAWLsY,,Monday-Saturday: 11:30 to 18:00; Sunday: Closed
"Tv. Beija-Flor - Maracangalha, Belém - PA, 66110-122, Brazil","Tv. Beija-Flor - Maracangalha, Belém - Pa, 66110-122, Brazil",Bar,,,,,,,,,Brazilian boteco,8.21e+18,Belém,BR,0x92a4896b5d9c307d:0x71f7b985b4edb167,,,,-1.4029817,-48.4830805,,Maracangalha,+55 91 98186-3335,5590000000000.0,ChIJfTCcXWuJpJIRZ7HttIW593E,66110-122,$,22,,1,1.0,0.0,0.0,0.0,0.0,State of Pará,Tv. Beija-Flor,Tv. Beija-Flor,,BOTECO DA DEUSY,Boteco Da Deusy,5.0,https://www.google.com/maps/search/?api=1&query=BOTECO%20DA%20DEUSY&query_place_id=ChIJfTCcXWuJpJIRZ7HttIW593E,,Monday: Closed; Tuesday-Friday: 11:45 to 15:00; Saturday: 11:15 to 00:15; Sunday: 10:45 to 16:15
"Av. Pedro Álvares Cabral - Sacramenta, Belém - PA, 66123-000, Brazil","Av. Pedro Álvares Cabral - Sacramenta, Belém - Pa, 66123-000, Brazil",Sports bar,,,,,,,,,Sports bar,1.63e+19,Belém,BR,0x92a48bca21ee83e5:0xe18b9ae0fb22799c,,,,-1.414541,-48.477442,,Sacramenta,+55 91 98839-6204,5590000000000.0,ChIJ5YPuIcqLpJIRnHki--Cai-E,,$$,85,,1,1.0,0.0,0.0,0.0,0.0,State of Pará,Av. Pedro Álvares Cabral,Av. Pedro Álvares Cabral,,Sede Torcida Fúria Cruzmaltina,Sede Torcida Fúria Cruzmaltina,5.0,https://www.google.com/maps/search/?api=1&query=Sede%20Torcida%20F%C3%BAria%20Cruzmaltina&query_place_id=ChIJ5YPuIcqLpJIRnHki--Cai-E,,Monday-Saturday: 09:00 to 21:00; Sunday: Closed
"224-450, Passagem Marajoara, Um - Maracangalha, Belém - PA, 66110-270, Brazil","224-450, Passagem Marajoara, Um - Maracangalha, Belém - Pa, 66110-270, Brazil",Bar,,,,,,,,,Brazilian boteco,1.72e+19,Belém,BR,0x92a48bd5e665e927:0xee07a32ec8eee88c,,,,-1.4050693,-48.4783091,,Maracangalha,+55 91 99113-8074,5590000000000.0,ChIJJ-ll5tWLpJIRjOjuyC6jB-4,66110-270,$,58,,13,8.0,3.0,0.0,1.0,1.0,State of Pará,"224-450, Passagem Marajoara, Um","224-450, Passagem Marajoara, Um",,Depósito De Bebidas,Depósito De Bebidas,4.4,https://www.google.com/maps/search/?api=1&query=Dep%C3%B3sito%20De%20Bebidas&query_place_id=ChIJJ-ll5tWLpJIRjOjuyC6jB-4,,Monday-Wednesday: Closed; Thursday-Friday: 17:00 to 03:00; Saturday: 17:00 to 04:00; Sunday: 17:00 to 01:00
"Passagem Marajoara Três, 83 - Maracangalha, Belém - PA, 68447-000, Brazil","Passagem Marajoara Três, 83 - Maracangalha, Belém - Pa, 68447-000, Brazil",Bar,,,,,,,,,Brazilian boteco,1.84e+19,Belém,BR,0x92a48b0006b45e6f:0xffe2ac1c676df40b,,,,-1.402729,-48.4783818,,Maracangalha,,,ChIJb160BgCLpJIRC_RtZxys4v8,,$,56,,0,,,,,,State of Pará,"Passagem Marajoara Três, 83","Passagem Marajoara Três, 83",,Bar do Márcio,Bar Do Márcio,,https://www.google.com/maps/search/?api=1&query=Bar%20do%20M%C3%A1rcio&query_place_id=ChIJb160BgCLpJIRC_RtZxys4v8,,Monday: 08:00 to 21:30; Tuesday-Wednesday: 07:30 to 23:30; Thursday-Saturday: 07:30 to 00:00; Sunday: 07:30 to 22:30
"Passagem Bandeirante, 18 - Sacramenta, Belém - PA, 68447-000, Brazil","Passagem Bandeirante, 18 - Sacramenta, Belém - Pa, 68447-000, Brazil",Bar,,,,,,,,,Brazilian boteco,1.18e+19,Belém,BR,0x92a48bb4f34f2329:0xa418306e62996b57,,,,-1.4106532,-48.4759107,,Sacramenta,,,ChIJKSNP87SLpJIRV2uZYm4wGKQ,68447-000,$,32,,1,1.0,0.0,0.0,0.0,0.0,State of Pará,"Passagem Bandeirante, 18","Passagem Bandeirante, 18",,Boteco dos amigos,Boteco Dos Amigos,5.0,https://www.google.com/maps/search/?api=1&query=Boteco%20dos%20amigos&query_place_id=ChIJKSNP87SLpJIRV2uZYm4wGKQ,,Monday-Wednesday: Closed; Thursday-Saturday: 20:00 to 01:00; Sunday: Closed
"R. Treze, 282 - Maracangalha, Belém - PA, 66110-003, Brazil","R. Treze, 282 - Maracangalha, Belém - Pa, 66110-003, Brazil",Bar,,,,,,,,,Brazilian boteco,1.5e+19,Belém,BR,0x92a48948153f0ccd:0xcffa6a59dbddc82e,,,,-1.4007798,-48.4794091,,Maracangalha,+55 91 99225-6148,5590000000000.0,ChIJzQw_FUiJpJIRLsjd21lq-s8,66110-003,$,27,,1,1.0,0.0,0.0,0.0,0.0,State of Pará,"R. Treze, 282","R. Treze, 282",,Ponto alternativo 2,Ponto Alternativo 2,5.0,https://www.google.com/maps/search/?api=1&query=Ponto%20alternativo%202&query_place_id=ChIJzQw_FUiJpJIRLsjd21lq-s8,https://www.lojalocal.com/amstel/00063073722220,Monday-Thursday: Closed; Friday: 16:00 to 01:00; Saturday: 10:00 to 01:00; Sunday: 10:00 to 00:00
"Passagem São Francisco n:22 ,Paraíso verde - Curió-Utinga, Belém - PA, 68447-000, Brazil","Passagem São Francisco N:22 ,Paraíso Verde - Curió-Utinga, Belém - Pa, 68447-000, Brazil",Bar,,,,,,,,,Brazilian boteco,8.46e+18,Belém,BR,0x92a48bb57ee47e45:0x756ebc033b4233de,,,,-1.4290787,-48.4451653,,Curió-Utinga,+55 91 98207-3914,5590000000000.0,ChIJRX7kfrWLpJIR3jNCOwO8bnU,68447-000,$,42,,9,6.0,1.0,1.0,1.0,0.0,State of Pará,"Passagem São Francisco n:22 ,Paraíso verde","Passagem São Francisco N:22 ,Paraíso Verde",,Bar Do Daniel,Bar Do Daniel,4.2,https://www.google.com/maps/search/?api=1&query=Bar%20Do%20Daniel&query_place_id=ChIJRX7kfrWLpJIR3jNCOwO8bnU,,Monday-Thursday: 09:00 to 17:00; Friday-Saturday: 09:00 to 00:00; Sunday: 09:00 to 17:00
"Passagem Elvira, 461 - Curió-Utinga, Belém - PA, 66610-600, Brazil","Passagem Elvira, 461 - Curió-Utinga, Belém - Pa, 66610-600, Brazil",Bar,,,,,,,,,Brazilian boteco,7.82e+18,Belém,BR,0x92a48b66591c7c45:0x6c832aaeffae5a18,,,,-1.4293128,-48.4485195,,Curió-Utinga,,,ChIJRXwcWWaLpJIRGFqu_64qg2w,66610-600,$,41,,1,1.0,0.0,0.0,0.0,0.0,State of Pará,"Passagem Elvira, 461","Passagem Elvira, 461",,CONVENIÊNCIA DO LEANDRO,Conveniência Do Leandro,5.0,https://www.google.com/maps/search/?api=1&query=CONVENI%C3%8ANCIA%20DO%20LEANDRO&query_place_id=ChIJRXwcWWaLpJIRGFqu_64qg2w,,Monday-Thursday: 08:00 to 22:00; Friday: 08:00 to 02:00; Saturday: 09:00 to 17:00; Sunday: Closed
"Passagem Augusta - Curió-Utinga, Belém - PA, 66610-260, Brazil","Passagem Augusta - Curió-Utinga, Belém - Pa, 66610-260, Brazil",Bar,,,,,,,,,Brazilian boteco,6.82e+17,Belém,BR,0x92a48d59d1bf8433:0x977a8847c5e9ab6,,,,-1.429995,-48.4458197,,Curió-Utinga,,,ChIJM4S_0VmNpJIRtppefISodwk,66610-260,$,38,,0,,,,,,State of Pará,Passagem Augusta,Passagem Augusta,,Bar do Barbosa,Bar Do Barbosa,,https://www.google.com/maps/search/?api=1&query=Bar%20do%20Barbosa&query_place_id=ChIJM4S_0VmNpJIRtppefISodwk,,Monday-Saturday: 11:00 to 15:00; Sunday: Closed
"entre duque é - Tv. Perebebuí, Av. Rômulo Maiorana, 2073 - Marco, Belém - PA, 68447-000, Brazil","Entre Duque É - Tv. Perebebuí, Av. Rômulo Maiorana, 2073 - Marco, Belém - Pa, 68447-000, Brazil",Bar,,,,,,,,,Brazilian boteco,1.53e+19,Belém,BR,0x92a48b00219d9747:0xd45fcf9ace52595b,,,,-1.4300537,-48.4583146,,Marco,,,ChIJR5edIQCLpJIRW1lSzprPX9Q,68447-000,$,35,,0,,,,,,State of Pará,"entre duque é - Tv. Perebebuí, Av. Rômulo Maiorana, 2073","Entre Duque É - Tv. Perebebuí, Av. Rômulo Maiorana, 2073",,Refrigerante diversos,Refrigerante Diversos,,https://www.google.com/maps/search/?api=1&query=Refrigerante%20diversos&query_place_id=ChIJR5edIQCLpJIRW1lSzprPX9Q,,Monday-Saturday: 08:00 to 20:00; Sunday: Closed
"Av. Dr. Freitas, 2918 - Marco, Belém - PA, 66080-140, Brazil","Av. Dr. Freitas, 2918 - Marco, Belém - Pa, 66080-140, Brazil",Bar,,,,,,,,,Brazilian boteco,1.63e+19,Belém,BR,0x92a48b8995734ded:0xe2b8f5c30f066e13,,,,-1.4286207,-48.4525706,,Marco,,,ChIJ7U1zlYmLpJIRE24GD8P1uOI,66080-140,$,30,,19,14.0,3.0,0.0,2.0,0.0,State of Pará,"Av. Dr. Freitas, 2918","Av. Dr. Freitas, 2918",,Associação dos Malas,Associação Dos Malas,4.6,https://www.google.com/maps/search/?api=1&query=Associa%C3%A7%C3%A3o%20dos%20Malas&query_place_id=ChIJ7U1zlYmLpJIRE24GD8P1uOI,,Monday-Tuesday: Closed; Wednesday-Saturday: 19:00 to 02:00; Sunday: 17:00 to 01:00
"Tv. Pirajá, 2040B - Marco, Belém - PA, 66095-632, Brazil","Tv. Pirajá, 2040B - Marco, Belém - Pa, 66095-632, Brazil",Bar,,,,,,,,,Brazilian boteco,5.92e+18,Belém,BR,0x92a48c7685c5905b:0x522398e675852d04,,,,-1.4317985,-48.4532697,,Marco,+55 91 98290-6777,5590000000000.0,ChIJW5DFhXaMpJIRBC2FdeaYI1I,66095-632,$,16,,4,1.0,2.0,1.0,0.0,0.0,State of Pará,"Tv. Pirajá, 2040B","Tv. Pirajá, 2040B",,Bar do Wal,Bar Do Wal,3.5,https://www.google.com/maps/search/?api=1&query=Bar%20do%20Wal&query_place_id=ChIJW5DFhXaMpJIRBC2FdeaYI1I,,Monday: Closed; Tuesday-Sunday: 12:00 to 00:00
"Tv. Pirajá, 2117 - Marco, Belém - PA, 66095-632, Brazil","Tv. Pirajá, 2117 - Marco, Belém - Pa, 66095-632, Brazil",Bar,,,,,,,,,Brazilian boteco,1.74e+19,Belém,BR,0x92a48d25d4917cbd:0xf20549510352ca09,,,,-1.4320529,-48.4526035,,Marco,+55 91 3276-7683,559000000000.0,ChIJvXyR1CWNpJIRCcpSA1FJBfI,66095-632,$,14,,10,7.0,1.0,1.0,1.0,0.0,State of Pará,"Tv. Pirajá, 2117","Tv. Pirajá, 2117",,Bar E Lava Jato Dom Diego,Bar E Lava Jato Dom Diego,4.3,https://www.google.com/maps/search/?api=1&query=Bar%20E%20Lava%20Jato%20Dom%20Diego&query_place_id=ChIJvXyR1CWNpJIRCcpSA1FJBfI,,Monday: Closed; Tuesday-Saturday: 18:00 to 00:00; Sunday: 16:00 to 00:00
"Passagem Joana D'ark, 35 - Condor, Belém - PA, 66920-560, Brazil","Passagem Joana D'Ark, 35 - Condor, Belém - Pa, 66920-560, Brazil",Bar,,,,,,,,,Brazilian boteco,8.05e+18,Belém,BR,0x92a48dbf1d493169:0x6fb3ec2031a4fb68,,,,-1.4736315,-48.4717681,,Condor,,,ChIJaTFJHb-NpJIRaPukMSDss28,66920-560,$,92,,0,,,,,,State of Pará,"Passagem Joana D'ark, 35","Passagem Joana D'Ark, 35",,Uma rua,Uma Rua,,https://www.google.com/maps/search/?api=1&query=Uma%20rua&query_place_id=ChIJaTFJHb-NpJIRaPukMSDss28,,Monday-Wednesday: Closed; Thursday-Sunday: 16:00 to 01:00
"Av. Alcindo Cacela, 3370 - Cremação, Belém - PA, 66065-205, Brazil","Av. Alcindo Cacela, 3370 - Cremação, Belém - Pa, 66065-205, Brazil",Bar,,,,,,,,,Brazilian boteco,8.89e+17,Belém,BR,0x92a48dadf9d3bed5:0xc5647b5560227e5,,,,-1.4668769,-48.4766369,,Cremação,+55 91 98110-1792,5590000000000.0,ChIJ1b7T-a2NpJIR5ScCVrVHVgw,66065-205,$,87,,0,,,,,,State of Pará,"Av. Alcindo Cacela, 3370","Av. Alcindo Cacela, 3370",,Garagem da Saudade,Garagem Da Saudade,,https://www.google.com/maps/search/?api=1&query=Garagem%20da%20Saudade&query_place_id=ChIJ1b7T-a2NpJIR5ScCVrVHVgw,,Monday: Closed; Tuesday-Saturday: 16:00 to 02:00; Sunday: 16:00 to 00:00
"Av. Alcindo Cacela, 4169 - Condor, Belém - PA, 66065-219, Brazil","Av. Alcindo Cacela, 4169 - Condor, Belém - Pa, 66065-219, Brazil",Bar,,,,,,,,,Brazilian boteco,1.92e+17,Belém,BR,0x92a48de083759665:0x2aa5117e048d6df,,,,-1.4742654,-48.4757541,,Condor,,,ChIJZZZ1g-CNpJIR39ZI4BdRqgI,66065-219,$,84,,1,1.0,0.0,0.0,0.0,0.0,State of Pará,"Av. Alcindo Cacela, 4169","Av. Alcindo Cacela, 4169",,Taberna Beija Flor,Taberna Beija Flor,5.0,https://www.google.com/maps/search/?api=1&query=Taberna%20Beija%20Flor&query_place_id=ChIJZZZ1g-CNpJIR39ZI4BdRqgI,,Monday-Friday: 08:00 to 00:00; Saturday: 16:00 to 00:00; Sunday: Closed
"Passagem Salvador, 2 - Condor, Belém - PA, 66065-640, Brazil","Passagem Salvador, 2 - Condor, Belém - Pa, 66065-640, Brazil",Bar,,,,,,,,,Brazilian boteco,7.84e+17,Belém,BR,0x92a48de0b1f5dd53:0xae2c8d3a586679c,,,,-1.4745477,-48.4740456,,Condor,,,ChIJU931seCNpJIRnGeGpdPI4go,66065-640,$,63,,1,1.0,0.0,0.0,0.0,0.0,State of Pará,"Passagem Salvador, 2","Passagem Salvador, 2",,Fausto Drinks,Fausto Drinks,5.0,https://www.google.com/maps/search/?api=1&query=Fausto%20Drinks&query_place_id=ChIJU931seCNpJIRnGeGpdPI4go,,
"Tv. Nove de Janeiro, 3178 - Condor, Belém - PA, 66065-155, Brazil","Tv. Nove De Janeiro, 3178 - Condor, Belém - Pa, 66065-155, Brazil",Bar,,,,,,,,,Brazilian boteco,8.61e+17,Belém,BR,0x92a48d66d68e4e1b:0xbf148065e28d290,,,,-1.4681876,-48.475163,,Condor,+55 91 99805-5133,5590000000000.0,ChIJG06O1maNpJIRkNIoXgZI8Qs,66065-155,$,34,,14,11.0,1.0,1.0,1.0,0.0,State of Pará,"Tv. Nove de Janeiro, 3178","Tv. Nove De Janeiro, 3178",,Botecar,Botecar,4.5,https://www.google.com/maps/search/?api=1&query=Botecar&query_place_id=ChIJG06O1maNpJIRkNIoXgZI8Qs,,Monday: Closed; Tuesday-Saturday: 16:00 to 00:00; Sunday: 13:00 to 22:00
"Passagem São Sebastião, 20 - Marambaia, Belém - PA, 68447-000, Brazil","Passagem São Sebastião, 20 - Marambaia, Belém - Pa, 68447-000, Brazil",Bar,,,,,,,,,Brazilian boteco,8.23e+18,Belém,BR,0x92a48ba87df31663:0x7226d86ffd78f90b,,,,-1.4071488,-48.4413481,,Marambaia,,,ChIJYxbzfaiLpJIRC_l4_W_YJnI,,$,14,,24,20.0,0.0,1.0,3.0,0.0,State of Pará,"Passagem São Sebastião, 20","Passagem São Sebastião, 20",,Bar do Coca,Bar Do Coca,4.6,https://www.google.com/maps/search/?api=1&query=Bar%20do%20Coca&query_place_id=ChIJYxbzfaiLpJIRC_l4_W_YJnI,,Monday-Saturday: 09:00 to 22:00; Sunday: 09:00 to 14:00
"R. Nossa Sra. de Fátima, 401 - Marambaia, Belém - PA, 66615-140, Brazil","R. Nossa Sra. De Fátima, 401 - Marambaia, Belém - Pa, 66615-140, Brazil",Bar,,,,,,,,,Brazilian boteco,1.25e+19,Belém,BR,0x92a48ba8c2427a0d:0xada98c0d93b396d3,,,,-1.4062579,-48.442583,,Marambaia,,,ChIJDXpCwqiLpJIR05azkw2Mqa0,66615-140,$,8,,7,5.0,1.0,0.0,1.0,0.0,State of Pará,"R. Nossa Sra. de Fátima, 401","R. Nossa Sra. De Fátima, 401",,Anastacia Bar,Anastacia Bar,4.6,https://www.google.com/maps/search/?api=1&query=Anastacia%20Bar&query_place_id=ChIJDXpCwqiLpJIR05azkw2Mqa0,,Monday: Closed; Tuesday-Thursday: 18:00 to 02:00; Friday-Saturday: 18:00 to 03:00; Sunday: 18:00 to 01:00
"Av. Dalva, 318 - Marambaia, Belém - PA, 66615-850, Brazil","Av. Dalva, 318 - Marambaia, Belém - Pa, 66615-850, Brazil",Bar,,,,,,,,,Brazilian boteco,1.28e+19,Belém,BR,0x92a48bac02a48dad:0xb1447a21db2b6fd5,,,,-1.4038373,-48.4443221,,Marambaia,+55 91 98228-3121,5590000000000.0,ChIJrY2kAqyLpJIR1W8r2yF6RLE,66615-850,$,11,,178,116.0,31.0,7.0,14.0,10.0,State of Pará,"Av. Dalva, 318","Av. Dalva, 318",,Bar Maramba's Beer,Bar Maramba'S Beer,4.3,https://www.google.com/maps/search/?api=1&query=Bar%20Maramba's%20Beer&query_place_id=ChIJrY2kAqyLpJIR1W8r2yF6RLE,http://www.facebook.com/BarMarambasBeer,Monday-Saturday: 09:30 to 22:00; Sunday: Closed
"Marambaia, Belém - State of Pará, 68447-000, Brazil","Marambaia, Belém - State Of Pará, 68447-000, Brazil",Bar,,,,,,,,,Brazilian boteco,4.47e+18,Belém,BR,0x92a48bdd732f4c99:0x3e0b64ac3e66c691,,,,-1.4007179,-48.4468739,,Marambaia,,,ChIJmUwvc92LpJIRkcZmPqxkCz4,,$,71,,0,,,,,,State of Pará,,,,Zero Grau,Zero Grau,,https://www.google.com/maps/search/?api=1&query=Zero%20Grau&query_place_id=ChIJmUwvc92LpJIRkcZmPqxkCz4,,Monday-Saturday: 11:00 to 16:00; Sunday: Closed
"Passagem do Arame - Marambaia, Belém - PA, 66623-170, Brazil","Passagem Do Arame - Marambaia, Belém - Pa, 66623-170, Brazil",Bar,,,,,,,,,Brazilian boteco,5.9e+18,Belém,BR,0x92a48bf3e0caea95:0x51d2dc10c467fc18,,,,-1.4010747,-48.4461784,,Marambaia,+55 91 98027-6270,5590000000000.0,ChIJlerK4POLpJIRGPxnxBDc0lE,66623-170,$,57,,2,0.0,1.0,0.0,1.0,0.0,State of Pará,Passagem do Arame,Passagem Do Arame,,Bar do Baixinho,Bar Do Baixinho,3.5,https://www.google.com/maps/search/?api=1&query=Bar%20do%20Baixinho&query_place_id=ChIJlerK4POLpJIRGPxnxBDc0lE,,Monday: Closed; Tuesday-Wednesday: 10:00 to 00:00; Thursday: 10:00 to 02:00; Friday-Saturday: 10:00 to 04:00; Sunday: 11:00 to 00:00
"R. Cap. Braga, 2 - Marambaia, Belém - PA, 66623-570, Brazil","R. Cap. Braga, 2 - Marambaia, Belém - Pa, 66623-570, Brazil",Bar,,,,,,,,,Brazilian boteco,1.77e+18,Belém,BR,0x92a48b073459c019:0x18835f158b7af052,,,,-1.4053475,-48.4390165,,Marambaia,+55 989484906,,ChIJGcBZNAeLpJIRUvB6ixVfgxg,66623-570,$,50,,9,7.0,0.0,0.0,1.0,1.0,State of Pará,"R. Cap. Braga, 2","R. Cap. Braga, 2",,BAR DA DULCE,Bar Da Dulce,4.4,https://www.google.com/maps/search/?api=1&query=BAR%20DA%20DULCE&query_place_id=ChIJGcBZNAeLpJIRUvB6ixVfgxg,,Monday-Tuesday: Closed; Wednesday-Sunday: 17:00 to 00:30
"R. José Geraldo - Tapanã, Belém - PA, 66833-322, Brasil","R. José Geraldo - Tapanã, Belém - Pa, 66833-322, Brasil",Bar,,,,,,,,,Brazilian boteco,1.66e+19,Belém,BR,0x92a4612ac8995ed3:0xe5f9badd142e787f,,,,-1.3409154,-48.4547038,,Tapanã,,,ChIJ016ZyCphpJIRf3guFN26-eU,66833-322,$,87,,0,,,,,,Pará,R. José Geraldo,R. José Geraldo,,Bar da Elane,Bar Da Elane,,https://www.google.com/maps/search/?api=1&query=Bar%20da%20Elane&query_place_id=ChIJ016ZyCphpJIRf3guFN26-eU,,Monday-Tuesday: Closed; Wednesday-Friday: 16:00 to 23:00; Saturday-Sunday: 15:00 to 23:00
"R. Maria Quitéria - Tapanã, Belém - PA, 66830-030, Brasil","R. Maria Quitéria - Tapanã, Belém - Pa, 66830-030, Brasil",Bar,,,,,,,,,Brazilian boteco,4.97e+18,Belém,BR,0x92a461f46f9df05d:0x4504cc4dc3c12b87,,,,-1.3506343,-48.4712676,,Tapanã,,,ChIJXfCdb_RhpJIRhyvBw03MBEU,66830-030,$,86,,4,3.0,0.0,0.0,1.0,0.0,Pará,R. Maria Quitéria,R. Maria Quitéria,,Bar do devasso,Bar Do Devasso,4.5,https://www.google.com/maps/search/?api=1&query=Bar%20do%20devasso&query_place_id=ChIJXfCdb_RhpJIRhyvBw03MBEU,,Monday: Closed; Tuesday-Friday: 18:00 to 22:00; Saturday: 13:00 to 22:00; Sunday: Closed
"Rod. do Tapanã, Box 30 - Tapanã, Belém - PA, 66825-215, Brasil","Rod. Do Tapanã, Box 30 - Tapanã, Belém - Pa, 66825-215, Brasil",Bar,,,,,,,,,Brazilian boteco,4.24e+18,Belém,BR,0x92a46100346f4cf9:0x3ae76ea08d5e4cf6,,,,-1.3382654,-48.468234,,Tapanã,,,ChIJ-UxvNABhpJIR9kxejaBu5zo,66825-215,$,78,,0,,,,,,Pará,"Rod. do Tapanã, Box 30","Rod. Do Tapanã, Box 30",,Bar da Bell,Bar Da Bell,,https://www.google.com/maps/search/?api=1&query=Bar%20da%20Bell&query_place_id=ChIJ-UxvNABhpJIR9kxejaBu5zo,,Monday-Sunday: 08:00 to 18:00
"Tapanã, Belém - PA, 66830-680, Brasil","Tapanã, Belém - Pa, 66830-680, Brasil",Bar,,,,,,,,,Brazilian boteco,1.76e+19,Belém,BR,0x92a461ecb96d3b8f:0xf3ba197601969265,,,,-1.3574631,-48.4647773,,Tapanã,,,ChIJjzttuexhpJIRZZKWAXYZuvM,,$,74,,0,,,,,,Pará,,,,Bar Papo De Boleiro,Bar Papo De Boleiro,,https://www.google.com/maps/search/?api=1&query=Bar%20Papo%20De%20Boleiro&query_place_id=ChIJjzttuexhpJIRZZKWAXYZuvM,,Monday-Thursday: Closed; Friday: 17:00 to 20:00; Saturday: Atendimento 24 horas; Sunday: Closed
"R. Búzios, 13 - Tapanã, Belém - PA, 66833-450, Brasil","R. Búzios, 13 - Tapanã, Belém - Pa, 66833-450, Brasil",Bar,,,,,,,,,Brazilian boteco,5.39e+18,Belém,BR,0x92a4619f7b0ae9a7:0x4ac19c99586f8c40,,,,-1.3445252,-48.4582242,,Tapanã,,,ChIJp-kKe59hpJIRQIxvWJmcwUo,66833-450,$,69,,22,12.0,3.0,1.0,4.0,2.0,Pará,"R. Búzios, 13","R. Búzios, 13",,Bar do Dodô,Bar Do Dodô,4.0,https://www.google.com/maps/search/?api=1&query=Bar%20do%20Dod%C3%B4&query_place_id=ChIJp-kKe59hpJIRQIxvWJmcwUo,,Monday-Tuesday: Closed; Wednesday-Saturday: 20:00 to 04:00; Sunday: Closed
"R. Paulo Guilherme - Tapanã, Belém - PA, 66825-839, Brasil","R. Paulo Guilherme - Tapanã, Belém - Pa, 66825-839, Brasil",Bar,,,,,,,,,Brazilian boteco,1.45e+19,Belém,BR,0x92a461fe74b591fb:0xc9360f09ffb8057d,,,,-1.3518961,-48.4727328,,Tapanã,+55 91 98926-2927,5590000000000.0,ChIJ-5G1dP5hpJIRfQW4_wkPNsk,66825-839,$,64,,0,,,,,,Pará,R. Paulo Guilherme,R. Paulo Guilherme,,Bar do ivan,Bar Do Ivan,,https://www.google.com/maps/search/?api=1&query=Bar%20do%20ivan&query_place_id=ChIJ-5G1dP5hpJIRfQW4_wkPNsk,,Monday-Tuesday: Closed; Wednesday: 17:00 to 00:00; Thursday: 17:00 to 01:00; Friday: 17:00 to 04:00; Saturday: 16:00 to 04:00; Sunday: 16:00 to 00:00
"R. São Clemente, 158 - Tapanã, Belém - PA, 66630-080, Brasil","R. São Clemente, 158 - Tapanã, Belém - Pa, 66630-080, Brasil",Bar,,,,,,,,,Brazilian boteco,1.29e+19,Belém,BR,0x92a461004a058c51:0xb2f0a8f5da93216d,,,,-1.354756,-48.4636827,,Tapanã,,,ChIJUYwFSgBhpJIRbSGT2vWo8LI,66630-080,$,63,,0,,,,,,Pará,"R. São Clemente, 158","R. São Clemente, 158",,Bar do carlao,Bar Do Carlao,,https://www.google.com/maps/search/?api=1&query=Bar%20do%20carlao&query_place_id=ChIJUYwFSgBhpJIRbSGT2vWo8LI,,
"R. Bebedouro, 58-392 - Tapanã, Belém - PA, 66833-490, Brasil","R. Bebedouro, 58-392 - Tapanã, Belém - Pa, 66833-490, Brasil",Bar,,,,,,,,,Brazilian boteco,1.22e+19,Belém,BR,0x92a46175ee41b56d:0xa94c88df65b9dd25,,,,-1.3417488,-48.4633636,,Tapanã,,,ChIJbbVB7nVhpJIRJd25Zd-ITKk,66833-490,$,60,,43,23.0,4.0,5.0,9.0,2.0,Pará,"R. Bebedouro, 58-392","R. Bebedouro, 58-392",,Bar do Brito,Bar Do Brito,3.9,https://www.google.com/maps/search/?api=1&query=Bar%20do%20Brito&query_place_id=ChIJbbVB7nVhpJIRJd25Zd-ITKk,,Monday: Closed; Tuesday-Saturday: 11:00 to 00:00; Sunday: Closed
"R. Açores - Tapanã, Belém - PA, 66833-370, Brasil","R. Açores - Tapanã, Belém - Pa, 66833-370, Brasil",Bar,,,,,,,,,Brazilian boteco,1.04e+19,Belém,BR,0x92a461a0e50e6a01:0x90f5880dc1db7c2b,,,,-1.3434701,-48.4554926,,Tapanã,,,ChIJAWoO5aBhpJIRK3zbwQ2I9ZA,,$,51,,18,15.0,1.0,0.0,2.0,0.0,Pará,R. Açores,R. Açores,,Chicos Bar,Chicos Bar,4.7,https://www.google.com/maps/search/?api=1&query=Chicos%20Bar&query_place_id=ChIJAWoO5aBhpJIRK3zbwQ2I9ZA,,Monday-Thursday: 18:00 to 22:00; Friday: 08:00 to 18:00; Saturday: 18:00 to 22:00; Sunday: Closed
"R. Marcos Pinheiro, 17 - Tapanã, Belém - PA, 66830-250, Brasil","R. Marcos Pinheiro, 17 - Tapanã, Belém - Pa, 66830-250, Brasil",Bar,,,,,,,,,Brazilian boteco,2.64e+18,Belém,BR,0x92a4616f057a3ab1:0x24b27b228a9422f5,,,,-1.3527452,-48.4607515,,Tapanã,,,ChIJsTp6BW9hpJIR9SKUiiJ7siQ,66830-250,$,45,,14,12.0,1.0,0.0,0.0,1.0,Pará,"R. Marcos Pinheiro, 17","R. Marcos Pinheiro, 17",,Skina Bar,Skina Bar,4.7,https://www.google.com/maps/search/?api=1&query=Skina%20Bar&query_place_id=ChIJsTp6BW9hpJIR9SKUiiJ7siQ,,"Monday: 00:00 to 06:00; Tuesday: 10:00 to 00:00; Wednesday-Sunday: 00:00 to 06:00, 10:00 to 00:00"
"alameda um, R. José Maria da Costa, 3 - Tapanã, Belém - PA, 66833-010, Brasil","Alameda Um, R. José Maria Da Costa, 3 - Tapanã, Belém - Pa, 66833-010, Brasil",Bar,,,,,,,,,Brazilian boteco,1.33e+19,Belém,BR,0x92a461134c37e843:0xb881d23d04f14ee0,,,,-1.3492222,-48.4668187,,Tapanã,+55 91 98013-1758,5590000000000.0,ChIJQ-g3TBNhpJIR4E7xBD3Sgbg,66833-010,$,41,,3,3.0,0.0,0.0,0.0,0.0,PA,"alameda um, R. José Maria da Costa, 3","Alameda Um, R. José Maria Da Costa, 3",,Bar do Ratinho,Bar Do Ratinho,5.0,https://www.google.com/maps/search/?api=1&query=Bar%20do%20Ratinho&query_place_id=ChIJQ-g3TBNhpJIR4E7xBD3Sgbg,,Monday-Tuesday: Closed; Wednesday-Saturday: 18:00 to 00:00; Sunday: 18:00 to 23:00
"Jardim primavera - rua ilha ver, 47 - Tapanã, Belém - PA, 66825-275, Brasil","Jardim Primavera - Rua Ilha Ver, 47 - Tapanã, Belém - Pa, 66825-275, Brasil",Bar esportivo,,,,,,,,,Sports bar,1.37e+19,Belém,BR,0x92a461f1134830ff:0xbdcbfe7bae4ec1b0,,,,-1.3543833,-48.4695455,,Tapanã,+55 91 99354-3090,5590000000000.0,ChIJ_zBIE_FhpJIRsMFOrnv-y70,66825-275,$$,38,,1,1.0,0.0,0.0,0.0,0.0,Pará,"Jardim primavera - rua ilha ver, 47","Jardim Primavera - Rua Ilha Ver, 47",,Esquina bar,Esquina Bar,5.0,https://www.google.com/maps/search/?api=1&query=Esquina%20bar&query_place_id=ChIJ_zBIE_FhpJIRsMFOrnv-y70,,
"R. Alacid Nunes, 49 - Tenoné, Belém - PA, Brasil","R. Alacid Nunes, 49 - Tenoné, Belém - Pa, Brasil",Bar,,,,,,,,,Brazilian boteco,1.24e+19,Belém,BR,0x92a46121e97ed3bd:0xac1f1e1cacc4d9c1,,,,-1.3261679,-48.4428004,,Tenoné,+55 91 98120-0240,5590000000000.0,ChIJvdN-6SFhpJIRwdnErBweH6w,,$,21,,326,217.0,56.0,10.0,33.0,10.0,Pará,"R. Alacid Nunes, 49","R. Alacid Nunes, 49",,Arena Brasil Bar Restaurante Arena De Footebol,Arena Brasil Bar Restaurante Arena De Footebol,4.4,https://www.google.com/maps/search/?api=1&query=Arena%20Brasil%20Bar%20Restaurante%20Arena%20De%20Footebol&query_place_id=ChIJvdN-6SFhpJIRwdnErBweH6w,,Monday-Thursday: Closed; Friday-Saturday: 18:00 to 04:00; Sunday: 18:00 to 01:00
"R. Dr. Américo Santa Rosa, 453 - São Brás, Belém - PA, 66070-350, Brasil","R. Dr. Américo Santa Rosa, 453 - São Brás, Belém - Pa, 66070-350, Brasil",Bar,,,,,,,,,Brazilian boteco,1.41e+19,Belém,BR,0x92a48c312b086491:0xc38fb18a727a4afb,,,,-1.4537703,-48.4638895,,São Brás,,,ChIJkWQIKzGMpJIR-0p6coqxj8M,,$,20,,189,124.0,36.0,9.0,17.0,3.0,Pará,"R. Dr. Américo Santa Rosa, 453","R. Dr. Américo Santa Rosa, 453",,Vala's Bar,Vala'S Bar,4.4,https://www.google.com/maps/search/?api=1&query=Vala's%20Bar&query_place_id=ChIJkWQIKzGMpJIR-0p6coqxj8M,,Monday: Closed; Tuesday-Thursday: 18:00 to 00:00; Friday-Saturday: 18:00 to 01:00; Sunday: 18:00 to 00:00
"Av. Conselheiro Furtado, 2799 - Cremação, Belém - PA, 66040-100, Brasil","Av. Conselheiro Furtado, 2799 - Cremação, Belém - Pa, 66040-100, Brasil",Bar,,,,,,,,,Brazilian boteco,1.44e+19,Belém,BR,0x92a48c2bf60d657f:0xc881cc1b678effce,,,,-1.4563329,-48.4738113,,Cremação,+55 91 98921-0640,5590000000000.0,ChIJf2UN9iuMpJIRzv-OZxvMgcg,66040-100,$,19,,1405,816.0,308.0,52.0,180.0,49.0,Pará,"Av. Conselheiro Furtado, 2799","Av. Conselheiro Furtado, 2799",,Bodega Bar,Bodega Bar,4.3,https://www.google.com/maps/search/?api=1&query=Bodega%20Bar&query_place_id=ChIJf2UN9iuMpJIRzv-OZxvMgcg,,Monday-Sunday: 10:00 to 00:00
"R. Eng. Fernando Guilhon, 2412-2440 - Batista Campos, Belém - PA, 66033-310, Brasil","R. Eng. Fernando Guilhon, 2412-2440 - Batista Campos, Belém - Pa, 66033-310, Brasil",Bar,,,,,,,,,Brazilian boteco,1.15e+19,Belém,BR,0x92a48df4a1dd430f:0x9f33f94c1df33a3b,,,,-1.4630064,-48.4781716,,Batista Campos,+55 91 98332-3714,5590000000000.0,ChIJD0PdofSNpJIROzrzHUz5M58,66033-310,$,18,,64,33.0,9.0,8.0,10.0,4.0,Pará,"R. Eng. Fernando Guilhon, 2412-2440","R. Eng. Fernando Guilhon, 2412-2440",,Bar Vem quem Quer,Bar Vem Quem Quer,3.9,https://www.google.com/maps/search/?api=1&query=Bar%20Vem%20quem%20Quer&query_place_id=ChIJD0PdofSNpJIROzrzHUz5M58,https://www.lojalocal.com/amstel/00045571864249,Monday-Sunday: 07:00 to 22:00
"Av. Bernardo Sayão, 1917 - Jurunas, Belém - PA, 66033-190, Brasil","Av. Bernardo Sayão, 1917 - Jurunas, Belém - Pa, 66033-190, Brasil",Bar,,,,,,,,,Brazilian boteco,8.58e+18,Belém,BR,0x92a48e1254609989:0x771b84fb288ba5a9,,,,-1.476438,-48.4910521,,Jurunas,,,ChIJiZlgVBKOpJIRqaWLKPuEG3c,66033-190,$,17,,7,7.0,0.0,0.0,0.0,0.0,Pará,"Av. Bernardo Sayão, 1917","Av. Bernardo Sayão, 1917",,Bar Da Diana,Bar Da Diana,5.0,https://www.google.com/maps/search/?api=1&query=Bar%20Da%20Diana&query_place_id=ChIJiZlgVBKOpJIRqaWLKPuEG3c,,
"R. Santo Antônio, 303-297 - Cabanagem, Belém - PA, 66923-100, Brasil","R. Santo Antônio, 303-297 - Cabanagem, Belém - Pa, 66923-100, Brasil",Bar de cervejas,,,,,,,,,Brazilian boteco,1.17e+18,Belém,BR,0x92a461cf9b6997e9:0x1033118a0a6b9088,,,,-1.3598605,-48.4413347,,Cabanagem,,,ChIJ6Zdpm89hpJIRiJBrCooRMxA,66923-100,$,18,,1,1.0,0.0,0.0,0.0,0.0,Pará,"R. Santo Antônio, 303-297","R. Santo Antônio, 303-297",,Bar São João,Bar São João,5.0,https://www.google.com/maps/search/?api=1&query=Bar%20S%C3%A3o%20Jo%C3%A3o&query_place_id=ChIJ6Zdpm89hpJIRiJBrCooRMxA,,Monday-Wednesday: Closed; Thursday: 19:00 to 00:00; Friday-Saturday: 19:00 to 02:00; Sunday: 18:00 to 23:00
"Tv. São Francisco, 493 - Batista Campos, Belém - PA, 66913-430, Brasil","Tv. São Francisco, 493 - Batista Campos, Belém - Pa, 66913-430, Brasil",Bares,,,,,,,,,Sports bar,1.58e+19,Belém,BR,0x92a48e8a972f4a5d:0xdbb1f1f22b79f46b,,,,-1.4591101,-48.4970436,,Batista Campos,,,ChIJXUovl4qOpJIRa_R5K_Lxsds,66913-430,$$,14,,1577,989.0,341.0,42.0,164.0,41.0,Pará,"Tv. São Francisco, 493","Tv. São Francisco, 493",,Bar Tacada Certa,Bar Tacada Certa,4.4,https://www.google.com/maps/search/?api=1&query=Bar%20Tacada%20Certa&query_place_id=ChIJXUovl4qOpJIRa_R5K_Lxsds,,Monday-Friday: 10:00 to 00:00; Saturday-Sunday: 10:00 to 03:00
"Rod. Augusto Montenegro, 3875-3949 - Castanheira, Belém - PA, 66823-390, Brasil","Rod. Augusto Montenegro, 3875-3949 - Castanheira, Belém - Pa, 66823-390, Brasil",Bar,,,,,,,,,Brazilian boteco,1.34e+19,Belém,BR,0x92a46123823d3951:0xba27eef5155bb2e9,,,,-1.3284254,-48.4492679,,Castanheira,+55 91 99350-6949,5590000000000.0,ChIJUTk9giNhpJIR6bJbFfXuJ7o,,$,14,,240,166.0,40.0,9.0,17.0,8.0,Pará,"Rod. Augusto Montenegro, 3875-3949","Rod. Augusto Montenegro, 3875-3949",,Bar e Restaurante Nativos,Bar E Restaurante Nativos,4.4,https://www.google.com/maps/search/?api=1&query=Bar%20e%20Restaurante%20Nativos&query_place_id=ChIJUTk9giNhpJIR6bJbFfXuJ7o,,Monday-Thursday: Closed; Friday: 17:00 to 02:00; Saturday: 18:00 to 01:00; Sunday: 17:00 to 00:00
"Passagem Alisson Luz, 8 - Tapanã, Belém - PA, 66830-710, Brasil","Passagem Alisson Luz, 8 - Tapanã, Belém - Pa, 66830-710, Brasil",Bar,,,,,,,,,Brazilian boteco,5.48e+18,Belém,BR,0x92a461eff3c71b25:0x4c0bc6d0755313d6,,,,-1.358703,-48.4600506,,Tapanã,,,ChIJJRvH8-9hpJIR1hNTddDGC0w,66830-710,$,17,,2,2.0,0.0,0.0,0.0,0.0,Pará,"Passagem Alisson Luz, 8","Passagem Alisson Luz, 8",,Bar rei da Amazônia,Bar Rei Da Amazônia,5.0,https://www.google.com/maps/search/?api=1&query=Bar%20rei%20da%20Amaz%C3%B4nia&query_place_id=ChIJJRvH8-9hpJIR1hNTddDGC0w,,Monday-Tuesday: Closed; Wednesday-Saturday: 16:00 to 00:00; Sunday: Closed
"Tenoné, Belém - PA, Brasil","Tenoné, Belém - Pa, Brasil",Bar,,,,,,,,,Brazilian boteco,6.51e+18,Belém,BR,0x92a461ae75fa6593:0x5a5548eca28406f5,,,,-1.3272229,-48.4307871,,Tenoné,,,ChIJk2X6da5hpJIR9QaEouxIVVo,,$,13,,21,17.0,2.0,0.0,2.0,0.0,Pará,,,,BAR DO DIEGO,Bar Do Diego,4.7,https://www.google.com/maps/search/?api=1&query=BAR%20DO%20DIEGO&query_place_id=ChIJk2X6da5hpJIR9QaEouxIVVo,,
"Tv. Monte Alegre, 1465 - Jurunas, Belém - PA, 66020-700, Brasil","Tv. Monte Alegre, 1465 - Jurunas, Belém - Pa, 66020-700, Brasil",Bar,,,,,,,,,Brazilian boteco,8.96e+18,Belém,BR,0x92a48fb29eab2b61:0x7c651312d4ec8274,,,,-1.4705283,-48.4927184,,Jurunas,+55 91 98268-2887,5590000000000.0,ChIJYSurnrKPpJIRdILs1BITZXw,66020-700,$,10,,3,3.0,0.0,0.0,0.0,0.0,Pará,"Tv. Monte Alegre, 1465","Tv. Monte Alegre, 1465",,ANA BAR,Ana Bar,5.0,https://www.google.com/maps/search/?api=1&query=ANA%20BAR&query_place_id=ChIJYSurnrKPpJIRdILs1BITZXw,,
"R. Eng. Fernando Guilhon, 2464 - Cremação, Belém - PA, 66045-550, Brasil","R. Eng. Fernando Guilhon, 2464 - Cremação, Belém - Pa, 66045-550, Brasil",Bar,,,,,,,,,Brazilian boteco,8.48e+18,Belém,BR,0x92a48e7f524de217:0x75b0cae5bdfd46d9,,,,-1.4629839,-48.4777158,,Cremação,,,ChIJF-JNUn-OpJIR2Ub9veXKsHU,66045-550,$,9,,117,63.0,17.0,11.0,16.0,10.0,Pará,"R. Eng. Fernando Guilhon, 2464","R. Eng. Fernando Guilhon, 2464",,BAR GOTEIRAO,Bar Goteirao,3.9,https://www.google.com/maps/search/?api=1&query=BAR%20GOTEIRAO&query_place_id=ChIJF-JNUn-OpJIR2Ub9veXKsHU,,
"Av. Bernardo Sayão, 1481 - Jurunas, Belém - PA, 66025-214, Brasil","Av. Bernardo Sayão, 1481 - Jurunas, Belém - Pa, 66025-214, Brasil",Bar,,,,,,,,,Brazilian boteco,1.18e+19,Belém,BR,0x92a48f647574b39f:0xa399a3c549e5f5bf,,,,-1.4750173,-48.4945926,,Jurunas,+55 91 99183-0331,5590000000000.0,ChIJn7N0dWSPpJIRv_XlScWjmaM,66025-214,$,8,,0,,,,,,Pará,"Av. Bernardo Sayão, 1481","Av. Bernardo Sayão, 1481",,Bar Paraíso,Bar Paraíso,,https://www.google.com/maps/search/?api=1&query=Bar%20Para%C3%ADso&query_place_id=ChIJn7N0dWSPpJIRv_XlScWjmaM,,
"Tv. Treze de Maio, quadra 211 - Cabanagem, Belém - PA, 66625-780, Brasil","Tv. Treze De Maio, Quadra 211 - Cabanagem, Belém - Pa, 66625-780, Brasil",Bar,,,,,,,,,Brazilian boteco,1.23e+19,Belém,BR,0x92a46116a4cb749f:0xaacddf9617b402aa,,,,-1.3591952,-48.4403182,,Cabanagem,+55 91 99913-8528,5590000000000.0,ChIJn3TLpBZhpJIRqgK0F5bfzao,66625-780,$,10,,1,1.0,0.0,0.0,0.0,0.0,Pará,"Tv. Treze de Maio, quadra 211","Tv. Treze De Maio, Quadra 211",,Pit Bar e Conveniência,Pit Bar E Conveniência,5.0,https://www.google.com/maps/search/?api=1&query=Pit%20Bar%20e%20Conveni%C3%AAncia&query_place_id=ChIJn3TLpBZhpJIRqgK0F5bfzao,,Monday-Tuesday: 14:00 to 00:00; Wednesday: 12:00 to 01:00; Thursday-Friday: 12:00 to 04:00; Saturday: 10:00 to 00:00; Sunday: 14:00 to 00:00
"R. Bebedouro, 22 - Tapanã, Belém - PA, 66833-490, Brasil","R. Bebedouro, 22 - Tapanã, Belém - Pa, 66833-490, Brasil",Bar,,,,,,,,,Brazilian boteco,1.52e+19,Belém,BR,0x92a4617561f56867:0xd33f23c7b86f15c2,,,,-1.3420825,-48.4602489,,Tapanã,+55 91 98069-7798,5590000000000.0,ChIJZ2j1YXVhpJIRwhVvuMcjP9M,,$,7,,7,6.0,0.0,0.0,1.0,0.0,Pará,"R. Bebedouro, 22","R. Bebedouro, 22",,Bar Tó Maior Drink's,Bar Tó Maior Drink'S,4.7,https://www.google.com/maps/search/?api=1&query=Bar%20T%C3%B3%20Maior%20Drink's&query_place_id=ChIJZ2j1YXVhpJIRwhVvuMcjP9M,,Monday-Wednesday: 08:00 to 00:00; Thursday-Saturday: 08:00 to 02:00; Sunday: Closed
"R. São Miguel, 31 - Jurunas, Belém - PA, 66030-550, Brasil","R. São Miguel, 31 - Jurunas, Belém - Pa, 66030-550, Brasil",Bar,,,,,,,,,Brazilian boteco,1.54e+19,Belém,BR,0x92a48fcd1130a7cf:0xd65ec67b0591b4e9,,,,-1.4709921,-48.4890044,,Jurunas,+55 91 98082-8242,5590000000000.0,ChIJz6cwEc2PpJIR6bSRBXvGXtY,66030-550,$,5,,7,5.0,2.0,0.0,0.0,0.0,Pará,"R. São Miguel, 31","R. São Miguel, 31",,Bar o manelito,Bar O Manelito,4.7,https://www.google.com/maps/search/?api=1&query=Bar%20o%20manelito&query_place_id=ChIJz6cwEc2PpJIR6bSRBXvGXtY,,Monday-Tuesday: 18:00 to 00:00; Wednesday: 18:00 to 01:00; Thursday-Friday: 18:00 to 04:00; Saturday-Sunday: Closed
"Alameda Nossa Sra. Vitorias Das, 8 - Tapanã, Belém - PA, 66830-100, Brasil","Alameda Nossa Sra. Vitorias Das, 8 - Tapanã, Belém - Pa, 66830-100, Brasil",Bar,,,,,,,,,Brazilian boteco,1.39e+18,Belém,BR,0x92a461913665ee57:0x133f02f5cfd4e9c3,,,,-1.3521561,-48.4641032,,Tapanã,,,ChIJV-5lNpFhpJIRw-nUz_UCPxM,66830-100,$,6,,20,16.0,0.0,0.0,4.0,0.0,Pará,"Alameda Nossa Sra. Vitorias Das, 8","Alameda Nossa Sra. Vitorias Das, 8",,Visual Bar,Visual Bar,4.6,https://www.google.com/maps/search/?api=1&query=Visual%20Bar&query_place_id=ChIJV-5lNpFhpJIRw-nUz_UCPxM,,Monday-Tuesday: Closed; Wednesday-Thursday: 18:00 to 00:00; Friday-Saturday: 16:00 to 00:00; Sunday: Closed
"R. dos Tambés, 305 - Condor, Belém - PA, 66033-780, Brasil","R. Dos Tambés, 305 - Condor, Belém - Pa, 66033-780, Brasil",Bar,,,,,,,,,Brazilian boteco,1.8e+19,Belém,BR,0x92a48f1e892904a3:0xf9576c3d285bc3bb,,,,-1.471976,-48.4802974,,Condor,+55 91 99612-1098,5590000000000.0,ChIJowQpiR6PpJIRu8NbKD1sV_k,66033-780,$,6,,8,5.0,2.0,0.0,1.0,0.0,Pará,"R. dos Tambés, 305","R. Dos Tambés, 305",,Bar do Paxica,Bar Do Paxica,4.5,https://www.google.com/maps/search/?api=1&query=Bar%20do%20Paxica&query_place_id=ChIJowQpiR6PpJIRu8NbKD1sV_k,https://www.lojalocal.com/amstel/19111488000152,Monday-Tuesday: Closed; Wednesday: 19:00 to 01:00; Thursday-Friday: 19:00 to 04:00; Saturday-Sunday: Closed
"R. dos Timbiras, 419 - Jurunas, Belém - PA, 66030-610, Brasil","R. Dos Timbiras, 419 - Jurunas, Belém - Pa, 66030-610, Brasil",Bar,,,,,,,,,Brazilian boteco,1.14e+19,Belém,BR,0x92a48f9ce6a40419:0x9e96698013290cf5,,,,-1.4714577,-48.4929064,,Jurunas,,,ChIJGQSk5pyPpJIR9QwpE4Bplp4,66030-610,$,4,,1,1.0,0.0,0.0,0.0,0.0,Pará,"R. dos Timbiras, 419","R. Dos Timbiras, 419",,Bar do joelson,Bar Do Joelson,5.0,https://www.google.com/maps/search/?api=1&query=Bar%20do%20joelson&query_place_id=ChIJGQSk5pyPpJIR9QwpE4Bplp4,,Monday: 18:00 to 00:00; Tuesday: 18:00 to 01:00; Wednesday: 18:00 to 02:00; Thursday-Friday: 18:00 to 04:00; Saturday: Closed; Sunday: 18:00 to 00:00
"Av. Alcindo Cacela, 4199 - Condor, Belém - PA, 66065-205, Brasil","Av. Alcindo Cacela, 4199 - Condor, Belém - Pa, 66065-205, Brasil",Bar de cervejas,Bar,,,,,,,,Brazilian boteco,1.62e+19,Belém,BR,0x92a48de0f1eafc41:0xe144adf7cda18fdf,,,,-1.4753145,-48.4756602,,Condor,+55 91 98454-6416,5590000000000.0,ChIJQfzq8eCNpJIR34-hzfetROE,66065-205,$,3,,18,10.0,7.0,0.0,1.0,0.0,Pará,"Av. Alcindo Cacela, 4199","Av. Alcindo Cacela, 4199",,Bar do Jair,Bar Do Jair,4.5,https://www.google.com/maps/search/?api=1&query=Bar%20do%20Jair&query_place_id=ChIJQfzq8eCNpJIR34-hzfetROE,,
"Passagem Benfica, 155 - Benguí, Belém - PA, 66630-895, Brasil","Passagem Benfica, 155 - Benguí, Belém - Pa, 66630-895, Brasil",Bar,,,,,,,,,Brazilian boteco,1.84e+19,Belém,BR,0x92a48a73f27e2787:0xff81899b91906173,,,,-1.3753175,-48.4548201,,Benguí,,,ChIJhyd-8nOKpJIRc2GQkZuJgf8,66630-895,$,20,,14,8.0,0.0,3.0,3.0,0.0,Pará,"Passagem Benfica, 155","Passagem Benfica, 155",,Bar Do Naldo,Bar Do Naldo,3.7,https://www.google.com/maps/search/?api=1&query=Bar%20Do%20Naldo&query_place_id=ChIJhyd-8nOKpJIRc2GQkZuJgf8,,
"R. São Bento, 150 - Benguí, Belém - PA, 66630-030, Brasil","R. São Bento, 150 - Benguí, Belém - Pa, 66630-030, Brasil",Bar,,,,,,,,,Brazilian boteco,1.17e+19,Belém,BR,0x92a48b4ca00dbc75:0xa1f52176ff35b5c1,,,,-1.3782226,-48.4528935,,Benguí,,,ChIJdbwNoEyLpJIRwbU1_3Yh9aE,66630-030,$,82,,0,,,,,,Pará,"R. São Bento, 150","R. São Bento, 150",,Depósito são bento,Depósito São Bento,,https://www.google.com/maps/search/?api=1&query=Dep%C3%B3sito%20s%C3%A3o%20bento&query_place_id=ChIJdbwNoEyLpJIRwbU1_3Yh9aE,,
"R. Fé Em Deus, 58 - Mangueirão, Belém - PA, 66640-520, Brasil","R. Fé Em Deus, 58 - Mangueirão, Belém - Pa, 66640-520, Brasil",Bar,,,,,,,,,Brazilian boteco,1.79e+19,Belém,BR,0x92a48bb6241fc273:0xf8366445baa3410a,,,,-1.384677,-48.4544011,,Mangueirão,,,ChIJc8IfJLaLpJIRCkGjukVkNvg,66640-520,$,80,,0,,,,,,Pará,"R. Fé Em Deus, 58","R. Fé Em Deus, 58",,Na lucirene,Na Lucirene,,https://www.google.com/maps/search/?api=1&query=Na%20lucirene&query_place_id=ChIJc8IfJLaLpJIRCkGjukVkNvg,,
"Passagem Benfica, 162 - Benguí, Belém - PA, 66630-175, Brasil","Passagem Benfica, 162 - Benguí, Belém - Pa, 66630-175, Brasil",Bar,,,,,,,,,Brazilian boteco,1.49e+19,Belém,BR,0x92a48a73ed509ed1:0xce383d742da4eb9c,,,,-1.3753391,-48.4549533,,Benguí,,,ChIJ0Z5Q7XOKpJIRnOukLXQ9OM4,66630-175,$,76,,0,,,,,,Pará,"Passagem Benfica, 162","Passagem Benfica, 162",,BOLEIROS Bar,Boleiros Bar,,https://www.google.com/maps/search/?api=1&query=BOLEIROS%20Bar&query_place_id=ChIJ0Z5Q7XOKpJIRnOukLXQ9OM4,,Monday-Sunday: Atendimento 24 horas
"R. Canal da Margem Direita, 72 - Mangueirão, Belém - PA, 66640-126, Brasil","R. Canal Da Margem Direita, 72 - Mangueirão, Belém - Pa, 66640-126, Brasil",Bar,,,,,,,,,Brazilian boteco,1.24e+19,Belém,BR,0x92a48b3bd5cb81fb:0xaca883e874c7465c,,,,-1.3818659,-48.4494111,,Mangueirão,,,ChIJ-4HL1TuLpJIRXEbHdOiDqKw,66640-126,$,78,,0,,,,,,Pará,"R. Canal da Margem Direita, 72","R. Canal Da Margem Direita, 72",,Bar do Gilson,Bar Do Gilson,,https://www.google.com/maps/search/?api=1&query=Bar%20do%20Gilson&query_place_id=ChIJ-4HL1TuLpJIRXEbHdOiDqKw,,
"Av. Padre Bruno Sechi - Benguí, Belém - PA, 66635-557, Brasil","Av. Padre Bruno Sechi - Benguí, Belém - Pa, 66635-557, Brasil",Bar,,,,,,,,,Brazilian boteco,1.21e+19,Belém,BR,0x92a48b79bc3c20a1:0xa86eebfb1d0bcd16,,,,-1.3752704,-48.4602943,,Benguí,,,ChIJoSA8vHmLpJIRFs0LHfvrbqg,,$,72,,0,,,,,,Pará,Av. Padre Bruno Sechi,Av. Padre Bruno Sechi,,Bilharito Pub,Bilharito Pub,,https://www.google.com/maps/search/?api=1&query=Bilharito%20Pub&query_place_id=ChIJoSA8vHmLpJIRFs0LHfvrbqg,,
"R. São José, 237 - Benguí, Belém - PA, 66630-165, Brasil","R. São José, 237 - Benguí, Belém - Pa, 66630-165, Brasil",Bar,,,,,,,,,Brazilian boteco,2.28e+18,Belém,BR,0x92a48b7a7023eefb:0x1fb13901980cd20d,,,,-1.376202,-48.4663397,,Benguí,,,ChIJ--4jcHqLpJIRDdIMmAE5sR8,66630-165,$,73,,1,0.0,0.0,0.0,0.0,1.0,Pará,"R. São José, 237","R. São José, 237",,João bar,João Bar,2.0,https://www.google.com/maps/search/?api=1&query=Jo%C3%A3o%20bar&query_place_id=ChIJ--4jcHqLpJIRDdIMmAE5sR8,,Monday-Sunday: 18:00 to 03:00
"Av. Arthur Bernardes, 62 - Telégrafo, Belém - PA, 66115-000, Brasil","Av. Arthur Bernardes, 62 - Telégrafo, Belém - Pa, 66115-000, Brasil",Bar,,,,,,,,,Brazilian boteco,2.66e+17,Belém,BR,0x92a489f8f174cd7d:0x3b1030bb5a14baf,,,,-1.3768973,-48.4803653,,Telégrafo,,,ChIJfc108fiJpJIRr0uhtQsDsQM,66115-000,$,71,,1,1.0,0.0,0.0,0.0,0.0,Pará,"Av. Arthur Bernardes, 62","Av. Arthur Bernardes, 62",,BAR BROCAQ,Bar Brocaq,5.0,https://www.google.com/maps/search/?api=1&query=BAR%20BROCAQ&query_place_id=ChIJfc108fiJpJIRr0uhtQsDsQM,,
"Benguí, Belém - PA, 66630-040, Brasil","Benguí, Belém - Pa, 66630-040, Brasil",Bar,,,,,,,,,Brazilian boteco,1.01e+19,Belém,BR,0x92a48a6d8ce17f73:0x8cb23f1e683016f1,,,,-1.3788242,-48.455015,,Benguí,+55 91 98260-5568,5590000000000.0,ChIJc3_hjG2KpJIR8RYwaB4_sow,,$,70,,9,8.0,1.0,0.0,0.0,0.0,Pará,,,,Posto De Vendas Algás,Posto De Vendas Algás,4.9,https://www.google.com/maps/search/?api=1&query=Posto%20De%20Vendas%20Alg%C3%A1s&query_place_id=ChIJc3_hjG2KpJIR8RYwaB4_sow,,
"Avenida Centenário 1052, Cep: 66635-894, Belém - PA, 66635-894, Brasil","Avenida Centenário 1052, Cep: 66635-894, Belém - Pa, 66635-894, Brasil",Bar,Loja de cervejas,,,,,,,,Brazilian boteco,2.06e+18,Belém,BR,0x92a48b0afe52b021:0x1c89f6967aea4a18,,,Shopping Bosque Grão-Pará,-1.3889979,-48.4646712,,Val-de-Cães,+55 91 98194-8979,5590000000000.0,ChIJIbBS_gqLpJIRGErqepb2iRw,66635-894,$,69,,8,6.0,0.0,1.0,0.0,1.0,PA,"Avenida Centenário 1052, Cep: 66635-894","Avenida Centenário 1052, Cep: 66635-894",,Quiosque Chopp Brahma Shopping Bosque Grão Pará - Belém/PA,Quiosque Chopp Brahma Shopping Bosque Grão Pará - Belém/Pa,4.1,https://www.google.com/maps/search/?api=1&query=Quiosque%20Chopp%20Brahma%20Shopping%20Bosque%20Gr%C3%A3o%20Par%C3%A1%20-%20Bel%C3%A9m%2FPA&query_place_id=ChIJIbBS_gqLpJIRGErqepb2iRw,,
"Tv. São Roque - Benguí, Belém - PA, 66630-090, Brasil","Tv. São Roque - Benguí, Belém - Pa, 66630-090, Brasil",Bar,,,,,,,,,Brazilian boteco,1.48e+19,Belém,BR,0x92a48b0000cacf45:0xccde71b4886ec809,,,Conveniência CT,-1.3773204,-48.4619469,,Benguí,,,ChIJRc_KAACLpJIRCchuiLRx3sw,66630-090,$,65,,0,,,,,,Pará,Tv. São Roque,Tv. São Roque,,Altitude soccer,Altitude Soccer,,https://www.google.com/maps/search/?api=1&query=Altitude%20soccer&query_place_id=ChIJRc_KAACLpJIRCchuiLRx3sw,,
"868, Tv. São Pedro, 816 - Benguí, Belém - PA, 66630-130, Brasil","868, Tv. São Pedro, 816 - Benguí, Belém - Pa, 66630-130, Brasil",Bar,,,,,,,,,Brazilian boteco,3.51e+18,Belém,BR,0x92a48a758bfba38d:0x30be49e06437c40a,,,,-1.3713469,-48.4552273,,Benguí,,,ChIJjaP7i3WKpJIRCsQ3ZOBJvjA,66630-130,$,64,,26,12.0,4.0,2.0,8.0,0.0,PA,"868, Tv. São Pedro, 816","868, Tv. São Pedro, 816",,Tv São Pedro,Tv São Pedro,3.9,https://www.google.com/maps/search/?api=1&query=Tv%20S%C3%A3o%20Pedro&query_place_id=ChIJjaP7i3WKpJIRCsQ3ZOBJvjA,,
"Mercado Municipal do - R. José Machado - Benguí, Belém - PA, 66630-140, Brasil","Mercado Municipal Do - R. José Machado - Benguí, Belém - Pa, 66630-140, Brasil",Bar,,,,,,,,,Brazilian boteco,1.37e+19,Belém,BR,0x92a48b234bc21e0b:0xbdabf56a0165f949,,,,-1.3773792,-48.4506333,,Benguí,+55 91 98837-9392,5590000000000.0,ChIJCx7CSyOLpJIRSfllAWr1q70,,$,60,,2,1.0,1.0,0.0,0.0,0.0,Pará,Mercado Municipal do - R. José Machado,Mercado Municipal Do - R. José Machado,,Bar Okarataí?,Bar Okarataí?,4.5,https://www.google.com/maps/search/?api=1&query=Bar%20Okarata%C3%AD%3F&query_place_id=ChIJCx7CSyOLpJIRSfllAWr1q70,https://www.facebook.com/okaratai.okaratai,
"R. Betânia - Benguí, Belém - PA, 66630-140, Brasil","R. Betânia - Benguí, Belém - Pa, 66630-140, Brasil",Bar,,,,,,,,,Brazilian boteco,4.03e+18,Belém,BR,0x92a48b78d77bb6b7:0x37eaa2e44e11ec7b,,,,-1.3767026,-48.4507,,Benguí,,,ChIJt7Z713iLpJIRe-wRTuSi6jc,,$,58,,36,24.0,3.0,1.0,7.0,1.0,Pará,R. Betânia,R. Betânia,,Bar Do Orlando,Bar Do Orlando,4.3,https://www.google.com/maps/search/?api=1&query=Bar%20Do%20Orlando&query_place_id=ChIJt7Z713iLpJIRe-wRTuSi6jc,,Monday: Closed; Tuesday-Thursday: Atendimento 24 horas; Friday: Closed; Saturday-Sunday: Atendimento 24 horas
"R. Magalhães Barata - Benguí, Belém - PA, 66630-040, Brasil","R. Magalhães Barata - Benguí, Belém - Pa, 66630-040, Brasil",Bar de cervejas,,,,,,,,,Brazilian boteco,6.73e+18,Belém,BR,0x92a48b5cdb994ccd:0x5d775cff3bf5e2ba,,,,-1.378695,-48.4511055,,Benguí,+55 91 98136-2100,5590000000000.0,ChIJzUyZ21yLpJIRuuL1O_9cd10,66630-040,$,56,,0,,,,,,Pará,R. Magalhães Barata,R. Magalhães Barata,,IMPÉRIO THIAGO S.,Império Thiago S.,,https://www.google.com/maps/search/?api=1&query=IMP%C3%89RIO%20THIAGO%20S.&query_place_id=ChIJzUyZ21yLpJIRuuL1O_9cd10,https://wa.me/qr/TRQ7YI2SCJQKE1,
"R. São José - Benguí, Belém - PA, 66630-165, Brasil","R. São José - Benguí, Belém - Pa, 66630-165, Brasil",Bar,,,,,,,,,Brazilian boteco,9.37e+18,Belém,BR,0x92a48a0c3aa92b03:0x81fe8d5cbce2e57b,,,,-1.3763966,-48.4630791,,Benguí,+55 91 98190-7938,5590000000000.0,ChIJAyupOgyKpJIRe-XivFyN_oE,66630-165,$,55,,3,3.0,0.0,0.0,0.0,0.0,Pará,R. São José,R. São José,,Bar Da Cris,Bar Da Cris,5.0,https://www.google.com/maps/search/?api=1&query=Bar%20Da%20Cris&query_place_id=ChIJAyupOgyKpJIRe-XivFyN_oE,,Monday-Wednesday: 09:00 to 00:00; Thursday-Friday: Atendimento 24 horas; Saturday-Sunday: 09:00 to 00:00
"Benguí, Belém - PA, 66630-030, Brasil","Benguí, Belém - Pa, 66630-030, Brasil",Bar,,,,,,,,,Brazilian boteco,1.21e+19,Belém,BR,0x92a48bc1091f7637:0xa7b0a3dcbdaf0956,,,,-1.3781613,-48.4506327,,Benguí,,,ChIJN3YfCcGLpJIRVgmvvdyjsKc,,$,54,,44,27.0,6.0,1.0,9.0,1.0,Pará,,,,Bar Pantoja,Bar Pantoja,4.3,https://www.google.com/maps/search/?api=1&query=Bar%20Pantoja&query_place_id=ChIJN3YfCcGLpJIRVgmvvdyjsKc,,
"Passagem Da Paz Da Psg Elcione Barbalho, 104 - Mangueirão, Belém - PA, 66640-006, Brasil","Passagem Da Paz Da Psg Elcione Barbalho, 104 - Mangueirão, Belém - Pa, 66640-006, Brasil",Bar,,,,,,,,,Brazilian boteco,4.57e+18,Belém,BR,0x92a48bd90f991e39:0x3f5c214db3b57c9a,,,,-1.3796734,-48.454419,,Mangueirão,+55 91 98102-6458,5590000000000.0,ChIJOR6ZD9mLpJIRmny1s00hXD8,66640-006,$,51,,0,,,,,,Pará,"Passagem Da Paz Da Psg Elcione Barbalho, 104","Passagem Da Paz Da Psg Elcione Barbalho, 104",,Bar da Marion,Bar Da Marion,,https://www.google.com/maps/search/?api=1&query=Bar%20da%20Marion&query_place_id=ChIJOR6ZD9mLpJIRmny1s00hXD8,,
"R. Magalhães Barata, 598 - Benguí, Belém - PA, 66630-040, Brasil","R. Magalhães Barata, 598 - Benguí, Belém - Pa, 66630-040, Brasil",Bar,,,,,,,,,pub,3.6e+18,Belém,BR,0x92a48b9473fef51f:0x31fe025808b1180a,,,,-1.3787125,-48.451458,,Benguí,,,ChIJH_X-c5SLpJIRChixCFgC_jE,66630-040,$$,48,,6,4.0,0.0,0.0,2.0,0.0,Pará,"R. Magalhães Barata, 598","R. Magalhães Barata, 598",,Empório do gole,Empório Do Gole,4.3,https://www.google.com/maps/search/?api=1&query=Emp%C3%B3rio%20do%20gole&query_place_id=ChIJH_X-c5SLpJIRChixCFgC_jE,,
"Avenida, 13 - Centro, Belém - PA, 67030-901, Brasil","Avenida, 13 - Centro, Belém - Pa, 67030-901, Brasil",Bar,,,,,,,,,Brazilian boteco,1.84e+19,Belém,BR,0x92a48bf7c2a6c25d:0xfff07d443a0bb6a2,,,,-1.3728366,-48.4502445,,Centro,+55 91 98317-6595,5590000000000.0,ChIJXcKmwveLpJIRorYLOkR98P8,67030-901,$,44,,0,,,,,,Pará,"Avenida, 13","Avenida, 13",,L L,L L,,https://www.google.com/maps/search/?api=1&query=L%20L&query_place_id=ChIJXcKmwveLpJIRorYLOkR98P8,https://www.lojalocal.com/amstel/31961059000170,Monday-Friday: 08:00 to 16:00; Saturday: Closed; Sunday: 08:00 to 16:00
"R. Três, 14 - Tapanã, Belém - PA, 66825-225, Brasil","R. Três, 14 - Tapanã, Belém - Pa, 66825-225, Brasil",Bar,,,,,,,,,Brazilian boteco,1.34e+19,Belém,BR,0x92a4614adb91df81:0xb9c7a559c89072a3,,,,-1.3612117,-48.4612154,,Tapanã,,,ChIJgd-R20phpJIRo3KQyFmlx7k,66825-225,$,39,,2,2.0,0.0,0.0,0.0,0.0,Pará,"R. Três, 14","R. Três, 14",,Casa Brasil - Point da Latinha,Casa Brasil - Point Da Latinha,5.0,https://www.google.com/maps/search/?api=1&query=Casa%20Brasil%20-%20Point%20da%20Latinha&query_place_id=ChIJgd-R20phpJIRo3KQyFmlx7k,,Monday-Saturday: 09:00 to 00:00; Sunday: Closed
"Tv. São Pedro, 229 - Benguí, Belém - PA, 66630-130, Brasil","Tv. São Pedro, 229 - Benguí, Belém - Pa, 66630-130, Brasil",Bar de cervejas,,,,,,,,,Brazilian boteco,9.56e+18,Belém,BR,0x92a48bbdd3f5cb4b:0x84a7b8a63b8a9971,,,,-1.3787875,-48.4553943,,Benguí,+55 91 98426-2973,5590000000000.0,ChIJS8v1072LpJIRcZmKO6a4p4Q,66630-130,$,36,,9,9.0,0.0,0.0,0.0,0.0,Pará,"Tv. São Pedro, 229","Tv. São Pedro, 229",,Bar dos Primos,Bar Dos Primos,5.0,https://www.google.com/maps/search/?api=1&query=Bar%20dos%20Primos&query_place_id=ChIJS8v1072LpJIRcZmKO6a4p4Q,,Monday: Closed; Tuesday-Friday: 18:00 to 00:00; Saturday-Sunday: Closed
"Av. Mangueirão, 21 - Mangueirão, Belém - PA, 66640-480, Brasil","Av. Mangueirão, 21 - Mangueirão, Belém - Pa, 66640-480, Brasil",Bar,,,,,,,,,Brazilian boteco,1.14e+18,Belém,BR,0x92a48bfe6f24bc4b:0xfc2b5a7cbc1cbaf,,,,-1.3806933,-48.4537088,,Mangueirão,+55 91 98195-3918,5590000000000.0,ChIJS7wkb_6LpJIRr8vBy6e1wg8,66640-480,$,33,,0,,,,,,Pará,"Av. Mangueirão, 21","Av. Mangueirão, 21",,Bar Monteiro,Bar Monteiro,,https://www.google.com/maps/search/?api=1&query=Bar%20Monteiro&query_place_id=ChIJS7wkb_6LpJIRr8vBy6e1wg8,https://www.lojalocal.com/00042894484291,
"Passagem Liberdade - Mangueirão, Belém - PA, 66640-150, Brasil","Passagem Liberdade - Mangueirão, Belém - Pa, 66640-150, Brasil",Bar,,,,,,,,,Brazilian boteco,6.96e+18,Belém,BR,0x92a48a6e4b40ac0f:0x6092e7c7f9a0b32a,,,,-1.3794911,-48.4512186,,Mangueirão,,,ChIJD6xAS26KpJIRKrOg-cfnkmA,66640-150,$,34,,5,2.0,2.0,1.0,0.0,0.0,Pará,Passagem Liberdade,Passagem Liberdade,,Bar Da Tia,Bar Da Tia,3.8,https://www.google.com/maps/search/?api=1&query=Bar%20Da%20Tia&query_place_id=ChIJD6xAS26KpJIRKrOg-cfnkmA,,
"Av. Cel. Brito, 121 - Mangueirão, Belém - PA, 66640-230, Brasil","Av. Cel. Brito, 121 - Mangueirão, Belém - Pa, 66640-230, Brasil",Bar,Hamburgueria,,,,,,,,pub,1.27e+19,Belém,BR,0x92a48bc739d2c699:0xb0dd7ef8e344fc30,,"https://food.google.com/chooseprovider?restaurantId=/g/11qnm0m2j7&g2lbs=AOHF13kI0KKfYr5D9DqrvezpAhxnUdCYICDFxRwiyciZyOfkfJ_FlA8YMeONKnO1khiEwwZq8qtmAqT345Q0NhhKkJ4a4wsa88oGTg46h9sRlaqKtzOKJik%3D&hl=pt-BR&gl=us&fo_m=MfohQo559jFvMUOzJVpjPL1YMfZ3bInYwBDuMfaXTPp5KXh-&utm_source=tactile&gei=fIKxZvG5H6DZkPIPxt_TgAQ&ei=fIKxZvG5H6DZkPIPxt_TgAQ&fo_s=OA,SOE&opi=79508299&foub=mcpp",,-1.3821739,-48.4580842,,Mangueirão,+55 91 99181-3388,5590000000000.0,ChIJmcbSOceLpJIRMPxE4_h-3bA,66640-230,$$,30,,102,81.0,16.0,0.0,5.0,0.0,Pará,"Av. Cel. Brito, 121","Av. Cel. Brito, 121",,Point Beer,Point Beer,4.7,https://www.google.com/maps/search/?api=1&query=Point%20Beer&query_place_id=ChIJmcbSOceLpJIRMPxE4_h-3bA,,
"R. Ajax de Oliveira, 460 - Benguí, Belém - PA, 66630-000, Brasil","R. Ajax De Oliveira, 460 - Benguí, Belém - Pa, 66630-000, Brasil",Bar,,,,,,,,,Brazilian boteco,1.43e+19,Belém,BR,0x92a48b3922d2a693:0xc69266100c73e2a8,,,,-1.376269,-48.4551603,,Benguí,+55 91 98524-8390,5590000000000.0,ChIJk6bSIjmLpJIRqOJzDBBmksY,66630-000,$,32,,4,4.0,0.0,0.0,0.0,0.0,Pará,"R. Ajax de Oliveira, 460","R. Ajax De Oliveira, 460",,conveniencia altas horas,Conveniencia Altas Horas,5.0,https://www.google.com/maps/search/?api=1&query=conveniencia%20altas%20horas&query_place_id=ChIJk6bSIjmLpJIRqOJzDBBmksY,,Monday-Thursday: Closed; Friday-Saturday: 16:00 to 03:00; Sunday: Closed
"Vila da Paz, 9 - Benguí, Belém - PA, 66630-175, Brasil","Vila Da Paz, 9 - Benguí, Belém - Pa, 66630-175, Brasil",Bar,Loja de Conveniência,,,,,,,,Brazilian boteco,8.63e+18,Belém,BR,0x92a48bb583777f1b:0x77c13efd8a914c77,,,,-1.3757333,-48.4645592,,Benguí,,,ChIJG393g7WLpJIRd0yRiv0-wXc,66630-175,$,26,,0,,,,,,Pará,"Vila da Paz, 9","Vila Da Paz, 9",,Vila Pub,Vila Pub,,https://www.google.com/maps/search/?api=1&query=Vila%20Pub&query_place_id=ChIJG393g7WLpJIRd0yRiv0-wXc,,Monday-Wednesday: 10:00 to 22:00; Thursday-Friday: 10:00 to 00:00; Saturday-Sunday: 10:00 to 22:00
"Av. Centenário, 1052 - Val-de-Cães, Belém - PA, 66635-894, Brasil","Av. Centenário, 1052 - Val-De-Cães, Belém - Pa, 66635-894, Brasil",Bar esportivo,Restaurante,,,,,,,,Sports bar,1.84e+19,Belém,BR,0x92a48a3b944acd8f:0xffe5f7254e378d94,,,Shopping Bosque Grão-Pará,-1.3907068,-48.466391,,Val-de-Cães,+55 91 99981-3789,5590000000000.0,ChIJj81KlDuKpJIRlI03TiX35f8,66635-894,$$,19,,1177,815.0,231.0,41.0,72.0,18.0,Pará,"Av. Centenário, 1052","Av. Centenário, 1052",,Bosque Sport Bar & Bowling (1° andar),Bosque Sport Bar & Bowling (1° Andar),4.5,https://www.google.com/maps/search/?api=1&query=Bosque%20Sport%20Bar%20%26%20Bowling%20(1%C2%B0%20andar)&query_place_id=ChIJj81KlDuKpJIRlI03TiX35f8,,
"Benguí, Belém - PA, 66635-557, Brasil","Benguí, Belém - Pa, 66635-557, Brasil",Bar,,,,,,,,,Brazilian boteco,4.15e+18,Belém,BR,0x92a48a0c9b203cb1:0x399c3fce3eb6eb1f,,,,-1.3753189,-48.4605363,,Benguí,,,ChIJsTwgmwyKpJIRH-u2Ps4_nDk,,$,16,,0,,,,,,Pará,,,,Bar Rai & Rosa,Bar Rai & Rosa,,https://www.google.com/maps/search/?api=1&query=Bar%20Rai%20%26%20Rosa&query_place_id=ChIJsTwgmwyKpJIRH-u2Ps4_nDk,,Monday-Friday: 11:00 to 00:00; Saturday: 11:00 to 17:00; Sunday: 11:00 to 00:00
"Av. Mangueirão - Mangueirão, Belém - PA, 66640-430, Brasil","Av. Mangueirão - Mangueirão, Belém - Pa, 66640-430, Brasil",Bar,,,,,,,,,Brazilian boteco,1.57e+19,Belém,BR,0x92a48a6c2e01d5d9:0xda8c4e92cccdc6f1,,,,-1.3801646,-48.4541678,,Mangueirão,,,ChIJ2dUBLmyKpJIR8cbNzJJOjNo,,$,18,,5,4.0,0.0,0.0,0.0,1.0,Pará,Av. Mangueirão,Av. Mangueirão,,Lima's Bar,Lima'S Bar,4.4,https://www.google.com/maps/search/?api=1&query=Lima's%20Bar&query_place_id=ChIJ2dUBLmyKpJIR8cbNzJJOjNo,,Monday: Closed; Tuesday-Saturday: 10:00 to 22:00; Sunday: Closed
"Tv. Srg. Favarro, box 08 - Mangueirão, Belém - PA, 66640-380, Brasil","Tv. Srg. Favarro, Box 08 - Mangueirão, Belém - Pa, 66640-380, Brasil",Bar de cervejas,,,,,,,,,Brazilian boteco,1.65e+19,Belém,BR,0x92a48b1ff319056f:0xe476c76279140b69,,,,-1.3818686,-48.4574762,,Mangueirão,+55 91 98253-1967,5590000000000.0,ChIJbwUZ8x-LpJIRaQsUeWLHduQ,66640-380,$,17,,1,1.0,0.0,0.0,0.0,0.0,Pará,"Tv. Srg. Favarro, box 08","Tv. Srg. Favarro, Box 08",,Bar e Restaurante Fiel jr,Bar E Restaurante Fiel Jr,5.0,https://www.google.com/maps/search/?api=1&query=Bar%20e%20Restaurante%20Fiel%20jr&query_place_id=ChIJbwUZ8x-LpJIRaQsUeWLHduQ,,
"Tv. Srg. Favarro, 07 - Mangueirão, Belém - PA, 66640-200, Brasil","Tv. Srg. Favarro, 07 - Mangueirão, Belém - Pa, 66640-200, Brasil",Bar,,,,,,,,,Brazilian boteco,1.07e+19,Belém,BR,0x92a48bf6adc18d2b:0x94d8619512eb9df5,,,,-1.3796517,-48.457331,,Mangueirão,+55 91 98058-8970,5590000000000.0,ChIJK43BrfaLpJIR9Z3rEpVh2JQ,66640-200,$,14,,0,,,,,,Pará,"Tv. Srg. Favarro, 07","Tv. Srg. Favarro, 07",,Bar Fiel Conveniência,Bar Fiel Conveniência,,https://www.google.com/maps/search/?api=1&query=Bar%20Fiel%20Conveni%C3%AAncia&query_place_id=ChIJK43BrfaLpJIR9Z3rEpVh2JQ,https://www.lojalocal.com/27679724000160,
"Mangueirão, Belém - PA, 66640-200, Brasil","Mangueirão, Belém - Pa, 66640-200, Brasil",Bar,,,,,,,,,Brazilian boteco,1.82e+19,Belém,BR,0x92a48a6ca31eea0f:0xfc849244313a6d42,,,,-1.3818367,-48.4576644,,Mangueirão,+55 981463919,,ChIJD-oeo2yKpJIRQm06MUSShPw,,$,5,,165,107.0,38.0,6.0,12.0,2.0,Pará,,,,Centenário Bar E Restaurante,Centenário Bar E Restaurante,4.4,https://www.google.com/maps/search/?api=1&query=Centen%C3%A1rio%20Bar%20E%20Restaurante&query_place_id=ChIJD-oeo2yKpJIRQm06MUSShPw,,Monday-Thursday: 07:00 to 23:30; Friday-Saturday: 08:00 to 23:30; Sunday: 07:00 to 23:30
"Av. Padre Bruno Sechi, 10 - Benguí, Belém - PA, 66630-420, Brasil","Av. Padre Bruno Sechi, 10 - Benguí, Belém - Pa, 66630-420, Brasil",Bar,,,,,,,,,Brazilian boteco,1.91e+17,Belém,BR,0x92a46114c8de947d:0x2a6d9b3b4c1323a,,,,-1.3708691,-48.4582503,,Benguí,+55 91 98159-3042,5590000000000.0,ChIJfZTeyBRhpJIROjLBtLPZpgI,66630-420,$,8,,197,127.0,19.0,18.0,21.0,12.0,Pará,"Av. Padre Bruno Sechi, 10","Av. Padre Bruno Sechi, 10",,Bar Parada Obrigatória,Bar Parada Obrigatória,4.1,https://www.google.com/maps/search/?api=1&query=Bar%20Parada%20Obrigat%C3%B3ria&query_place_id=ChIJfZTeyBRhpJIROjLBtLPZpgI,https://www.facebook.com/Bar-Parada-Obrig%C3%A1toria-124798464378694/,Monday: 10:00 to 22:00; Tuesday: 08:00 to 22:00; Wednesday: 10:30 to 01:00; Thursday: 10:00 to 22:30; Friday: 08:00 to 00:00; Saturday: 10:00 to 23:00; Sunday: 10:00 to 22:00
"Tv. Srg. Favarro, 01 - Mangueirão, Belém - PA, 66640-200, Brasil","Tv. Srg. Favarro, 01 - Mangueirão, Belém - Pa, 66640-200, Brasil",Bar,,,,,,,,,Brazilian boteco,2.48e+18,Belém,BR,0x92a48a6d150ca1f7:0x2263a7ba2271dfb9,,,,-1.3795678,-48.4569186,,Mangueirão,,,ChIJ96EMFW2KpJIRud9xIrqnYyI,66640-200,$,4,,16,8.0,4.0,0.0,3.0,1.0,Pará,"Tv. Srg. Favarro, 01","Tv. Srg. Favarro, 01",,Bar do ZECA,Bar Do Zeca,4.2,https://www.google.com/maps/search/?api=1&query=Bar%20do%20ZECA&query_place_id=ChIJ96EMFW2KpJIRud9xIrqnYyI,,Monday-Wednesday: 08:00 to 21:00; Thursday-Friday: 16:00 to 00:00; Saturday-Sunday: 08:00 to 21:00
"R. São José, 39 - Benguí, Belém - PA, 66630-165, Brasil","R. São José, 39 - Benguí, Belém - Pa, 66630-165, Brasil",Bar,,,,,,,,,Brazilian boteco,1.53e+19,Belém,BR,0x92a48a0cf2736fe7:0xd4f689d3ebcc2147,,,,-1.3760603,-48.4606054,,Benguí,,,ChIJ529z8gyKpJIRRyHM69OJ9tQ,66630-165,$,10,,0,,,,,,Pará,"R. São José, 39","R. São José, 39",,Bar Josenia's,Bar Josenia'S,,https://www.google.com/maps/search/?api=1&query=Bar%20Josenia's&query_place_id=ChIJ529z8gyKpJIRRyHM69OJ9tQ,,Monday: Closed; Tuesday: 17:00 to 00:00; Wednesday: Closed; Thursday-Friday: 17:00 to 02:00; Saturday: 14:00 to 00:00; Sunday: Closed
"Av. Cel. Brito - Mangueirão, Belém - PA, 66640-023, Brasil","Av. Cel. Brito - Mangueirão, Belém - Pa, 66640-023, Brasil",Bar de cervejas,,,,,,,,,Brazilian boteco,1.62e+19,Belém,BR,0x92a48b06faf81e37:0xe0734785ff796460,,,,-1.3820077,-48.457667,,Mangueirão,+55 91 98209-3151,5590000000000.0,ChIJNx74-gaLpJIRYGR5_4VHc-A,66640-023,$,3,,1,1.0,0.0,0.0,0.0,0.0,Pará,Av. Cel. Brito,Av. Cel. Brito,,Aninhas Bar,Aninhas Bar,5.0,https://www.google.com/maps/search/?api=1&query=Aninhas%20Bar&query_place_id=ChIJNx74-gaLpJIRYGR5_4VHc-A,,Monday-Wednesday: Closed; Thursday-Saturday: Atendimento 24 horas; Sunday: Closed
"Tv. Angustura, 658 - Sacramenta, Belém - PA, 66120-230, Brasil","Tv. Angustura, 658 - Sacramenta, Belém - Pa, 66120-230, Brasil",Bar,,,,,,,,,Brazilian boteco,7.79e+17,Belém,BR,0x92a48be26562e4cf:0xaceb4dea5fd6293,,,,-1.4206097,-48.4779997,,Sacramenta,,,ChIJz-RiZeKLpJIRk2L9pd60zgo,66120-230,$,19,,43,30.0,4.0,3.0,2.0,4.0,Pará,"Tv. Angustura, 658","Tv. Angustura, 658",,Bar Do Richard,Bar Do Richard,4.3,https://www.google.com/maps/search/?api=1&query=Bar%20Do%20Richard&query_place_id=ChIJz-RiZeKLpJIRk2L9pd60zgo,,"Monday: 10:00 to 15:00; Tuesday-Thursday: 10:00 to 15:00, 18:00 to 00:00; Friday: 10:00 to 01:00; Saturday: 10:00 to 16:00; Sunday: 10:00 to 15:00, 18:00 to 00:00"
"R. Principal, QD 5 N - Tenoné, Belém - PA, Brasil","R. Principal, Qd 5 N - Tenoné, Belém - Pa, Brasil",Bar,,,,,,,,,Brazilian boteco,5.94e+18,Belém,BR,0x92a48ba80c78de05:0x5260bf724399ed49,,,,-1.378941,-48.4382245,,Tenoné,+55 91 98522-3475,5590000000000.0,ChIJBd54DKiLpJIRSe2ZQ3K_YFI,,$,95,,0,,,,,,Pará,"R. Principal, QD 5 N","R. Principal, Qd 5 N",,"Bar e depósito ""RR ""","Bar E Depósito ""Rr """,,https://www.google.com/maps/search/?api=1&query=Bar%20e%20dep%C3%B3sito%20%22RR%20%22&query_place_id=ChIJBd54DKiLpJIRSe2ZQ3K_YFI,,Monday-Thursday: 10:00 to 23:00; Friday: 10:00 to 02:00; Saturday: 10:00 to 00:00; Sunday: 10:00 to 23:00
"R. Canal Da Margem Esquerda - Mangueirão, Belém - PA, 66640-090, Brasil","R. Canal Da Margem Esquerda - Mangueirão, Belém - Pa, 66640-090, Brasil",Bar,,,,,,,,,Brazilian boteco,2.29e+18,Belém,BR,0x92a48bb9f6606555:0x1fd527847f8be895,,,,-1.3816125,-48.4491694,,Mangueirão,,,ChIJVWVg9rmLpJIRleiLf4Qn1R8,66640-090,$,98,,2,2.0,0.0,0.0,0.0,0.0,Pará,R. Canal Da Margem Esquerda,R. Canal Da Margem Esquerda,,Bar do Paulo,Bar Do Paulo,5.0,https://www.google.com/maps/search/?api=1&query=Bar%20do%20Paulo&query_place_id=ChIJVWVg9rmLpJIRleiLf4Qn1R8,,Monday-Friday: 08:00 to 20:00; Saturday: Closed; Sunday: 08:00 to 20:00
"Passagem São Pedro - Cabanagem, Belém - PA, 66625-500, Brasil","Passagem São Pedro - Cabanagem, Belém - Pa, 66625-500, Brasil",Bar,,,,,,,,,Brazilian boteco,7.49e+18,Belém,BR,0x92a48bb984c68e17:0x67f5b08e0b424560,,,,-1.3720374,-48.434232,,Cabanagem,,,ChIJF47GhLmLpJIRYEVCC46w9Wc,66625-500,$,100,,0,,,,,,Pará,Passagem São Pedro,Passagem São Pedro,,Honório bar,Honório Bar,,https://www.google.com/maps/search/?api=1&query=Hon%C3%B3rio%20bar&query_place_id=ChIJF47GhLmLpJIRYEVCC46w9Wc,,
"R. do Fio - Cabanagem, Belém - PA, 66625-640, Brasil","R. Do Fio - Cabanagem, Belém - Pa, 66625-640, Brasil",Bar,,,,,,,,,Brazilian boteco,1.1e+19,Belém,BR,0x92a461556add0faf:0x983b6d60b39777a7,,,,-1.3698627,-48.4320398,,Cabanagem,,,ChIJrw_dalVhpJIRp3eXs2BtO5g,66625-640,$,85,,7,5.0,1.0,0.0,1.0,0.0,Pará,R. do Fio,R. Do Fio,,Bar Oriental,Bar Oriental,4.6,https://www.google.com/maps/search/?api=1&query=Bar%20Oriental&query_place_id=ChIJrw_dalVhpJIRp3eXs2BtO5g,,Monday-Thursday: 09:00 to 00:00; Friday: 09:00 to 01:00; Saturday-Sunday: 09:00 to 00:00
"Av. Damasco, 180 - Cabanagem, Belém - PA, 66633-070, Brasil","Av. Damasco, 180 - Cabanagem, Belém - Pa, 66633-070, Brasil",Bar,,,,,,,,,Brazilian boteco,7.11e+17,Belém,BR,0x92a48b5322748f97:0x9dc590be67f2e69,,,,-1.3747241,-48.4415669,,Cabanagem,+55 91 98857-3739,5590000000000.0,ChIJl490IlOLpJIRaS5_5gtZ3Ak,66633-070,$,96,,0,,,,,,Pará,"Av. Damasco, 180","Av. Damasco, 180",,Boteco do carlinho,Boteco Do Carlinho,,https://www.google.com/maps/search/?api=1&query=Boteco%20do%20carlinho&query_place_id=ChIJl490IlOLpJIRaS5_5gtZ3Ak,,Monday-Wednesday: 16:00 to 23:00; Thursday-Friday: 16:00 to 03:00; Saturday: 16:00 to 00:00; Sunday: Closed
"Estr. do Benjamin, 55 - Cabanagem, Belém - PA, 66650-450, Brasil","Estr. Do Benjamin, 55 - Cabanagem, Belém - Pa, 66650-450, Brasil",Bar,,,,,,,,,Brazilian boteco,1.75e+19,Belém,BR,0x92a48a82b4b8e745:0xf316588bcacd4949,,,,-1.3713941,-48.4288237,,Cabanagem,+55 91 98541-2537,5590000000000.0,ChIJRee4tIKKpJIRSUnNyotYFvM,66650-450,$,94,,8,4.0,3.0,0.0,0.0,1.0,Pará,"Estr. do Benjamin, 55","Estr. Do Benjamin, 55",,Bar E Mercearia Bola Ao Copo,Bar E Mercearia Bola Ao Copo,4.3,https://www.google.com/maps/search/?api=1&query=Bar%20E%20Mercearia%20Bola%20Ao%20Copo&query_place_id=ChIJRee4tIKKpJIRSUnNyotYFvM,,
"R. União, 3 - Cabanagem, Belém - PA, 66625-800, Brasil","R. União, 3 - Cabanagem, Belém - Pa, 66625-800, Brasil",Bar,,,,,,,,,Brazilian boteco,1.03e+19,Belém,BR,0x92a48aee9107fdab:0x8e7a756c61bdc4a8,,,,-1.364495,-48.4360969,,Cabanagem,+55 980323160,,ChIJq_0Hke6KpJIRqMS9YWx1eo4,66625-800,$,86,,6,3.0,0.0,1.0,2.0,0.0,Pará,"R. União, 3","R. União, 3",,David Bar,David Bar,3.7,https://www.google.com/maps/search/?api=1&query=David%20Bar&query_place_id=ChIJq_0Hke6KpJIRqMS9YWx1eo4,,
"Passagem Val-de-Cães, 113 - Cabanagem, Belém - PA, 66625-157, Brasil","Passagem Val-De-Cães, 113 - Cabanagem, Belém - Pa, 66625-157, Brasil",Bar,,,,,,,,,Brazilian boteco,1.12e+19,Belém,BR,0x92a4602a2c697dd5:0x9b523ecc5f511ac4,,,,-1.369103,-48.4341429,,Cabanagem,,,ChIJ1X1pLCpgpJIRxBpRX8w-Ups,66625-157,$,70,,0,,,,,,Pará,"Passagem Val-de-Cães, 113","Passagem Val-De-Cães, 113",,Bar tortale,Bar Tortale,,https://www.google.com/maps/search/?api=1&query=Bar%20tortale&query_place_id=ChIJ1X1pLCpgpJIRxBpRX8w-Ups,,Monday-Wednesday: 17:30 to 01:00; Thursday: 17:30 to 02:00; Friday: 17:30 to 03:00; Saturday: 17:30 to 02:00; Sunday: Closed
"R. Principal, 89 - Cabanagem, Belém - PA, 66640-045, Brasil","R. Principal, 89 - Cabanagem, Belém - Pa, 66640-045, Brasil",Bar,,,,,,,,,Brazilian boteco,1.57e+19,Belém,BR,0x92a48a87bfba6495:0xd9a44c51dd0213f2,,,,-1.3771359,-48.4375057,,Cabanagem,,,ChIJlWS6v4eKpJIR8hMC3VFMpNk,66640-045,$,55,,70,44.0,9.0,2.0,12.0,3.0,Pará,"R. Principal, 89","R. Principal, 89",,Bar dos Aposentados,Bar Dos Aposentados,4.3,https://www.google.com/maps/search/?api=1&query=Bar%20dos%20Aposentados&query_place_id=ChIJlWS6v4eKpJIR8hMC3VFMpNk,,Monday-Saturday: 17:00 to 00:00; Sunday: Closed
"Passagem da Paz - Cabanagem, Belém - PA, Belém, 66625-414, Brasil","Passagem Da Paz - Cabanagem, Belém - Pa, Belém, 66625-414, Brasil",Bar,,,,,,,,,Brazilian boteco,1.46e+19,Belém,BR,0x92a4612741bf9ecb:0xca0e48d68f89786e,,,,-1.3679848,-48.4295561,,Cabanagem,,,ChIJy56_QSdhpJIRbniJj9ZIDso,66625-414,$,84,,35,27.0,5.0,2.0,1.0,0.0,PA,"Passagem da Paz - Cabanagem, Belém - PA, Belém","Passagem Da Paz - Cabanagem, Belém - Pa, Belém",,Bar do Negão,Bar Do Negão,4.6,https://www.google.com/maps/search/?api=1&query=Bar%20do%20Neg%C3%A3o&query_place_id=ChIJy56_QSdhpJIRbniJj9ZIDso,,Monday-Sunday: Atendimento 24 horas
"Alameda dos Cravos - Mangueirão, Belém - PA, 66633-040, Brasil","Alameda Dos Cravos - Mangueirão, Belém - Pa, 66633-040, Brasil",Bar,,,,,,,,,Brazilian boteco,1.19e+19,Belém,BR,0x92a48a7e7ee9804f:0xa48586fd5434d2a7,,,,-1.3747531,-48.4415817,,Mangueirão,+55 91 98137-3534,5590000000000.0,ChIJT4Dpfn6KpJIRp9I0VP2GhaQ,66633-040,$,79,,86,53.0,17.0,8.0,5.0,3.0,Pará,Alameda dos Cravos,Alameda Dos Cravos,,Bar do Regis,Bar Do Regis,4.2,https://www.google.com/maps/search/?api=1&query=Bar%20do%20Regis&query_place_id=ChIJT4Dpfn6KpJIRp9I0VP2GhaQ,,Monday: Closed; Tuesday-Wednesday: 17:00 to 00:00; Thursday-Friday: 17:00 to 03:00; Saturday-Sunday: Closed
"R. Tancredo Neves, 61 - Mangueirão, Belém - PA, 66640-265, Brasil","R. Tancredo Neves, 61 - Mangueirão, Belém - Pa, 66640-265, Brasil",Bar esportivo,,,,,,,,,Brazilian boteco,2.74e+18,Belém,BR,0x92a48b29b8244ced:0x260ebf4b14ced2af,,,,-1.380237,-48.436987,,Mangueirão,+55 91 98236-1125,5590000000000.0,ChIJ7UwkuCmLpJIRr9LOFEu_DiY,66640-265,$,15,,28,21.0,3.0,0.0,4.0,0.0,Pará,"R. Tancredo Neves, 61","R. Tancredo Neves, 61",,BAR DO BAIXINHO,Bar Do Baixinho,4.6,https://www.google.com/maps/search/?api=1&query=BAR%20DO%20BAIXINHO&query_place_id=ChIJ7UwkuCmLpJIRr9LOFEu_DiY,,Monday-Tuesday: Closed; Wednesday-Friday: 19:00 to 04:00; Saturday-Sunday: Closed
"Cabanagem, Belém - PA, 66650-450, Brasil","Cabanagem, Belém - Pa, 66650-450, Brasil",Bar,,,,,,,,,Brazilian boteco,6.45e+18,Belém,BR,0x92a4602e242d53df:0x5984f007155c7cbf,,,,-1.3636835,-48.4320484,,Cabanagem,+55 91 98829-2203,5590000000000.0,ChIJ31MtJC5gpJIRv3xcFQfwhFk,,$,12,,4,4.0,0.0,0.0,0.0,0.0,Pará,,,,Junios Bar,Junios Bar,5.0,https://www.google.com/maps/search/?api=1&query=Junios%20Bar&query_place_id=ChIJ31MtJC5gpJIRv3xcFQfwhFk,https://www.instagram.com/_bar_do_junior_?igsh=MTBhMjVzNjRja2NzZA==,
"Rod. Transcoqueiro - Mangueirão, Belém - PA, 67113-345, Brasil","Rod. Transcoqueiro - Mangueirão, Belém - Pa, 67113-345, Brasil",Bar,,,,,,,,,Brazilian boteco,4.62e+18,Belém,BR,0x92a48a8f0fefa971:0x402230135234891d,,,,-1.3793725,-48.4318331,,Mangueirão,,,ChIJcanvD4-KpJIRHYk0UhMwIkA,67113-345,$,18,,36,19.0,3.0,6.0,4.0,4.0,Pará,Rod. Transcoqueiro,Rod. Transcoqueiro,,Bar 4 Irmãos,Bar 4 Irmãos,3.7,https://www.google.com/maps/search/?api=1&query=Bar%204%20Irm%C3%A3os&query_place_id=ChIJcanvD4-KpJIRHYk0UhMwIkA,,Monday: Closed; Tuesday-Saturday: 17:15 to 00:00; Sunday: Closed
"Passagem Tocantins, 307-289 - Cabanagem, Belém - PA, 66625-155, Brasil","Passagem Tocantins, 307-289 - Cabanagem, Belém - Pa, 66625-155, Brasil",Bar,,,,,,,,,Brazilian boteco,1.79e+19,Belém,BR,0x92a46170dcec8b7d:0xf8dc7015afc90838,,,,-1.3685667,-48.4336422,,Cabanagem,,,ChIJfYvs3HBhpJIROAjJrxVw3Pg,66625-155,$,3,,18,15.0,2.0,0.0,1.0,0.0,Pará,"Passagem Tocantins, 307-289","Passagem Tocantins, 307-289",,Bar Da Aparecida,Bar Da Aparecida,4.8,https://www.google.com/maps/search/?api=1&query=Bar%20Da%20Aparecida&query_place_id=ChIJfYvs3HBhpJIROAjJrxVw3Pg,,Monday: 18:00 to 00:00; Tuesday-Wednesday: 17:00 to 01:00; Thursday: 17:00 to 02:00; Friday: 16:00 to 03:00; Saturday: 17:00 to 00:00; Sunday: Closed
"R. Vale Azul - Tenoné, Belém - PA, 66820-600, Brasil","R. Vale Azul - Tenoné, Belém - Pa, 66820-600, Brasil",Bar,,,,,,,,,Brazilian boteco,7.57e+18,Belém,BR,0x92a4616fa10a02c9:0x6907e3b19bc344cb,,,,-1.3134852,-48.4509456,,Tenoné,+55 91 98218-0986,5590000000000.0,ChIJyQIKoW9hpJIRy0TDm7HjB2k,66820-600,$,85,,0,,,,,,Pará,R. Vale Azul,R. Vale Azul,,casa do EDER,Casa Do Eder,,https://www.google.com/maps/search/?api=1&query=casa%20do%20EDER&query_place_id=ChIJyQIKoW9hpJIRy0TDm7HjB2k,,"Monday: 08:00 to 00:00; Tuesday-Saturday: 00:00 to 06:30, 08:00 to 00:00; Sunday: 00:00 to 06:30"
"Passagem Quarubas, 301 - Pedreira, Belém - PA, 66080-570, Brasil","Passagem Quarubas, 301 - Pedreira, Belém - Pa, 66080-570, Brasil",Bar,,,,,,,,,Brazilian boteco,1.33e+19,Belém,BR,0x92a48be9cf007ab3:0xb841ce724d95880a,,,,-1.4157932,-48.465853,,Pedreira,,,ChIJs3oAz-mLpJIRCoiVTXLOQbg,66080-570,$,17,,102,81.0,10.0,1.0,8.0,2.0,Pará,"Passagem Quarubas, 301","Passagem Quarubas, 301",,Bar e Lanchonete J.SA,Bar E Lanchonete J.Sa,4.6,https://www.google.com/maps/search/?api=1&query=Bar%20e%20Lanchonete%20J.SA&query_place_id=ChIJs3oAz-mLpJIRCoiVTXLOQbg,,
"Passage Ana Dantas, 147 - Sacramenta, Belém - PA, 68447-000, Brasil","Passage Ana Dantas, 147 - Sacramenta, Belém - Pa, 68447-000, Brasil",Bar,,,,,,,,,Brazilian boteco,1.02e+19,Belém,BR,0x92a48bdd36d71adf:0x8d1b5acd60345868,,,,-1.4072398,-48.469716,,Sacramenta,+55 91 99611-6095,5590000000000.0,ChIJ3xrXNt2LpJIRaFg0YM1aG40,68447-000,$,16,,1,1.0,0.0,0.0,0.0,0.0,Pará,"Passage Ana Dantas, 147","Passage Ana Dantas, 147",,Bar da nete (bar e restaurante),Bar Da Nete (Bar E Restaurante),5.0,https://www.google.com/maps/search/?api=1&query=Bar%20da%20nete%20(bar%20e%20restaurante)&query_place_id=ChIJ3xrXNt2LpJIRaFg0YM1aG40,,
"tv, Tv. da Estrella, 343 - Pedreira, Belém - PA, 66083-280, Brasil","Tv, Tv. Da Estrella, 343 - Pedreira, Belém - Pa, 66083-280, Brasil",Bar,Bar esportivo,,,,,,,,Brazilian boteco,4.04e+18,Belém,BR,0x92a4895626597f9d:0x3815398027f03fde,,,,-1.425063,-48.4789821,,Pedreira,+55 91 98933-4252,5590000000000.0,ChIJnX9ZJlaJpJIR3j_wJ4A5FTg,66083-280,$,13,,31,20.0,6.0,1.0,3.0,1.0,PA,"tv, Tv. da Estrella, 343","Tv, Tv. Da Estrella, 343",,Bar Palheta (Edilson),Bar Palheta (Edilson),4.4,https://www.google.com/maps/search/?api=1&query=Bar%20Palheta%20(Edilson)&query_place_id=ChIJnX9ZJlaJpJIR3j_wJ4A5FTg,,
"R. da Mata, 244A - Marambaia, Belém - PA, 66623-710, Brasil","R. Da Mata, 244A - Marambaia, Belém - Pa, 66623-710, Brasil",Bar,,,,,,,,,Brazilian boteco,6.45e+18,Belém,BR,0x92a48bb2fd86eed3:0x598de3aa0b84512d,,,,-1.4018589,-48.4512317,,Marambaia,+55 91 98183-6824,5590000000000.0,ChIJ0-6G_bKLpJIRLVGEC6rjjVk,66623-710,$,14,,29,19.0,3.0,2.0,3.0,2.0,Pará,"R. da Mata, 244A","R. Da Mata, 244A",,Mendes Bar,Mendes Bar,4.2,https://www.google.com/maps/search/?api=1&query=Mendes%20Bar&query_place_id=ChIJ0-6G_bKLpJIRLVGEC6rjjVk,,Monday-Wednesday: Closed; Thursday: 18:00 to 00:00; Friday: 16:00 to 00:00; Saturday: 11:00 to 00:00; Sunday: Closed
"Cj Promorar Rua 26A Q78 N142 - Maracangalha, Belém - PA, 66110-074, Brasil","Cj Promorar Rua 26A Q78 N142 - Maracangalha, Belém - Pa, 66110-074, Brasil",Bar,,,,,,,,,Brazilian boteco,1.91e+18,Belém,BR,0x92a4894f8e7e99ed:0x1a802d8babddbdd3,,,,-1.3983168,-48.484362,,Maracangalha,+55 91 98573-4633,5590000000000.0,ChIJ7Zl-jk-JpJIR073dq4stgBo,66110-074,$,10,,9,8.0,1.0,0.0,0.0,0.0,PA,Cj Promorar Rua 26A Q78 N142,Cj Promorar Rua 26A Q78 N142,,Bar do Aranha,Bar Do Aranha,4.9,https://www.google.com/maps/search/?api=1&query=Bar%20do%20Aranha&query_place_id=ChIJ7Zl-jk-JpJIR073dq4stgBo,,
"Av. Contôrno Leste, 332 - Val-de-Cães, Belém - PA, 66110-046, Brasil","Av. Contôrno Leste, 332 - Val-De-Cães, Belém - Pa, 66110-046, Brasil",Bar,,,,,,,,,Brazilian boteco,1.48e+19,Belém,BR,0x92a48b879b85da57:0xcdebdccd7968e399,,,,-1.4005967,-48.4762002,,Val-de-Cães,+55 91 98738-8978,5590000000000.0,ChIJV9qFm4eLpJIRmeNoec3c680,66110-046,$,9,,4,4.0,0.0,0.0,0.0,0.0,Pará,"Av. Contôrno Leste, 332","Av. Contôrno Leste, 332",,Bar do Mendes,Bar Do Mendes,5.0,https://www.google.com/maps/search/?api=1&query=Bar%20do%20Mendes&query_place_id=ChIJV9qFm4eLpJIRmeNoec3c680,https://www.lojalocal.com/31040921000101,
"R. Vinte e Nove, 80 - Maracangalha, Belém - PA, 66110-023, Brasil","R. Vinte E Nove, 80 - Maracangalha, Belém - Pa, 66110-023, Brasil",Bar,,,,,,,,,Brazilian boteco,1.49e+19,Belém,BR,0x92a4893a8a7c89cd:0xcf52512227c7434d,,,Conapet,-1.3992255,-48.4852685,,Maracangalha,,,ChIJzYl8ijqJpJIRTUPHJyJRUs8,,$,7,,4,2.0,1.0,1.0,0.0,0.0,Pará,"R. Vinte e Nove, 80","R. Vinte E Nove, 80",,Bar Da Dulce,Bar Da Dulce,3.8,https://www.google.com/maps/search/?api=1&query=Bar%20Da%20Dulce&query_place_id=ChIJzYl8ijqJpJIRTUPHJyJRUs8,,Monday: 09:00 to 00:30; Tuesday-Thursday: 09:00 to 00:00; Friday: 09:00 to 02:00; Saturday: 09:00 to 03:00; Sunday: 09:00 to 00:30
"Av. Contôrno - Maracangalha, Belém - PA, 66110-046, Brasil","Av. Contôrno - Maracangalha, Belém - Pa, 66110-046, Brasil",Bar,,,,,,,,,Brazilian boteco,1.35e+19,Belém,BR,0x92a48bf7fee94d3b:0xbb69a85aa152921d,,,,-1.3982458,-48.4761555,,Maracangalha,+55 91 98306-8498,5590000000000.0,ChIJO03p_veLpJIRHZJSoVqoabs,66110-046,$,8,,16,11.0,1.0,0.0,3.0,1.0,Pará,Av. Contôrno,Av. Contôrno,,Marcio Bar,Marcio Bar,4.4,https://www.google.com/maps/search/?api=1&query=Marcio%20Bar&query_place_id=ChIJO03p_veLpJIRHZJSoVqoabs,,
"Av. Norte, 1157-1197 - Maracangalha, Belém - PA, 66110-054, Brasil","Av. Norte, 1157-1197 - Maracangalha, Belém - Pa, 66110-054, Brasil",Bar de cervejas,,,,,,,,,Brazilian boteco,1.72e+19,Belém,BR,0x92a4893e0f8a163b:0xeeca872a97cbd89b,,,,-1.3997243,-48.4859857,,Maracangalha,+55 91 98503-3411,5590000000000.0,ChIJOxaKDz6JpJIRm9jLlyqHyu4,66110-054,$,6,,4,2.0,1.0,1.0,0.0,0.0,Pará,"Av. Norte, 1157-1197","Av. Norte, 1157-1197",,Bar Da Marly,Bar Da Marly,3.8,https://www.google.com/maps/search/?api=1&query=Bar%20Da%20Marly&query_place_id=ChIJOxaKDz6JpJIRm9jLlyqHyu4,,
"Av. Contôrno Leste, 172 - Maracangalha, Belém - PA, 66813-330, Brasil","Av. Contôrno Leste, 172 - Maracangalha, Belém - Pa, 66813-330, Brasil",Bar,,,,,,,,,Brazilian boteco,1.01e+19,Belém,BR,0x92a48b3239a94c65:0x8be184bb2c7cc00f,,,,-1.3991024,-48.4761901,,Maracangalha,,,ChIJZUypOTKLpJIRD8B8LLuE4Ys,66813-330,$,5,,27,12.0,6.0,2.0,4.0,3.0,Pará,"Av. Contôrno Leste, 172","Av. Contôrno Leste, 172",,Bar Dos Amigos Marex,Bar Dos Amigos Marex,3.9,https://www.google.com/maps/search/?api=1&query=Bar%20Dos%20Amigos%20Marex&query_place_id=ChIJZUypOTKLpJIRD8B8LLuE4Ys,,Monday-Sunday: 08:00 to 22:00
"R. Vinte e Dois A, 52 - Maracangalha, Belém - PA, 66110-066, Brasil","R. Vinte E Dois A, 52 - Maracangalha, Belém - Pa, 66110-066, Brasil",Bar de cervejas,,,,,,,,,Brazilian boteco,1.93e+18,Belém,BR,0x92a489d4c0649e85:0x1abca1853af32a30,,,,-1.3985298,-48.4824788,,Maracangalha,+55 91 99601-3860,5590000000000.0,ChIJhZ5kwNSJpJIRMCrzOoWhvBo,66110-066,$,2,,134,111.0,11.0,2.0,9.0,1.0,Pará,"R. Vinte e Dois A, 52","R. Vinte E Dois A, 52",,Bar Do Aurélio,Bar Do Aurélio,4.7,https://www.google.com/maps/search/?api=1&query=Bar%20Do%20Aur%C3%A9lio&query_place_id=ChIJhZ5kwNSJpJIRMCrzOoWhvBo,,
"R. Trinta e Três, 91a - Maracangalha, Belém - PA, 66110-027, Brasil","R. Trinta E Três, 91A - Maracangalha, Belém - Pa, 66110-027, Brasil",Bar,,,,,,,,,Brazilian boteco,7.35e+18,Belém,BR,0x92a48930044cfcd7:0x65f6582f4ec3e9d0,,,,-1.3988034,-48.4863119,,Maracangalha,,,ChIJ1_xMBDCJpJIR0OnDTi9Y9mU,66110-027,$,1,,28,20.0,2.0,2.0,3.0,1.0,Pará,"R. Trinta e Três, 91a","R. Trinta E Três, 91A",,Novo Bar Da Marly,Novo Bar Da Marly,4.3,https://www.google.com/maps/search/?api=1&query=Novo%20Bar%20Da%20Marly&query_place_id=ChIJ1_xMBDCJpJIR0OnDTi9Y9mU,,
"Rua São Sebastião, Passagem Q.ta Linha, 20 A, Belém - PA, 66820-160, Brasil","Rua São Sebastião, Passagem Q.Ta Linha, 20 A, Belém - Pa, 66820-160, Brasil",Bar,,,,,,,,,Brazilian boteco,8.15e+18,Belém,BR,0x92a46117c3d33837:0x710c54887c8af3e6,,,,-1.3199955,-48.4408968,,Tenoné,,,ChIJNzjTwxdhpJIR5vOKfIhUDHE,66820-160,$,52,,0,,,,,,PA,"Rua São Sebastião, Passagem Q.ta Linha, 20 A","Rua São Sebastião, Passagem Q.Ta Linha, 20 A",,Lucas bier,Lucas Bier,,https://www.google.com/maps/search/?api=1&query=Lucas%20bier&query_place_id=ChIJNzjTwxdhpJIR5vOKfIhUDHE,,
"Viela Cel. Artur, 85 - Marambaia, Belém - PA, 66620-560, Brasil","Viela Cel. Artur, 85 - Marambaia, Belém - Pa, 66620-560, Brasil",Gastropub,,,,,,,,,Pub,1.58e+19,Belém,BR,0x92a48b0216d67351:0xdbec189bc0762849,,,,-1.3145731,-48.4401054,,Marambaia,+55 91 98166-3237,5590000000000.0,ChIJUXPWFgKLpJIRSSh2wJsY7Ns,66620-560,$$,37,,1,1.0,0.0,0.0,0.0,0.0,Pará,"Viela Cel. Artur, 85","Viela Cel. Artur, 85",,Pub touro PAGODE DE RUA,Pub Touro Pagode De Rua,5.0,https://www.google.com/maps/search/?api=1&query=Pub%20touro%20PAGODE%20DE%20RUA&query_place_id=ChIJUXPWFgKLpJIRSSh2wJsY7Ns,,
"R. Valparaíso, 12 A - Tenoné, Belém - PA, 66820-185, Brasil","R. Valparaíso, 12 A - Tenoné, Belém - Pa, 66820-185, Brasil",Bar,,,,,,,,,Brazilian boteco,3.43e+18,Belém,BR,0x92a4610061e573ab:0x2fa7edf0f6f7dcd9,,,,-1.3235467,-48.4349465,,Tenoné,,,ChIJq3PlYQBhpJIR2dz39vDtpy8,66820-185,$,20,,0,,,,,,Pará,"R. Valparaíso, 12 A","R. Valparaíso, 12 A",,Bar do CATARINO,Bar Do Catarino,,https://www.google.com/maps/search/?api=1&query=Bar%20do%20CATARINO&query_place_id=ChIJq3PlYQBhpJIR2dz39vDtpy8,,
"Tv. Cinco Cj Bela Manoela, 1 - Tenoné, Belém - PA, 66820-804, Brasil","Tv. Cinco Cj Bela Manoela, 1 - Tenoné, Belém - Pa, 66820-804, Brasil",Bar,,,,,,,,,Brazilian boteco,1.8e+19,Belém,BR,0x92a461e551b94d69:0xf9e835b4cf14ab52,,,,-1.3256852,-48.4375036,,Tenoné,,,ChIJaU25UeVhpJIRUqsUz7Q16Pk,66820-804,$,9,,11,10.0,0.0,0.0,1.0,0.0,Pará,"Tv. Cinco Cj Bela Manoela, 1","Tv. Cinco Cj Bela Manoela, 1",,BAR DOS AMIGOS,Bar Dos Amigos,4.8,https://www.google.com/maps/search/?api=1&query=BAR%20DOS%20AMIGOS&query_place_id=ChIJaU25UeVhpJIRUqsUz7Q16Pk,,
"Passagem São Sebastião, 143 - Tenoné, Belém - PA, 66820-130, Brasil","Passagem São Sebastião, 143 - Tenoné, Belém - Pa, 66820-130, Brasil",Bar,,,,,,,,,Brazilian boteco,8.84e+18,Belém,BR,0x92a461c0581ce561:0x7aa7e52daf33bc65,,,,-1.3240018,-48.4371107,,Tenoné,+55 91 99254-9324,5590000000000.0,ChIJYeUcWMBhpJIRZbwzry3lp3o,66820-130,$,10,,3,3.0,0.0,0.0,0.0,0.0,Pará,"Passagem São Sebastião, 143","Passagem São Sebastião, 143",,Bar do Curuçá,Bar Do Curuçá,5.0,https://www.google.com/maps/search/?api=1&query=Bar%20do%20Curu%C3%A7%C3%A1&query_place_id=ChIJYeUcWMBhpJIRZbwzry3lp3o,,
"Tv. WE 03 - Tenoné, Belém - PA, Brasil","Tv. We 03 - Tenoné, Belém - Pa, Brasil",Bar,,,,,,,,,Brazilian boteco,1.42e+18,Belém,BR,0x92a460da5c8483f1:0x13a4b60e2b3d05bd,,,,-1.3207871,-48.4317692,,Tenoné,,,ChIJ8YOEXNpgpJIRvQU9Kw62pBM,,$,8,,4,2.0,0.0,2.0,0.0,0.0,Pará,Tv. WE 03,Tv. We 03,,Esquina Bar,Esquina Bar,3.0,https://www.google.com/maps/search/?api=1&query=Esquina%20Bar&query_place_id=ChIJ8YOEXNpgpJIRvQU9Kw62pBM,,
"Q. Um Cj Maria Helena Coutinho, 9 - Tenoné, PA, 66820-747, Brasil","Q. Um Cj Maria Helena Coutinho, 9 - Tenoné, Pa, 66820-747, Brasil",Bar,,,,,,,,,Brazilian boteco,1.46e+18,Belém,BR,0x92a460d9a77618a1:0x143427a10e019979,,,,-1.3215225,-48.4354785,,Tenoné,,,ChIJoRh2p9lgpJIReZkBDqEnNBQ,66820-747,$,3,,19,10.0,2.0,4.0,3.0,0.0,PA,"Q. Um Cj Maria Helena Coutinho, 9","Q. Um Cj Maria Helena Coutinho, 9",,Bar Do Ripe,Bar Do Ripe,3.7,https://www.google.com/maps/search/?api=1&query=Bar%20Do%20Ripe&query_place_id=ChIJoRh2p9lgpJIReZkBDqEnNBQ,,
"Av. Rômulo Maiorana, 853 - Marco, Belém - PA, 66093-635, Brasil","Av. Rômulo Maiorana, 853 - Marco, Belém - Pa, 66093-635, Brasil",Bar,,,,,,,,,Brazilian boteco,3.16e+18,Belém,BR,0x92a48c1183d17e95:0x2bccffd3b5b3507c,,,,-1.4393627,-48.4645958,,Marco,,,ChIJlX7RgxGMpJIRfFCztdP_zCs,66093-635,$,18,,34,23.0,4.0,0.0,6.0,1.0,Pará,"Av. Rômulo Maiorana, 853","Av. Rômulo Maiorana, 853",,Bar do Carvalho,Bar Do Carvalho,4.4,https://www.google.com/maps/search/?api=1&query=Bar%20do%20Carvalho&query_place_id=ChIJlX7RgxGMpJIRfFCztdP_zCs,,Monday-Wednesday: Closed; Thursday: 20:00 to 02:00; Friday-Saturday: 12:00 to 01:00; Sunday: Closed
"Tv. WE 04 - Tenoné, Belém - PA, Brasil","Tv. We 04 - Tenoné, Belém - Pa, Brasil",Bar,,,,,,,,,Brazilian boteco,6.55e+18,Belém,BR,0x92a460daa0df8ca5:0x5ae66c2150a96990,,,,-1.319735,-48.4297794,,Tenoné,,,ChIJpYzfoNpgpJIRkGmpUCFs5lo,,$,12,,7,7.0,0.0,0.0,0.0,0.0,Pará,Tv. WE 04,Tv. We 04,,Bar Do Cley,Bar Do Cley,5.0,https://www.google.com/maps/search/?api=1&query=Bar%20Do%20Cley&query_place_id=ChIJpYzfoNpgpJIRkGmpUCFs5lo,,Monday-Wednesday: 18:30 to 23:00; Thursday: 18:00 to 03:00; Friday-Saturday: 18:00 to 04:00; Sunday: Closed
"Av. Ceará, 221 - São Brás, Belém - PA, 66090-460, Brasil","Av. Ceará, 221 - São Brás, Belém - Pa, 66090-460, Brasil",Bar,,,,,,,,,Brazilian boteco,3.54e+18,Belém,BR,0x92a48c3ea991d6a1:0x311ff2d03e55fd40,,,,-1.4478862,-48.4636329,,São Brás,+55 91 98183-0291,5590000000000.0,ChIJodaRqT6MpJIRQP1VPtDyHzE,66090-460,$,16,,36,30.0,4.0,1.0,1.0,0.0,Pará,"Av. Ceará, 221","Av. Ceará, 221",,Bar do Ceará,Bar Do Ceará,4.7,https://www.google.com/maps/search/?api=1&query=Bar%20do%20Cear%C3%A1&query_place_id=ChIJodaRqT6MpJIRQP1VPtDyHzE,,Monday-Sunday: 11:00 to 00:00
"Tv. Primeira de Queluz, 185 - São Brás, Belém - PA, 66090-520, Brasil","Tv. Primeira De Queluz, 185 - São Brás, Belém - Pa, 66090-520, Brasil",Bar,,,,,,,,,Brazilian boteco,1.55e+19,Belém,BR,0x92a48c3bb479c8df:0xd6e29291a25ed654,,,,-1.449757,-48.4652721,,São Brás,,,ChIJ38h5tDuMpJIRVNZeopGS4tY,66090-520,$,14,,3,3.0,0.0,0.0,0.0,0.0,Pará,"Tv. Primeira de Queluz, 185","Tv. Primeira De Queluz, 185",,Bar Aconchego,Bar Aconchego,5.0,https://www.google.com/maps/search/?api=1&query=Bar%20Aconchego&query_place_id=ChIJ38h5tDuMpJIRVNZeopGS4tY,,Monday-Wednesday: Closed; Thursday: 22:00 to 00:00; Friday: 00:00 to 17:00; Saturday: 09:00 to 17:00; Sunday: Closed
"Al. Jardim das Oliveiras, 2 - Castanheira, Belém - PA, 66645-030, Brasil","Al. Jardim Das Oliveiras, 2 - Castanheira, Belém - Pa, 66645-030, Brasil",Bar,,,,,,,,,Brazilian boteco,4.71e+18,Belém,BR,0x92a48b10db5f9d27:0x41627a76c998ccb9,,,,-1.4085442,-48.4247205,,Castanheira,,,ChIJJ51f2xCLpJIRucyYyXZ6YkE,66645-030,$,13,,9,8.0,0.0,1.0,0.0,0.0,Pará,"Al. Jardim das Oliveiras, 2","Al. Jardim Das Oliveiras, 2",,Bar Da Nelma,Bar Da Nelma,4.6,https://www.google.com/maps/search/?api=1&query=Bar%20Da%20Nelma&query_place_id=ChIJJ51f2xCLpJIRucyYyXZ6YkE,,
"Passagem Santo Antônio, 267 - Curió-Utinga, Belém - PA, 66610-180, Brasil","Passagem Santo Antônio, 267 - Curió-Utinga, Belém - Pa, 66610-180, Brasil",Bar,,,,,,,,,Brazilian boteco,1.31e+19,Belém,BR,0x92a48c7777bd41b5:0xb61551547ddaebad,,,,-1.4314674,-48.4494127,,Curió-Utinga,,,ChIJtUG9d3eMpJIRrevafVRRFbY,66610-180,$,12,,17,10.0,2.0,3.0,1.0,1.0,Pará,"Passagem Santo Antônio, 267","Passagem Santo Antônio, 267",,Bar Da Uva,Bar Da Uva,3.9,https://www.google.com/maps/search/?api=1&query=Bar%20Da%20Uva&query_place_id=ChIJtUG9d3eMpJIRrevafVRRFbY,,
"Av. Gentil Bitencourt, 2370 - São Brás, Belém - PA, 66063-022, Brasil","Av. Gentil Bitencourt, 2370 - São Brás, Belém - Pa, 66063-022, Brasil",Bar,,,,,,,,,Brazilian boteco,1.04e+19,Belém,BR,0x92a48c2e435a7431:0x8feef92cfd999901,,,,-1.4547663,-48.4711159,,São Brás,,,ChIJMXRaQy6MpJIRAZmZ_Sz57o8,66063-022,$,11,,564,356.0,101.0,15.0,73.0,19.0,Pará,"Av. Gentil Bitencourt, 2370","Av. Gentil Bitencourt, 2370",,YBY Bar,Yby Bar,4.4,https://www.google.com/maps/search/?api=1&query=YBY%20Bar&query_place_id=ChIJMXRaQy6MpJIRAZmZ_Sz57o8,,
"Av. Perimetral, 959 - Marco, Belém - PA, 66077-830, Brasil","Av. Perimetral, 959 - Marco, Belém - Pa, 66077-830, Brasil",Bar,,,,,,,,,Brazilian boteco,9.97e+18,Belém,BR,0x92a48c53b6ca4e6b:0x8a698907d5f4f19a,,,,-1.4561831,-48.4459208,,Marco,,,ChIJa07KtlOMpJIRmvH01QeJaYo,66077-830,$,4,,12,11.0,1.0,0.0,0.0,0.0,Pará,"Av. Perimetral, 959","Av. Perimetral, 959",,Nato's Bar,Nato'S Bar,4.9,https://www.google.com/maps/search/?api=1&query=Nato's%20Bar&query_place_id=ChIJa07KtlOMpJIRmvH01QeJaYo,,
"Tv. Mauriti, 4243 - Marco, Belém - PA, 66093-681, Brasil","Tv. Mauriti, 4243 - Marco, Belém - Pa, 66093-681, Brasil",Bar,,,,,,,,,Brazilian boteco,1.79e+19,Belém,BR,0x92a48c6809fc68ef:0xf8cc17642766ce93,,,,-1.4435157,-48.4487625,,Marco,+55 91 98827-2472,5590000000000.0,ChIJ72j8CWiMpJIRk85mJ2QXzPg,66093-681,$,3,,74,46.0,18.0,1.0,5.0,4.0,Pará,"Tv. Mauriti, 4243","Tv. Mauriti, 4243",,Bar Saldanha,Bar Saldanha,4.4,https://www.google.com/maps/search/?api=1&query=Bar%20Saldanha&query_place_id=ChIJ72j8CWiMpJIRk85mJ2QXzPg,,
"R. Areia Branca, 329 - Marambaia, Belém - PA, 66623-580, Brasil","R. Areia Branca, 329 - Marambaia, Belém - Pa, 66623-580, Brasil",Bar,Restaurante,,,,,,,,Brazilian boteco,7.1e+18,Belém,BR,0x92a48baa6bcf32b3:0x629590a14e11e543,,,,-1.402618,-48.4398914,,Marambaia,,,ChIJszLPa6qLpJIRQ-URTqGQlWI,66623-580,$,1,,35,24.0,5.0,2.0,2.0,2.0,Pará,"R. Areia Branca, 329","R. Areia Branca, 329",,Barcelona Bar,Barcelona Bar,4.3,https://www.google.com/maps/search/?api=1&query=Barcelona%20Bar&query_place_id=ChIJszLPa6qLpJIRQ-URTqGQlWI,,
"Sacramenta, Belém - PA, 68447-000, Brasil","Sacramenta, Belém - Pa, 68447-000, Brasil",Bar,,,,,,,,,Brazilian boteco,4.86e+18,Belém,BR,0x92a48bd201e8465f:0x436f83a88e9b93f7,,,,-1.4043607,-48.4689711,,Sacramenta,,,ChIJX0boAdKLpJIR95ObjqiDb0M,,$,90,,2,2.0,0.0,0.0,0.0,0.0,Pará,,,,Bar Do Gil,Bar Do Gil,5.0,https://www.google.com/maps/search/?api=1&query=Bar%20Do%20Gil&query_place_id=ChIJX0boAdKLpJIR95ObjqiDb0M,,
"Passagem Bambu, 138 - Pedreira, Belém - PA, 66080-270, Brasil","Passagem Bambu, 138 - Pedreira, Belém - Pa, 66080-270, Brasil",Bar,,,,,,,,,Brazilian boteco,7.92e+18,Belém,BR,0x92a48bdd591dccc9:0x6df72116b299c3b7,,,,-1.4152083,-48.4695877,,Pedreira,,,ChIJycwdWd2LpJIRt8OZshYh920,66080-270,$,98,,0,,,,,,Pará,"Passagem Bambu, 138","Passagem Bambu, 138",,Bar Da Tia Elvira,Bar Da Tia Elvira,,https://www.google.com/maps/search/?api=1&query=Bar%20Da%20Tia%20Elvira&query_place_id=ChIJycwdWd2LpJIRt8OZshYh920,,Monday-Thursday: 07:00 to 23:00; Friday-Saturday: 08:00 to 23:00; Sunday: 07:00 to 23:00
"Canal Água Cristal - Marambaia, Belém - PA, 66623-670, Brasil","Canal Água Cristal - Marambaia, Belém - Pa, 66623-670, Brasil",Bar,,,,,,,,,Brazilian boteco,4.54e+18,Belém,BR,0x92a48b00e6e59899:0x3ef3455cc298263f,,,,-1.4025996,-48.4366804,,Marambaia,,,ChIJmZjl5gCLpJIRPyaYwlxF8z4,66623-670,$,95,,0,,,,,,Pará,Canal Água Cristal,Canal Água Cristal,,Bar F.A,Bar F.A,,https://www.google.com/maps/search/?api=1&query=Bar%20F.A&query_place_id=ChIJmZjl5gCLpJIRPyaYwlxF8z4,,
"R. Cap. Braga, 200 - Marambaia, Belém - PA, 66623-570, Brasil","R. Cap. Braga, 200 - Marambaia, Belém - Pa, 66623-570, Brasil",Bar,,,,,,,,,Brazilian boteco,4130000000000000.0,Belém,BR,0x92a48b0749c49997:0xea88c2b86d96a,,,,-1.4040067,-48.4375649,,Marambaia,,,ChIJl5nESQeLpJIRatmGK4yoDgA,66623-570,$,96,,0,,,,,,Pará,"R. Cap. Braga, 200","R. Cap. Braga, 200",,BAR DO MOE'S,Bar Do Moe'S,,https://www.google.com/maps/search/?api=1&query=BAR%20DO%20MOE'S&query_place_id=ChIJl5nESQeLpJIRatmGK4yoDgA,,
"Passagem Canaã, 696 - Castanheira, Belém - PA, 66645-325, Brasil","Passagem Canaã, 696 - Castanheira, Belém - Pa, 66645-325, Brasil",Bar,,,,,,,,,Brazilian boteco,1.65e+19,Belém,BR,0x92a48b5eba0ed0d7:0xe56592af453c77c9,,,,-1.4070012,-48.4322239,,Castanheira,,,ChIJ19AOul6LpJIRyXc8Ra-SZeU,66645-325,$,94,,0,,,,,,Pará,"Passagem Canaã, 696","Passagem Canaã, 696",,Bar do Louro,Bar Do Louro,,https://www.google.com/maps/search/?api=1&query=Bar%20do%20Louro&query_place_id=ChIJ19AOul6LpJIRyXc8Ra-SZeU,,Monday-Sunday: 08:00 to 23:00
"Passagem H-1, 90 - Marambaia, Belém - PA, 66623-270, Brasil","Passagem H-1, 90 - Marambaia, Belém - Pa, 66623-270, Brasil",Bar,,,,,,,,,Brazilian boteco,8.14e+18,Belém,BR,0x92a48b555b60de8f:0x70f945015a16f7df,,,,-1.3988191,-48.4380435,,Marambaia,,,ChIJj95gW1WLpJIR3_cWWgFF-XA,66623-270,$,92,,0,,,,,,Pará,"Passagem H-1, 90","Passagem H-1, 90",,"Bar da Wanda ""unidade MARAMBAIA""","Bar Da Wanda ""Unidade Marambaia""",,https://www.google.com/maps/search/?api=1&query=Bar%20da%20Wanda%20%22unidade%20MARAMBAIA%22&query_place_id=ChIJj95gW1WLpJIR3_cWWgFF-XA,,
"Passagem Nossa Sra. das Graças - Marambaia, Belém - PA, 68447-000, Brasil","Passagem Nossa Sra. Das Graças - Marambaia, Belém - Pa, 68447-000, Brasil",Bar,,,,,,,,,Brazilian boteco,1.48e+19,Belém,BR,0x92a48ba959b1ebc5:0xcce7b37bb6fee9f7,,,,-1.4063054,-48.4606065,,Marambaia,,,ChIJxeuxWamLpJIR9-n-tnuz58w,68447-000,$,93,,0,,,,,,Pará,Passagem Nossa Sra. das Graças,Passagem Nossa Sra. Das Graças,,Bar da Curva,Bar Da Curva,,https://www.google.com/maps/search/?api=1&query=Bar%20da%20Curva&query_place_id=ChIJxeuxWamLpJIR9-n-tnuz58w,,
"Passagem do Arame - Marambaia, Belém - PA, 66623-170, Brasil","Passagem Do Arame - Marambaia, Belém - Pa, 66623-170, Brasil",Bar,,,,,,,,,Brazilian boteco,5.9e+18,Belém,BR,0x92a48bf3e0caea95:0x51d2dc10c467fc18,,,,-1.4010747,-48.4461784,,Marambaia,+55 91 98027-6270,5590000000000.0,ChIJlerK4POLpJIRGPxnxBDc0lE,66623-170,$,88,,2,0.0,1.0,0.0,1.0,0.0,Pará,Passagem do Arame,Passagem Do Arame,,Bar do Baixinho,Bar Do Baixinho,3.5,https://www.google.com/maps/search/?api=1&query=Bar%20do%20Baixinho&query_place_id=ChIJlerK4POLpJIRGPxnxBDc0lE,,
"Av. Dr. Freitas, 82B - Pedreira, Belém - PA, 66095-110, Brasil","Av. Dr. Freitas, 82B - Pedreira, Belém - Pa, 66095-110, Brasil",Bar e Grill,Churrascaria,,,,,,,,Bar & grill,1.24e+19,Belém,BR,0x92a48bc28742a62f:0xabed063b13a8d9b9,,,,-1.4114222,-48.4735441,,Pedreira,+55 91 98317-4119,5590000000000.0,ChIJL6ZCh8KLpJIRudmoEzsG7as,66095-110,$,87,,31,17.0,7.0,4.0,2.0,1.0,Pará,"Av. Dr. Freitas, 82B","Av. Dr. Freitas, 82B",,Bar Churrascaria do Indio,Bar Churrascaria Do Indio,4.0,https://www.google.com/maps/search/?api=1&query=Bar%20Churrascaria%20do%20Indio&query_place_id=ChIJL6ZCh8KLpJIRudmoEzsG7as,,
"Passagem Snapp, 750 - Castanheira, Belém - PA, 66645-420, Brasil","Passagem Snapp, 750 - Castanheira, Belém - Pa, 66645-420, Brasil",Bar,,,,,,,,,Brazilian boteco,9.98e+18,Belém,BR,0x92a48b021205f499:0x8a7e66f32f90b565,,,,-1.3985251,-48.4321577,,Castanheira,,,ChIJmfQFEgKLpJIRZbWQL_Nmfoo,66645-420,$,86,,8,4.0,2.0,0.0,1.0,1.0,Pará,"Passagem Snapp, 750","Passagem Snapp, 750",,Bar Do Olhão,Bar Do Olhão,4.1,https://www.google.com/maps/search/?api=1&query=Bar%20Do%20Olh%C3%A3o&query_place_id=ChIJmfQFEgKLpJIRZbWQL_Nmfoo,,Monday: Closed; Tuesday-Wednesday: 17:00 to 01:00; Thursday: Closed; Friday: 17:00 to 04:00; Saturday-Sunday: Closed
"R. Prainha, 179 - Marambaia, Belém - PA, 66623-012, Brasil","R. Prainha, 179 - Marambaia, Belém - Pa, 66623-012, Brasil",Bar,,,,,,,,,Brazilian boteco,1.69e+19,Belém,BR,0x92a48b5c6913d3e7:0xeaedc0e2ed6cd6ce,,,,-1.4049309,-48.4359281,,Marambaia,+55 91 98866-3074,5590000000000.0,ChIJ59MTaVyLpJIRztZs7eLA7eo,66623-012,$,85,,0,,,,,,Pará,"R. Prainha, 179","R. Prainha, 179",,Prainha Bar,Prainha Bar,,https://www.google.com/maps/search/?api=1&query=Prainha%20Bar&query_place_id=ChIJ59MTaVyLpJIRztZs7eLA7eo,,Monday-Sunday: Atendimento 24 horas
"R. Teodoro Palmeira, 161 - Sacramenta, Belém - PA, 66123-330, Brasil","R. Teodoro Palmeira, 161 - Sacramenta, Belém - Pa, 66123-330, Brasil",Bar,,,,,,,,,Brazilian boteco,3.1e+18,Belém,BR,0x92a48b002a664dab:0x2af882279fb8b933,,,,-1.4061249,-48.4701054,,Sacramenta,,,ChIJq01mKgCLpJIRM7m4nyeC-Co,66123-330,$,84,,0,,,,,,Pará,"R. Teodoro Palmeira, 161","R. Teodoro Palmeira, 161",,Bar Mercearia - Nezir,Bar Mercearia - Nezir,,https://www.google.com/maps/search/?api=1&query=Bar%20Mercearia%20-%20Nezir&query_place_id=ChIJq01mKgCLpJIRM7m4nyeC-Co,,Monday-Friday: 21:00 to 02:00; Saturday: 20:00 to 02:00; Sunday: Closed
"R. Cap. Braga, 2 - Marambaia, Belém - PA, 66623-570, Brasil","R. Cap. Braga, 2 - Marambaia, Belém - Pa, 66623-570, Brasil",Bar,,,,,,,,,Brazilian boteco,1.77e+18,Belém,BR,0x92a48b073459c019:0x18835f158b7af052,,,,-1.4053475,-48.4390165,,Marambaia,+55 989484906,,ChIJGcBZNAeLpJIRUvB6ixVfgxg,66623-570,$,83,,8,6.0,0.0,0.0,1.0,1.0,Pará,"R. Cap. Braga, 2","R. Cap. Braga, 2",,BAR DA DULCE,Bar Da Dulce,4.4,https://www.google.com/maps/search/?api=1&query=BAR%20DA%20DULCE&query_place_id=ChIJGcBZNAeLpJIRUvB6ixVfgxg,,
"Av. Rodolfo Chermont, 1607 - Marambaia, Belém - PA, 66615-170, Brasil","Av. Rodolfo Chermont, 1607 - Marambaia, Belém - Pa, 66615-170, Brasil",Bar,Bar de cervejas,Cervejaria,Local com música ao vivo,Restaurante,Bar esportivo,,,,Brazilian boteco,1.11e+19,Belém,BR,0x92a48b4ff61fdd83:0x99adb9ffc3fa528e,,,,-1.3950333,-48.4540854,,Marambaia,+55 91 99943-4291,5590000000000.0,ChIJg90f9k-LpJIRjlL6w_-5rZk,66615-170,$,81,,65,42.0,6.0,11.0,5.0,1.0,Pará,"Av. Rodolfo Chermont, 1607","Av. Rodolfo Chermont, 1607",,Boteco Santa Matta - Bar e Restaurante,Boteco Santa Matta - Bar E Restaurante,4.0,https://www.google.com/maps/search/?api=1&query=Boteco%20Santa%20Matta%20-%20Bar%20e%20Restaurante&query_place_id=ChIJg90f9k-LpJIRjlL6w_-5rZk,,Monday-Thursday: 17:00 to 02:00; Friday-Sunday: 15:00 to 04:00
"R. José Hassegawa, 18 - Castanheira, Belém - PA, 66645-070, Brasil","R. José Hassegawa, 18 - Castanheira, Belém - Pa, 66645-070, Brasil",Bar,,,,,,,,,Brazilian boteco,4.99e+18,Belém,BR,0x92a48b25d3d2fa97:0x45433e62efc394d8,,,,-1.4098449,-48.4264637,,Castanheira,,,ChIJl_rS0yWLpJIR2JTD72I-Q0U,66645-070,$,80,,0,,,,,,Pará,"R. José Hassegawa, 18","R. José Hassegawa, 18",,Bar do Laio,Bar Do Laio,,https://www.google.com/maps/search/?api=1&query=Bar%20do%20Laio&query_place_id=ChIJl_rS0yWLpJIR2JTD72I-Q0U,,Monday-Sunday: 11:00 to 00:00
"R. C, 1429-1475 Rua C,entre a e TV.CINCO,, Tv. Três - Mangueirão, Belém - PA, 66640-280, Brasil","R. C, 1429-1475 Rua C,Entre A E Tv.Cinco,, Tv. Três - Mangueirão, Belém - Pa, 66640-280, Brasil",Bar,,,,,,,,,Brazilian boteco,1.34e+19,Belém,BR,0x92a48afc01e1eb4f:0xb989b7f807b2e8ee,,,,-1.3965649,-48.4337121,,Mangueirão,+55 91 98061-1339,5590000000000.0,ChIJT-vhAfyKpJIR7uiyB_i3ibk,66640-280,$,79,,43,20.0,9.0,5.0,6.0,3.0,PA,"R. C, 1429-1475 Rua C,entre a e TV.CINCO,, Tv. Três","R. C, 1429-1475 Rua C,Entre A E Tv.Cinco,, Tv. Três",,Bar e Restaurante Divino Sabor,Bar E Restaurante Divino Sabor,3.8,https://www.google.com/maps/search/?api=1&query=Bar%20e%20Restaurante%20Divino%20Sabor&query_place_id=ChIJT-vhAfyKpJIR7uiyB_i3ibk,,Monday-Saturday: 09:00 to 01:45; Sunday: Closed
"R. da M.nha, 745 - Marambaia, Belém - PA, 66623-286, Brasil","R. Da M.Nha, 745 - Marambaia, Belém - Pa, 66623-286, Brasil",Bar,Restaurante,,,,,,,,Brazilian boteco,1.54e+19,Belém,BR,0x92a48af8980615e3:0xd5cdf4953d09f793,,,,-1.3955243,-48.4381698,,Marambaia,,,ChIJ4xUGmPiKpJIRk_cJPZX0zdU,66623-286,$$,76,,81,49.0,15.0,4.0,11.0,2.0,Pará,"R. da M.nha, 745","R. Da M.Nha, 745",,Casa Pinheiro - Bar Restaurante e Conveniência,Casa Pinheiro - Bar Restaurante E Conveniência,4.3,https://www.google.com/maps/search/?api=1&query=Casa%20Pinheiro%20-%20Bar%20Restaurante%20e%20Conveni%C3%AAncia&query_place_id=ChIJ4xUGmPiKpJIRk_cJPZX0zdU,,
"Passagem Cajuí, 144 - Marambaia, Belém - PA, 66623-100, Brasil","Passagem Cajuí, 144 - Marambaia, Belém - Pa, 66623-100, Brasil",Bar,,,,,,,,,Brazilian boteco,9.86e+18,Belém,BR,0x92a48b103302bd43:0x88e6f39ba781bf3f,,,,-1.4019408,-48.4360867,,Marambaia,,,ChIJQ70CMxCLpJIRP7-Bp5vz5og,66623-100,$,74,,4,4.0,0.0,0.0,0.0,0.0,Pará,"Passagem Cajuí, 144","Passagem Cajuí, 144",,Bar do louro,Bar Do Louro,5.0,https://www.google.com/maps/search/?api=1&query=Bar%20do%20louro&query_place_id=ChIJQ70CMxCLpJIRP7-Bp5vz5og,,
"Tv. Perebebuí, 1882 - Marco, Belém - PA, 68447-000, Brasil","Tv. Perebebuí, 1882 - Marco, Belém - Pa, 68447-000, Brasil",Bar,,,,,,,,,Brazilian boteco,7.92e+18,Belém,BR,0x92a48c03463b7cf9:0x6de6d3be07adfd9c,,,,-1.4250777,-48.460525,,Marco,+55 982347749,,ChIJ-Xw7RgOMpJIRnP2tB77T5m0,,$,73,,77,61.0,8.0,5.0,3.0,0.0,Pará,"Tv. Perebebuí, 1882","Tv. Perebebuí, 1882",,AP Bar e Conveniência,Ap Bar E Conveniência,4.6,https://www.google.com/maps/search/?api=1&query=AP%20Bar%20e%20Conveni%C3%AAncia&query_place_id=ChIJ-Xw7RgOMpJIRnP2tB77T5m0,https://www.lojalocal.com/amstel/00089194101272,
"Passagem Jarbas Passarinho, 47 a - Marambaia, Belém - PA, 66620-490, Brasil","Passagem Jarbas Passarinho, 47 A - Marambaia, Belém - Pa, 66620-490, Brasil",Bar,,,,,,,,,Brazilian boteco,7.56e+18,Belém,BR,0x92a48bb406ec04ab:0x68f4d4071810b66a,,,,-1.3973747,-48.4526691,,Marambaia,+55 91 3231-7575,559000000000.0,ChIJqwTsBrSLpJIRarYQGAfU9Gg,66620-490,$,72,,0,,,,,,Pará,"Passagem Jarbas Passarinho, 47 a","Passagem Jarbas Passarinho, 47 A",,Bar da Célia,Bar Da Célia,,https://www.google.com/maps/search/?api=1&query=Bar%20da%20C%C3%A9lia&query_place_id=ChIJqwTsBrSLpJIRarYQGAfU9Gg,,
"Tv. H, 7 - Marambaia, Belém - PA, 66623-319, Brasil","Tv. H, 7 - Marambaia, Belém - Pa, 66623-319, Brasil",Bar,,,,,,,,,Brazilian boteco,1.55e+18,Belém,BR,0x92a48b0049b2efcd:0x1587012d8d831755,,,,-1.3994775,-48.4416646,,Marambaia,,,ChIJze-ySQCLpJIRVReDjS0BhxU,66623-319,$,71,,0,,,,,,Pará,"Tv. H, 7","Tv. H, 7",,Bar do Afonso,Bar Do Afonso,,https://www.google.com/maps/search/?api=1&query=Bar%20do%20Afonso&query_place_id=ChIJze-ySQCLpJIRVReDjS0BhxU,,
"Av. Rodolfo Chermont, 668 - Marambaia, Belém - PA, 66615-170, Brasil","Av. Rodolfo Chermont, 668 - Marambaia, Belém - Pa, 66615-170, Brasil",Bar,,,,,,,,,Brazilian boteco,1.05e+19,Belém,BR,0x92a48bb3f2b167e3:0x9150986bae595cce,,,,-1.4030668,-48.4531808,,Marambaia,,,ChIJ42ex8rOLpJIRzlxZrmuYUJE,66615-170,$,67,,8,5.0,1.0,1.0,1.0,0.0,Pará,"Av. Rodolfo Chermont, 668","Av. Rodolfo Chermont, 668",,Naza's Bar,Naza'S Bar,4.1,https://www.google.com/maps/search/?api=1&query=Naza's%20Bar&query_place_id=ChIJ42ex8rOLpJIRzlxZrmuYUJE,,Monday: Closed; Tuesday-Wednesday: 18:00 to 00:00; Thursday-Saturday: 18:00 to 02:00; Sunday: Closed
"Av. João Paulo II, 501-479 - Castanheira, Belém - PA, 66645-515, Brasil","Av. João Paulo Ii, 501-479 - Castanheira, Belém - Pa, 66645-515, Brasil",Bar,,,,,,,,,Brazilian boteco,6.75e+18,Belém,BR,0x92a48b0c24db4ec9:0x5db538715faec31f,,,,-1.4112953,-48.432101,,Castanheira,+55 983355905,,ChIJyU7bJAyLpJIRH8OuX3E4tV0,,$,66,,37,23.0,8.0,1.0,4.0,1.0,Pará,"Av. João Paulo II, 501-479","Av. João Paulo Ii, 501-479",,Superbad Rock Bar,Superbad Rock Bar,4.4,https://www.google.com/maps/search/?api=1&query=Superbad%20Rock%20Bar&query_place_id=ChIJyU7bJAyLpJIRH8OuX3E4tV0,,Monday-Friday: 07:00 to 22:00; Saturday: 07:00 to 00:00; Sunday: Closed
"Passagem Vila Nova, 335 - Sacramenta, Belém - PA, 66113-190, Brasil","Passagem Vila Nova, 335 - Sacramenta, Belém - Pa, 66113-190, Brasil",Bar,,,,,,,,,Brazilian boteco,6.61e+18,Belém,BR,0x92a48bded0f51d23:0x5bba95e9171b3166,,,,-1.4108628,-48.4679015,,Sacramenta,,,ChIJIx310N6LpJIRZjEbF-mVuls,66113-190,$,65,,7,4.0,0.0,2.0,1.0,0.0,Pará,"Passagem Vila Nova, 335","Passagem Vila Nova, 335",,Bar e convêniencia santos,Bar E Convêniencia Santos,3.6,https://www.google.com/maps/search/?api=1&query=Bar%20e%20conv%C3%AAniencia%20santos&query_place_id=ChIJIx310N6LpJIRZjEbF-mVuls,,Monday-Thursday: 07:00 to 00:00; Friday: Closed; Saturday-Sunday: 07:00 to 00:00
"Conjunto Medice 2, R. Ananindeua, 44 - Marambaia, Belém - PA, 66640-375, Brasil","Conjunto Medice 2, R. Ananindeua, 44 - Marambaia, Belém - Pa, 66640-375, Brasil",Bar e Grill,,,,,,,,,Bar & grill,3.15e+18,Belém,BR,0x92a48bdde6c25c7d:0x2baa3ed2b558b217,,,,-1.4011621,-48.4581527,,Marambaia,,,ChIJfVzC5t2LpJIRF7JYtdI-qis,66640-375,$$,63,,11,9.0,2.0,0.0,0.0,0.0,PA,"Conjunto Medice 2, R. Ananindeua, 44","Conjunto Medice 2, R. Ananindeua, 44",,Varandinha Pub e Espetaria,Varandinha Pub E Espetaria,4.8,https://www.google.com/maps/search/?api=1&query=Varandinha%20Pub%20e%20Espetaria&query_place_id=ChIJfVzC5t2LpJIRF7JYtdI-qis,,
"Av. Marquês de Herval, 1812 - Pedreira, Belém - PA, 68087-320, Brasil","Av. Marquês De Herval, 1812 - Pedreira, Belém - Pa, 68087-320, Brasil",Bar,,,,,,,,,Brazilian boteco,9.67e+18,Belém,BR,0x92a48bf0dfd0b17b:0x8621609287d8c2a2,,,,-1.4254243,-48.4663084,,Pedreira,+55 91 98029-8025,5590000000000.0,ChIJe7HQ3_CLpJIRosLYh5JgIYY,68087-320,$,60,,448,324.0,71.0,10.0,39.0,4.0,Pará,"Av. Marquês de Herval, 1812","Av. Marquês De Herval, 1812",,Bar Da Loura,Bar Da Loura,4.6,https://www.google.com/maps/search/?api=1&query=Bar%20Da%20Loura&query_place_id=ChIJe7HQ3_CLpJIRosLYh5JgIYY,,Monday-Sunday: Atendimento 24 horas
"Av. Marquês de Herval, 2356 - Pedreira, Belém - PA, 66085-317, Brasil","Av. Marquês De Herval, 2356 - Pedreira, Belém - Pa, 66085-317, Brasil",Bar e Grill,,,,,,,,,Bar & grill,7.34e+18,Belém,BR,0x92a48be81f1047e7:0x65e8dc1a85eb20ae,,,,-1.4210637,-48.4634882,https://linktr.ee/ELMiradorespetobar?fbclid=PAZXh0bgNhZW0CMTEAAaZhiIW0mVsOlnhN5rENDzYZCrZsV0HYFq51bV23cz7BNllWSz2rRLHjrQs_aem_AavRuG7eA8NvQmZUOaI7divw5sG10WWKojdgSH5UMOYBT5ANU6M5wvcvHcg90lR-NiNHp49rGmYddStbl78euipc,Pedreira,+55 91 98462-4434,5590000000000.0,ChIJ50cQH-iLpJIRriDrhRrc6GU,66085-317,$$,59,,20,17.0,2.0,0.0,1.0,0.0,Pará,"Av. Marquês de Herval, 2356","Av. Marquês De Herval, 2356",,EL MIRADOR Espeto Bar,El Mirador Espeto Bar,4.8,https://www.google.com/maps/search/?api=1&query=EL%20MIRADOR%20Espeto%20Bar&query_place_id=ChIJ50cQH-iLpJIRriDrhRrc6GU,http://elmiradorbuteco.com/,
"Tv. Lomas Valentinas - Pedreira, Belém - PA, 68447-000, Brasil","Tv. Lomas Valentinas - Pedreira, Belém - Pa, 68447-000, Brasil",Bar,,,,,,,,,Brazilian boteco,5.28e+18,Belém,BR,0x92a48bfa7efd305d:0x493fa6fdfa4de05f,,,,-1.4246477,-48.4688941,,Pedreira,+55 91 3233-1268,559000000000.0,ChIJXTD9fvqLpJIRX-BN-v2mP0k,,$,54,,67,51.0,9.0,1.0,6.0,0.0,Pará,Tv. Lomas Valentinas,Tv. Lomas Valentinas,,Bar da Castanheira,Bar Da Castanheira,4.6,https://www.google.com/maps/search/?api=1&query=Bar%20da%20Castanheira&query_place_id=ChIJXTD9fvqLpJIRX-BN-v2mP0k,https://www.facebook.com/BarDaCastanheira1/?fref=ts,
"Av. Marquês de Herval, 1823 - Pedreira, Belém - PA, 66085-317, Brasil","Av. Marquês De Herval, 1823 - Pedreira, Belém - Pa, 66085-317, Brasil",Bares,,,,,,,,,Pub,6.65e+18,Belém,BR,0x92a48b1c1fcd5ad9:0x5c4ac8021ba0f123,,,,-1.4252987,-48.466795,,Pedreira,+55 91 98948-1007,5590000000000.0,ChIJ2VrNHxyLpJIRI_GgGwLISlw,66085-317,$$,58,,72,60.0,6.0,3.0,3.0,0.0,Pará,"Av. Marquês de Herval, 1823","Av. Marquês De Herval, 1823",,Bar Clube do Rock,Bar Clube Do Rock,4.7,https://www.google.com/maps/search/?api=1&query=Bar%20Clube%20do%20Rock&query_place_id=ChIJ2VrNHxyLpJIRI_GgGwLISlw,https://www.instagram.com/clubedo_rock/,Monday-Sunday: Atendimento 24 horas
"Passagem Salvador, 392-412 - Sacramenta, Belém - PA, 66123-280, Brasil","Passagem Salvador, 392-412 - Sacramenta, Belém - Pa, 66123-280, Brasil",Bar,,,,,,,,,Brazilian boteco,4.23e+18,Belém,BR,0x92a48bbba8bc495f:0x3abc149d4b671290,,,,-1.4063726,-48.4721671,,Sacramenta,,,ChIJX0m8qLuLpJIRkBJnS50UvDo,66123-280,$,48,,3,1.0,0.0,0.0,2.0,0.0,Pará,"Passagem Salvador, 392-412","Passagem Salvador, 392-412",,Bar da Ana,Bar Da Ana,3.7,https://www.google.com/maps/search/?api=1&query=Bar%20da%20Ana&query_place_id=ChIJX0m8qLuLpJIRkBJnS50UvDo,,Monday-Sunday: 09:00 to 02:00
"Tv. Perebebuí, 1051 - Pedreira, Belém - PA, 66083-773, Brasil","Tv. Perebebuí, 1051 - Pedreira, Belém - Pa, 66083-773, Brasil",Gastropub,Chop bar,Bar,Hamburgueria,Pub irlandês,Restaurante,Local de apresentações de rock,,,Pub,1.44e+19,Belém,BR,0x92a48b5c591a298f:0xc79ae4145fd10058,,"https://food.google.com/chooseprovider?restaurantId=/g/11fnv_rznj&g2lbs=AOHF13m_jaIVsI8gT1MlvsPRYTm5WtX5UbOwb6IhrijmY5ATXsWcKHzZ6jiAS8tsXjpXdT9u887TJytXtsTyA5t636qN61mSu38dTkqN3Or7chW5sFK_qOE%3D&hl=pt-BR&gl=us&fo_m=MfohQo559jFvMUOzJVpjPL1YMfZ3bInYwBDuMfaXTPp5KXh-&utm_source=tactile&gei=tIixZsDALdDakPIP0rmB-AI&ei=tIixZsDALdDakPIP0rmB-AI&fo_s=OA,SOE&opi=79508299&foub=mcpp",,-1.4211929,-48.4657057,https://contate.me/rock-pub1051,Pedreira,+55 91 98409-6576,5590000000000.0,ChIJjykaWVyLpJIRWADRXxTkmsc,66083-773,$$,43,,151,128.0,16.0,3.0,4.0,0.0,Pará,"Tv. Perebebuí, 1051","Tv. Perebebuí, 1051",,Rockpub1051,Rockpub1051,4.8,https://www.google.com/maps/search/?api=1&query=Rockpub1051&query_place_id=ChIJjykaWVyLpJIRWADRXxTkmsc,https://www.rockpub1051.com/,Monday-Sunday: Atendimento 24 horas
"Tv. Lomas Valentinas, 894 - Pedreira, Belém - PA, 66087-441, Brasil","Tv. Lomas Valentinas, 894 - Pedreira, Belém - Pa, 66087-441, Brasil",Bar com música ao vivo,,,,,,,,,Pub,1.22e+19,Belém,BR,0x92a48b0052303073:0xa98cf1883e71f42b,,,,-1.4260359,-48.4672383,,Pedreira,+55 91 90190-0190,5590000000000.0,ChIJczAwUgCLpJIRK_RxPojxjKk,66087-441,$$,47,,11,4.0,1.0,5.0,0.0,1.0,Pará,"Tv. Lomas Valentinas, 894","Tv. Lomas Valentinas, 894",,Varandinha Bar e Restaurante,Varandinha Bar E Restaurante,2.8,https://www.google.com/maps/search/?api=1&query=Varandinha%20Bar%20e%20Restaurante&query_place_id=ChIJczAwUgCLpJIRK_RxPojxjKk,,
"Av. Dalva, 318 - Marambaia, Belém - PA, 66615-850, Brasil","Av. Dalva, 318 - Marambaia, Belém - Pa, 66615-850, Brasil",Bar,,,,,,,,,Brazilian boteco,1.28e+19,Belém,BR,0x92a48bac02a48dad:0xb1447a21db2b6fd5,,,,-1.4038373,-48.4443221,,Marambaia,+55 91 98228-3121,5590000000000.0,ChIJrY2kAqyLpJIR1W8r2yF6RLE,66615-850,$,51,,174,113.0,31.0,7.0,13.0,10.0,Pará,"Av. Dalva, 318","Av. Dalva, 318",,Bar Maramba's Beer,Bar Maramba'S Beer,4.3,https://www.google.com/maps/search/?api=1&query=Bar%20Maramba's%20Beer&query_place_id=ChIJrY2kAqyLpJIR1W8r2yF6RLE,http://www.facebook.com/BarMarambasBeer,
"Passagem Arco-Íris - Tapanã, Belém - PA, 66825-050, Brasil","Passagem Arco-Íris - Tapanã, Belém - Pa, 66825-050, Brasil",Bar e Grill,,,,,,,,,Bar & grill,1.35e+18,Belém,BR,0x92a461d2095c690f:0x12c92c2ba38689a4,,"https://food.google.com/chooseprovider?restaurantId=/g/11hy9qwwfm&g2lbs=AOHF13nuW8xlnHFZY3fWrJCF27rqg2bk1IFgC4jV1xti4MszrhvHibnfnDCnOIror5PBw2TasMFNs-U8AnBFvkxmPjC73I2MicaIgm9Al0b0ggrLOmBXVkQ%3D&hl=pt-BR&gl=us&fo_m=MfohQo559jFvMUOzJVpjPL1YMfZ3bInYwBDuMfaXTPp5KXh-&utm_source=tactile&gei=2IixZt_gLpqnkPIP47x0&ei=2IixZt_gLpqnkPIP47x0&fo_s=OA,SOE&opi=79508299&foub=mcpp",,-1.339693,-48.4770776,,Tapanã,+55 91 98569-1497,5590000000000.0,ChIJD2lcCdJhpJIRpImGoyssyRI,66825-050,$$,5,,1,1.0,0.0,0.0,0.0,0.0,Pará,Passagem Arco-Íris,Passagem Arco-Íris,,Bar e Grill ARCO-ÍRIS,Bar E Grill Arco-Íris,5.0,https://www.google.com/maps/search/?api=1&query=Bar%20e%20Grill%20ARCO-%C3%8DRIS&query_place_id=ChIJD2lcCdJhpJIRpImGoyssyRI,,Monday-Wednesday: 07:30 to 20:30; Thursday-Friday: 07:30 to 00:30; Saturday: Closed; Sunday: 07:30 to 20:30
"Tv. Dr. Enéas Pinheiro, 932 - Pedreira, Belém - PA, 66083-157, Brasil","Tv. Dr. Enéas Pinheiro, 932 - Pedreira, Belém - Pa, 66083-157, Brasil",Bar,,,,,,,,,Brazilian boteco,4.35e+18,Belém,BR,0x92a48bc772700d47:0x3c6e7e2756e5f6b6,,,,-1.4254982,-48.4653226,,Pedreira,,,ChIJRw1wcseLpJIRtvblVid-bjw,66083-157,$,32,,3,2.0,1.0,0.0,0.0,0.0,Pará,"Tv. Dr. Enéas Pinheiro, 932","Tv. Dr. Enéas Pinheiro, 932",,Amigos BAR,Amigos Bar,4.7,https://www.google.com/maps/search/?api=1&query=Amigos%20BAR&query_place_id=ChIJRw1wcseLpJIRtvblVid-bjw,,
"R. Nossa Sra. de Fátima, 401 - Marambaia, Belém - PA, 66615-140, Brasil","R. Nossa Sra. De Fátima, 401 - Marambaia, Belém - Pa, 66615-140, Brasil",Bar,,,,,,,,,Brazilian boteco,1.25e+19,Belém,BR,0x92a48ba8c2427a0d:0xada98c0d93b396d3,,,,-1.4062579,-48.442583,,Marambaia,,,ChIJDXpCwqiLpJIR05azkw2Mqa0,66615-140,$,19,,7,5.0,1.0,0.0,1.0,0.0,Pará,"R. Nossa Sra. de Fátima, 401","R. Nossa Sra. De Fátima, 401",,Anastacia Bar,Anastacia Bar,4.6,https://www.google.com/maps/search/?api=1&query=Anastacia%20Bar&query_place_id=ChIJDXpCwqiLpJIR05azkw2Mqa0,,Monday: Closed; Tuesday-Wednesday: 15:00 to 23:30; Thursday-Saturday: Atendimento 24 horas; Sunday: 15:00 to 23:30
"Viela Cel. Artur - Marambaia, Belém - PA, 66620-560, Brasil","Viela Cel. Artur - Marambaia, Belém - Pa, 66620-560, Brasil",Bar,,,,,,,,,Brazilian boteco,5.43e+18,Belém,BR,0x92a48bacc225dc57:0x4b5d0f98cde20a46,,,,-1.398107,-48.4528583,,Marambaia,,,ChIJV9wlwqyLpJIRRgrizZgPXUs,,$,21,,1,1.0,0.0,0.0,0.0,0.0,Pará,Viela Cel. Artur,Viela Cel. Artur,,Nagoya Bar,Nagoya Bar,5.0,https://www.google.com/maps/search/?api=1&query=Nagoya%20Bar&query_place_id=ChIJV9wlwqyLpJIRRgrizZgPXUs,,
"Rod. Augusto Montenegro, 567 - Castanheira, Belém - PA, 66623-590, Brasil","Rod. Augusto Montenegro, 567 - Castanheira, Belém - Pa, 66623-590, Brasil",Bar,Restaurante,,,,,,,,Brazilian boteco,1.78e+19,Belém,BR,0x92a48b06c81b7adf:0xf6e1c6196286c892,,,,-1.4038779,-48.4349679,,Castanheira,+55 91 98404-7043,5590000000000.0,ChIJ33obyAaLpJIRksiGYhnG4fY,66623-590,$,18,,24,17.0,2.0,1.0,4.0,0.0,Pará,"Rod. Augusto Montenegro, 567","Rod. Augusto Montenegro, 567",,Bar & Restaurante do Louro,Bar & Restaurante Do Louro,4.4,https://www.google.com/maps/search/?api=1&query=Bar%20%26%20Restaurante%20do%20Louro&query_place_id=ChIJ33obyAaLpJIRksiGYhnG4fY,,
"Passagem Quarubas, 287 - Pedreira, Belém - PA, 66080-570, Brasil","Passagem Quarubas, 287 - Pedreira, Belém - Pa, 66080-570, Brasil",Bar,,,,,,,,,Brazilian boteco,1.21e+19,Belém,BR,0x92a48be9cec5ba43:0xa7eb145e596c4ac1,,,,-1.4159473,-48.4658163,,Pedreira,,,ChIJQ7rFzumLpJIRwUpsWV4U66c,66080-570,$,17,,1,1.0,0.0,0.0,0.0,0.0,Pará,"Passagem Quarubas, 287","Passagem Quarubas, 287",,Bar Rr,Bar Rr,5.0,https://www.google.com/maps/search/?api=1&query=Bar%20Rr&query_place_id=ChIJQ7rFzumLpJIRwUpsWV4U66c,,
"Tv. Perebebuí - Pedreira, Belém - PA, 66085-026, Brasil","Tv. Perebebuí - Pedreira, Belém - Pa, 66085-026, Brasil",Bar,,,,,,,,,Brazilian boteco,1.3e+19,Belém,BR,0x92a48bef0604eea9:0xb3d42ead09972252,,,,-1.4206633,-48.4667154,,Pedreira,,,ChIJqe4EBu-LpJIRUiKXCa0u1LM,,$,13,,28,16.0,6.0,3.0,3.0,0.0,Pará,Tv. Perebebuí,Tv. Perebebuí,,Bar Da Creuza,Bar Da Creuza,4.1,https://www.google.com/maps/search/?api=1&query=Bar%20Da%20Creuza&query_place_id=ChIJqe4EBu-LpJIRUiKXCa0u1LM,,Monday-Friday: 10:00 to 00:00; Saturday: 10:00 to 15:00; Sunday: 10:00 to 00:00
"Passagem Samaritana, 78 - Marambaia, Belém - PA, 66615-060, Brasil","Passagem Samaritana, 78 - Marambaia, Belém - Pa, 66615-060, Brasil",Bar,,,,,,,,,Brazilian boteco,3.16e+18,Belém,BR,0x92a48baa33c01c5d:0x2bc8f4d2415745c2,,,,-1.4030816,-48.4410548,,Marambaia,,,ChIJXRzAM6qLpJIRwkVXQdL0yCs,66615-060,$,11,,16,13.0,1.0,0.0,1.0,1.0,Pará,"Passagem Samaritana, 78","Passagem Samaritana, 78",,Bar do Jorge,Bar Do Jorge,4.6,https://www.google.com/maps/search/?api=1&query=Bar%20do%20Jorge&query_place_id=ChIJXRzAM6qLpJIRwkVXQdL0yCs,,
"Passagem Nossa Sra. das Graças - Marambaia, Belém - PA, 68447-000, Brasil","Passagem Nossa Sra. Das Graças - Marambaia, Belém - Pa, 68447-000, Brasil",Bar,,,,,,,,,Brazilian boteco,1.64e+19,Belém,BR,0x92a48b604d6ce00f:0xe34c12a5bb86a335,,,,-1.4063054,-48.4606065,,Marambaia,,,ChIJD-BsTWCLpJIRNaOGu6USTOM,68447-000,$,7,,1,1.0,0.0,0.0,0.0,0.0,Pará,Passagem Nossa Sra. das Graças,Passagem Nossa Sra. Das Graças,,Bar e conveniência conexao do chopp,Bar E Conveniência Conexao Do Chopp,5.0,https://www.google.com/maps/search/?api=1&query=Bar%20e%20conveni%C3%AAncia%20conexao%20do%20chopp&query_place_id=ChIJD-BsTWCLpJIRNaOGu6USTOM,,Monday: Closed; Tuesday-Wednesday: 19:00 to 02:00; Thursday-Friday: 19:00 to 04:00; Saturday: 19:00 to 02:00; Sunday: Closed
"R. Areia Branca - Marambaia, Belém - PA, 66623-550, Brasil","R. Areia Branca - Marambaia, Belém - Pa, 66623-550, Brasil",Bar,,,,,,,,,Brazilian boteco,1.05e+19,Belém,BR,0x92a48b0ec0833c87:0x911ce3a58cede9c8,,,,-1.4035934,-48.4392263,,Marambaia,,,ChIJhzyDwA6LpJIRyOntjKXjHJE,66623-550,$,8,,4,3.0,1.0,0.0,0.0,0.0,Pará,R. Areia Branca,R. Areia Branca,,Bar Kada,Bar Kada,4.8,https://www.google.com/maps/search/?api=1&query=Bar%20Kada&query_place_id=ChIJhzyDwA6LpJIRyOntjKXjHJE,,
"R. Péricles Guedes de Oliveira - Castanheira, Belém - PA, 66645-290, Brasil","R. Péricles Guedes De Oliveira - Castanheira, Belém - Pa, 66645-290, Brasil",Bar,,,,,,,,,Brazilian boteco,1.75e+19,Belém,BR,0x92a48b9e5bfbadbd:0xf25ddd16db612a1d,,,,-1.4019852,-48.4315916,,Castanheira,,,ChIJva37W56LpJIRHSph2xbdXfI,66645-290,$,5,,66,39.0,10.0,7.0,9.0,1.0,Pará,R. Péricles Guedes de Oliveira,R. Péricles Guedes De Oliveira,,Bar E Restaurante Gera Samba,Bar E Restaurante Gera Samba,4.1,https://www.google.com/maps/search/?api=1&query=Bar%20E%20Restaurante%20Gera%20Samba&query_place_id=ChIJva37W56LpJIRHSph2xbdXfI,,
"R. Prainha - Marambaia, Belém - PA, 66623-012, Brasil","R. Prainha - Marambaia, Belém - Pa, 66623-012, Brasil",Bar,,,,,,,,,Brazilian boteco,7.91e+18,Belém,BR,0x92a48b026adb40db:0x6db6a709d347f462,,,,-1.4044463,-48.435943,,Marambaia,+55 91 98547-5911,5590000000000.0,ChIJ20DbagKLpJIRYvRH0wmntm0,66623-012,$,4,,4,3.0,1.0,0.0,0.0,0.0,Pará,R. Prainha,R. Prainha,,H. M Bar e Restô,H. M Bar E Restô,4.8,https://www.google.com/maps/search/?api=1&query=H.%20M%20Bar%20e%20Rest%C3%B4&query_place_id=ChIJ20DbagKLpJIRYvRH0wmntm0,,Monday-Friday: 08:00 to 00:00; Saturday: Closed; Sunday: 08:00 to 00:00
"R. Cap. Braga, 220 - Marambaia, Belém - PA, 66615-080, Brasil","R. Cap. Braga, 220 - Marambaia, Belém - Pa, 66615-080, Brasil",Bar,,,,,,,,,Brazilian boteco,9.07e+18,Belém,BR,0x92a48bdc0c548ae5:0x7dde3cb63cc02297,,"https://food.google.com/chooseprovider?restaurantId=/g/11lwt1trh5&g2lbs=AOHF13kCu-OUIDoaKssnXoZ_5mCwZDUgyBPzUm1gaiwc8UD-kwCQ3LW8qnEyD6ueTkUf53UZEsAttEOEJO7yknLxKEeDDNtAiN290z6Vjv-ntSJOB1odr-8%3D&hl=pt-BR&gl=us&fo_m=MfohQo559jFvMUOzJVpjPL1YMfZ3bInYwBDuMfaXTPp5KXh-&utm_source=tactile&gei=GImxZsGvJMynkPIPyM-3mQU&ei=GImxZsGvJMynkPIPyM-3mQU&fo_s=OA,SOE&opi=79508299&foub=mcpp",,-1.4038759,-48.437449,https://www.instagram.com/s/aGlnaGxpZ2h0OjE3ODk1NDAzNzM2MTQ1Mzc4?story_media_id=2602027852838031280_41926771735&utm_medium=copy_link,Marambaia,+55 91 99837-4146,5590000000000.0,ChIJ5YpUDNyLpJIRlyLAPLY83n0,66615-080,$,3,,10,8.0,2.0,0.0,0.0,0.0,Pará,"R. Cap. Braga, 220","R. Cap. Braga, 220",,Boteco Da Praca Bar & Restô,Boteco Da Praca Bar & Restô,4.8,https://www.google.com/maps/search/?api=1&query=Boteco%20Da%20Praca%20Bar%20%26%20Rest%C3%B4&query_place_id=ChIJ5YpUDNyLpJIRlyLAPLY83n0,https://instagram.com/botecodapracabareresto?utm_medium=copy_link,
"R. Euclides da Cunha, 152 - Castanheira, Belém - PA, 66645-130, Brasil","R. Euclides Da Cunha, 152 - Castanheira, Belém - Pa, 66645-130, Brasil",Bar esportivo,,,,,,,,,Brazilian boteco,1.46e+18,Belém,BR,0x92a48b1e429b8569:0x1453748763395adf,,,,-1.4075926,-48.4285234,,Castanheira,+55 91 98196-4959,5590000000000.0,ChIJaYWbQh6LpJIR31o5Y4d0UxQ,66645-130,$,2,,3,3.0,0.0,0.0,0.0,0.0,Pará,"R. Euclides da Cunha, 152","R. Euclides Da Cunha, 152",,Bar Tô no Trabalho,Bar Tô No Trabalho,5.0,https://www.google.com/maps/search/?api=1&query=Bar%20T%C3%B4%20no%20Trabalho&query_place_id=ChIJaYWbQh6LpJIR31o5Y4d0UxQ,,
"Tv. Alferes Costa, 2796 - Pedreira, Belém - PA, 66083-108, Brasil","Tv. Alferes Costa, 2796 - Pedreira, Belém - Pa, 66083-108, Brasil",Bar,,,,,,,,,Brazilian boteco,1.12e+19,Belém,BR,0x92a48b8c9738dbed:0x9bb79590aeb7c710,,,,-1.4256166,-48.4572144,,Pedreira,,,ChIJ7ds4l4yLpJIREMe3rpCVt5s,66083-108,$,1,,46,31.0,7.0,0.0,6.0,2.0,Pará,"Tv. Alferes Costa, 2796","Tv. Alferes Costa, 2796",,BAR DO VICENTE,Bar Do Vicente,4.5,https://www.google.com/maps/search/?api=1&query=BAR%20DO%20VICENTE&query_place_id=ChIJ7ds4l4yLpJIREMe3rpCVt5s,,
"Entroncamento, Belém - PA, 67020-695, Brasil","Entroncamento, Belém - Pa, 67020-695, Brasil",Bar,,,,,,,,,Brazilian boteco,1.64e+19,Belém,BR,0x92a4f5f938c29b85:0xe3cd50547dabb3ce,,,,-1.4086045,-48.3876183,,Entroncamento,,,ChIJhZvCOPn1pJIRzrOrfVRQzeM,,$,74,,0,,,,,,Pará,,,,Bar & Restaurante,Bar & Restaurante,,https://www.google.com/maps/search/?api=1&query=Bar%20%26%20Restaurante&query_place_id=ChIJhZvCOPn1pJIRzrOrfVRQzeM,,
"Castanheira, Belém - PA, 66645-057, Brasil","Castanheira, Belém - Pa, 66645-057, Brasil",Bar,,,,,,,,,Brazilian boteco,1.86e+18,Belém,BR,0x92a48b102d5643db:0x19ccabcd5b70ade2,,,,-1.4087313,-48.427705,,Castanheira,+55 982552172,,ChIJ20NWLRCLpJIR4q1wW82rzBk,,$,65,,12,7.0,1.0,0.0,3.0,1.0,Pará,,,,Bar do Paraguai,Bar Do Paraguai,4.2,https://www.google.com/maps/search/?api=1&query=Bar%20do%20Paraguai&query_place_id=ChIJ20NWLRCLpJIR4q1wW82rzBk,,
"R. Camilo Salgado, 35A - Aeroporto, Belém - PA, Brasil","R. Camilo Salgado, 35A - Aeroporto, Belém - Pa, Brasil",Bar,,,,,,,,,Brazilian boteco,1.78e+19,Belém,BR,0x92a46b002538da0b:0xf7ad2669618d3c1f,,,,-1.1522955,-48.4639107,,Aeroporto,+55 91 99161-3652,5590000000000.0,ChIJC9o4JQBrpJIRHzyNYWkmrfc,,$,8,,0,,,,,,Pará,"R. Camilo Salgado, 35A","R. Camilo Salgado, 35A",,Bar e Restaurante Lá divinna,Bar E Restaurante Lá Divinna,,https://www.google.com/maps/search/?api=1&query=Bar%20e%20Restaurante%20L%C3%A1%20divinna&query_place_id=ChIJC9o4JQBrpJIRHzyNYWkmrfc,,Monday-Sunday: Atendimento 24 horas
"Tv. Sn-5, 470 - Marambaia, Belém - PA, 66623-156, Brasil","Tv. Sn-5, 470 - Marambaia, Belém - Pa, 66623-156, Brasil",Bar,,,,,,,,,Brazilian boteco,1.06e+19,Belém,BR,0x92a48aff745bdcc7:0x927d213ddf70eef8,,,,-1.3980995,-48.4375468,,Marambaia,,,ChIJx9xbdP-KpJIR-O5w3z0hfZI,66623-156,$,27,,15,13.0,1.0,0.0,1.0,0.0,Pará,"Tv. Sn-5, 470","Tv. Sn-5, 470",,Bar Do Ceará,Bar Do Ceará,4.8,https://www.google.com/maps/search/?api=1&query=Bar%20Do%20Cear%C3%A1&query_place_id=ChIJx9xbdP-KpJIR-O5w3z0hfZI,,Monday-Sunday: 09:00 to 17:00
"R. Vênus - Entroncamento, Belém - PA, Brasil","R. Vênus - Entroncamento, Belém - Pa, Brasil",Bar,,,,,,,,,Brazilian boteco,5.78e+18,Belém,BR,0x92a4f501bd4fcd4d:0x503b537df97cc7aa,,,,-1.4100352,-48.3887389,,Entroncamento,,,ChIJTc1PvQH1pJIRqsd8-X1TO1A,,$,18,,1,0.0,0.0,0.0,0.0,1.0,Pará,R. Vênus,R. Vênus,,bar e boteco,Bar E Boteco,2.0,https://www.google.com/maps/search/?api=1&query=bar%20e%20boteco&query_place_id=ChIJTc1PvQH1pJIRqsd8-X1TO1A,,Monday-Sunday: 06:00 to 00:00
"Passagem Otil - Castanheira, Belém - PA, 66645-100, Brasil","Passagem Otil - Castanheira, Belém - Pa, 66645-100, Brasil",Bar,,,,,,,,,Brazilian boteco,2.67e+18,Belém,BR,0x92a48b123d68b803:0x2512a412ed5dd4a7,,,,-1.4112978,-48.4274924,,Castanheira,,,ChIJA7hoPRKLpJIRp9Rd7RKkEiU,66645-100,$,17,,4,4.0,0.0,0.0,0.0,0.0,Pará,Passagem Otil,Passagem Otil,,Bar Do Peninha,Bar Do Peninha,5.0,https://www.google.com/maps/search/?api=1&query=Bar%20Do%20Peninha&query_place_id=ChIJA7hoPRKLpJIRp9Rd7RKkEiU,,Monday-Sunday: 18:00 to 03:00
"R. Camilo Salgado Filho - Aeroporto, Belém - PA, 66000-000, Brasil","R. Camilo Salgado Filho - Aeroporto, Belém - Pa, 66000-000, Brasil",Bar,,,,,,,,,Brazilian boteco,6.26e+18,Belém,BR,0x92a46b058cbf9231:0x56e44a7741cfe798,,,,-1.142493,-48.4588274,,Aeroporto,,,ChIJMZK_jAVrpJIRmOfPQXdK5FY,66000-000,$,73,,0,,,,,,Pará,R. Camilo Salgado Filho,R. Camilo Salgado Filho,,Boteco dos Guerreiros,Boteco Dos Guerreiros,,https://www.google.com/maps/search/?api=1&query=Boteco%20dos%20Guerreiros&query_place_id=ChIJMZK_jAVrpJIRmOfPQXdK5FY,,Monday-Sunday: 09:00 to 00:00
"Viela Célia, 689 - Umarizal, Belém - PA, 66055-110, Brasil","Viela Célia, 689 - Umarizal, Belém - Pa, 66055-110, Brasil",Bar,,,,,,,,,Brazilian boteco,6.03e+18,Belém,BR,0x92a48ea18735270b:0x53a4a29260bac2f9,,,,-1.4443282,-48.4847538,,Umarizal,+55 91 99922-6021,5590000000000.0,ChIJCyc1h6GOpJIR-cK6YJKipFM,66055-110,$,14,,321,190.0,56.0,12.0,54.0,9.0,Pará,"Viela Célia, 689","Viela Célia, 689",,Bar do Tuna,Bar Do Tuna,4.3,https://www.google.com/maps/search/?api=1&query=Bar%20do%20Tuna&query_place_id=ChIJCyc1h6GOpJIR-cK6YJKipFM,https://pt-br.facebook.com/pages/Bar-do-Tuna/216423521755250,Monday: Closed; Tuesday-Sunday: 08:00 to 04:00
"Tv. Quintino Bocaiúva, 3607 - Reduto, Belém - PA, 66045-320, Brasil","Tv. Quintino Bocaiúva, 3607 - Reduto, Belém - Pa, 66045-320, Brasil",Bar,,,,,,,,,Brazilian boteco,1.14e+18,Belém,BR,0x92a48e7136decca9:0xfca9ed9c521974e,,,,-1.4702165,-48.4841665,,Reduto,,,ChIJqczeNnGOpJIRTpchxdmeyg8,66045-320,$,20,,19,15.0,4.0,0.0,0.0,0.0,Pará,"Tv. Quintino Bocaiúva, 3607","Tv. Quintino Bocaiúva, 3607",,BAR E LANCHONETE DA LENE,Bar E Lanchonete Da Lene,4.8,https://www.google.com/maps/search/?api=1&query=BAR%20E%20LANCHONETE%20DA%20LENE&query_place_id=ChIJqczeNnGOpJIRTpchxdmeyg8,,
"R. São Miguel, 1212 - Cremação, Belém - PA, 66065-705, Brasil","R. São Miguel, 1212 - Cremação, Belém - Pa, 66065-705, Brasil",Bar,,,,,,,,,Brazilian boteco,2.49e+18,Belém,BR,0x92a48e78e25b72a5:0x229a71906a9c1b32,,,,-1.4645459,-48.4811272,,Cremação,,,ChIJpXJb4niOpJIRMhucapBxmiI,66065-705,$,7,,23,17.0,2.0,2.0,0.0,2.0,Pará,"R. São Miguel, 1212","R. São Miguel, 1212",,Veloso Sport Bar,Veloso Sport Bar,4.3,https://www.google.com/maps/search/?api=1&query=Veloso%20Sport%20Bar&query_place_id=ChIJpXJb4niOpJIRMhucapBxmiI,,
"R. dos Tambés, 518-696 - Condor, Belém - PA, 66033-780, Brasil","R. Dos Tambés, 518-696 - Condor, Belém - Pa, 66033-780, Brasil",Bar,,,,,,,,,Brazilian boteco,1.67e+19,Belém,BR,0x92a48f2fe05230d7:0xe75472292f2e1152,,,,-1.4736531,-48.4813283,,Condor,,,ChIJ1zBS4C-PpJIRUhEuLylyVOc,66033-780,$,16,,5,3.0,0.0,0.0,1.0,1.0,Pará,"R. dos Tambés, 518-696","R. Dos Tambés, 518-696",,Pingos Bar,Pingos Bar,4.0,https://www.google.com/maps/search/?api=1&query=Pingos%20Bar&query_place_id=ChIJ1zBS4C-PpJIRUhEuLylyVOc,,Monday-Friday: 16:00 to 00:00; Saturday: 09:00 to 21:00; Sunday: 09:00 to 18:00
"R. Gaiapós, 30 - Condor, Belém - PA, 66033-840, Brasil","R. Gaiapós, 30 - Condor, Belém - Pa, 66033-840, Brasil",Bar,,,,,,,,,Brazilian boteco,4.54e+18,Belém,BR,0x92a48e0a87cadc03:0x3effc2f33dc40383,,,,-1.4758586,-48.4793857,,Condor,,,ChIJA9zKhwqOpJIRgwPEPfPC_z4,66033-840,$,5,,1,1.0,0.0,0.0,0.0,0.0,Pará,"R. Gaiapós, 30","R. Gaiapós, 30",,Bar De Copa,Bar De Copa,5.0,https://www.google.com/maps/search/?api=1&query=Bar%20De%20Copa&query_place_id=ChIJA9zKhwqOpJIRgwPEPfPC_z4,,
"Tv. Quintino Bocaiúva, 4016 - Jurunas, Belém - PA, 66033-620, Brasil","Tv. Quintino Bocaiúva, 4016 - Jurunas, Belém - Pa, 66033-620, Brasil",Bar,,,,,,,,,Brazilian boteco,1.18e+19,Belém,BR,0x92a48f0d43106e13:0xa42dc58043d2b7d1,,,,-1.4714801,-48.4849248,,Jurunas,,,ChIJE24QQw2PpJIR0bfSQ4DFLaQ,66033-620,$,3,,4,3.0,1.0,0.0,0.0,0.0,Pará,"Tv. Quintino Bocaiúva, 4016","Tv. Quintino Bocaiúva, 4016",,Bar Das Devassas,Bar Das Devassas,4.8,https://www.google.com/maps/search/?api=1&query=Bar%20Das%20Devassas&query_place_id=ChIJE24QQw2PpJIR0bfSQ4DFLaQ,,
"Passagem Boca do Acre - Telégrafo, Belém - PA, 66115-091, Brasil","Passagem Boca Do Acre - Telégrafo, Belém - Pa, 66115-091, Brasil",Bar,,,,,,,,,Brazilian boteco,1.77e+19,Belém,BR,0x92a4895b7c797f91:0xf5cc22fa2b771113,,,,-1.4195837,-48.4866468,,Telégrafo,,,ChIJkX95fFuJpJIRExF3K_oizPU,66115-091,$,104,,0,,,,,,Pará,Passagem Boca do Acre,Passagem Boca Do Acre,,Bar da NEGA,Bar Da Nega,,https://www.google.com/maps/search/?api=1&query=Bar%20da%20NEGA&query_place_id=ChIJkX95fFuJpJIRExF3K_oizPU,,
"Av. Contôrno Leste, 332 - Maracangalha, Belém - PA, 66813-330, Brasil","Av. Contôrno Leste, 332 - Maracangalha, Belém - Pa, 66813-330, Brasil",Bar,,,,,,,,,Brazilian boteco,5.9e+18,Belém,BR,0x92a48a2b29e5f537:0x51e483af2e09adda,,,,-1.4006182,-48.4762096,,Maracangalha,,,ChIJN_XlKSuKpJIR2q0JLq-D5FE,66813-330,$,103,,0,,,,,,Pará,"Av. Contôrno Leste, 332","Av. Contôrno Leste, 332",,BAR DO CURIÓ,Bar Do Curió,,https://www.google.com/maps/search/?api=1&query=BAR%20DO%20CURI%C3%93&query_place_id=ChIJN_XlKSuKpJIR2q0JLq-D5FE,,Monday-Sunday: 07:00 to 23:00
"Tv. Alferes Costa, 575 - Sacramenta, Belém - PA, 66120-330, Brasil","Tv. Alferes Costa, 575 - Sacramenta, Belém - Pa, 66120-330, Brasil",Bar,,,,,,,,,Brazilian boteco,1.67e+19,Belém,BR,0x92a48bde763a9007:0xe7d332798fad1cac,,,,-1.4142425,-48.4737745,,Sacramenta,,,ChIJB5A6dt6LpJIRrBytj3ky0-c,66120-330,$,101,,0,,,,,,Pará,"Tv. Alferes Costa, 575","Tv. Alferes Costa, 575",,Bar E Restaurante Molecote,Bar E Restaurante Molecote,,https://www.google.com/maps/search/?api=1&query=Bar%20E%20Restaurante%20Molecote&query_place_id=ChIJB5A6dt6LpJIRrBytj3ky0-c,,
"Av. Sen. Lemos - Sacramenta, Belém - PA, 66120-000, Brasil","Av. Sen. Lemos - Sacramenta, Belém - Pa, 66120-000, Brasil",Bar e Grill,,,,,,,,,Bar & grill,1.79e+19,Belém,BR,0x92a48bc94f286455:0xf87e931c005f61a3,,,,-1.4165315,-48.4775228,,Sacramenta,,,ChIJVWQoT8mLpJIRo2FfAByTfvg,66120-000,$$,99,,0,,,,,,Pará,Av. Sen. Lemos,Av. Sen. Lemos,,Bar e Churrascaria Do Vasco,Bar E Churrascaria Do Vasco,,https://www.google.com/maps/search/?api=1&query=Bar%20e%20Churrascaria%20Do%20Vasco&query_place_id=ChIJVWQoT8mLpJIRo2FfAByTfvg,,Monday-Tuesday: 08:00 to 00:00; Wednesday: Closed; Thursday: 08:00 to 00:00; Friday: Closed; Saturday-Sunday: 08:00 to 00:00
"R. Prof. Nelson Ribeiro, 45 - Umarizal, Belém - PA, 66050-420, Brasil","R. Prof. Nelson Ribeiro, 45 - Umarizal, Belém - Pa, 66050-420, Brasil",Bar,,,,,,,,,Brazilian boteco,1.83e+19,Belém,BR,0x92a4894e79809a01:0xfdf2d59f7f25dd4a,,,,-1.4265899,-48.4907398,,Umarizal,,,ChIJAZqAeU6JpJIRSt0lf5_V8v0,66050-420,$,98,,0,,,,,,Pará,"R. Prof. Nelson Ribeiro, 45","R. Prof. Nelson Ribeiro, 45",,Bar das Gatas,Bar Das Gatas,,https://www.google.com/maps/search/?api=1&query=Bar%20das%20Gatas&query_place_id=ChIJAZqAeU6JpJIRSt0lf5_V8v0,,Monday-Tuesday: 10:00 to 22:00; Wednesday-Friday: 09:00 to 00:00; Saturday: 09:00 to 00:30; Sunday: 09:00 to 23:30
"Tv. Angustura, 913 - Sacramenta, Belém - PA, 66120-230, Brasil","Tv. Angustura, 913 - Sacramenta, Belém - Pa, 66120-230, Brasil",Bar,,,,,,,,,Brazilian boteco,1.23e+19,Belém,BR,0x92a48be2fcd4e3d1:0xab5496f4ec2df0a0,,,,-1.4214659,-48.4763937,,Sacramenta,,,ChIJ0ePU_OKLpJIRoPAt7PSWVKs,66120-230,$,100,,0,,,,,,Pará,"Tv. Angustura, 913","Tv. Angustura, 913",,AMARELINHO BAR,Amarelinho Bar,,https://www.google.com/maps/search/?api=1&query=AMARELINHO%20BAR&query_place_id=ChIJ0ePU_OKLpJIRoPAt7PSWVKs,,Monday-Friday: 06:00 to 00:00; Saturday: 06:00 to 02:00; Sunday: 06:00 to 00:00
"R. Canal Joaquim, 1123 - Sacramenta, Belém - PA, 66123-030, Brasil","R. Canal Joaquim, 1123 - Sacramenta, Belém - Pa, 66123-030, Brasil",Bar,,,,,,,,,Brazilian boteco,3.8e+18,Belém,BR,0x92a48bbedfbd6249:0x34ba3d000e9f49a8,,,,-1.4085143,-48.4762735,,Sacramenta,+55 91 98522-0881,5590000000000.0,ChIJSWK9376LpJIRqEmfDgA9ujQ,66123-030,$,90,,0,,,,,,Pará,"R. Canal Joaquim, 1123","R. Canal Joaquim, 1123",,Bar da Neth,Bar Da Neth,,https://www.google.com/maps/search/?api=1&query=Bar%20da%20Neth&query_place_id=ChIJSWK9376LpJIRqEmfDgA9ujQ,,Monday-Sunday: 08:00 to 22:00
"Av. Sen. Lemos, 2150 - Telégrafo, Belém - PA, 66113-000, Brasil","Av. Sen. Lemos, 2150 - Telégrafo, Belém - Pa, 66113-000, Brasil",Bar,,,,,,,,,Brazilian boteco,1.74e+19,Belém,BR,0x92a489c0c874ac75:0xf1ce413ef7816d43,,,,-1.4247998,-48.4839055,,Telégrafo,,,ChIJdax0yMCJpJIRQ22B9z5BzvE,66113-000,$,93,,0,,,,,,Pará,"Av. Sen. Lemos, 2150","Av. Sen. Lemos, 2150",,Bar do Chico,Bar Do Chico,,https://www.google.com/maps/search/?api=1&query=Bar%20do%20Chico&query_place_id=ChIJdax0yMCJpJIRQ22B9z5BzvE,,Monday-Sunday: Atendimento 24 horas
"358, Passagem Boca do Acre, 338 - Telégrafo, Belém - PA, 66115-091, Brasil","358, Passagem Boca Do Acre, 338 - Telégrafo, Belém - Pa, 66115-091, Brasil",Bar,,,,,,,,,Brazilian boteco,1.09e+16,Belém,BR,0x92a4895a95e67f73:0x26b7e21beffda3,,,,-1.4222795,-48.4873271,,Telégrafo,,,ChIJc3_mlVqJpJIRo_3vG-K3JgA,66115-091,$,95,,9,5.0,2.0,1.0,1.0,0.0,PA,"358, Passagem Boca do Acre, 338","358, Passagem Boca Do Acre, 338",,Bar Do Kirin,Bar Do Kirin,4.1,https://www.google.com/maps/search/?api=1&query=Bar%20Do%20Kirin&query_place_id=ChIJc3_mlVqJpJIRo_3vG-K3JgA,,
"Passagem do Arame, 423 - Pedreira, Belém - PA, 66087-230, Brasil","Passagem Do Arame, 423 - Pedreira, Belém - Pa, 66087-230, Brasil",Bar,,,,,,,,,Brazilian boteco,1.08e+19,Belém,BR,0x92a48bedb6c30d13:0x960b6eebef6cb2b4,,,,-1.4210111,-48.4622368,,Pedreira,,,ChIJEw3Dtu2LpJIRtLJs7-tuC5Y,66087-230,$,96,,0,,,,,,Pará,"Passagem do Arame, 423","Passagem Do Arame, 423",,BAR & GOULART,Bar & Goulart,,https://www.google.com/maps/search/?api=1&query=BAR%20%26%20GOULART&query_place_id=ChIJEw3Dtu2LpJIRtLJs7-tuC5Y,,
"Maracangalha, Belém - PA, 66842-390, Brasil","Maracangalha, Belém - Pa, 66842-390, Brasil",Bar,,,,,,,,,Brazilian boteco,1.26e+19,Belém,BR,0x92a4897f3a88b523:0xaf5b759516506b2b,,,,-1.4023229,-48.4829383,,Maracangalha,,,ChIJI7WIOn-JpJIRK2tQFpV1W68,,$,89,,0,,,,,,Pará,,,,BAR DO PAPÃO,Bar Do Papão,,https://www.google.com/maps/search/?api=1&query=BAR%20DO%20PAP%C3%83O&query_place_id=ChIJI7WIOn-JpJIRK2tQFpV1W68,,
"Av. Sen. Lemos, 3490 - Sacramenta, Belém - PA, 66050-040, Brasil","Av. Sen. Lemos, 3490 - Sacramenta, Belém - Pa, 66050-040, Brasil",Bar,,,,,,,,,Brazilian boteco,4.67e+18,Belém,BR,0x92a48bc66e7ee1a7:0x40c87c0fdc83f95a,,,,-1.4159883,-48.4758122,,Sacramenta,,,ChIJp-F-bsaLpJIRWvmD3A98yEA,66050-040,$,86,,93,50.0,23.0,6.0,10.0,4.0,Pará,"Av. Sen. Lemos, 3490","Av. Sen. Lemos, 3490",,Bar e Restaurante Peixe Frito,Bar E Restaurante Peixe Frito,4.2,https://www.google.com/maps/search/?api=1&query=Bar%20e%20Restaurante%20Peixe%20Frito&query_place_id=ChIJp-F-bsaLpJIRWvmD3A98yEA,https://www.instagram.com/sidney_rodrigues_40/,Monday: Closed; Tuesday-Friday: 09:00 to 19:00; Saturday: 09:01 to 19:00; Sunday: Closed
"Passagem Boca do Acre, 530 - Telégrafo, Belém - PA, 66115-091, Brasil","Passagem Boca Do Acre, 530 - Telégrafo, Belém - Pa, 66115-091, Brasil",Bar,,,,,,,,,Brazilian boteco,1.84e+19,Belém,BR,0x92a489c5e3ef33b3:0xffdd80bb7972e427,,,,-1.4205687,-48.4868463,,Telégrafo,,,ChIJszPv48WJpJIRJ-RyebuA3f8,66115-091,$,81,,0,,,,,,Pará,"Passagem Boca do Acre, 530","Passagem Boca Do Acre, 530",,Bar do Jaca,Bar Do Jaca,,https://www.google.com/maps/search/?api=1&query=Bar%20do%20Jaca&query_place_id=ChIJszPv48WJpJIRJ-RyebuA3f8,,Monday-Tuesday: Closed; Wednesday: 16:00 to 00:00; Thursday-Sunday: 08:00 to 11:30
"Tv. Alferes Costa, 580 - Sacramenta, Belém - PA, 66123-030, Brasil","Tv. Alferes Costa, 580 - Sacramenta, Belém - Pa, 66123-030, Brasil",Bar,,,,,,,,,Brazilian boteco,1.31e+19,Belém,BR,0x92a48bde73ff5731:0xb6378bc7d1ef22a8,,"https://food.google.com/chooseprovider?restaurantId=/g/11gdm1684x&g2lbs=AOHF13lmPtMSzPsP6oE9-hVfmWvJmWCdxLvZY9JgEwAin1aZcvxzCD0EOa3l8Q7DWmrZA7Bv9lZfLcxjVPhBsmydmgQ0_vN7ISs05QBlaR-F5mQzTDpUn5w%3D&hl=pt-BR&gl=us&fo_m=MfohQo559jFvMUOzJVpjPL1YMfZ3bInYwBDuMfaXTPp5KXh-&utm_source=tactile&gei=N46xZsn0K--iptQP_PP4oAY&ei=N46xZsn0K--iptQP_PP4oAY&fo_s=OA,SOE&opi=79508299&foub=mcpp",,-1.4144612,-48.4741132,,Sacramenta,+55 91 98259-4083,5590000000000.0,ChIJMVf_c96LpJIRqCLv0ceLN7Y,66123-030,$,79,,26,18.0,2.0,1.0,2.0,3.0,Pará,"Tv. Alferes Costa, 580","Tv. Alferes Costa, 580",,Bar e Restaurante Castelinho Wi Fi,Bar E Restaurante Castelinho Wi Fi,4.3,https://www.google.com/maps/search/?api=1&query=Bar%20e%20Restaurante%20Castelinho%20Wi%20Fi&query_place_id=ChIJMVf_c96LpJIRqCLv0ceLN7Y,https://bar-e-restaurante-castelinho-wi-fi.negocio.site/?utm_source=gmb&utm_medium=referral,Monday-Saturday: 08:00 to 22:00; Sunday: 09:00 to 17:00
"R. Nova, 1337 - Pedreira, Belém - PA, 66083-390, Brasil","R. Nova, 1337 - Pedreira, Belém - Pa, 66083-390, Brasil",Bar,,,,,,,,,Brazilian boteco,6.28e+18,Belém,BR,0x92a48be39c2143c3:0x572a9b6eb3c34066,,,,-1.4208115,-48.474642,,Pedreira,,,ChIJw0MhnOOLpJIRZkDDs26bKlc,,$,78,,49,31.0,2.0,5.0,8.0,3.0,Pará,"R. Nova, 1337","R. Nova, 1337",,Bar Do Paulo,Bar Do Paulo,4.0,https://www.google.com/maps/search/?api=1&query=Bar%20Do%20Paulo&query_place_id=ChIJw0MhnOOLpJIRZkDDs26bKlc,,Monday-Thursday: Closed; Friday: 17:00 to 22:00; Saturday-Sunday: 11:00 to 23:00
"Passagem Marajoara Três, 83 - Maracangalha, Belém - PA, 68447-000, Brasil","Passagem Marajoara Três, 83 - Maracangalha, Belém - Pa, 68447-000, Brasil",Bar,,,,,,,,,Brazilian boteco,1.84e+19,Belém,BR,0x92a48b0006b45e6f:0xffe2ac1c676df40b,,,,-1.402729,-48.4783818,,Maracangalha,,,ChIJb160BgCLpJIRC_RtZxys4v8,,$,76,,0,,,,,,Pará,"Passagem Marajoara Três, 83","Passagem Marajoara Três, 83",,Bar do Márcio,Bar Do Márcio,,https://www.google.com/maps/search/?api=1&query=Bar%20do%20M%C3%A1rcio&query_place_id=ChIJb160BgCLpJIRC_RtZxys4v8,,"Monday: 00:00 to 07:00; Tuesday: 09:00 to 00:00; Wednesday-Sunday: 00:00 to 07:00, 09:00 to 00:00"
"R. Nova, 1335 - Pedreira, Belém - PA, 66080-322, Brasil","R. Nova, 1335 - Pedreira, Belém - Pa, 66080-322, Brasil",Bar,,,,,,,,,Brazilian boteco,1.23e+19,Belém,BR,0x92a48be39c29ce77:0xaa35579e24437c4c,,,,-1.4209159,-48.4747919,,Pedreira,,,ChIJd84pnOOLpJIRTHxDJJ5XNao,66080-322,$,74,,0,,,,,,Pará,"R. Nova, 1335","R. Nova, 1335",,BAR DA PEDRITA,Bar Da Pedrita,,https://www.google.com/maps/search/?api=1&query=BAR%20DA%20PEDRITA&query_place_id=ChIJd84pnOOLpJIRTHxDJJ5XNao,,Monday: Closed; Tuesday-Sunday: 10:00 to 04:00
"Passagem São Pedro, 34 - Telégrafo, Belém - PA, 66113-520, Brasil","Passagem São Pedro, 34 - Telégrafo, Belém - Pa, 66113-520, Brasil",Bar,,,,,,,,,Brazilian boteco,1.15e+19,Belém,BR,0x92a4895a18aca2af:0x9f77ea724a38be9e,,,,-1.4221152,-48.4840382,,Telégrafo,,,ChIJr6KsGFqJpJIRnr44SnLqd58,66113-520,$,66,,7,5.0,2.0,0.0,0.0,0.0,Pará,"Passagem São Pedro, 34","Passagem São Pedro, 34",,Bar Do Ari,Bar Do Ari,4.7,https://www.google.com/maps/search/?api=1&query=Bar%20Do%20Ari&query_place_id=ChIJr6KsGFqJpJIRnr44SnLqd58,,
"Sacramenta, Belém - PA, 66120-220, Brasil","Sacramenta, Belém - Pa, 66120-220, Brasil",Bar,,,,,,,,,Brazilian boteco,8.65e+18,Belém,BR,0x92a4895c30f1ac99:0x77fd9400bf7aa76f,,,,-1.4179125,-48.4845355,,Sacramenta,,,ChIJmazxMFyJpJIRb6d6vwCU_Xc,,$,70,,3,3.0,0.0,0.0,0.0,0.0,Pará,,,,Bar E Mercearia Da Josi,Bar E Mercearia Da Josi,5.0,https://www.google.com/maps/search/?api=1&query=Bar%20E%20Mercearia%20Da%20Josi&query_place_id=ChIJmazxMFyJpJIRb6d6vwCU_Xc,,Monday-Saturday: 08:00 to 12:00; Sunday: 08:00 to 04:00
"Telégrafo, Belém - PA, 66115-000, Brasil","Telégrafo, Belém - Pa, 66115-000, Brasil",Bar,,,,,,,,,Brazilian boteco,1.6e+19,Belém,BR,0x92a4894544168ba5:0xde97ba7c774d0141,,,,-1.4225127,-48.4896027,,Telégrafo,,,ChIJpYsWREWJpJIRQQFNd3y6l94,66115-000,$,55,,8,7.0,0.0,0.0,1.0,0.0,Pará,,,,Bar Do Benicio,Bar Do Benicio,4.8,https://www.google.com/maps/search/?api=1&query=Bar%20Do%20Benicio&query_place_id=ChIJpYsWREWJpJIRQQFNd3y6l94,,Monday: Closed; Tuesday-Sunday: 08:00 to 00:00
"Av. Pedro Miranda, 1749 - Pedreira, Belém - PA, 66080-970, Brasil","Av. Pedro Miranda, 1749 - Pedreira, Belém - Pa, 66080-970, Brasil",Bar,,,,,,,,,Brazilian boteco,1.52e+19,Belém,BR,0x92a48bfa8b0a9033:0xd268a0a3cd46a2c6,,,,-1.4243403,-48.469921,,Pedreira,+55 91 3233-6050,559000000000.0,ChIJM5AKi_qLpJIRxqJGzaOgaNI,66080-970,$,35,,27,16.0,5.0,2.0,4.0,0.0,Pará,"Av. Pedro Miranda, 1749","Av. Pedro Miranda, 1749",,Recanto Pedreirense,Recanto Pedreirense,4.2,https://www.google.com/maps/search/?api=1&query=Recanto%20Pedreirense&query_place_id=ChIJM5AKi_qLpJIRxqJGzaOgaNI,,
"Passagem A, 361 - Sacramenta, Belém - PA, 66083-010, Brasil","Passagem A, 361 - Sacramenta, Belém - Pa, 66083-010, Brasil",Bar,,,,,,,,,Brazilian boteco,1.16e+19,Belém,BR,0x92a48b61195d1d55:0xa19447f094dcb4f3,,,,-1.4204642,-48.4767537,,Sacramenta,,,ChIJVR1dGWGLpJIR87TclPBHlKE,66083-010,$,31,,2,2.0,0.0,0.0,0.0,0.0,Pará,"Passagem A, 361","Passagem A, 361",,Bar dos amigos,Bar Dos Amigos,5.0,https://www.google.com/maps/search/?api=1&query=Bar%20dos%20amigos&query_place_id=ChIJVR1dGWGLpJIR87TclPBHlKE,,Monday: Closed; Tuesday: 17:00 to 01:00; Wednesday: 16:00 to 01:00; Thursday: 11:00 to 01:00; Friday-Saturday: 11:00 to 03:00; Sunday: 11:00 to 01:00
"Passagem Bom Futuro, 237 - Telégrafo, Belém - PA, 66113-320, Brasil","Passagem Bom Futuro, 237 - Telégrafo, Belém - Pa, 66113-320, Brasil",Bar,,,,,,,,,Brazilian boteco,9.53e+18,Belém,BR,0x92a4892a4a530c3f:0x8431cef0b00fd361,,,,-1.4218814,-48.4866487,,Telégrafo,,,ChIJPwxTSiqJpJIRYdMPsPDOMYQ,66113-320,$,20,,1,1.0,0.0,0.0,0.0,0.0,Pará,"Passagem Bom Futuro, 237","Passagem Bom Futuro, 237",,ALAMBIQUE Conveniência e Bar,Alambique Conveniência E Bar,5.0,https://www.google.com/maps/search/?api=1&query=ALAMBIQUE%20Conveni%C3%AAncia%20e%20Bar&query_place_id=ChIJPwxTSiqJpJIRYdMPsPDOMYQ,,
"Passagem São José, 182 - Sacramenta, Belém - PA, 66120-270, Brasil","Passagem São José, 182 - Sacramenta, Belém - Pa, 66120-270, Brasil",Bar,,,,,,,,,Brazilian boteco,1.34e+19,Belém,BR,0x92a4896031474809:0xba573a353c5fb948,,,,-1.4140556,-48.4795978,,Sacramenta,,,ChIJCUhHMWCJpJIRSLlfPDU6V7o,66120-270,$,19,,1,1.0,0.0,0.0,0.0,0.0,Pará,"Passagem São José, 182","Passagem São José, 182",,Bar DOS CARBORETOS,Bar Dos Carboretos,5.0,https://www.google.com/maps/search/?api=1&query=Bar%20DOS%20CARBORETOS&query_place_id=ChIJCUhHMWCJpJIRSLlfPDU6V7o,,Monday: Closed; Tuesday-Thursday: 18:00 to 01:00; Friday: 09:00 to 02:00; Saturday-Sunday: 18:00 to 01:00
"R. Nova, 673 - Pedreira, Belém - PA, 66083-442, Brasil","R. Nova, 673 - Pedreira, Belém - Pa, 66083-442, Brasil",Bar,,,,,,,,,Brazilian boteco,7.81e+18,Belém,BR,0x92a48bfdec528d05:0x6c572c7762825d01,,,,-1.4257822,-48.4779728,,Pedreira,,,ChIJBY1S7P2LpJIRAV2CYncsV2w,66083-442,$,18,,6,4.0,0.0,0.0,2.0,0.0,Pará,"R. Nova, 673","R. Nova, 673",,Bar Canto Da Saudade,Bar Canto Da Saudade,4.3,https://www.google.com/maps/search/?api=1&query=Bar%20Canto%20Da%20Saudade&query_place_id=ChIJBY1S7P2LpJIRAV2CYncsV2w,,
"Tv. Barão do Triunfo, 1050 - Pedreira, Belém - PA, 66087-270, Brasil","Tv. Barão Do Triunfo, 1050 - Pedreira, Belém - Pa, 66087-270, Brasil",Bares,Bar,,,,,,,,Brazilian boteco,1.19e+19,Belém,BR,0x92a48bfce7454181:0xa4b0d2aa899c766d,,,,-1.4239197,-48.475864,,Pedreira,+55 91 99816-5291,5590000000000.0,ChIJgUFF5_yLpJIRbXaciarSsKQ,66087-270,$,15,,100,82.0,16.0,0.0,2.0,0.0,Pará,"Tv. Barão do Triunfo, 1050","Tv. Barão Do Triunfo, 1050",,Max Bar,Max Bar,4.8,https://www.google.com/maps/search/?api=1&query=Max%20Bar&query_place_id=ChIJgUFF5_yLpJIRbXaciarSsKQ,,
"Passagem Miracy, 65 - Telégrafo, Belém - PA, 66083-420, Brasil","Passagem Miracy, 65 - Telégrafo, Belém - Pa, 66083-420, Brasil",Bar,,,,,,,,,Brazilian boteco,4.11e+18,Belém,BR,0x92a489563f6b2d9d:0x3916768cef10e7a2,,,,-1.4255044,-48.4798933,,Telégrafo,,,ChIJnS1rP1aJpJIRoucQ74x2Fjk,66083-420,$,11,,1,1.0,0.0,0.0,0.0,0.0,Pará,"Passagem Miracy, 65","Passagem Miracy, 65",,Nosso Bar,Nosso Bar,5.0,https://www.google.com/maps/search/?api=1&query=Nosso%20Bar&query_place_id=ChIJnS1rP1aJpJIRoucQ74x2Fjk,,
"R. Antônio Everdosa, 1290 - Pedreira, Belém - PA, 66085-754, Brasil","R. Antônio Everdosa, 1290 - Pedreira, Belém - Pa, 66085-754, Brasil",Bar e Grill,,,,,,,,,Bar & grill,1.18e+19,Belém,BR,0x92a48bb7ceff7301:0xa3105452a1b26bc6,,,,-1.4256192,-48.4740455,,Pedreira,+55 91 98347-6763,5590000000000.0,ChIJAXP_zreLpJIRxmuyoVJUEKM,66085-754,$$,4,,54,43.0,7.0,0.0,4.0,0.0,Pará,"R. Antônio Everdosa, 1290","R. Antônio Everdosa, 1290",,STUDIO ((S)) PUB - Choperia e Espetaria,Studio ((S)) Pub - Choperia E Espetaria,4.7,https://www.google.com/maps/search/?api=1&query=STUDIO%20((S))%20PUB%20-%20Choperia%20e%20Espetaria&query_place_id=ChIJAXP_zreLpJIRxmuyoVJUEKM,,
"R. do Farol - Centro, Belém - PA, 66846-001, Brasil","R. Do Farol - Centro, Belém - Pa, 66846-001, Brasil",Bar,,,,,,,,,Brazilian boteco,8.97e+18,Belém,BR,0x92a47be186b05fdf:0x7c75bcd0f3608283,,,,-1.2691487,-48.560905,,Centro,+55 91 98556-2439,5590000000000.0,ChIJ31-whuF7pJIRg4Jg89C8dXw,66846-001,$,6,,3,3.0,0.0,0.0,0.0,0.0,Pará,R. do Farol,R. Do Farol,,Paraíso rústico- cotijuba,Paraíso Rústico- Cotijuba,5.0,https://www.google.com/maps/search/?api=1&query=Para%C3%ADso%20r%C3%BAstico-%20cotijuba&query_place_id=ChIJ31-whuF7pJIRg4Jg89C8dXw,http://xn--parasorustico-cotijuba-0bc.com/,Monday-Tuesday: Closed; Wednesday-Sunday: 16:00 to 00:00
"R. Antônio Vinagre - Tapanã, Belém - PA, 66823-060, Brasil","R. Antônio Vinagre - Tapanã, Belém - Pa, 66823-060, Brasil",Bar,,,,,,,,,Brazilian boteco,9.64e+18,Belém,BR,0x92a461788eac29f1:0x85d23846dd20be73,,,,-1.3463088,-48.4753448,,Tapanã,,,ChIJ8SmsjnhhpJIRc74g3UY40oU,66823-060,$,97,,1,0.0,0.0,1.0,0.0,0.0,Pará,R. Antônio Vinagre,R. Antônio Vinagre,,Bar do rato,Bar Do Rato,1.0,https://www.google.com/maps/search/?api=1&query=Bar%20do%20rato&query_place_id=ChIJ8SmsjnhhpJIRc74g3UY40oU,,
"Rod. do Tapanã, 7 - Tapanã, Belém - PA, 66825-010, Brasil","Rod. Do Tapanã, 7 - Tapanã, Belém - Pa, 66825-010, Brasil",Bar,,,,,,,,,Brazilian boteco,4.85e+18,Belém,BR,0x92a463dfbf0d5d61:0x434f47b877526533,,,,-1.3289176,-48.4801685,,Tapanã,,,ChIJYV0Nv99jpJIRM2VSd7hHT0M,66825-010,$,96,,0,,,,,,Pará,"Rod. do Tapanã, 7","Rod. Do Tapanã, 7",,Bar e Restaurante CIBEL,Bar E Restaurante Cibel,,https://www.google.com/maps/search/?api=1&query=Bar%20e%20Restaurante%20CIBEL&query_place_id=ChIJYV0Nv99jpJIRM2VSd7hHT0M,,
"Rod. do Tapanã - Tapanã, Belém - PA, 66825-010, Brasil","Rod. Do Tapanã - Tapanã, Belém - Pa, 66825-010, Brasil",Bar,,,,,,,,,Brazilian boteco,1.65e+19,Belém,BR,0x92a463dfc7f656ed:0xe5689733c530d663,,,,-1.3288583,-48.4805496,,Tapanã,,,ChIJ7Vb2x99jpJIRY9YwxTOXaOU,66825-010,$,94,,0,,,,,,Pará,Rod. do Tapanã,Rod. Do Tapanã,,Bar da Rose,Bar Da Rose,,https://www.google.com/maps/search/?api=1&query=Bar%20da%20Rose&query_place_id=ChIJ7Vb2x99jpJIRY9YwxTOXaOU,,
"R. Mizael Martins - Tapanã, Belém - PA, 66823-060, Brasil","R. Mizael Martins - Tapanã, Belém - Pa, 66823-060, Brasil",Bar,,,,,,,,,Brazilian boteco,4.7e+18,Belém,BR,0x92a461358e68e9db:0x4141b561bc34c75b,,,,-1.345148,-48.4767649,,Tapanã,+55 91 98272-0134,5590000000000.0,ChIJ2-lojjVhpJIRW8c0vGG1QUE,66823-060,$,84,,0,,,,,,Pará,R. Mizael Martins,R. Mizael Martins,,Bar da coleguinha,Bar Da Coleguinha,,https://www.google.com/maps/search/?api=1&query=Bar%20da%20coleguinha&query_place_id=ChIJ2-lojjVhpJIRW8c0vGG1QUE,,Monday-Thursday: Closed; Friday-Sunday: 21:00 to 05:00
"Av. Perimetral - Tapanã, Belém - PA, 66833-881, Brasil","Av. Perimetral - Tapanã, Belém - Pa, 66833-881, Brasil",Bar informal,,,,,,,,,Brazilian boteco,5.69e+17,Belém,BR,0x92a461c22b705527:0x7e48c4b3b631000,,,,-1.3481608,-48.4648729,,Tapanã,+55 91 98318-3291,5590000000000.0,ChIJJ1VwK8JhpJIRABBjO0uM5Ac,66833-881,$,80,,0,,,,,,Pará,Av. Perimetral,Av. Perimetral,,Love Buzz Gastro Arte,Love Buzz Gastro Arte,,https://www.google.com/maps/search/?api=1&query=Love%20Buzz%20Gastro%20Arte&query_place_id=ChIJJ1VwK8JhpJIRABBjO0uM5Ac,,Monday-Sunday: 09:00 to 23:00
"R. Olária - Tapanã, Belém - PA, 66825-680, Brasil","R. Olária - Tapanã, Belém - Pa, 66825-680, Brasil",Bar,,,,,,,,,Brazilian boteco,1.6e+19,Belém,BR,0x92a46593c5f69ff7:0xde822390a827c4cf,,,,-1.3293696,-48.4755037,,Tapanã,+55 91 98537-2867,5590000000000.0,ChIJ95_2xZNlpJIRz8QnqJAjgt4,66825-680,$,76,,4,3.0,0.0,0.0,1.0,0.0,Pará,R. Olária,R. Olária,,Conveniência Álcool-Íris,Conveniência Álcool-Íris,4.5,https://www.google.com/maps/search/?api=1&query=Conveni%C3%AAncia%20%C3%81lcool-%C3%8Dris&query_place_id=ChIJ95_2xZNlpJIRz8QnqJAjgt4,,
"R. Pres. Getúlio Vargas, 160a - Tapanã, Belém - PA, 66825-060, Brasil","R. Pres. Getúlio Vargas, 160A - Tapanã, Belém - Pa, 66825-060, Brasil",Bar,,,,,,,,,Brazilian boteco,1.82e+19,Belém,BR,0x92a4618677b45ffd:0xfc4be61536defa5e,,,,-1.3484445,-48.4738209,,Tapanã,,,ChIJ_V-0d4ZhpJIRXvreNhXmS_w,66825-060,$,73,,15,6.0,4.0,2.0,2.0,1.0,Pará,"R. Pres. Getúlio Vargas, 160a","R. Pres. Getúlio Vargas, 160A",,Bar.do.Chitãozinho,Bar.Do.Chitãozinho,3.7,https://www.google.com/maps/search/?api=1&query=Bar.do.Chit%C3%A3ozinho&query_place_id=ChIJ_V-0d4ZhpJIRXvreNhXmS_w,,
"Al. Cinco, 128 - Tapanã, Belém - PA, 66823-060, Brasil","Al. Cinco, 128 - Tapanã, Belém - Pa, 66823-060, Brasil",Bar,,,,,,,,,Brazilian boteco,1.03e+19,Belém,BR,0x92a4610017652631:0x8e4778a9d3f34474,,,,-1.3548613,-48.4641187,,Tapanã,,,ChIJMSZlFwBhpJIRdETz06l4R44,,$,71,,0,,,,,,Pará,"Al. Cinco, 128","Al. Cinco, 128",,Primos Bar,Primos Bar,,https://www.google.com/maps/search/?api=1&query=Primos%20Bar&query_place_id=ChIJMSZlFwBhpJIRdETz06l4R44,,
"Tv. E - Tapanã, Belém - PA, 66823-060, Brasil","Tv. E - Tapanã, Belém - Pa, 66823-060, Brasil",Bar,,,,,,,,,Brazilian boteco,1.56e+19,Belém,BR,0x92a4611b8653bf95:0xd8d4e0fab3dbf392,,,,-1.3505711,-48.4751773,,Tapanã,+55 91 98749-9389,5590000000000.0,ChIJlb9ThhthpJIRkvPbs_rg1Ng,66823-060,$,70,,2,2.0,0.0,0.0,0.0,0.0,Pará,Tv. E,Tv. E,,Boteco do Celio,Boteco Do Celio,5.0,https://www.google.com/maps/search/?api=1&query=Boteco%20do%20Celio&query_place_id=ChIJlb9ThhthpJIRkvPbs_rg1Ng,,Monday-Sunday: 09:00 to 22:00
"Rod. do Tapanã, 117 - Tapanã, Belém - PA, 66825-010, Brasil","Rod. Do Tapanã, 117 - Tapanã, Belém - Pa, 66825-010, Brasil",Bar,,,,,,,,,Brazilian boteco,2.84e+16,Belém,BR,0x92a46198166db047:0x64bc3a4663d712,,,,-1.3487659,-48.4598966,,Tapanã,,,ChIJR7BtFphhpJIREtdjRjq8ZAA,66825-010,$,66,,30,19.0,3.0,3.0,3.0,2.0,Pará,"Rod. do Tapanã, 117","Rod. Do Tapanã, 117",,Clube Do Copo,Clube Do Copo,4.1,https://www.google.com/maps/search/?api=1&query=Clube%20Do%20Copo&query_place_id=ChIJR7BtFphhpJIREtdjRjq8ZAA,,
"Rod. do Tapanã - Tapanã, Belém - PA, 66825-215, Brasil","Rod. Do Tapanã - Tapanã, Belém - Pa, 66825-215, Brasil",Bar,,,,,,,,,Brazilian boteco,7.85e+18,Belém,BR,0x92a4616a63f31abd:0x6cf1465b3df8886f,,,,-1.3384981,-48.4681868,,Tapanã,,,ChIJvRrzY2phpJIRb4j4PVtG8Ww,,$,56,,2,0.0,1.0,0.0,1.0,0.0,Pará,Rod. do Tapanã,Rod. Do Tapanã,,Deposito e Conveniência Vitrine,Deposito E Conveniência Vitrine,3.5,https://www.google.com/maps/search/?api=1&query=Deposito%20e%20Conveni%C3%AAncia%20Vitrine&query_place_id=ChIJvRrzY2phpJIRb4j4PVtG8Ww,,Monday-Sunday: 07:00 to 23:30
"R. Da Feira, 225-301 - Tapanã, Belém - PA, 66825-195, Brasil","R. Da Feira, 225-301 - Tapanã, Belém - Pa, 66825-195, Brasil",Bar,,,,,,,,,Brazilian boteco,1.16e+19,Belém,BR,0x92a4618b845c2df9:0xa0cf5c11571c4b3a,,,,-1.3549136,-48.4742007,,Tapanã,+55 91 3258-0322,559000000000.0,ChIJ-S1chIthpJIROkscVxFcz6A,66825-195,$,60,,27,15.0,3.0,1.0,6.0,2.0,Pará,"R. Da Feira, 225-301","R. Da Feira, 225-301",,Aldo & Cia,Aldo & Cia,4.1,https://www.google.com/maps/search/?api=1&query=Aldo%20%26%20Cia&query_place_id=ChIJ-S1chIthpJIROkscVxFcz6A,,Monday-Sunday: 07:00 to 23:00
"Rod. do Tapanã - Tapanã, Belém - PA, 66825-215, Brasil","Rod. Do Tapanã - Tapanã, Belém - Pa, 66825-215, Brasil",Bar,,,,,,,,,Brazilian boteco,7.47e+18,Belém,BR,0x92a461a2a5b58813:0x67b1a99226097f88,,,,-1.3382649,-48.4682346,,Tapanã,,,ChIJE4i1paJhpJIRiH8JJpKpsWc,,$,54,,1,1.0,0.0,0.0,0.0,0.0,Pará,Rod. do Tapanã,Rod. Do Tapanã,,Conveniencia e Mercearia: BF,Conveniencia E Mercearia: Bf,5.0,https://www.google.com/maps/search/?api=1&query=Conveniencia%20e%20Mercearia%3A%20BF&query_place_id=ChIJE4i1paJhpJIRiH8JJpKpsWc,,
"Al. Vinte e Cinco - Tapanã, Belém - PA, 66833-190, Brasil","Al. Vinte E Cinco - Tapanã, Belém - Pa, 66833-190, Brasil",Bar,,,,,,,,,Brazilian boteco,2.75e+18,Belém,BR,0x92a4617fbf4e16f3:0x26279c69c17028d6,,,,-1.350594,-48.4614482,,Tapanã,+55 91 98947-6392,5590000000000.0,ChIJ8xZOv39hpJIR1ihwwWmcJyY,66833-190,$,51,,0,,,,,,Pará,Al. Vinte e Cinco,Al. Vinte E Cinco,,Só Gelada,Só Gelada,,https://www.google.com/maps/search/?api=1&query=S%C3%B3%20Gelada&query_place_id=ChIJ8xZOv39hpJIR1ihwwWmcJyY,https://www.lojalocal.com/amstel/00021202826253,
"Av. Perimetral, 10c - Tapanã, Belém - PA, 66833-870, Brasil","Av. Perimetral, 10C - Tapanã, Belém - Pa, 66833-870, Brasil",Bar,,,,,,,,,Brazilian boteco,1.47e+18,Belém,BR,0x92a4611d199651cd:0x147685225e7e585c,,,,-1.3488372,-48.4624825,,Tapanã,+55 91 99838-4262,5590000000000.0,ChIJzVGWGR1hpJIRXFh-XiKFdhQ,66833-870,$,52,,2,2.0,0.0,0.0,0.0,0.0,Pará,"Av. Perimetral, 10c","Av. Perimetral, 10C",,Boteco Delas (Praça do Cordeiro),Boteco Delas (Praça Do Cordeiro),5.0,https://www.google.com/maps/search/?api=1&query=Boteco%20Delas%20(Pra%C3%A7a%20do%20Cordeiro)&query_place_id=ChIJzVGWGR1hpJIRXFh-XiKFdhQ,,
"Tapanã, Belém - PA, 66643-025, Brasil","Tapanã, Belém - Pa, 66643-025, Brasil",Bar,,,,,,,,,Brazilian boteco,3.62e+18,Belém,BR,0x92a46111e01fa37f:0x323c34e18bc27a24,,,,-1.3441192,-48.461244,,Tapanã,+55 91 98269-5747,5590000000000.0,ChIJf6Mf4BFhpJIRJHrCi-E0PDI,,$,45,,3,2.0,0.0,0.0,1.0,0.0,Pará,,,,MNSN MARAJA,Mnsn Maraja,4.3,https://www.google.com/maps/search/?api=1&query=MNSN%20MARAJA&query_place_id=ChIJf6Mf4BFhpJIRJHrCi-E0PDI,,
"R. Paulo Guilherme, 100 - Tapanã, Belém - PA, 66830-380, Brasil","R. Paulo Guilherme, 100 - Tapanã, Belém - Pa, 66830-380, Brasil",Bar,,,,,,,,,Brazilian boteco,1.76e+19,Belém,BR,0x92a461a81ed460f5:0xf45176de6e0ad409,,,,-1.3524035,-48.4739432,,Tapanã,+55 91 98132-2234,5590000000000.0,ChIJ9WDUHqhhpJIRCdQKbt52UfQ,66830-380,$,32,,2,1.0,1.0,0.0,0.0,0.0,Pará,"R. Paulo Guilherme, 100","R. Paulo Guilherme, 100",,Boteco Formula 1,Boteco Formula 1,4.5,https://www.google.com/maps/search/?api=1&query=Boteco%20Formula%201&query_place_id=ChIJ9WDUHqhhpJIRCdQKbt52UfQ,,
"Rod. do Tapanã - Tapanã, Belém - PA, 66825-010, Brasil","Rod. Do Tapanã - Tapanã, Belém - Pa, 66825-010, Brasil",Bar,,,,,,,,,Brazilian boteco,6.32e+18,Belém,BR,0x92a4613e101b7be9:0x57c3d2193ce501a6,,,,-1.3400412,-48.4679836,,Tapanã,+55 91 98569-0606,5590000000000.0,ChIJ6XsbED5hpJIRpgHlPBnSw1c,,$,29,,16,9.0,2.0,2.0,3.0,0.0,Pará,Rod. do Tapanã,Rod. Do Tapanã,,Curana show,Curana Show,4.0,https://www.google.com/maps/search/?api=1&query=Curana%20show&query_place_id=ChIJ6XsbED5hpJIRpgHlPBnSw1c,,
"Rua, independência 99A parck união, Belém - PA, 66825-260, Brasil","Rua, Independência 99A Parck União, Belém - Pa, 66825-260, Brasil",Bar e Grill,,,,,,,,,Bar & grill,7.79e+18,Belém,BR,0x92a4619073fca4b3:0x6c0bebb951f3b356,,,,-1.3428054,-48.4697719,,Tapanã,+55 91 98031-2987,5590000000000.0,ChIJs6T8c5BhpJIRVrPzUbnrC2w,66825-260,$$,23,,1,1.0,0.0,0.0,0.0,0.0,PA,"Rua, independência 99A parck união","Rua, Independência 99A Parck União",,Pub house,Pub House,5.0,https://www.google.com/maps/search/?api=1&query=Pub%20house&query_place_id=ChIJs6T8c5BhpJIRVrPzUbnrC2w,,Monday-Thursday: 07:30 to 19:30; Friday: 07:30 to 21:00; Saturday-Sunday: 07:30 to 15:00
"R. Beta, 1 - Tapanã, Belém - PA, 66833-240, Brasil","R. Beta, 1 - Tapanã, Belém - Pa, 66833-240, Brasil",Bar,,,,,,,,,Brazilian boteco,1.76e+19,Belém,BR,0x92a4619539524c03:0xf3e75696bb36ec5f,,,,-1.3484008,-48.4616188,,Tapanã,,,ChIJA0xSOZVhpJIRX-w2u5ZW5_M,66833-240,$,22,,1,1.0,0.0,0.0,0.0,0.0,Pará,"R. Beta, 1","R. Beta, 1",,DARK PUB,Dark Pub,5.0,https://www.google.com/maps/search/?api=1&query=DARK%20PUB&query_place_id=ChIJA0xSOZVhpJIRX-w2u5ZW5_M,,
"R. Dois de Julho - Tapanã, Belém - PA, 66833-810, Brasil","R. Dois De Julho - Tapanã, Belém - Pa, 66833-810, Brasil",Bar,Bar de cervejas,,,,,,,,Brazilian boteco,7.3e+18,Belém,BR,0x92a461df92bc4ddd:0x6551ba5cc8edffe8,,,,-1.342341,-48.4673215,,Tapanã,,,ChIJ3U28kt9hpJIR6P_tyFy6UWU,66833-810,$,26,,7,7.0,0.0,0.0,0.0,0.0,Pará,R. Dois de Julho,R. Dois De Julho,,Toca dos amigos,Toca Dos Amigos,5.0,https://www.google.com/maps/search/?api=1&query=Toca%20dos%20amigos&query_place_id=ChIJ3U28kt9hpJIR6P_tyFy6UWU,,Monday-Tuesday: Closed; Wednesday-Saturday: 17:00 to 02:00; Sunday: 17:00 to 00:00
"Rod. do Tapanã - Benguí, Belém - PA, 66682-522, Brasil","Rod. Do Tapanã - Benguí, Belém - Pa, 66682-522, Brasil",Bar e Grill,Bar,,,,,,,,Bar & grill,3.69e+18,Belém,BR,0x92a461dbcd276231:0x334017e93664379b,,"https://food.google.com/chooseprovider?restaurantId=/g/11t1f2htq6&g2lbs=AOHF13mkPZk6dlr0aXgN2kccW92ytyh1Go6YJJqC1LrjHu1Z_F5YpDD6l9j5Fae1_tYOY1ppIpKHMYEuG3Oym_CrMb0aUdTsft5W9fe-iGxN56Z9Mj2uFUE%3D&hl=pt-BR&gl=us&fo_m=MfohQo559jFvMUOzJVpjPL1YMfZ3bInYwBDuMfaXTPp5KXh-&utm_source=tactile&gei=5o-xZtjGA8KnptQP3vOf0AM&ei=5o-xZtjGA8KnptQP3vOf0AM&fo_s=OA,SOE&opi=79508299&foub=mcpp",,-1.3358118,-48.4685442,,Benguí,+55 91 99240-2114,5590000000000.0,ChIJMWInzdthpJIRmzdkNukXQDM,66682-522,$$,21,,16,15.0,1.0,0.0,0.0,0.0,Pará,Rod. do Tapanã,Rod. Do Tapanã,,Black beer Pub,Black Beer Pub,4.9,https://www.google.com/maps/search/?api=1&query=Black%20beer%20Pub&query_place_id=ChIJMWInzdthpJIRmzdkNukXQDM,,
"R. Pres. Costa e Silva, 1333-1371 - Tapanã, Belém - PA, Brasil","R. Pres. Costa E Silva, 1333-1371 - Tapanã, Belém - Pa, Brasil",Bar,,,,,,,,,Brazilian boteco,9.82e+17,Belém,BR,0x92a461640bb278bb:0xda1d47eb9900e07,,,,-1.3322466,-48.4735698,,Tapanã,,,ChIJu3iyC2RhpJIRBw6QuX7UoQ0,,$,18,,15,9.0,3.0,2.0,1.0,0.0,Pará,"R. Pres. Costa e Silva, 1333-1371","R. Pres. Costa E Silva, 1333-1371",,Bar Do Blayke,Bar Do Blayke,4.1,https://www.google.com/maps/search/?api=1&query=Bar%20Do%20Blayke&query_place_id=ChIJu3iyC2RhpJIRBw6QuX7UoQ0,,Monday-Wednesday: 08:00 to 19:00; Thursday-Friday: 08:00 to 21:00; Saturday: 09:00 to 22:00; Sunday: 09:00 to 18:30
"R. Dezesseis de Agosto - Tapanã, Belém - PA, 66823-060, Brasil","R. Dezesseis De Agosto - Tapanã, Belém - Pa, 66823-060, Brasil",Bar,,,,,,,,,Brazilian boteco,5.79e+18,Belém,BR,0x92a461e1aad779ed:0x506b940b75c2b7ea,,"https://food.google.com/chooseprovider?restaurantId=/g/11h4g8235m&g2lbs=AOHF13nrXDiB4pipCHXvK8uShvf2GMZx0mLRd35JlLKZoRqX3sPzn3WVgbImKDl_fdzhwEzLjbrdUvqC6O5T38_xtOfCbxhU3_gRDnEkCA8z9MwnFBwq6hs%3D&hl=pt-BR&gl=us&fo_m=MfohQo559jFvMUOzJVpjPL1YMfZ3bInYwBDuMfaXTPp5KXh-&utm_source=tactile&gei=6Y-xZrOEAombptQPz6LDsAg&ei=6Y-xZrOEAombptQPz6LDsAg&fo_s=OA,SOE&opi=79508299&foub=mcpp",,-1.355095,-48.4647261,,Tapanã,,,ChIJ7XnXquFhpJIR6rfCdQuUa1A,66823-060,$,20,,14,8.0,3.0,1.0,2.0,0.0,Pará,R. Dezesseis de Agosto,R. Dezesseis De Agosto,,BAR DO MARCOS,Bar Do Marcos,4.2,https://www.google.com/maps/search/?api=1&query=BAR%20DO%20MARCOS&query_place_id=ChIJ7XnXquFhpJIR6rfCdQuUa1A,,Monday-Sunday: 08:00 to 22:00
"Tv. Haroldo Veloso, 60 - Tapanã, Belém - PA, 66825-030, Brasil","Tv. Haroldo Veloso, 60 - Tapanã, Belém - Pa, 66825-030, Brasil",Bar,,,,,,,,,Brazilian boteco,1.63e+19,Belém,BR,0x92a461dc94dc831d:0xe1cf65cb9f0c1e98,,,,-1.340765,-48.4773006,,Tapanã,+55 91 98971-2506,5590000000000.0,ChIJHYPclNxhpJIRmB4Mn8tlz-E,66825-030,$,12,,31,20.0,6.0,1.0,1.0,3.0,Pará,"Tv. Haroldo Veloso, 60","Tv. Haroldo Veloso, 60",,Big brother bar,Big Brother Bar,4.3,https://www.google.com/maps/search/?api=1&query=Big%20brother%20bar&query_place_id=ChIJHYPclNxhpJIRmB4Mn8tlz-E,,
"Tv. da Estrella, 3528 - Marco, Belém - PA, 66080-472, Brasil","Tv. Da Estrella, 3528 - Marco, Belém - Pa, 66080-472, Brasil",Bar,,,,,,,,,Brazilian boteco,4.42e+18,Belém,BR,0x92a48dc9e0bdd119:0x3d49c25e7543ba86,,,,-1.4417287,-48.4544914,,Marco,,,ChIJGdG94MmNpJIRhrpDdV7CST0,66080-472,$,18,,3,2.0,1.0,0.0,0.0,0.0,Pará,"Tv. da Estrella, 3528","Tv. Da Estrella, 3528",,Bar e Conveniência do Fred,Bar E Conveniência Do Fred,4.7,https://www.google.com/maps/search/?api=1&query=Bar%20e%20Conveni%C3%AAncia%20do%20Fred&query_place_id=ChIJGdG94MmNpJIRhrpDdV7CST0,,Monday-Tuesday: Closed; Wednesday-Sunday: 18:00 to 23:00
"Tv. Segunda de Queluz - Canudos, Belém - PA, 66070-500, Brasil","Tv. Segunda De Queluz - Canudos, Belém - Pa, 66070-500, Brasil",Bar,,,,,,,,,Brazilian boteco,1.12e+19,Belém,BR,0x92a48c49e114aea3:0x9ad18a306c83be3e,,,,-1.4546289,-48.4585497,,Canudos,,,ChIJo64U4UmMpJIRPr6DbDCK0Zo,66070-500,$,19,,9,8.0,1.0,0.0,0.0,0.0,Pará,Tv. Segunda de Queluz,Tv. Segunda De Queluz,,Bar Brasileirinho,Bar Brasileirinho,4.9,https://www.google.com/maps/search/?api=1&query=Bar%20Brasileirinho&query_place_id=ChIJo64U4UmMpJIRPr6DbDCK0Zo,,Monday: 17:00 to 19:00; Tuesday-Thursday: 12:00 to 00:00; Friday: 12:00 to 01:00; Saturday: 11:00 to 01:00; Sunday: 12:00 to 00:00
"Passagem Jarina, 244 - Marco, Belém - PA, 66070-270, Brasil","Passagem Jarina, 244 - Marco, Belém - Pa, 66070-270, Brasil",Bar,,,,,,,,,Brazilian boteco,7.17e+18,Belém,BR,0x92a48c4024f96c27:0x6370161d5bf0ed38,,,,-1.4447221,-48.4570468,,Marco,,,ChIJJ2z5JECMpJIROO3wWx0WcGM,66070-270,$,9,,7,6.0,0.0,1.0,0.0,0.0,Pará,"Passagem Jarina, 244","Passagem Jarina, 244",,Rodela's Bar,Rodela'S Bar,4.4,https://www.google.com/maps/search/?api=1&query=Rodela's%20Bar&query_place_id=ChIJJ2z5JECMpJIROO3wWx0WcGM,,Monday: Closed; Tuesday-Wednesday: 17:00 to 00:00; Thursday: 17:00 to 01:00; Friday: 17:00 to 03:00; Saturday-Sunday: Closed
"R. Silva Rosado - Canudos, Belém - PA, 66070-510, Brasil","R. Silva Rosado - Canudos, Belém - Pa, 66070-510, Brasil",Bar,,,,,,,,,Brazilian boteco,9.55e+18,Belém,BR,0x92a48c3778847315:0x848647850da57272,,,,-1.4521071,-48.4612573,,Canudos,,,ChIJFXOEeDeMpJIRcnKlDYVHhoQ,,$,8,,66,45.0,7.0,2.0,10.0,2.0,Pará,R. Silva Rosado,R. Silva Rosado,,Bar JB Nancy,Bar Jb Nancy,4.4,https://www.google.com/maps/search/?api=1&query=Bar%20JB%20Nancy&query_place_id=ChIJFXOEeDeMpJIRcnKlDYVHhoQ,,
"R. dos Caripunas, 2887 - Cremação, Belém - PA, 66045-140, Brasil","R. Dos Caripunas, 2887 - Cremação, Belém - Pa, 66045-140, Brasil",Bar,,,,,,,,,Brazilian boteco,1.56e+18,Belém,BR,0x92a48d07f4111349:0x15a099ab6128565e,,,,-1.4602177,-48.4779067,,Cremação,+55 91 98305-6804,5590000000000.0,ChIJSRMR9AeNpJIRXlYoYauZoBU,66045-140,$,74,,7,7.0,0.0,0.0,0.0,0.0,Pará,"R. dos Caripunas, 2887","R. Dos Caripunas, 2887",,After Bar,After Bar,5.0,https://www.google.com/maps/search/?api=1&query=After%20Bar&query_place_id=ChIJSRMR9AeNpJIRXlYoYauZoBU,https://www.instagram.com/_afterbar/,
"R. Dr. Américo Santa Rosa, 555 - São Brás, Belém - PA, 66090-230, Brasil","R. Dr. Américo Santa Rosa, 555 - São Brás, Belém - Pa, 66090-230, Brasil",Bar,,,,,,,,,Brazilian boteco,9.98e+18,Belém,BR,0x92a48d042d14181d:0x8a8672c97d6798fc,,,,-1.4536539,-48.46284,,São Brás,,,ChIJHRgULQSNpJIR_Jhnfclyhoo,66090-230,$,139,,0,,,,,,Pará,"R. Dr. Américo Santa Rosa, 555","R. Dr. Américo Santa Rosa, 555",,Bar do bar/ delícia da Debora,Bar Do Bar/ Delícia Da Debora,,https://www.google.com/maps/search/?api=1&query=Bar%20do%20bar%2F%20del%C3%ADcia%20da%20Debora&query_place_id=ChIJHRgULQSNpJIR_Jhnfclyhoo,,
"Tv. Timbó, 1843 - Marco, Belém - PA, 66095-128, Brasil","Tv. Timbó, 1843 - Marco, Belém - Pa, 66095-128, Brasil",Bar,,,,,,,,,Brazilian boteco,5e+18,Belém,BR,0x92a48c0f5ad34e27:0x455d93b60a0d6228,,,,-1.434191,-48.4681081,,Marco,,,ChIJJ07TWg-MpJIRKGINCraTXUU,66095-128,$,138,,0,,,,,,Pará,"Tv. Timbó, 1843","Tv. Timbó, 1843",,ESTANCIA BAR,Estancia Bar,,https://www.google.com/maps/search/?api=1&query=ESTANCIA%20BAR&query_place_id=ChIJJ07TWg-MpJIRKGINCraTXUU,,Monday-Tuesday: Closed; Wednesday-Sunday: 18:00 to 04:00
"Telégrafo, Belém - PA, 66030-240, Brasil","Telégrafo, Belém - Pa, 66030-240, Brasil",Bar,,,,,,,,,Brazilian boteco,6.12e+18,Belém,BR,0x92a48ea99dc32525:0x54fb7ccb68d75fda,,,,-1.4345882,-48.4810641,,Telégrafo,+55 981535067,,ChIJJSXDnamOpJIR2l_XaMt8-1Q,,$,137,,2,1.0,0.0,0.0,1.0,0.0,Pará,,,,Bar da ana,Bar Da Ana,4.0,https://www.google.com/maps/search/?api=1&query=Bar%20da%20ana&query_place_id=ChIJJSXDnamOpJIR2l_XaMt8-1Q,,Monday: Closed; Tuesday-Sunday: 17:00 to 00:00
"R. Curuçá, 986 - Telégrafo, Belém - PA, 66113-250, Brasil","R. Curuçá, 986 - Telégrafo, Belém - Pa, 66113-250, Brasil",Bar,,,,,,,,,Brazilian boteco,1.37e+19,Belém,BR,0x92a48eab5399e5d7:0xbe465a6cbcb4690f,,,,-1.4304548,-48.4833493,,Telégrafo,,,ChIJ1-WZU6uOpJIRD2m0vGxaRr4,66113-250,$,136,,11,4.0,3.0,3.0,1.0,0.0,Pará,"R. Curuçá, 986","R. Curuçá, 986",,Bigos bar,Bigos Bar,3.5,https://www.google.com/maps/search/?api=1&query=Bigos%20bar&query_place_id=ChIJ1-WZU6uOpJIRD2m0vGxaRr4,,Monday-Tuesday: Closed; Wednesday: 18:30 to 00:30; Thursday: 18:30 to 00:00; Friday-Saturday: 18:30 to 03:00; Sunday: 17:00 to 00:00
"Av. Marquês de Herval, 934 - Pedreira, Belém - PA, 66085-314, Brasil","Av. Marquês De Herval, 934 - Pedreira, Belém - Pa, 66085-314, Brasil",Bar,,,,,,,,,Brazilian boteco,1.02e+19,Belém,BR,0x92a48c049b7d2523:0x8d38091733c738b0,,,,-1.4362025,-48.4734573,,Pedreira,+55 91 98180-5956,5590000000000.0,ChIJIyV9mwSMpJIRsDjHMxcJOI0,66085-314,$,135,,86,38.0,19.0,7.0,19.0,3.0,Pará,"Av. Marquês de Herval, 934","Av. Marquês De Herval, 934",,Bandeira's Bar,Bandeira'S Bar,3.9,https://www.google.com/maps/search/?api=1&query=Bandeira's%20Bar&query_place_id=ChIJIyV9mwSMpJIRsDjHMxcJOI0,,Monday-Sunday: 10:00 to 22:00
"Tv. Piedade, 566 - Reduto, Belém - PA, 66053-210, Brasil","Tv. Piedade, 566 - Reduto, Belém - Pa, 66053-210, Brasil",Bar,,,,,,,,,Brazilian boteco,1.51e+19,Belém,BR,0x92a48f5308374497:0xd169bf4747e49de8,,,,-1.4507349,-48.4934748,,Reduto,+55 91 98067-6097,5590000000000.0,ChIJl0Q3CFOPpJIR6J3kR0e_adE,66053-210,$,134,,0,,,,,,Pará,"Tv. Piedade, 566","Tv. Piedade, 566",,Bar do Ercio,Bar Do Ercio,,https://www.google.com/maps/search/?api=1&query=Bar%20do%20Ercio&query_place_id=ChIJl0Q3CFOPpJIR6J3kR0e_adE,,
"Tv. Barão do Triunfo, 1977 - Pedreira, Belém - PA, 66087-270, Brasil","Tv. Barão Do Triunfo, 1977 - Pedreira, Belém - Pa, 66087-270, Brasil",Bar e Grill,Restaurante de churrasquinho,,,,,,,,Bar & grill,1.03e+18,Belém,BR,0x92a48bf780a7530b:0xe4c56d3f1d83c22,,,,-1.4283023,-48.4687444,,Pedreira,+55 91 3266-0609,559000000000.0,ChIJC1OngPeLpJIRIjzY8dNWTA4,66087-270,$$,130,,129,76.0,30.0,3.0,14.0,6.0,Pará,"Tv. Barão do Triunfo, 1977","Tv. Barão Do Triunfo, 1977",,Pedreiras Bar e Churrasquinho,Pedreiras Bar E Churrasquinho,4.3,https://www.google.com/maps/search/?api=1&query=Pedreiras%20Bar%20e%20Churrasquinho&query_place_id=ChIJC1OngPeLpJIRIjzY8dNWTA4,,Monday-Sunday: Atendimento 24 horas
"Av. Pedro Miranda, 454 - Pedreira, Belém - PA, 66085-005, Brasil","Av. Pedro Miranda, 454 - Pedreira, Belém - Pa, 66085-005, Brasil",Bar,,,,,,,,,Brazilian boteco,3.45e+18,Belém,BR,0x92a48c03cb2bdac1:0x2fd676349e7397fc,,,,-1.4346062,-48.4762096,,Pedreira,+55 91 98224-8362,5590000000000.0,ChIJwdorywOMpJIR_JdznjR21i8,66085-005,$,127,,22,13.0,5.0,3.0,0.0,1.0,Pará,"Av. Pedro Miranda, 454","Av. Pedro Miranda, 454",,Bar e Lanchonete Big Dib,Bar E Lanchonete Big Dib,4.1,https://www.google.com/maps/search/?api=1&query=Bar%20e%20Lanchonete%20Big%20Dib&query_place_id=ChIJwdorywOMpJIR_JdznjR21i8,https://www.instagram.com/barbigdib?igsh=MW1odG5qYXh3NXZ5Ng==,
"Tv. Três de Maio, 1525 - São Braz, Belém - PA, 66063-388, Brasil","Tv. Três De Maio, 1525 - São Braz, Belém - Pa, 66063-388, Brasil",Bar,,,,,,,,,Brazilian boteco,1.32e+19,Belém,BR,0x92a48d8a97ed6667:0xb74eb5170c4dc8a4,,,,-1.4532787,-48.4739255,,São Brás,+55 91 98148-0518,5590000000000.0,ChIJZ2btl4qNpJIRpMhNDBe1Trc,66063-388,$,125,,56,28.0,7.0,13.0,6.0,2.0,Pará,"Tv. Três de Maio, 1525","Tv. Três De Maio, 1525",,BDR | Bar da Residência,Bdr | Bar Da Residência,3.6,https://www.google.com/maps/search/?api=1&query=BDR%20%7C%20Bar%20da%20Resid%C3%AAncia&query_place_id=ChIJZ2btl4qNpJIRpMhNDBe1Trc,https://www.instagram.com/bardaresidencia/,Monday-Sunday: 11:00 to 00:00
"Tv. Pirajá, 2117 - Marco, Belém - PA, 66095-632, Brasil","Tv. Pirajá, 2117 - Marco, Belém - Pa, 66095-632, Brasil",Bar,,,,,,,,,Brazilian boteco,1.74e+19,Belém,BR,0x92a48d25d4917cbd:0xf20549510352ca09,,,,-1.4320529,-48.4526035,,Marco,+55 91 3276-7683,559000000000.0,ChIJvXyR1CWNpJIRCcpSA1FJBfI,66095-632,$,126,,10,7.0,1.0,1.0,1.0,0.0,Pará,"Tv. Pirajá, 2117","Tv. Pirajá, 2117",,Bar E Lava Jato Dom Diego,Bar E Lava Jato Dom Diego,4.3,https://www.google.com/maps/search/?api=1&query=Bar%20E%20Lava%20Jato%20Dom%20Diego&query_place_id=ChIJvXyR1CWNpJIRCcpSA1FJBfI,,
"Tv. do Chaco, 2576 - Marco, Belém - PA, 66093-047, Brasil","Tv. Do Chaco, 2576 - Marco, Belém - Pa, 66093-047, Brasil",Bar,,,,,,,,,Brazilian boteco,1.49e+19,Belém,BR,0x92a48c3fd5ec86a5:0xcf700d2eca3075a7,,,,-1.444576,-48.4610309,,Marco,,,ChIJpYbs1T-MpJIRp3Uwyi4NcM8,66093-047,$,122,,2,2.0,0.0,0.0,0.0,0.0,Pará,"Tv. do Chaco, 2576","Tv. Do Chaco, 2576",,Bar Do Mauro,Bar Do Mauro,5.0,https://www.google.com/maps/search/?api=1&query=Bar%20Do%20Mauro&query_place_id=ChIJpYbs1T-MpJIRp3Uwyi4NcM8,,Monday-Sunday: 07:30 to 03:30
"Passagem Bartolomeu de Gusmão, 406-536 - Curió-Utinga, Belém - PA, 66610-190, Brasil","Passagem Bartolomeu De Gusmão, 406-536 - Curió-Utinga, Belém - Pa, 66610-190, Brasil",Bar,,,,,,,,,Brazilian boteco,3.67e+18,Belém,BR,0x92a48c77e8fc3e93:0x32f76e2919cef142,,,,-1.4301654,-48.4498484,,Curió-Utinga,+55 91 98855-0618,5590000000000.0,ChIJkz786HeMpJIRQvHOGSlu9zI,66610-190,$,121,,44,31.0,3.0,4.0,6.0,0.0,Pará,"Passagem Bartolomeu de Gusmão, 406-536","Passagem Bartolomeu De Gusmão, 406-536",,Bar Do Makako,Bar Do Makako,4.3,https://www.google.com/maps/search/?api=1&query=Bar%20Do%20Makako&query_place_id=ChIJkz786HeMpJIRQvHOGSlu9zI,,Monday-Friday: 08:00 to 00:00; Saturday-Sunday: Atendimento 24 horas
"Tv. Dr. Moraes, 360 - Nazaré, Belém - PA, 66035-085, Brasil","Tv. Dr. Moraes, 360 - Nazaré, Belém - Pa, 66035-085, Brasil",Bar,,,,,,,,,Brazilian boteco,1.58e+19,Belém,BR,0x92a48e88a58c2f51:0xdadd48b709c30232,,,Edifício Village,-1.4564761,-48.4889952,,Nazaré,,,ChIJUS-MpYiOpJIRMgLDCbdI3do,66035-085,$,120,,5,1.0,1.0,1.0,2.0,0.0,Pará,"Tv. Dr. Moraes, 360","Tv. Dr. Moraes, 360",,Bar da Loira,Bar Da Loira,3.2,https://www.google.com/maps/search/?api=1&query=Bar%20da%20Loira&query_place_id=ChIJUS-MpYiOpJIRMgLDCbdI3do,,"Monday: 10:00 to 00:00; Tuesday-Thursday: Atendimento 24 horas; Friday: 00:00 to 10:00, 10:01 to 23:00; Saturday-Sunday: 10:01 to 23:00"
"Tv. do Chaco, 2219 - Marco, Belém - PA, 66093-542, Brasil","Tv. Do Chaco, 2219 - Marco, Belém - Pa, 66093-542, Brasil",Bar,,,,,,,,,Brazilian boteco,9.53e+18,Belém,BR,0x92a48c16824bae8f:0x843e8d4228d656e5,,,,-1.4423959,-48.4638791,,Marco,+55 91 98055-0806,5590000000000.0,ChIJj65LghaMpJIR5VbWKEKNPoQ,66093-542,$,119,,23,15.0,2.0,1.0,4.0,1.0,Pará,"Tv. do Chaco, 2219","Tv. Do Chaco, 2219",,Bar do Bigode,Bar Do Bigode,4.3,https://www.google.com/maps/search/?api=1&query=Bar%20do%20Bigode&query_place_id=ChIJj65LghaMpJIR5VbWKEKNPoQ,,Monday-Saturday: 08:00 to 23:00; Sunday: Closed
"Av. Nª Sra. de Nazaré, 579 - Nazaré, Belém - PA, 66040-145, Brasil","Av. Nª Sra. De Nazaré, 579 - Nazaré, Belém - Pa, 66040-145, Brasil",Casa noturna,Bar,Cervejaria,Local para eventos,Bar com karaokê,Restaurante de sushi,Bar de vinhos,,,Night Club,7.12e+18,Belém,BR,0x92a48fd63a11f84b:0x62c5d87657b52d1b,,,,-1.4523425,-48.4875809,,Nazaré,+55 91 98947-5257,5590000000000.0,ChIJS_gROtaPpJIRGy21V3bYxWI,66040-145,$$,118,,633,368.0,133.0,22.0,89.0,21.0,Pará,"Av. Nª Sra. de Nazaré, 579","Av. Nª Sra. De Nazaré, 579",,Baron Club - Bar e Restaurante,Baron Club - Bar E Restaurante,4.3,https://www.google.com/maps/search/?api=1&query=Baron%20Club%20-%20Bar%20e%20Restaurante&query_place_id=ChIJS_gROtaPpJIRGy21V3bYxWI,,Monday-Friday: 11:00 to 23:00; Saturday-Sunday: 09:30 to 00:30
"Tv. da Estrella, 2256 - Marco, Belém - PA, 66080-660, Brasil","Tv. Da Estrella, 2256 - Marco, Belém - Pa, 66080-660, Brasil",Bar,,,,,,,,,Brazilian boteco,9.07e+18,Belém,BR,0x92a48c0e8f0e0557:0x7de8d48bbdee2354,,,,-1.4350725,-48.4645114,,Marco,+55 91 98252-4258,5590000000000.0,ChIJVwUOjw6MpJIRVCPuvYvU6H0,66080-660,$,117,,1,0.0,0.0,1.0,0.0,0.0,Pará,"Tv. da Estrella, 2256","Tv. Da Estrella, 2256",,Open Bar - ACORDOVIL,Open Bar - Acordovil,1.0,https://www.google.com/maps/search/?api=1&query=Open%20Bar%20-%20ACORDOVIL&query_place_id=ChIJVwUOjw6MpJIRVCPuvYvU6H0,,Monday-Sunday: Atendimento 24 horas
"Tv. 14 de Março, 434D - Umarizal, Belém - PA, 66050-430, Brasil","Tv. 14 De Março, 434D - Umarizal, Belém - Pa, 66050-430, Brasil",Bar,,,,,,,,,Brazilian boteco,1.2e+19,Belém,BR,0x92a48fced2ef544d:0xa5ed260e7b5da053,,,,-1.4403684,-48.4807607,,Umarizal,+55 91 98436-2214,5590000000000.0,ChIJTVTv0s6PpJIRU6Bdew4m7aU,66050-430,$,115,,1,0.0,0.0,0.0,1.0,0.0,Pará,"Tv. 14 de Março, 434D","Tv. 14 De Março, 434D",,Carioca Bar e Grill,Carioca Bar E Grill,3.0,https://www.google.com/maps/search/?api=1&query=Carioca%20Bar%20e%20Grill&query_place_id=ChIJTVTv0s6PpJIRU6Bdew4m7aU,,"Monday-Thursday: 09:00 to 13:00, 15:00 to 23:00; Friday-Saturday: 09:00 to 02:00; Sunday: 09:00 to 12:00"
"Tv. Vileta, 2246 - Marco, Belém - PA, 66087-345, Brasil","Tv. Vileta, 2246 - Marco, Belém - Pa, 66087-345, Brasil",Bar,,,,,,,,,Brazilian boteco,1.64e+18,Belém,BR,0x92a48c119729e1a7:0x16c299c417948903,,,,-1.438448,-48.464752,,Marco,,,ChIJp-EplxGMpJIRA4mUF8SZwhY,66087-345,$,111,,24,18.0,2.0,1.0,2.0,1.0,Pará,"Tv. Vileta, 2246","Tv. Vileta, 2246",,Bar Do Ney,Bar Do Ney,4.5,https://www.google.com/maps/search/?api=1&query=Bar%20Do%20Ney&query_place_id=ChIJp-EplxGMpJIRA4mUF8SZwhY,,Monday-Thursday: 06:30 to 00:00; Friday-Saturday: Atendimento 24 horas; Sunday: 06:30 to 00:00
"Av. Gov Magalhães Barata, 62 - São Brás, Belém - PA, 66060-281, Brasil","Av. Gov Magalhães Barata, 62 - São Brás, Belém - Pa, 66060-281, Brasil",Bar,,,,,,,,,Brazilian boteco,1.43e+19,Belém,BR,0x92a48fb9f66548ed:0xc64ee37e18d857b7,,,,-1.452302,-48.479898,,São Brás,+55 91 98118-6008,5590000000000.0,ChIJ7Uhl9rmPpJIRt1fYGH7jTsY,66060-281,$,109,,4,2.0,2.0,0.0,0.0,0.0,Pará,"Av. Gov Magalhães Barata, 62","Av. Gov Magalhães Barata, 62",,Acaso Bar de Vinho,Acaso Bar De Vinho,4.5,https://www.google.com/maps/search/?api=1&query=Acaso%20Bar%20de%20Vinho&query_place_id=ChIJ7Uhl9rmPpJIRt1fYGH7jTsY,,Monday-Wednesday: 14:00 to 00:00; Thursday: 14:00 to 01:00; Friday-Sunday: 09:00 to 00:00
"Tv. da Estrella, 1203 - Pedreira, Belém - PA, 66080-008, Brasil","Tv. Da Estrella, 1203 - Pedreira, Belém - Pa, 66080-008, Brasil",Bar,,,,,,,,,Brazilian boteco,1.51e+18,Belém,BR,0x92a48b6529bb7e59:0x1504ec35f7f01e16,,,,-1.4294129,-48.4725138,,Pedreira,+55 91 98910-4009,5590000000000.0,ChIJWX67KWWLpJIRFh7w9zXsBBU,66080-008,$,108,,15,13.0,1.0,1.0,0.0,0.0,Pará,"Tv. da Estrella, 1203","Tv. Da Estrella, 1203",,Choperia Diretoria - Bar e Restaurante em Belém,Choperia Diretoria - Bar E Restaurante Em Belém,4.7,https://www.google.com/maps/search/?api=1&query=Choperia%20Diretoria%20-%20Bar%20e%20Restaurante%20em%20Bel%C3%A9m&query_place_id=ChIJWX67KWWLpJIRFh7w9zXsBBU,https://www.lojalocal.com/46093172000158,
"Passagem 14 de Abril, 25 - Fátima, Belém - PA, 66060-460, Brasil","Passagem 14 De Abril, 25 - Fátima, Belém - Pa, 66060-460, Brasil",Bar,,,,,,,,,Brazilian boteco,9.51e+18,Belém,BR,0x92a48c1994c4f693:0x83f58d93ff6b8b63,,,,-1.4416564,-48.4700585,,Fátima,,,ChIJk_bElBmMpJIRY4tr_5ON9YM,66060-460,$,107,,16,11.0,4.0,0.0,1.0,0.0,Pará,"Passagem 14 de Abril, 25","Passagem 14 De Abril, 25",,Bar do Lula,Bar Do Lula,4.6,https://www.google.com/maps/search/?api=1&query=Bar%20do%20Lula&query_place_id=ChIJk_bElBmMpJIRY4tr_5ON9YM,,
"Av. Sen. Lemos, 641 - Umarizal, Belém - PA, 66050-000, Brasil","Av. Sen. Lemos, 641 - Umarizal, Belém - Pa, 66050-000, Brasil",Bar,Lanchonete,,,,,,,,Brazilian boteco,1.4e+19,Belém,BR,0x92a48ea55bd61b8d:0xc26aaee4eff6e9d9,,,Edificio Irmãos Martins,-1.437707,-48.48798,,Umarizal,,,ChIJjRvWW6WOpJIR2en27-SuasI,66050-000,$,106,,1606,1056.0,377.0,20.0,130.0,23.0,Pará,"Av. Sen. Lemos, 641","Av. Sen. Lemos, 641",,Bar Meu Garoto - Praça Brasil,Bar Meu Garoto - Praça Brasil,4.5,https://www.google.com/maps/search/?api=1&query=Bar%20Meu%20Garoto%20-%20Pra%C3%A7a%20Brasil&query_place_id=ChIJjRvWW6WOpJIR2en27-SuasI,https://www.instagram.com/botecomeugaroto/,
"Tv. Barão do Triunfo, 2887-2857 - Marco, Belém - PA, 66093-050, Brasil","Tv. Barão Do Triunfo, 2887-2857 - Marco, Belém - Pa, 66093-050, Brasil",Bar,,,,,,,,,Brazilian boteco,4.52e+18,Belém,BR,0x92a48d7ef3093cc1:0x3eba6a9b8142fbc0,,,,-1.4329704,-48.4618532,,Marco,,,ChIJwTwJ836NpJIRwPtCgZtquj4,66093-050,$,105,,0,,,,,,Pará,"Tv. Barão do Triunfo, 2887-2857","Tv. Barão Do Triunfo, 2887-2857",,Bar do Tomé,Bar Do Tomé,,https://www.google.com/maps/search/?api=1&query=Bar%20do%20Tom%C3%A9&query_place_id=ChIJwTwJ836NpJIRwPtCgZtquj4,,
"Av. Ceará, 3 - São Brás, Belém - PA, 66070-080, Brasil","Av. Ceará, 3 - São Brás, Belém - Pa, 66070-080, Brasil",Bar,,,,,,,,,Brazilian boteco,1.4e+19,Belém,BR,0x92a48c3c79d81397:0xc2c02be29c053889,,,,-1.448073,-48.4656115,,São Brás,,,ChIJlxPYeTyMpJIRiTgFnOIrwMI,66070-080,$,102,,1,1.0,0.0,0.0,0.0,0.0,Pará,"Av. Ceará, 3","Av. Ceará, 3",,Bar Carimbó,Bar Carimbó,5.0,https://www.google.com/maps/search/?api=1&query=Bar%20Carimb%C3%B3&query_place_id=ChIJlxPYeTyMpJIRiTgFnOIrwMI,,
"R. Santa Lúcia, 1-11 - São Brás, Belém - PA, 66090-510, Brasil","R. Santa Lúcia, 1-11 - São Brás, Belém - Pa, 66090-510, Brasil",Bar,,,,,,,,,Brazilian boteco,7.71e+18,Belém,BR,0x92a48c3ab84b4633:0x6b0fcbc1a83574a9,,,,-1.4511574,-48.4679416,,São Brás,+55 91 98855-3546,5590000000000.0,ChIJM0ZLuDqMpJIRqXQ1qMHLD2s,66090-510,$,103,,11,8.0,2.0,0.0,0.0,1.0,Pará,"R. Santa Lúcia, 1-11","R. Santa Lúcia, 1-11",,Bar e Restaurante Paraguai,Bar E Restaurante Paraguai,4.5,https://www.google.com/maps/search/?api=1&query=Bar%20e%20Restaurante%20Paraguai&query_place_id=ChIJM0ZLuDqMpJIRqXQ1qMHLD2s,,
"Av. Alm. Tamandaré, 588 - Cidade Velha, Belém - PA, 66020-000, Brasil","Av. Alm. Tamandaré, 588 - Cidade Velha, Belém - Pa, 66020-000, Brasil",Bar,,,,,,,,,Brazilian boteco,5.53e+18,Belém,BR,0x92a48f1db9251e73:0x4cb684b56bd507c9,,,,-1.4594272,-48.4997386,,Cidade Velha,,,ChIJcx4luR2PpJIRyQfVa7WEtkw,66020-000,$,100,,15,10.0,2.0,2.0,1.0,0.0,Pará,"Av. Alm. Tamandaré, 588","Av. Alm. Tamandaré, 588",,BAR PIMENTEL,Bar Pimentel,4.2,https://www.google.com/maps/search/?api=1&query=BAR%20PIMENTEL&query_place_id=ChIJcx4luR2PpJIRyQfVa7WEtkw,,
"Tv. do Chaco, 2163 - Marco, Belém - PA, 66093-542, Brasil","Tv. Do Chaco, 2163 - Marco, Belém - Pa, 66093-542, Brasil",Bar,Restaurante,,,,,,,,Brazilian boteco,3.34e+18,Belém,BR,0x92a48c16909dc513:0x2e4aa0ff20338765,,,,-1.4420299,-48.4643661,,Marco,,,ChIJE8WdkBaMpJIRZYczIP-gSi4,66093-542,$,99,,14,8.0,6.0,0.0,0.0,0.0,Pará,"Tv. do Chaco, 2163","Tv. Do Chaco, 2163",,Bar e Restaurante da Tia,Bar E Restaurante Da Tia,4.6,https://www.google.com/maps/search/?api=1&query=Bar%20e%20Restaurante%20da%20Tia&query_place_id=ChIJE8WdkBaMpJIRZYczIP-gSi4,,
"Av. Rômulo Maiorana, 441 - Marco, Belém - PA, 66093-005, Brasil","Av. Rômulo Maiorana, 441 - Marco, Belém - Pa, 66093-005, Brasil",Bar e Grill,,,,,,,,,Bar & grill,3.43e+18,Belém,BR,0x92a48d8d7e566a45:0x2f9dafce2688c2ce,,,,-1.4425053,-48.4666782,,Marco,+55 91 99618-1108,5590000000000.0,ChIJRWpWfo2NpJIRzsKIJs6vnS8,66093-005,$$,98,,52,37.0,11.0,1.0,2.0,1.0,Pará,"Av. Rômulo Maiorana, 441","Av. Rômulo Maiorana, 441",,Vesúvio Bar & Restaurante,Vesúvio Bar & Restaurante,4.6,https://www.google.com/maps/search/?api=1&query=Ves%C3%BAvio%20Bar%20%26%20Restaurante&query_place_id=ChIJRWpWfo2NpJIRzsKIJs6vnS8,,
"Av. Ceará, 269 - São Brás, Belém - PA, 66070-080, Brasil","Av. Ceará, 269 - São Brás, Belém - Pa, 66070-080, Brasil",Bar,,,,,,,,,Brazilian boteco,1.29e+19,Belém,BR,0x92a48c3eaef34295:0xb305492005bd2c40,,,,-1.4478506,-48.4632911,,São Brás,+55 91 98298-4980,5590000000000.0,ChIJlULzrj6MpJIRQCy9BSBJBbM,66070-080,$,97,,158,116.0,21.0,4.0,14.0,3.0,Pará,"Av. Ceará, 269","Av. Ceará, 269",,Bar do Ary,Bar Do Ary,4.5,https://www.google.com/maps/search/?api=1&query=Bar%20do%20Ary&query_place_id=ChIJlULzrj6MpJIRQCy9BSBJBbM,,
"Rua doa Bancários, 12 - Telégrafo, Belém - PA, 66113-200, Brasil","Rua Doa Bancários, 12 - Telégrafo, Belém - Pa, 66113-200, Brasil",Bar,,,,,,,,,Brazilian boteco,1.37e+19,Belém,BR,0x92a489a983a820cb:0xbea5007f0788da91,,,,-1.4290186,-48.4882906,,Telégrafo,+55 91 99131-0290,5590000000000.0,ChIJyyCog6mJpJIRkdqIB38Apb4,66113-200,$,96,,42,25.0,8.0,3.0,4.0,2.0,Pará,"Rua doa Bancários, 12","Rua Doa Bancários, 12",,Bar da Bica Belém,Bar Da Bica Belém,4.2,https://www.google.com/maps/search/?api=1&query=Bar%20da%20Bica%20Bel%C3%A9m&query_place_id=ChIJyyCog6mJpJIRkdqIB38Apb4,,
"R. Siqueira Mendes, 24 - Cidade Velha, Belém - PA, 66020-130, Brasil","R. Siqueira Mendes, 24 - Cidade Velha, Belém - Pa, 66020-130, Brasil",Bar,,,,,,,,,Brazilian boteco,1.27e+19,Belém,BR,0x92a48ef6f9463ef3:0xafc934742c327046,,,,-1.4578986,-48.5058828,,Cidade Velha,+55 91 98166-9812,5590000000000.0,ChIJ8z5G-faOpJIRRnAyLHQ0ya8,66020-130,$,95,,53,39.0,8.0,1.0,4.0,1.0,Pará,"R. Siqueira Mendes, 24","R. Siqueira Mendes, 24",,Bar Nosso Recanto,Bar Nosso Recanto,4.6,https://www.google.com/maps/search/?api=1&query=Bar%20Nosso%20Recanto&query_place_id=ChIJ8z5G-faOpJIRRnAyLHQ0ya8,,
"Tv. 14 de Março, 1032 - Umarizal, Belém - PA, 66055-490, Brasil","Tv. 14 De Março, 1032 - Umarizal, Belém - Pa, 66055-490, Brasil",Bar,,,,,,,,,Brazilian boteco,1.1e+19,Belém,BR,0x92a48e7fa6913c2d:0x98ae6c29809d82d0,,,,-1.4445045,-48.4807257,,Umarizal,,,ChIJLTyRpn-OpJIR0IKdgClsrpg,66055-490,$,93,,275,166.0,47.0,16.0,41.0,5.0,Pará,"Tv. 14 de Março, 1032","Tv. 14 De Março, 1032",,Bira's Bar,Bira'S Bar,4.2,https://www.google.com/maps/search/?api=1&query=Bira's%20Bar&query_place_id=ChIJLTyRpn-OpJIR0IKdgClsrpg,,
"Tv. Mauriti, 2446 - Marco, Belém - PA, 66093-180, Brasil","Tv. Mauriti, 2446 - Marco, Belém - Pa, 66093-180, Brasil",Bar,,,,,,,,,Brazilian boteco,7.21e+18,Belém,BR,0x92a48c0c173a56cb:0x640d928fc3f366cf,,,,-1.4342685,-48.4630876,,Marco,+55 91 98218-1010,5590000000000.0,ChIJy1Y6FwyMpJIRz2bzw4-SDWQ,66093-180,$,91,,7,5.0,1.0,0.0,1.0,0.0,Pará,"Tv. Mauriti, 2446","Tv. Mauriti, 2446",,Bruno's Bar,Bruno'S Bar,4.6,https://www.google.com/maps/search/?api=1&query=Bruno's%20Bar&query_place_id=ChIJy1Y6FwyMpJIRz2bzw4-SDWQ,,
"Tv. Cel. Luíz Bentes, 388 - Telégrafo, Belém - PA, 66113-085, Brasil","Tv. Cel. Luíz Bentes, 388 - Telégrafo, Belém - Pa, 66113-085, Brasil",Bar,,,,,,,,,Brazilian boteco,4.76e+18,Belém,BR,0x92a489db0b25b041:0x421c81ce5c098f26,,,,-1.4293126,-48.4848421,,Telégrafo,+55 91 98094-2080,5590000000000.0,ChIJQbAlC9uJpJIRJo8JXM6BHEI,66113-085,$,90,,8,6.0,2.0,0.0,0.0,0.0,Pará,"Tv. Cel. Luíz Bentes, 388","Tv. Cel. Luíz Bentes, 388",,Ibiza Acústico Bar,Ibiza Acústico Bar,4.8,https://www.google.com/maps/search/?api=1&query=Ibiza%20Ac%C3%BAstico%20Bar&query_place_id=ChIJQbAlC9uJpJIRJo8JXM6BHEI,,
"Praça Coaraci Nunes, 4 - Batista Campos, Belém - PA, 66015-100, Brasil","Praça Coaraci Nunes, 4 - Batista Campos, Belém - Pa, 66015-100, Brasil",Bar e Grill,,,,,,,,,Bar & grill,1.14e+19,Belém,BR,0x92a48f26ddf6f6a7:0x9e0248d62629c9cc,,,,-1.4577456,-48.4934205,,Batista Campos,+55 91 98066-7687,5590000000000.0,ChIJp_b23SaPpJIRzMkpJtZIAp4,66015-100,$$,88,,161,86.0,39.0,5.0,19.0,12.0,Pará,"Praça Coaraci Nunes, 4","Praça Coaraci Nunes, 4",,Bar Composição - Batista Campos,Bar Composição - Batista Campos,4.2,https://www.google.com/maps/search/?api=1&query=Bar%20Composi%C3%A7%C3%A3o%20-%20Batista%20Campos&query_place_id=ChIJp_b23SaPpJIRzMkpJtZIAp4,,
"Av. Marquês de Herval, 1072 - Pedreira, Belém - PA, 66085-314, Brasil","Av. Marquês De Herval, 1072 - Pedreira, Belém - Pa, 66085-314, Brasil",Bar,,,,,,,,,Brazilian boteco,1.03e+19,Belém,BR,0x92a48d90fcc6dfe3:0x8f1ebbc2365bcd34,,"https://food.google.com/chooseprovider?restaurantId=/g/11t3f1gp9j&g2lbs=AOHF13ldzf0gbXMKptzIRAf_yLwRPCU0qAA4iVUeYiVzK7F4h6AlcjrpYsClhtq6a9b7Q45UYAo8dDd-fii3fQ2h9ZFPAeqDFO0AHilJ1qjkDoOuZVrWoZM%3D&hl=pt-BR&gl=us&fo_m=MfohQo559jFvMUOzJVpjPL1YMfZ3bInYwBDuMfaXTPp5KXh-&utm_source=tactile&gei=TZGxZoyuGrmlptQPp6aVqQM&ei=TZGxZoyuGrmlptQPp6aVqQM&fo_s=OA,SOE&opi=79508299&foub=mcpp",,-1.4310967,-48.4700088,,Pedreira,+55 91 99125-8266,5590000000000.0,ChIJ49_G_JCNpJIRNM1bNsK7Ho8,66085-314,$,87,,166,92.0,27.0,15.0,21.0,11.0,Pará,"Av. Marquês de Herval, 1072","Av. Marquês De Herval, 1072",,O MARQUÊS Bar e Restaurante,O Marquês Bar E Restaurante,4.0,https://www.google.com/maps/search/?api=1&query=O%20MARQU%C3%8AS%20Bar%20e%20Restaurante&query_place_id=ChIJ49_G_JCNpJIRNM1bNsK7Ho8,https://pt-br.facebook.com/MarquesBareRestaurante/,
"FINAL DA, Tv. Djalma Dutra, S/N - Telégrafo, Belém - PA, 66113, Brasil","Final Da, Tv. Djalma Dutra, S/N - Telégrafo, Belém - Pa, 66113, Brasil",Bar,,,,,,,,,Brazilian boteco,1.74e+19,Belém,BR,0x92a4896dc0dec93b:0xf0d68d8b6602b380,,,,-1.4295043,-48.4916692,,Telégrafo,,,ChIJO8newG2JpJIRgLMCZouN1vA,66113,$,83,,2,1.0,1.0,0.0,0.0,0.0,PA,"FINAL DA, Tv. Djalma Dutra, S/N","Final Da, Tv. Djalma Dutra, S/N",,Bar do Roberto,Bar Do Roberto,4.5,https://www.google.com/maps/search/?api=1&query=Bar%20do%20Roberto&query_place_id=ChIJO8newG2JpJIRgLMCZouN1vA,,
"Tv. Lomas Valentinas, 1988 - Marco, Belém - PA, 66093-671, Brasil","Tv. Lomas Valentinas, 1988 - Marco, Belém - Pa, 66093-671, Brasil",Bar,,,,,,,,,Brazilian boteco,1.2e+19,Belém,BR,0x92a48bf68d0b9c8d:0xa7167e996b90e613,,,,-1.431642,-48.4589623,,Marco,+55 91 99208-2449,5590000000000.0,ChIJjZwLjfaLpJIRE-aQa5l-Fqc,66093-671,$,82,,251,145.0,49.0,10.0,35.0,12.0,Pará,"Tv. Lomas Valentinas, 1988","Tv. Lomas Valentinas, 1988",,Bar Suíço,Bar Suíço,4.2,https://www.google.com/maps/search/?api=1&query=Bar%20Su%C3%AD%C3%A7o&query_place_id=ChIJjZwLjfaLpJIRE-aQa5l-Fqc,,
"Av. Alcindo Cacela, 966 - Umarizal, Belém - PA, 66060-271, Brasil","Av. Alcindo Cacela, 966 - Umarizal, Belém - Pa, 66060-271, Brasil",Bar,,,,,,,,,Brazilian boteco,3.37e+17,Belém,BR,0x92a48d15067ac43f:0x4ada90dca829169,,,,-1.4450757,-48.4783848,https://bentocafesushibar.com.br/sushi,Umarizal,+55 91 98208-9635,5590000000000.0,ChIJP8R6BhWNpJIRaZGCyg2prQQ,66060-271,$,81,,25,24.0,1.0,0.0,0.0,0.0,Pará,"Av. Alcindo Cacela, 966","Av. Alcindo Cacela, 966",,Bento Café Sushi bar,Bento Café Sushi Bar,5.0,https://www.google.com/maps/search/?api=1&query=Bento%20Caf%C3%A9%20Sushi%20bar&query_place_id=ChIJP8R6BhWNpJIRaZGCyg2prQQ,http://www.bentocafesushibar.com.br/,
"Tv. Nina Ribeiro, 508 - São Brás, Belém - PA, 66070-350, Brasil","Tv. Nina Ribeiro, 508 - São Brás, Belém - Pa, 66070-350, Brasil",Bar,,,,,,,,,Sports bar,9.99e+18,Belém,BR,0x92a48dfca4aecc63:0x8aab45ff159a66b1,,,,-1.4528671,-48.464179,,São Brás,+55 91 98120-1924,5590000000000.0,ChIJY8yupPyNpJIRsWaaFf9Fq4o,66070-350,$$,80,,1,1.0,0.0,0.0,0.0,0.0,Pará,"Tv. Nina Ribeiro, 508","Tv. Nina Ribeiro, 508",,Snooker Bar,Snooker Bar,5.0,https://www.google.com/maps/search/?api=1&query=Snooker%20Bar&query_place_id=ChIJY8yupPyNpJIRsWaaFf9Fq4o,https://www.facebook.com/profile.php?id=100088932447395&mibextid=ZbWKwL,
"Vila Container - Loja 8 - Nazaré, Belém - PA, 66040-170, Brasil","Vila Container - Loja 8 - Nazaré, Belém - Pa, 66040-170, Brasil",Bar,,,,,,,,,Brazilian boteco,2.53e+18,Belém,BR,0x92a48f8fd402ff2d:0x23235e8f945382ad,,,,-1.4523737,-48.4799403,https://linklist.bio/Muamba,Nazaré,+55 91 98842-5717,5590000000000.0,ChIJLf8C1I-PpJIRrYJTlI9eIyM,66040-170,$,79,,38,30.0,6.0,0.0,1.0,1.0,Pará,Vila Container - Loja 8,Vila Container - Loja 8,,Muamba Bar e Coquetéis,Muamba Bar E Coquetéis,4.7,https://www.google.com/maps/search/?api=1&query=Muamba%20Bar%20e%20Coquet%C3%A9is&query_place_id=ChIJLf8C1I-PpJIRrYJTlI9eIyM,,
"Av. José Bonifácio, 450 B - Fátima, Belém - PA, 66093-029, Brasil","Av. José Bonifácio, 450 B - Fátima, Belém - Pa, 66093-029, Brasil",Bar,,,,,,,,,Brazilian boteco,2.44e+18,Belém,BR,0x92a48dee1199445f:0x21d09e015c8b7c74,,,,-1.442322,-48.4690512,,Fátima,,,ChIJX0SZEe6NpJIRdHyLXAGe0CE,66093-029,$,78,,3,3.0,0.0,0.0,0.0,0.0,Pará,"Av. José Bonifácio, 450 B","Av. José Bonifácio, 450 B",,Bar e Restaurante Apoena,Bar E Restaurante Apoena,5.0,https://www.google.com/maps/search/?api=1&query=Bar%20e%20Restaurante%20Apoena&query_place_id=ChIJX0SZEe6NpJIRdHyLXAGe0CE,,
"Tv. Vileta, 1496 - Pedreira, Belém - PA, 66087-423, Brasil","Tv. Vileta, 1496 - Pedreira, Belém - Pa, 66087-423, Brasil",Bar,,,,,,,,,Brazilian boteco,8.18e+17,Belém,BR,0x92a48da23fcd8d8f:0xb5a8ef70c397a93,,,,-1.4347653,-48.4704,,Pedreira,,,ChIJj43NP6KNpJIRk3o5DPeOWgs,66087-423,$,77,,26,22.0,3.0,0.0,0.0,1.0,Pará,"Tv. Vileta, 1496","Tv. Vileta, 1496",,Bar da Kombi da Saudade,Bar Da Kombi Da Saudade,4.8,https://www.google.com/maps/search/?api=1&query=Bar%20da%20Kombi%20da%20Saudade&query_place_id=ChIJj43NP6KNpJIRk3o5DPeOWgs,,
"Av. Rômulo Maiorana, 1801 - Marco, Belém - PA, 66093-005, Brasil","Av. Rômulo Maiorana, 1801 - Marco, Belém - Pa, 66093-005, Brasil",Bar,,,,,,,,,Brazilian boteco,2.3e+18,Belém,BR,0x92a48c0b3cbcc1db:0x1ff99c84ecaf2c91,,,,-1.4321108,-48.4597969,,Marco,+55 91 98120-8371,5590000000000.0,ChIJ28G8PAuMpJIRkSyv7ISc-R8,66093-005,$,76,,482,300.0,106.0,4.0,61.0,11.0,Pará,"Av. Rômulo Maiorana, 1801","Av. Rômulo Maiorana, 1801",,Bar da Tia,Bar Da Tia,4.4,https://www.google.com/maps/search/?api=1&query=Bar%20da%20Tia&query_place_id=ChIJ28G8PAuMpJIRkSyv7ISc-R8,https://www.instagram.com/bar_da_tia_25?igsh=dXJwMGl6anlmaXIz&utm_source=qr,
"Av. José Bonifácio, 914 - São Brás, Belém - PA, 66063-425, Brasil","Av. José Bonifácio, 914 - São Brás, Belém - Pa, 66063-425, Brasil",Bar,,,,,,,,,Brazilian boteco,7.88e+18,Belém,BR,0x92a48c2e43fbcdd1:0x6d5af03580b85bae,,,,-1.455066,-48.4691348,,São Brás,+55 91 3249-5885,559000000000.0,ChIJ0c37Qy6MpJIRrlu4gDXwWm0,66063-425,$,75,,224,155.0,42.0,3.0,18.0,6.0,Pará,"Av. José Bonifácio, 914","Av. José Bonifácio, 914",,Bar do Ceará,Bar Do Ceará,4.5,https://www.google.com/maps/search/?api=1&query=Bar%20do%20Cear%C3%A1&query_place_id=ChIJ0c37Qy6MpJIRrlu4gDXwWm0,,
"Av. Rômulo Maiorana, 452 - Marco, Belém - PA, 66093-005, Brasil","Av. Rômulo Maiorana, 452 - Marco, Belém - Pa, 66093-005, Brasil",Bar,,,,,,,,,Brazilian boteco,1.59e+19,Belém,BR,0x92a48ddebdaa5c5d:0xdc0365bc7b46da23,,,,-1.4427358,-48.4663499,,Marco,,,ChIJXVyqvd6NpJIRI9pGe7xlA9w,66093-005,$,67,,9,9.0,0.0,0.0,0.0,0.0,Pará,"Av. Rômulo Maiorana, 452","Av. Rômulo Maiorana, 452",,Bar do Mineiro,Bar Do Mineiro,5.0,https://www.google.com/maps/search/?api=1&query=Bar%20do%20Mineiro&query_place_id=ChIJXVyqvd6NpJIRI9pGe7xlA9w,,
"Tv. Padre Eutíquio, 1295 - Batista Campos, Belém - PA, 66023-710, Brasil","Tv. Padre Eutíquio, 1295 - Batista Campos, Belém - Pa, 66023-710, Brasil",Bar,,,,,,,,,Brazilian boteco,1.76e+19,Belém,BR,0x92a48fecec7d952d:0xf3a0c46be6f21276,,,,-1.458479,-48.493109,,Batista Campos,,,ChIJLZV97OyPpJIRdhLy5mvEoPM,66023-710,$,66,,26,24.0,1.0,1.0,0.0,0.0,Pará,"Tv. Padre Eutíquio, 1295","Tv. Padre Eutíquio, 1295",,Mini Box Bar - Belém,Mini Box Bar - Belém,4.8,https://www.google.com/maps/search/?api=1&query=Mini%20Box%20Bar%20-%20Bel%C3%A9m&query_place_id=ChIJLZV97OyPpJIRdhLy5mvEoPM,https://ewww.instagram.com/miniboxbarbelem/,
"Av. João Paulo II, 1899 - Marco, Belém - PA, 66095-100, Brasil","Av. João Paulo Ii, 1899 - Marco, Belém - Pa, 66095-100, Brasil",Bar,Restaurante,,,,,,,,Brazilian boteco,8.16e+18,Belém,BR,0x92a48c76b866bdf1:0x71478f06c8656208,,,,-1.432767,-48.4526686,,Marco,+55 91 98080-8087,5590000000000.0,ChIJ8b1muHaMpJIRCGJlyAaPR3E,66095-100,$,69,,283,140.0,65.0,17.0,43.0,18.0,Pará,"Av. João Paulo II, 1899","Av. João Paulo Ii, 1899",,Feijão Maravilha Bar e Restaurante,Feijão Maravilha Bar E Restaurante,4.0,https://www.google.com/maps/search/?api=1&query=Feij%C3%A3o%20Maravilha%20Bar%20e%20Restaurante&query_place_id=ChIJ8b1muHaMpJIRCGJlyAaPR3E,,
"Av. Gentil Bitencourt, 2384 - São Brás, Belém - PA, 66063-022, Brasil","Av. Gentil Bitencourt, 2384 - São Brás, Belém - Pa, 66063-022, Brasil",Bar,,,,,,,,,Brazilian boteco,8.86e+18,Belém,BR,0x92a48dc921388889:0x7ae953a9d2640269,,,,-1.4548236,-48.4709344,,São Brás,+55 91 98749-0040,5590000000000.0,ChIJiYg4IcmNpJIRaQJk0qlT6Xo,66063-022,$,71,,7,5.0,2.0,0.0,0.0,0.0,Pará,"Av. Gentil Bitencourt, 2384","Av. Gentil Bitencourt, 2384",,Patuá Music Bar,Patuá Music Bar,4.7,https://www.google.com/maps/search/?api=1&query=Patu%C3%A1%20Music%20Bar&query_place_id=ChIJiYg4IcmNpJIRaQJk0qlT6Xo,,
"Tv. Angustura, 4202 - Marco, Belém - PA, 66093-042, Brasil","Tv. Angustura, 4202 - Marco, Belém - Pa, 66093-042, Brasil",Bar,,,,,,,,,Brazilian boteco,3.28e+18,Belém,BR,0x92a48c6f12ab659d:0x2d8f99b022df002a,,,,-1.4392697,-48.4500547,,Marco,+55 91 98383-4721,5590000000000.0,ChIJnWWrEm-MpJIRKgDfIrCZjy0,66093-042,$,63,,41,30.0,8.0,0.0,1.0,2.0,Pará,"Tv. Angustura, 4202","Tv. Angustura, 4202",,DOMINGAS BAR,Domingas Bar,4.6,https://www.google.com/maps/search/?api=1&query=DOMINGAS%20BAR&query_place_id=ChIJnWWrEm-MpJIRKgDfIrCZjy0,,
"Av. Conselheiro Furtado, 3897 - Canudos, Belém - PA, 66073-160, Brasil","Av. Conselheiro Furtado, 3897 - Canudos, Belém - Pa, 66073-160, Brasil",Bar,,,,,,,,,Brazilian boteco,3.15e+18,Belém,BR,0x92a48d136813af15:0x2ba9adc0ef2dc398,,,,-1.4556313,-48.4639101,,Canudos,,,ChIJFa8TaBONpJIRmMMt78CtqSs,66073-160,$,56,,1,1.0,0.0,0.0,0.0,0.0,Pará,"Av. Conselheiro Furtado, 3897","Av. Conselheiro Furtado, 3897",,Black e White bar,Black E White Bar,5.0,https://www.google.com/maps/search/?api=1&query=Black%20e%20White%20bar&query_place_id=ChIJFa8TaBONpJIRmMMt78CtqSs,,
"Passagem Trindade, 33 - Marco, Belém - PA, 66095-660, Brasil","Passagem Trindade, 33 - Marco, Belém - Pa, 66095-660, Brasil",Bar,,,,,,,,,Brazilian boteco,1.73e+19,Belém,BR,0x92a48c692c83f1bf:0xf000d91a41365bc8,,,,-1.4406837,-48.4515743,,Marco,,,ChIJv_GDLGmMpJIRyFs2QRrZAPA,66095-660,$,61,,8,4.0,1.0,1.0,0.0,2.0,Pará,"Passagem Trindade, 33","Passagem Trindade, 33",,Bar & Boate Bidicos Bar,Bar & Boate Bidicos Bar,3.6,https://www.google.com/maps/search/?api=1&query=Bar%20%26%20Boate%20Bidicos%20Bar&query_place_id=ChIJv_GDLGmMpJIRyFs2QRrZAPA,,
"R. dos Caripunas, 2158 - Jurunas, Belém - PA, 66030-680, Brasil","R. Dos Caripunas, 2158 - Jurunas, Belém - Pa, 66030-680, Brasil",Bar,,,,,,,,,Brazilian boteco,8.3e+18,Belém,BR,0x92a48e7e76f4008b:0x7330caa70e5cd1c8,,,,-1.4608341,-48.4835801,,Jurunas,+55 91 98374-3982,5590000000000.0,ChIJiwD0dn6OpJIRyNFcDqfKMHM,66030-680,$,45,,9,7.0,0.0,0.0,2.0,0.0,Pará,"R. dos Caripunas, 2158","R. Dos Caripunas, 2158",,Pedrinho's Bar,Pedrinho'S Bar,4.6,https://www.google.com/maps/search/?api=1&query=Pedrinho's%20Bar&query_place_id=ChIJiwD0dn6OpJIRyNFcDqfKMHM,,
"Av. Visc. de Inhaúma, 1 - Pedreira, Belém - PA, 66085-731, Brasil","Av. Visc. De Inhaúma, 1 - Pedreira, Belém - Pa, 66085-731, Brasil",Bar,,,,,,,,,Brazilian boteco,1.37e+19,Belém,BR,0x92a48d20ea97d15f:0xbe8c61f03fa0a33c,,,,-1.4383168,-48.4721728,,Pedreira,+55 91 98239-9571,5590000000000.0,ChIJX9GX6iCNpJIRPKOgP_BhjL4,66085-731,$,43,,37,27.0,3.0,5.0,2.0,0.0,Pará,"Av. Visc. de Inhaúma, 1","Av. Visc. De Inhaúma, 1",,BAR NINHO DO GAVIÃO,Bar Ninho Do Gavião,4.3,https://www.google.com/maps/search/?api=1&query=BAR%20NINHO%20DO%20GAVI%C3%83O&query_place_id=ChIJX9GX6iCNpJIRPKOgP_BhjL4,,
"R. Antônio Everdosa - Pedreira, Belém - PA, 66085-752, Brasil","R. Antônio Everdosa - Pedreira, Belém - Pa, 66085-752, Brasil",Bar,,,,,,,,,Brazilian boteco,4.46e+18,Belém,BR,0x92a48c01d6544db9:0x3dd39bf48385b7c9,,,,-1.4323581,-48.4785468,,Pedreira,+55 91 99903-1150,5590000000000.0,ChIJuU1U1gGMpJIRybeFg_Sb0z0,66085-752,$,42,,49,35.0,3.0,5.0,6.0,0.0,Pará,R. Antônio Everdosa,R. Antônio Everdosa,,Bar e sinuca do louro,Bar E Sinuca Do Louro,4.3,https://www.google.com/maps/search/?api=1&query=Bar%20e%20sinuca%20do%20louro&query_place_id=ChIJuU1U1gGMpJIRybeFg_Sb0z0,,
"Av. Gentil Bitencourt, 2380 - São Brás, Belém - PA, 66063-022, Brasil","Av. Gentil Bitencourt, 2380 - São Brás, Belém - Pa, 66063-022, Brasil",Bar,Restaurante,,,,,,,,Brazilian boteco,3.89e+18,Belém,BR,0x92a48c2e415b4b47:0x35f30f76d63976ac,,"https://food.google.com/chooseprovider?restaurantId=/g/11f5dgr18x&g2lbs=AOHF13kYgCObHDa6cxCvy-f2RYseyB58Ht7sYsxEWsGgE-bH3qtCFvhAWIWzJLLJ3hOTkCUAH0FD-_4N06cNVnDHAY8nyhirIixWJJMkwrOGmARFOFH-UtU%3D&hl=pt-BR&gl=us&fo_m=MfohQo559jFvMUOzJVpjPL1YMfZ3bInYwBDuMfaXTPp5KXh-&utm_source=tactile&gei=0JGxZq6BDvuqptQPraiF8Qw&ei=0JGxZq6BDvuqptQPraiF8Qw&fo_s=OA,SOE&opi=79508299&foub=mcpp",,-1.4547444,-48.4710253,,São Brás,+55 91 98114-9595,5590000000000.0,ChIJR0tbQS6MpJIRrHY51nYP8zU,66063-022,$,39,,62,48.0,8.0,1.0,4.0,1.0,Pará,"Av. Gentil Bitencourt, 2380","Av. Gentil Bitencourt, 2380",,Vera's Bar,Vera'S Bar,4.6,https://www.google.com/maps/search/?api=1&query=Vera's%20Bar&query_place_id=ChIJR0tbQS6MpJIRrHY51nYP8zU,,
"esquiR - R. Arcipreste Manoel Teodoro, 215 - Batista Campos, Belém - PA, 66015-200, Brasil","Esquir - R. Arcipreste Manoel Teodoro, 215 - Batista Campos, Belém - Pa, 66015-200, Brasil",Bar,,,,,,,,,Brazilian boteco,1.74e+19,Belém,BR,0x92a48f9470f98927:0xf20f53c1ead421b4,,,,-1.4572093,-48.4930226,,Batista Campos,,,ChIJJ4n5cJSPpJIRtCHU6sFTD_I,66015-200,$,36,,319,198.0,62.0,8.0,41.0,10.0,Pará,"esquiR - R. Arcipreste Manoel Teodoro, 215","Esquir - R. Arcipreste Manoel Teodoro, 215",,Meu Boteco Belém,Meu Boteco Belém,4.4,https://www.google.com/maps/search/?api=1&query=Meu%20Boteco%20Bel%C3%A9m&query_place_id=ChIJJ4n5cJSPpJIRtCHU6sFTD_I,,
"R. Vinte e Oito de Setembro, 1067 - Reduto, Belém - PA, 66053-355, Brasil","R. Vinte E Oito De Setembro, 1067 - Reduto, Belém - Pa, 66053-355, Brasil",Bar,Bar com música ao vivo,Bares,,,,,,,Pub,4.26e+18,Belém,BR,0x92a48f7c8a012fd1:0x3b244ca16d97cbd4,,,,-1.4445599,-48.4919443,,Reduto,+55 91 98641-8546,5590000000000.0,ChIJ0S8BinyPpJIR1MuXbaFMJDs,66053-355,$$,34,,117,77.0,30.0,4.0,4.0,2.0,Pará,"R. Vinte e Oito de Setembro, 1067","R. Vinte E Oito De Setembro, 1067",,Bar da Katedral,Bar Da Katedral,4.5,https://www.google.com/maps/search/?api=1&query=Bar%20da%20Katedral&query_place_id=ChIJ0S8BinyPpJIR1MuXbaFMJDs,https://www.katedral.com.br/,
"Av. Cmte. Brás de Aguiar, 420 - Nazaré, Belém - PA, 66035-405, Brasil","Av. Cmte. Brás De Aguiar, 420 - Nazaré, Belém - Pa, 66035-405, Brasil",Bar,Restaurante,,,,,,,,Brazilian boteco,1.56e+19,Belém,BR,0x92a48e8591e7ebb3:0xd8582a67ceccc578,,,,-1.454846,-48.4879711,http://www.capitalloungebar.com.br/index.html#bebidas,Nazaré,+55 91 98519-6864,5590000000000.0,ChIJs-vnkYWOpJIReMXMzmcqWNg,66035-405,$,32,,278,197.0,58.0,4.0,15.0,4.0,Pará,"Av. Cmte. Brás de Aguiar, 420","Av. Cmte. Brás De Aguiar, 420",,Capital Lounge e Bar,Capital Lounge E Bar,4.6,https://www.google.com/maps/search/?api=1&query=Capital%20Lounge%20e%20Bar&query_place_id=ChIJs-vnkYWOpJIReMXMzmcqWNg,http://www.capitalloungebar.com.br/,
"R. Bernal do Couto, 791 - Umarizal, Belém - PA, 66055-080, Brasil","R. Bernal Do Couto, 791 - Umarizal, Belém - Pa, 66055-080, Brasil",Bar,,,,,,,,,Brazilian boteco,1.3e+19,Belém,BR,0x92a48ea6a2223af3:0xb3dc343afeb3f70a,,,,-1.4403889,-48.4834994,,Umarizal,,,ChIJ8zoioqaOpJIRCvez_jo03LM,66055-080,$,21,,1244,842.0,272.0,31.0,81.0,18.0,Pará,"R. Bernal do Couto, 791","R. Bernal Do Couto, 791",,Black Dog English Pub,Black Dog English Pub,4.5,https://www.google.com/maps/search/?api=1&query=Black%20Dog%20English%20Pub&query_place_id=ChIJ8zoioqaOpJIRCvez_jo03LM,https://www.instagram.com/blackdoghenglishpubb/,
"R. Bernal do Couto, 1107 - Umarizal, Belém - PA, 66055-080, Brasil","R. Bernal Do Couto, 1107 - Umarizal, Belém - Pa, 66055-080, Brasil",Bar,,,,,,,,,Brazilian boteco,7.01e+17,Belém,BR,0x92a48ea7ab8609f1:0x9bb8126b3699606,,,,-1.4389511,-48.4808121,,Umarizal,,,ChIJ8QmGq6eOpJIRBpZpsyaBuwk,66055-080,$,19,,49,33.0,7.0,3.0,6.0,0.0,Pará,"R. Bernal do Couto, 1107","R. Bernal Do Couto, 1107",,Mellu's Club Bar,Mellu'S Club Bar,4.4,https://www.google.com/maps/search/?api=1&query=Mellu's%20Club%20Bar&query_place_id=ChIJ8QmGq6eOpJIRBpZpsyaBuwk,,
"Tv. do Chaco, 21 - Pedreira, Belém - PA, 66083-180, Brasil","Tv. Do Chaco, 21 - Pedreira, Belém - Pa, 66083-180, Brasil",Bar,,,,,,,,,Brazilian boteco,1.83e+19,Belém,BR,0x92a48eaaeece31f3:0xfe0a10b04b030058,,,,-1.4313093,-48.4806368,,Pedreira,+55 32445031,,ChIJ8zHO7qqOpJIRWAADS7AQCv4,66083-180,$,17,,32,20.0,3.0,3.0,4.0,2.0,Pará,"Tv. do Chaco, 21","Tv. Do Chaco, 21",,Bar Mico Preto,Bar Mico Preto,4.1,https://www.google.com/maps/search/?api=1&query=Bar%20Mico%20Preto&query_place_id=ChIJ8zHO7qqOpJIRWAADS7AQCv4,,
"Passagem São Jorge - Pedreira, Belém - PA, 66087-082, Brasil","Passagem São Jorge - Pedreira, Belém - Pa, 66087-082, Brasil",Bar,,,,,,,,,Brazilian boteco,4.98e+17,Belém,BR,0x92a48fe8397ca52b:0x6ea623b0c793818,,,,-1.4346733,-48.4793595,,Pedreira,,,ChIJK6V8OeiPpJIRGDh5DDti6gY,66087-082,$,16,,14,11.0,1.0,1.0,1.0,0.0,Pará,Passagem São Jorge,Passagem São Jorge,,NATU'S BAR,Natu'S Bar,4.5,https://www.google.com/maps/search/?api=1&query=NATU'S%20BAR&query_place_id=ChIJK6V8OeiPpJIRGDh5DDti6gY,,
"Tv. Vileta, 2461 - Marco, Belém - PA, 66093-345, Brasil","Tv. Vileta, 2461 - Marco, Belém - Pa, 66093-345, Brasil",Bar,,,,,,,,,Brazilian boteco,1.06e+19,Belém,BR,0x92a48d9eff1a5dd3:0x9280a4a99e7a3bfe,,,,-1.4389289,-48.463535,,Marco,,,ChIJ010a_56NpJIR_jt6nqmkgJI,66093-345,$,15,,52,40.0,7.0,0.0,4.0,1.0,Pará,"Tv. Vileta, 2461","Tv. Vileta, 2461",,Bar do Bragança,Bar Do Bragança,4.7,https://www.google.com/maps/search/?api=1&query=Bar%20do%20Bragan%C3%A7a&query_place_id=ChIJ010a_56NpJIR_jt6nqmkgJI,,
"Marco, Belém - PA, 66090-520, Brasil","Marco, Belém - Pa, 66090-520, Brasil",Bar,,,,,,,,,Brazilian boteco,3.54e+18,Belém,BR,0x92a48c3c7a560d4d:0x311afa6d6ca5039a,,,,-1.4478822,-48.4657425,,Marco,+55 91 98995-1023,5590000000000.0,ChIJTQ1WejyMpJIRmgOlbG36GjE,,$,14,,5,4.0,0.0,1.0,0.0,0.0,Pará,,,,Bráz Bar,Bráz Bar,4.2,https://www.google.com/maps/search/?api=1&query=Br%C3%A1z%20Bar&query_place_id=ChIJTQ1WejyMpJIRmgOlbG36GjE,,
"Tv. Alm. Wandenkolk, 686 - Umarizal, Belém - PA, 66055-030, Brasil","Tv. Alm. Wandenkolk, 686 - Umarizal, Belém - Pa, 66055-030, Brasil",Bar,,,,,,,,,Brazilian boteco,7.26e+18,Belém,BR,0x92a48e990ddbc863:0x64cd671a0da18f2a,,,,-1.4475412,-48.4857234,,Umarizal,,,ChIJY8jbDZmOpJIRKo-hDRpnzWQ,66055-030,$,11,,15,10.0,3.0,1.0,1.0,0.0,Pará,"Tv. Alm. Wandenkolk, 686","Tv. Alm. Wandenkolk, 686",,Ranulfo Bar E Restaturante vital Drinks,Ranulfo Bar E Restaturante Vital Drinks,4.4,https://www.google.com/maps/search/?api=1&query=Ranulfo%20Bar%20E%20Restaturante%20vital%20Drinks&query_place_id=ChIJY8jbDZmOpJIRKo-hDRpnzWQ,,
"R. Municipalidade, 489 - Reduto, Belém - PA, 66053-180, Brasil","R. Municipalidade, 489 - Reduto, Belém - Pa, 66053-180, Brasil",Bar,,,,,,,,,Brazilian boteco,1.45e+19,Belém,BR,0x92a48ebc789eff9d:0xc923157168a6c169,,,Companhia Belém Academia,-1.4440516,-48.4944325,,Reduto,,,ChIJnf-eeLyOpJIRacGmaHEVI8k,66053-180,$,8,,10,3.0,3.0,1.0,3.0,0.0,Pará,"R. Municipalidade, 489","R. Municipalidade, 489",,Sport Bar,Sport Bar,3.7,https://www.google.com/maps/search/?api=1&query=Sport%20Bar&query_place_id=ChIJnf-eeLyOpJIRacGmaHEVI8k,,
"Av. Generalíssimo Deodoro, 1354 - Nazaré, Belém - PA, 66035-090, Brasil","Av. Generalíssimo Deodoro, 1354 - Nazaré, Belém - Pa, 66035-090, Brasil",Bar,Loja de Conveniência,Bares,,,,,,,Brazilian boteco,1.46e+19,Belém,BR,0x92a48f787a17906d:0xcb445fb2ed16ef00,,,,-1.4529973,-48.4829617,,Nazaré,,,ChIJbZAXeniPpJIRAO8W7bJfRMs,66035-090,$,3,,148,94.0,30.0,8.0,13.0,3.0,Pará,"Av. Generalíssimo Deodoro, 1354","Av. Generalíssimo Deodoro, 1354",,Bar Samaúma,Bar Samaúma,4.3,https://www.google.com/maps/search/?api=1&query=Bar%20Sama%C3%BAma&query_place_id=ChIJbZAXeniPpJIRAO8W7bJfRMs,https://www.instagram.com/barsamauma?igsh=eTFnZmd2bm1yaHly,
"R. Osvaldo de Caldas Brito - Jurunas, Belém - PA, 66025-190, Brasil","R. Osvaldo De Caldas Brito - Jurunas, Belém - Pa, 66025-190, Brasil",Bar,,,,,,,,,Brazilian boteco,7.41e+18,Belém,BR,0x92a48f70b171afe9:0x66cc1e300e0efea7,,,,-1.4685293,-48.4991028,,Jurunas,,,ChIJ6a9xsXCPpJIRp_4ODjAezGY,,$,93,,0,,,,,,Pará,R. Osvaldo de Caldas Brito,R. Osvaldo De Caldas Brito,,Bar da guerreira,Bar Da Guerreira,,https://www.google.com/maps/search/?api=1&query=Bar%20da%20guerreira&query_place_id=ChIJ6a9xsXCPpJIRp_4ODjAezGY,,
"Passagem Monte Alegre - Jurunas, Belém - PA, 66030-360, Brasil","Passagem Monte Alegre - Jurunas, Belém - Pa, 66030-360, Brasil",Bar,,,,,,,,,Brazilian boteco,2.79e+18,Belém,BR,0x92a48e12b05b5475:0x26a802732e27d5cd,,,,-1.474745,-48.4894306,,Jurunas,,,ChIJdVRbsBKOpJIRzdUnLnMCqCY,66030-360,$,95,,0,,,,,,Pará,Passagem Monte Alegre,Passagem Monte Alegre,,Wal Bar,Wal Bar,,https://www.google.com/maps/search/?api=1&query=Wal%20Bar&query_place_id=ChIJdVRbsBKOpJIRzdUnLnMCqCY,,
"Passagem Comunitária, 103 - Jurunas, Belém - PA, 66030-010, Brasil","Passagem Comunitária, 103 - Jurunas, Belém - Pa, 66030-010, Brasil",Bar,,,,,,,,,Brazilian boteco,5.89e+18,Belém,BR,0x92a48fc601088379:0x51bb9781a781907a,,,,-1.47488,-48.486585,,Jurunas,,,ChIJeYMIAcaPpJIRepCBp4GXu1E,66030-010,$,92,,0,,,,,,Pará,"Passagem Comunitária, 103","Passagem Comunitária, 103",,Bar da Regina,Bar Da Regina,,https://www.google.com/maps/search/?api=1&query=Bar%20da%20Regina&query_place_id=ChIJeYMIAcaPpJIRepCBp4GXu1E,,
"Tv. dos Tupinambás, 641 - Jurunas, Belém - PA, 66033-122, Brasil","Tv. Dos Tupinambás, 641 - Jurunas, Belém - Pa, 66033-122, Brasil",Bar,,,,,,,,,Brazilian boteco,3.01e+18,Belém,BR,0x92a48e64d7ca4001:0x29c3d5d2336593aa,,,,-1.4651879,-48.4891424,,Jurunas,,,ChIJAUDK12SOpJIRqpNlM9LVwyk,66033-122,$,90,,0,,,,,,Pará,"Tv. dos Tupinambás, 641","Tv. Dos Tupinambás, 641",,Fazendinha's Bar,Fazendinha'S Bar,,https://www.google.com/maps/search/?api=1&query=Fazendinha's%20Bar&query_place_id=ChIJAUDK12SOpJIRqpNlM9LVwyk,,
"R. Eng. Fernando Guilhon - Batista Campos, Belém - PA, 66025-008, Brasil","R. Eng. Fernando Guilhon - Batista Campos, Belém - Pa, 66025-008, Brasil",Bar,,,,,,,,,Brazilian boteco,1.69e+19,Belém,BR,0x92a48fd1c7e256d1:0xeace271aba961080,,,,-1.4651605,-48.48592,,Batista Campos,,,ChIJ0Vbix9GPpJIRgBCWuhonzuo,66025-008,$,89,,0,,,,,,Pará,R. Eng. Fernando Guilhon,R. Eng. Fernando Guilhon,,Rafael drinks,Rafael Drinks,,https://www.google.com/maps/search/?api=1&query=Rafael%20drinks&query_place_id=ChIJ0Vbix9GPpJIRgBCWuhonzuo,,
"R. dos Timbiras, 310 - Jurunas, Belém - PA, 66025-669, Brasil","R. Dos Timbiras, 310 - Jurunas, Belém - Pa, 66025-669, Brasil",Bar,,,,,,,,,Brazilian boteco,1.74e+19,Belém,BR,0x92a48e6b7c5e9c2f:0xf1ff480bfe9927f1,,,,-1.4729954,-48.4939424,,Jurunas,,,ChIJL5xefGuOpJIR8SeZ_gtI__E,66025-669,$,88,,0,,,,,,Pará,"R. dos Timbiras, 310","R. Dos Timbiras, 310",,Zeca´s Bar,Zeca´S Bar,,https://www.google.com/maps/search/?api=1&query=Zeca%C2%B4s%20Bar&query_place_id=ChIJL5xefGuOpJIR8SeZ_gtI__E,,
"Estr. da Ceasa - Curió-Utinga, Belém - PA, 66610-120, Brasil","Estr. Da Ceasa - Curió-Utinga, Belém - Pa, 66610-120, Brasil",Bar e restaurante de ostras,,,,,,,,,Brazilian boteco,1.5e+19,Belém,BR,0x92a48db30bb7899f:0xcfbf46f743ccdb41,,,,-1.4489733,-48.4242295,,Curió-Utinga,+55 91 98870-4070,5590000000000.0,ChIJn4m3C7ONpJIRQdvMQ_dGv88,66610-120,$,22,,0,,,,,,Pará,Estr. da Ceasa,Estr. Da Ceasa,,Bar e restaurante do Lao,Bar E Restaurante Do Lao,,https://www.google.com/maps/search/?api=1&query=Bar%20e%20restaurante%20do%20Lao&query_place_id=ChIJn4m3C7ONpJIRQdvMQ_dGv88,,
"R. Triunvirato, 267 - Cidade Velha, Belém - PA, 66020-645, Brasil","R. Triunvirato, 267 - Cidade Velha, Belém - Pa, 66020-645, Brasil",Bar,,,,,,,,,Brazilian boteco,9.13e+18,Belém,BR,0x92a48e5e829afa6d:0x7ec4b3a0ae38c0b8,,,,-1.4636577,-48.5017366,,Cidade Velha,,,ChIJbfqagl6OpJIRuMA4rqCzxH4,66020-645,$,85,,6,4.0,2.0,0.0,0.0,0.0,Pará,"R. Triunvirato, 267","R. Triunvirato, 267",,Boteco 267,Boteco 267,4.7,https://www.google.com/maps/search/?api=1&query=Boteco%20267&query_place_id=ChIJbfqagl6OpJIRuMA4rqCzxH4,,
"R. Osvaldo de Caldas Brito, 37 - Jurunas, Belém - PA, 66025-190, Brasil","R. Osvaldo De Caldas Brito, 37 - Jurunas, Belém - Pa, 66025-190, Brasil",Bar,,,,,,,,,Brazilian boteco,6.33e+18,Belém,BR,0x92a48f6f892a5493:0x57e830463937d9e4,,,,-1.4713393,-48.5014284,,Jurunas,+55 91 99326-3358,5590000000000.0,ChIJk1QqiW-PpJIR5Nk3OUYw6Fc,66025-190,$,84,,1,1.0,0.0,0.0,0.0,0.0,Pará,"R. Osvaldo de Caldas Brito, 37","R. Osvaldo De Caldas Brito, 37",,Depósito e Conveniência 3 Irmãos,Depósito E Conveniência 3 Irmãos,5.0,https://www.google.com/maps/search/?api=1&query=Dep%C3%B3sito%20e%20Conveni%C3%AAncia%203%20Irm%C3%A3os&query_place_id=ChIJk1QqiW-PpJIR5Nk3OUYw6Fc,,
"Passagem Beira-Mar, 43 - Jurunas, Belém - PA, 66030-770, Brasil","Passagem Beira-Mar, 43 - Jurunas, Belém - Pa, 66030-770, Brasil",Bar,,,,,,,,,Brazilian boteco,9.79e+18,Belém,BR,0x92a48e6ab8cd4ccf:0x87d0458812cf58b7,,,,-1.4738938,-48.4975848,,Jurunas,,,ChIJz0zNuGqOpJIRt1jPEohF0Ic,66030-770,$,81,,1,1.0,0.0,0.0,0.0,0.0,Pará,"Passagem Beira-Mar, 43","Passagem Beira-Mar, 43",,TITICAS BAR,Titicas Bar,5.0,https://www.google.com/maps/search/?api=1&query=TITICAS%20BAR&query_place_id=ChIJz0zNuGqOpJIRt1jPEohF0Ic,,
"Passagem Dr. Brito - Jurunas, Belém - PA, 68447-000, Brasil","Passagem Dr. Brito - Jurunas, Belém - Pa, 68447-000, Brasil",Bar,,,,,,,,,Brazilian boteco,1.52e+19,Belém,BR,0x92a48e732a46a4d9:0xd2df8eb2ca44f928,,,,-1.4741578,-48.4861033,,Jurunas,,,ChIJ2aRGKnOOpJIRKPlEyrKO39I,,$,83,,6,4.0,0.0,1.0,1.0,0.0,Pará,Passagem Dr. Brito,Passagem Dr. Brito,,Biba's Bar,Biba'S Bar,4.0,https://www.google.com/maps/search/?api=1&query=Biba's%20Bar&query_place_id=ChIJ2aRGKnOOpJIRKPlEyrKO39I,,
"Tv. Carlos de Carvalho, 1440 - Jurunas, Belém - PA, 66025-215, Brasil","Tv. Carlos De Carvalho, 1440 - Jurunas, Belém - Pa, 66025-215, Brasil",Bar,,,,,,,,,Brazilian boteco,1.28e+19,Belém,BR,0x92a48e6efbb5b25f:0xb1eb9fdced633297,,,,-1.4692826,-48.4916214,,Jurunas,,,ChIJX7K1-26OpJIRlzJj7dyf67E,66025-215,$,82,,2,2.0,0.0,0.0,0.0,0.0,Pará,"Tv. Carlos de Carvalho, 1440","Tv. Carlos De Carvalho, 1440",,Bar Castanheira,Bar Castanheira,5.0,https://www.google.com/maps/search/?api=1&query=Bar%20Castanheira&query_place_id=ChIJX7K1-26OpJIRlzJj7dyf67E,,
"Tv. Carlos de Carvalho, 1524 - Jurunas, Belém - PA, 66023-720, Brasil","Tv. Carlos De Carvalho, 1524 - Jurunas, Belém - Pa, 66023-720, Brasil",Bares,,,,,,,,,Pub,4e+17,Belém,BR,0x92a48e6e5f0c1e49:0x58c1645716037bd,,,,-1.4697212,-48.4911245,,Jurunas,+55 91 3272-2019,559000000000.0,ChIJSR4MX26OpJIRvTdgcUUWjAU,66023-720,$,80,,20,13.0,2.0,1.0,2.0,2.0,Pará,"Tv. Carlos de Carvalho, 1524","Tv. Carlos De Carvalho, 1524",,Frucoco,Frucoco,4.2,https://www.google.com/maps/search/?api=1&query=Frucoco&query_place_id=ChIJSR4MX26OpJIRvTdgcUUWjAU,,
"Av. Bernardo Sayão, 2203 - Jurunas, Belém - PA, 66030-120, Brasil","Av. Bernardo Sayão, 2203 - Jurunas, Belém - Pa, 66030-120, Brasil",Bar,,,,,,,,,Brazilian boteco,1.02e+19,Belém,BR,0x92a48f2a4968e947:0x8dc101a91441cb46,,,,-1.476831,-48.4885857,,Jurunas,+55 91 99629-0065,5590000000000.0,ChIJR-loSSqPpJIRRstBFKkBwY0,66030-120,$,78,,0,,,,,,Pará,"Av. Bernardo Sayão, 2203","Av. Bernardo Sayão, 2203",,Bar do touro (menga),Bar Do Touro (Menga),,https://www.google.com/maps/search/?api=1&query=Bar%20do%20touro%20(menga)&query_place_id=ChIJR-loSSqPpJIRRstBFKkBwY0,,
"R. Veiga Cabral, 439 - Cidade Velha, Belém - PA, 66023-735, Brasil","R. Veiga Cabral, 439 - Cidade Velha, Belém - Pa, 66023-735, Brasil",Bar,Restaurante,Loja de bebidas alcoólicas,,,,,,,Brazilian boteco,2.33e+16,Belém,BR,0x92a48c291223eccd:0x52ab61cbcd573e,,,,-1.4638159,-48.499235,,Cidade Velha,+55 91 98837-6517,5590000000000.0,ChIJzewjEimMpJIRPlfNy2GrUgA,66023-735,$,79,,212,176.0,27.0,2.0,6.0,1.0,Pará,"R. Veiga Cabral, 439","R. Veiga Cabral, 439",,Confraria do Fraga,Confraria Do Fraga,4.8,https://www.google.com/maps/search/?api=1&query=Confraria%20do%20Fraga&query_place_id=ChIJzewjEimMpJIRPlfNy2GrUgA,https://mywhats.net/ConfrariadoFraga,
"Curió-Utinga, Belém - PA, 66610-190, Brasil","Curió-Utinga, Belém - Pa, 66610-190, Brasil",Bar,,,,,,,,,Brazilian boteco,1.22e+19,Belém,BR,0x92a48c77e901ca5f:0xa99f82b909dbf838,,,,-1.4301474,-48.4498293,,Curió-Utinga,,,ChIJX8oB6XeMpJIROPjbCbmCn6k,,$,1,,4,3.0,0.0,0.0,1.0,0.0,Pará,,,,Esquina Bar,Esquina Bar,4.5,https://www.google.com/maps/search/?api=1&query=Esquina%20Bar&query_place_id=ChIJX8oB6XeMpJIROPjbCbmCn6k,,
"R. Osvaldo de Caldas Brito, 10 - Jurunas, Belém - PA, 66025-190, Brasil","R. Osvaldo De Caldas Brito, 10 - Jurunas, Belém - Pa, 66025-190, Brasil",Bar,,,,,,,,,Brazilian boteco,1.1e+19,Belém,BR,0x92a48fd0d7f652e5:0x98d7975ecfba8d69,,,,-1.4726054,-48.5021714,,Jurunas,+55 91 98095-4786,5590000000000.0,ChIJ5VL219CPpJIRaY26z16X15g,66025-190,$,76,,0,,,,,,Pará,"R. Osvaldo de Caldas Brito, 10","R. Osvaldo De Caldas Brito, 10",,Na Proa bar e petiscaria,Na Proa Bar E Petiscaria,,https://www.google.com/maps/search/?api=1&query=Na%20Proa%20bar%20e%20petiscaria&query_place_id=ChIJ5VL219CPpJIRaY26z16X15g,,
"R. dos Caripunas, 880 - Jurunas, Belém - PA, 66045-143, Brasil","R. Dos Caripunas, 880 - Jurunas, Belém - Pa, 66045-143, Brasil",Bar,,,,,,,,,Brazilian boteco,4.5e+17,Belém,BR,0x92a48f3ef1d0af9f:0x63fb229499040d1,,,,-1.4681695,-48.4916807,,Jurunas,+55 91 98173-1160,5590000000000.0,ChIJn6_Q8T6PpJIR0UCQSSmyPwY,66045-143,$,75,,0,,,,,,Pará,"R. dos Caripunas, 880","R. Dos Caripunas, 880",,Meu Querido,Meu Querido,,https://www.google.com/maps/search/?api=1&query=Meu%20Querido&query_place_id=ChIJn6_Q8T6PpJIR0UCQSSmyPwY,https://www.lojalocal.com/00033083410263,
"R. Carneiro da Rocha, 11 - Cidade Velha, Belém - PA, 66020-160, Brasil","R. Carneiro Da Rocha, 11 - Cidade Velha, Belém - Pa, 66020-160, Brasil",Bar,,,,,,,,,Brazilian boteco,9.59e+16,Belém,BR,0x92a48f0046853955:0x154bd56383ed3ab,,,,-1.463532,-48.5052934,,Cidade Velha,,,ChIJVTmFRgCPpJIRq9M-OFa9VAE,66020-160,$,74,,0,,,,,,Pará,"R. Carneiro da Rocha, 11","R. Carneiro Da Rocha, 11",,Depósito do Adriano,Depósito Do Adriano,,https://www.google.com/maps/search/?api=1&query=Dep%C3%B3sito%20do%20Adriano&query_place_id=ChIJVTmFRgCPpJIRq9M-OFa9VAE,,
"R. Triunvirato, 303 - Cidade Velha, Belém - PA, 66020-645, Brasil","R. Triunvirato, 303 - Cidade Velha, Belém - Pa, 66020-645, Brasil",Gastropub,Bar,,,,,,,,Pub,6.31e+18,Belém,BR,0x92a48e5e7c59c455:0x57a1739c5d99c273,,"https://food.google.com/chooseprovider?restaurantId=/g/11b6bsdd79&g2lbs=AOHF13lOo9iivJdFOWgtWSFn6O_kqZUrbpl2TrSi2rWB6DP4hW73T1CqblVL9ZGSC6ojbwCKa6HTpCCdCnl3_F9VbHldNz6kSEVmuuZfq3acv37gk8Lhwkw%3D&hl=pt-BR&gl=us&fo_m=MfohQo559jFvMUOzJVpjPL1YMfZ3bInYwBDuMfaXTPp5KXh-&utm_source=tactile&gei=05KxZrP7MM65kPIP4JmvuAg&ei=05KxZrP7MM65kPIP4JmvuAg&fo_s=OA,SOE&opi=79508299&foub=mcpp",,-1.4629689,-48.5007141,,Cidade Velha,+55 91 98365-5883,5590000000000.0,ChIJVcRZfF6OpJIRc8KZXZxzoVc,66020-645,$$,72,,557,378.0,112.0,11.0,46.0,10.0,Pará,"R. Triunvirato, 303","R. Triunvirato, 303",,Boteco do Bacú,Boteco Do Bacú,4.5,https://www.google.com/maps/search/?api=1&query=Boteco%20do%20Bac%C3%BA&query_place_id=ChIJVcRZfF6OpJIRc8KZXZxzoVc,,
"R. Nova II, 52 - Condor, Belém - PA, 66033-573, Brasil","R. Nova Ii, 52 - Condor, Belém - Pa, 66033-573, Brasil",Bar,,,,,,,,,Brazilian boteco,1.49e+19,Belém,BR,0x92a48f892abe004b:0xcefa151e171dd36c,,,,-1.4726036,-48.4841198,,Condor,,,ChIJSwC-KomPpJIRbNMdFx4V-s4,66033-573,$,71,,4,3.0,1.0,0.0,0.0,0.0,Pará,"R. Nova II, 52","R. Nova Ii, 52",,Bar Do Picolé,Bar Do Picolé,4.8,https://www.google.com/maps/search/?api=1&query=Bar%20Do%20Picol%C3%A9&query_place_id=ChIJSwC-KomPpJIRbNMdFx4V-s4,,
"R. dos Caripunas, 936 - Jurunas, Belém - PA, 66030-700, Brasil","R. Dos Caripunas, 936 - Jurunas, Belém - Pa, 66030-700, Brasil",Bar,,,,,,,,,Brazilian boteco,1.74e+19,Belém,BR,0x92a48ff197f6a371:0xf202a62b527adf40,,,,-1.4677437,-48.4913634,,Jurunas,+55 91 98032-3930,5590000000000.0,ChIJcaP2l_GPpJIRQN96UiumAvI,66030-700,$,70,,0,,,,,,Pará,"R. dos Caripunas, 936","R. Dos Caripunas, 936",,Tubarão beer e lava-jato,Tubarão Beer E Lava-Jato,,https://www.google.com/maps/search/?api=1&query=Tubar%C3%A3o%20beer%20e%20lava-jato&query_place_id=ChIJcaP2l_GPpJIRQN96UiumAvI,,
"Jurunas, Belém - PA, 68447-000, Brasil","Jurunas, Belém - Pa, 68447-000, Brasil",Bar,,,,,,,,,Brazilian boteco,4.03e+18,Belém,BR,0x92a48e71b4f464a3:0x37e465613af2a638,,,,-1.4689329,-48.4872702,,Jurunas,,,ChIJo2T0tHGOpJIROKbyOmFl5Dc,,$,67,,0,,,,,,Pará,,,,BOTECO DO LUIZ,Boteco Do Luiz,,https://www.google.com/maps/search/?api=1&query=BOTECO%20DO%20LUIZ&query_place_id=ChIJo2T0tHGOpJIROKbyOmFl5Dc,,
"Tv. Dr. Moraes, 1464 - Cremação, Belém - PA, 66045-590, Brasil","Tv. Dr. Moraes, 1464 - Cremação, Belém - Pa, 66045-590, Brasil",Bar,,,,,,,,,Brazilian boteco,1.3e+19,Belém,BR,0x92a48e79964529e1:0xb4c2a0ce81852a6b,,,,-1.4634087,-48.484413,,Cremação,+55 91 3271-0446,559000000000.0,ChIJ4SlFlnmOpJIRayqFgc6gwrQ,66045-590,$,66,,15,8.0,1.0,5.0,0.0,1.0,Pará,"Tv. Dr. Moraes, 1464","Tv. Dr. Moraes, 1464",,Bar do Rocha,Bar Do Rocha,3.4,https://www.google.com/maps/search/?api=1&query=Bar%20do%20Rocha&query_place_id=ChIJ4SlFlnmOpJIRayqFgc6gwrQ,,
"R. São Silvestre, 282 - Jurunas, Belém - PA, 66030-570, Brasil","R. São Silvestre, 282 - Jurunas, Belém - Pa, 66030-570, Brasil",Bar,,,,,,,,,Brazilian boteco,1.57e+19,Belém,BR,0x92a48fc817497d33:0xda5e2a6cbdf150d8,,,,-1.4694433,-48.4855945,,Jurunas,+55 91 98320-8016,5590000000000.0,ChIJM31JF8iPpJIR2FDxvWwqXto,66030-570,$,65,,0,,,,,,Pará,"R. São Silvestre, 282","R. São Silvestre, 282",,verde Bar,Verde Bar,,https://www.google.com/maps/search/?api=1&query=verde%20Bar&query_place_id=ChIJM31JF8iPpJIR2FDxvWwqXto,,
"Av. Roberto Camelier, 1104 - Jurunas, Belém - PA, 66033-640, Brasil","Av. Roberto Camelier, 1104 - Jurunas, Belém - Pa, 66033-640, Brasil",Bar,,,,,,,,,Brazilian boteco,8.44e+18,Belém,BR,0x92a48e71b274667d:0x752f326aa6cf941c,,,,-1.4691045,-48.486844,,Jurunas,,,ChIJfWZ0snGOpJIRHJTPpmoyL3U,66033-640,$,63,,17,12.0,3.0,0.0,1.0,1.0,Pará,"Av. Roberto Camelier, 1104","Av. Roberto Camelier, 1104",,Casa Roberto Camelier,Casa Roberto Camelier,4.5,https://www.google.com/maps/search/?api=1&query=Casa%20Roberto%20Camelier&query_place_id=ChIJfWZ0snGOpJIRHJTPpmoyL3U,,
"R. Eng. Fernando Guilhon, 531 - Jurunas, Belém - PA, 67105-165, Brasil","R. Eng. Fernando Guilhon, 531 - Jurunas, Belém - Pa, 67105-165, Brasil",Bar,,,,,,,,,Brazilian boteco,1.15e+19,Belém,BR,0x92a48ffbb6e85c91:0x9fe04df873c1312f,,,,-1.4715661,-48.4911499,,Jurunas,+55 91 98532-2793,5590000000000.0,ChIJkVzotvuPpJIRLzHBc_hN4J8,67105-165,$,58,,1,1.0,0.0,0.0,0.0,0.0,Pará,"R. Eng. Fernando Guilhon, 531","R. Eng. Fernando Guilhon, 531",,Toca Do Urubu,Toca Do Urubu,5.0,https://www.google.com/maps/search/?api=1&query=Toca%20Do%20Urubu&query_place_id=ChIJkVzotvuPpJIRLzHBc_hN4J8,,
"81 A - R. Osvaldo de Caldas Brito - Jurunas, Belém - PA, 66025-190, Brasil","81 A - R. Osvaldo De Caldas Brito - Jurunas, Belém - Pa, 66025-190, Brasil",Bar,,,,,,,,,Brazilian boteco,1.37e+19,Belém,BR,0x92a48f80a92c861b:0xbd723fb18a17e7ed,,,,-1.4711018,-48.5013573,,Jurunas,+55 91 98145-8878,5590000000000.0,ChIJG4YsqYCPpJIR7ecXirE_cr0,66025-190,$,60,,3,3.0,0.0,0.0,0.0,0.0,Pará,81 A - R. Osvaldo de Caldas Brito,81 A - R. Osvaldo De Caldas Brito,,Adega da Orla - Portal da Amazônia,Adega Da Orla - Portal Da Amazônia,5.0,https://www.google.com/maps/search/?api=1&query=Adega%20da%20Orla%20-%20Portal%20da%20Amaz%C3%B4nia&query_place_id=ChIJG4YsqYCPpJIR7ecXirE_cr0,,
"R. Triunvirato, 280 - Cidade Velha, Belém - PA, 66020-645, Brasil","R. Triunvirato, 280 - Cidade Velha, Belém - Pa, 66020-645, Brasil",Bar,Restaurante,,,,,,,,Brazilian boteco,1.32e+19,Belém,BR,0x92a48e5e65298e7b:0xb7adbe02fd4f3b9c,,"https://food.google.com/chooseprovider?restaurantId=/g/1pyqks15l&g2lbs=AOHF13ltbLaL477EhHCtiTVpGXAIDqqeIlEzWfKx986TluJ4IXmY7-gPRK5d9twpvZe5A8W7uwCM16FrDExAm7zqGAkwPnWNZ2w_qJDZxFd3C38ty_Cf4Kg%3D&hl=pt-BR&gl=us&fo_m=MfohQo559jFvMUOzJVpjPL1YMfZ3bInYwBDuMfaXTPp5KXh-&utm_source=tactile&gei=FpOxZsmFCvLakPIP1aiHyQg&ei=FpOxZsmFCvLakPIP1aiHyQg&fo_s=OA,SOE&opi=79508299&foub=mcpp",,-1.4632401,-48.5007595,,Cidade Velha,+55 91 98032-7474,5590000000000.0,ChIJe44pZV6OpJIRnDtP_QK-rbc,66020-645,$,62,,646,390.0,145.0,23.0,71.0,17.0,Pará,"R. Triunvirato, 280","R. Triunvirato, 280",,Bar e Churrasquinho Dois Irmãos,Bar E Churrasquinho Dois Irmãos,4.3,https://www.google.com/maps/search/?api=1&query=Bar%20e%20Churrasquinho%20Dois%20Irm%C3%A3os&query_place_id=ChIJe44pZV6OpJIRnDtP_QK-rbc,,
"Tv. dos Tupinambás, 1323 - Jurunas, Belém - PA, 66033-124, Brasil","Tv. Dos Tupinambás, 1323 - Jurunas, Belém - Pa, 66033-124, Brasil",Bar,,,,,,,,,Brazilian boteco,1.81e+19,Belém,BR,0x92a48e71304a51b5:0xfb56e6def140ddff,,,,-1.4693011,-48.4842043,,Jurunas,,,ChIJtVFKMHGOpJIR_91A8d7mVvs,66033-124,$,54,,4,3.0,0.0,0.0,0.0,1.0,Pará,"Tv. dos Tupinambás, 1323","Tv. Dos Tupinambás, 1323",,Socorro's Bar Point Dos Amigos,Socorro'S Bar Point Dos Amigos,4.3,https://www.google.com/maps/search/?api=1&query=Socorro's%20Bar%20Point%20Dos%20Amigos&query_place_id=ChIJtVFKMHGOpJIR_91A8d7mVvs,,
"Tv. Monte Alegre, 274 - Jurunas, Belém - PA, 66023-040, Brasil","Tv. Monte Alegre, 274 - Jurunas, Belém - Pa, 66023-040, Brasil",Bar,,,,,,,,,Brazilian boteco,7.56e+18,Belém,BR,0x92a48e6d1724b5bf:0x68eefb9d50cf8007,,,,-1.4733136,-48.4904789,,Jurunas,,,ChIJv7UkF22OpJIRB4DPUJ377mg,66023-040,$,53,,1,0.0,1.0,0.0,0.0,0.0,Pará,"Tv. Monte Alegre, 274","Tv. Monte Alegre, 274",,Risos Bar,Risos Bar,4.0,https://www.google.com/maps/search/?api=1&query=Risos%20Bar&query_place_id=ChIJv7UkF22OpJIRB4DPUJ377mg,,
"Tv. dos Tupinambás - Batista Campos, Belém - PA, 68447-000, Brasil","Tv. Dos Tupinambás - Batista Campos, Belém - Pa, 68447-000, Brasil",Bar,,,,,,,,,Brazilian boteco,1.34e+19,Belém,BR,0x92a48f005d92f4d5:0xb9bc7300e969a57e,,,,-1.464514,-48.4900524,,Batista Campos,,,ChIJ1fSSXQCPpJIRfqVp6QBzvLk,,$,52,,0,,,,,,Pará,Tv. dos Tupinambás,Tv. Dos Tupinambás,,Bar do Brasil,Bar Do Brasil,,https://www.google.com/maps/search/?api=1&query=Bar%20do%20Brasil&query_place_id=ChIJ1fSSXQCPpJIRfqVp6QBzvLk,,
"R. Osvaldo de Caldas Brito, 885 - Jurunas, Belém - PA, 66025-190, Brasil","R. Osvaldo De Caldas Brito, 885 - Jurunas, Belém - Pa, 66025-190, Brasil",Bar,,,,,,,,,Brazilian boteco,6.48e+18,Belém,BR,0x92a48e67a99931a7:0x59eef8cbbdca43da,,,,-1.4654178,-48.4966606,,Jurunas,+55 32416129,,ChIJpzGZqWeOpJIR2kPKvcv47lk,66025-190,$,51,,55,37.0,9.0,3.0,5.0,1.0,Pará,"R. Osvaldo de Caldas Brito, 885","R. Osvaldo De Caldas Brito, 885",,Bar e Restaurante Casa dos Anjos,Bar E Restaurante Casa Dos Anjos,4.4,https://www.google.com/maps/search/?api=1&query=Bar%20e%20Restaurante%20Casa%20dos%20Anjos&query_place_id=ChIJpzGZqWeOpJIR2kPKvcv47lk,,
"Praça Amazonas, 117 - Jurunas, Belém - PA, 66025-070, Brasil","Praça Amazonas, 117 - Jurunas, Belém - Pa, 66025-070, Brasil",Bar,,,,,,,,,Brazilian boteco,5.06e+18,Belém,BR,0x92a48fcc956cbf2d:0x4638f4468739698f,,,,-1.4644021,-48.4960923,,Jurunas,+55 91 99241-1138,5590000000000.0,ChIJLb9slcyPpJIRj2k5h0b0OEY,66025-070,$,49,,13,11.0,2.0,0.0,0.0,0.0,Pará,"Praça Amazonas, 117","Praça Amazonas, 117",,Bar do Dj,Bar Do Dj,4.8,https://www.google.com/maps/search/?api=1&query=Bar%20do%20Dj&query_place_id=ChIJLb9slcyPpJIRj2k5h0b0OEY,,
"Cidade Velha, Belém - PA, 66020-060, Brasil","Cidade Velha, Belém - Pa, 66020-060, Brasil",Bar,,,,,,,,,Brazilian boteco,1.77e+19,Belém,BR,0x92a48e5ced0aa385:0xf519be639a671b93,,,,-1.465908,-48.5024003,,Cidade Velha,,,ChIJhaMK7VyOpJIRkxtnmmO-GfU,,$,44,,1,1.0,0.0,0.0,0.0,0.0,Pará,,,,Devassa,Devassa,5.0,https://www.google.com/maps/search/?api=1&query=Devassa&query_place_id=ChIJhaMK7VyOpJIRkxtnmmO-GfU,,
"Tv. Padre Eutíquio, 2157 - Batista Campos, Belém - PA, 66033-726, Brasil","Tv. Padre Eutíquio, 2157 - Batista Campos, Belém - Pa, 66033-726, Brasil",Bar,Escola de bartender,Fornecedor de alimentos e bebidas para catering,Loja de bebidas alcoólicas,,,,,,Brazilian boteco,4.72e+18,Belém,BR,0x92a48f3657c92a11:0x417a52412d5f7f7c,,,,-1.4632667,-48.4867846,,Batista Campos,+55 91 99318-2621,5590000000000.0,ChIJESrJVzaPpJIRfH9fLUFSekE,66033-726,$,40,,0,,,,,,Pará,"Tv. Padre Eutíquio, 2157","Tv. Padre Eutíquio, 2157",,Best Drinks Openbar (serviço de barman),Best Drinks Openbar (Serviço De Barman),,https://www.google.com/maps/search/?api=1&query=Best%20Drinks%20Openbar%20(servi%C3%A7o%20de%20barman)&query_place_id=ChIJESrJVzaPpJIRfH9fLUFSekE,https://www.instagram.com/best_drinks_openbar/,
"R. Arsenal, 289 - Cidade Velha, Belém - PA, 66023-110, Brasil","R. Arsenal, 289 - Cidade Velha, Belém - Pa, 66023-110, Brasil",Bar,,,,,,,,,Brazilian boteco,2.95e+18,Belém,BR,0x92a48e5c0fed1037:0x29005938ac33181b,,"https://food.google.com/chooseprovider?restaurantId=/g/1ptx46qyp&g2lbs=AOHF13mPkTxSZ0VywLY-UEgLYudqGGnzZGLKHuEIPgdasqwL2AdC3nlmPbD3RUdbpEk0S4S8gqZ1fy1wb7BPH5lL3ZlJsBfa5AI6YRrQrbKTobW3VNgqADY%3D&hl=pt-BR&gl=us&fo_m=MfohQo559jFvMUOzJVpjPL1YMfZ3bInYwBDuMfaXTPp5KXh-&utm_source=tactile&gei=UpOxZuOPArnlwN4Pz471KA&ei=UpOxZuOPArnlwN4Pz471KA&fo_s=OA,SOE&opi=79508299&foub=mcpp",,-1.4658835,-48.502424,,Cidade Velha,+55 91 98187-0479,5590000000000.0,ChIJNxDtD1yOpJIRGxgzrDhZACk,66023-110,$,36,,121,83.0,22.0,8.0,7.0,1.0,Pará,"R. Arsenal, 289","R. Arsenal, 289",,Skina Queen,Skina Queen,4.4,https://www.google.com/maps/search/?api=1&query=Skina%20Queen&query_place_id=ChIJNxDtD1yOpJIRGxgzrDhZACk,,
"Tv. dos Apinagés, 541 - Batista Campos, Belém - PA, 66033-170, Brasil","Tv. Dos Apinagés, 541 - Batista Campos, Belém - Pa, 66033-170, Brasil",Bar,Restaurante,Lanchonete,,,,,,,Brazilian boteco,1.17e+19,Belém,BR,0x92a48e7cb3a36595:0xa26cc113a4943bb7,,,,-1.4635062,-48.4889194,,Batista Campos,+55 91 98233-2735,5590000000000.0,ChIJlWWjs3yOpJIRtzuUpBPBbKI,66033-170,$,35,,333,217.0,66.0,6.0,37.0,7.0,Pará,"Tv. dos Apinagés, 541","Tv. Dos Apinagés, 541",,Bar Salvador,Bar Salvador,4.4,https://www.google.com/maps/search/?api=1&query=Bar%20Salvador&query_place_id=ChIJlWWjs3yOpJIRtzuUpBPBbKI,https://www.facebook.com/pages/Bar-Do-Salvador/146278232197057,
"Passagem Dr. Brito, 15 - Jurunas, Belém - PA, 66030-020, Brasil","Passagem Dr. Brito, 15 - Jurunas, Belém - Pa, 66030-020, Brasil",Bar,,,,,,,,,Brazilian boteco,6e+18,Belém,BR,0x92a48fcc49f6936f:0x534b750c4cb5afc9,,,,-1.4740402,-48.486223,,Jurunas,+55 91 3272-9299,559000000000.0,ChIJb5P2ScyPpJIRya-1TAx1S1M,66030-020,$,31,,1,0.0,0.0,0.0,1.0,0.0,Pará,"Passagem Dr. Brito, 15","Passagem Dr. Brito, 15",,Depósito de Cerveja do Paulo,Depósito De Cerveja Do Paulo,3.0,https://www.google.com/maps/search/?api=1&query=Dep%C3%B3sito%20de%20Cerveja%20do%20Paulo&query_place_id=ChIJb5P2ScyPpJIRya-1TAx1S1M,,
"Tv. dos Tupinambás, 723 - Jurunas, Belém - PA, 66033-122, Brasil","Tv. Dos Tupinambás, 723 - Jurunas, Belém - Pa, 66033-122, Brasil",Bar,,,,,,,,,Brazilian boteco,7.25e+18,Belém,BR,0x92a48e7ac96e598b:0x649bcd048869c6aa,,,,-1.4657414,-48.4885174,,Jurunas,+55 91 98225-8869,5590000000000.0,ChIJi1luyXqOpJIRqsZpiATNm2Q,66033-122,$,28,,43,26.0,11.0,1.0,4.0,1.0,Pará,"Tv. dos Tupinambás, 723","Tv. Dos Tupinambás, 723",,Anderson's Bar,Anderson'S Bar,4.4,https://www.google.com/maps/search/?api=1&query=Anderson's%20Bar&query_place_id=ChIJi1luyXqOpJIRqsZpiATNm2Q,,
"R. Cesário Alvim, 660 - Jurunas, Belém - PA, 66023-170, Brasil","R. Cesário Alvim, 660 - Jurunas, Belém - Pa, 66023-170, Brasil",Bar,,,,,,,,,Brazilian boteco,9.67e+17,Belém,BR,0x92a48e5d30597f1d:0xd6c1d40110b3590,,,,-1.4651954,-48.4984581,,Jurunas,+55 91 98091-5561,5590000000000.0,ChIJHX9ZMF2OpJIRkDULEUAdbA0,66023-170,$,24,,530,315.0,112.0,24.0,61.0,18.0,Pará,"R. Cesário Alvim, 660","R. Cesário Alvim, 660",,Esquina Cultural Bar The Beatles,Esquina Cultural Bar The Beatles,4.3,https://www.google.com/maps/search/?api=1&query=Esquina%20Cultural%20Bar%20The%20Beatles&query_place_id=ChIJHX9ZMF2OpJIRkDULEUAdbA0,https://www.facebook.com/barthebeatles,
"Esquina com Rua Óbidos, Tv. de Breves, 111 - Cidade Velha, Belém - PA, 66020-448, Brasil","Esquina Com Rua Óbidos, Tv. De Breves, 111 - Cidade Velha, Belém - Pa, 66020-448, Brasil",Bar,,,,,,,,,Brazilian boteco,2.36e+18,Belém,BR,0x92a48fc5939cb0e3:0x20ba8fce50cd230f,,,,-1.4628802,-48.5026008,,Cidade Velha,+55 91 98736-6601,5590000000000.0,ChIJ47Cck8WPpJIRDyPNUM6PuiA,66020-448,$,25,,102,87.0,10.0,4.0,1.0,0.0,PA,"Esquina com Rua Óbidos, Tv. de Breves, 111","Esquina Com Rua Óbidos, Tv. De Breves, 111",,Canto do Zé,Canto Do Zé,4.7,https://www.google.com/maps/search/?api=1&query=Canto%20do%20Z%C3%A9&query_place_id=ChIJ47Cck8WPpJIRDyPNUM6PuiA,https://instagram.com/sambadeze?igshid=YmMyMTA2M2Y=,
"Tv. Honório José dos Santos, 1004 - Jurunas, Belém - PA, 66033-343, Brasil","Tv. Honório José Dos Santos, 1004 - Jurunas, Belém - Pa, 66033-343, Brasil",Bar,,,,,,,,,Brazilian boteco,5.9e+18,Belém,BR,0x92a48f05558047c7:0x51df39057d730a60,,,,-1.4701054,-48.4884113,,Jurunas,,,ChIJx0eAVQWPpJIRYApzfQU531E,66033-343,$,20,,14,9.0,3.0,0.0,2.0,0.0,Pará,"Tv. Honório José dos Santos, 1004","Tv. Honório José Dos Santos, 1004",,BAR PARÁ BRASIL,Bar Pará Brasil,4.5,https://www.google.com/maps/search/?api=1&query=BAR%20PAR%C3%81%20BRASIL&query_place_id=ChIJx0eAVQWPpJIRYApzfQU531E,,
"R. São Miguel, 475 - Jurunas, Belém - PA, 66033-015, Brasil","R. São Miguel, 475 - Jurunas, Belém - Pa, 66033-015, Brasil",Bar,,,,,,,,,Brazilian boteco,5.62e+18,Belém,BR,0x92a48e705e2bb127:0x4def5752e4eba451,,,,-1.4679222,-48.4863925,,Jurunas,+55 91 99148-6498,5590000000000.0,ChIJJ7ErXnCOpJIRUaTr5FJX700,66033-015,$,27,,1,1.0,0.0,0.0,0.0,0.0,Pará,"R. São Miguel, 475","R. São Miguel, 475",,MANINHO'S PUB,Maninho'S Pub,5.0,https://www.google.com/maps/search/?api=1&query=MANINHO'S%20PUB&query_place_id=ChIJJ7ErXnCOpJIRUaTr5FJX700,,
"Tv. de Breves, 139 - Cidade Velha, Belém - PA, 66020-100, Brasil","Tv. De Breves, 139 - Cidade Velha, Belém - Pa, 66020-100, Brasil",Bar,,,,,,,,,Brazilian boteco,1.43e+19,Belém,BR,0x92a48e5ebfa826a1:0xc6cdea3a7e45d316,,,,-1.462751,-48.5026901,,Cidade Velha,,,ChIJoSaov16OpJIRFtNFfjrqzcY,66020-100,$,19,,43,27.0,6.0,1.0,4.0,5.0,Pará,"Tv. de Breves, 139","Tv. De Breves, 139",,Velho Lobo Bar E Garagem,Velho Lobo Bar E Garagem,4.2,https://www.google.com/maps/search/?api=1&query=Velho%20Lobo%20Bar%20E%20Garagem&query_place_id=ChIJoSaov16OpJIRFtNFfjrqzcY,http://www.facebook.com/velholobogaragem/,
"R. São Boaventura, 268 - Cidade Velha, Belém - PA, 66020-550, Brasil","R. São Boaventura, 268 - Cidade Velha, Belém - Pa, 66020-550, Brasil",Bar,,,,,,,,,Brazilian boteco,1.78e+19,Belém,BR,0x92a48fb1db5297f7:0xf76adf26190546f8,,,,-1.4617293,-48.5053222,,Cidade Velha,+55 91 98521-0107,5590000000000.0,ChIJ95dS27GPpJIR-EYFGSbfavc,66020-550,$,17,,0,,,,,,Pará,"R. São Boaventura, 268","R. São Boaventura, 268",,Banzeriô Deck Bar,Banzeriô Deck Bar,,https://www.google.com/maps/search/?api=1&query=Banzeri%C3%B4%20Deck%20Bar&query_place_id=ChIJ95dS27GPpJIR-EYFGSbfavc,https://www.instagram.com/banzeriodeckbar/,
"Tv. Honório José dos Santos, 857 - Jurunas, Belém - PA, 66033-340, Brasil","Tv. Honório José Dos Santos, 857 - Jurunas, Belém - Pa, 66033-340, Brasil",Bar,,,,,,,,,Brazilian boteco,4.11e+18,Belém,BR,0x92a48e6e2fd1aa09:0x38fac76a39112042,,,,-1.4691403,-48.4893099,,Jurunas,+55 91 98160-8035,5590000000000.0,ChIJCarRL26OpJIRQiAROWrH-jg,66033-340,$,16,,3,2.0,0.0,0.0,1.0,0.0,Pará,"Tv. Honório José dos Santos, 857","Tv. Honório José Dos Santos, 857",,Murilos Bar,Murilos Bar,4.3,https://www.google.com/maps/search/?api=1&query=Murilos%20Bar&query_place_id=ChIJCarRL26OpJIRQiAROWrH-jg,,
"Tv. Monte Alegre, 1008 - Jurunas, Belém - PA, 66025-400, Brasil","Tv. Monte Alegre, 1008 - Jurunas, Belém - Pa, 66025-400, Brasil",Bar,,,,,,,,,Brazilian boteco,1.42e+19,Belém,BR,0x92a48f480235bc6d:0xc52ba4d76897a298,,,,-1.4733903,-48.4907137,,Jurunas,,,ChIJbbw1AkiPpJIRmKKXaNekK8U,66025-400,$,15,,2,1.0,1.0,0.0,0.0,0.0,Pará,"Tv. Monte Alegre, 1008","Tv. Monte Alegre, 1008",,Bar do Gago,Bar Do Gago,4.5,https://www.google.com/maps/search/?api=1&query=Bar%20do%20Gago&query_place_id=ChIJbbw1AkiPpJIRmKKXaNekK8U,,
"R. dos Timbiras, 580-666 - Cremação, Belém - PA, 66045-520, Brasil","R. Dos Timbiras, 580-666 - Cremação, Belém - Pa, 66045-520, Brasil",Bar,,,,,,,,,Brazilian boteco,8.61e+18,Belém,BR,0x92a48e6c212424ff:0x7780c2131bab157f,,,,-1.4708247,-48.4923866,,Cremação,,,ChIJ_yQkIWyOpJIRfxWrGxPCgHc,66045-520,$,14,,98,63.0,13.0,11.0,8.0,3.0,Pará,"R. dos Timbiras, 580-666","R. Dos Timbiras, 580-666",,Bar Da Toca Do Leão,Bar Da Toca Do Leão,4.2,https://www.google.com/maps/search/?api=1&query=Bar%20Da%20Toca%20Do%20Le%C3%A3o&query_place_id=ChIJ_yQkIWyOpJIRfxWrGxPCgHc,,
"Tv. Bom Jardim, 82 - Cidade Velha, Belém - PA, 66025-180, Brasil","Tv. Bom Jardim, 82 - Cidade Velha, Belém - Pa, 66025-180, Brasil",Bar,,,,,,,,,Brazilian boteco,3.61e+18,Belém,BR,0x92a48e5f08121f01:0x32185039277da170,,,,-1.4614267,-48.5012919,,Cidade Velha,,,ChIJAR8SCF-OpJIRcKF9JzlQGDI,66025-180,$,12,,18,12.0,1.0,0.0,4.0,1.0,Pará,"Tv. Bom Jardim, 82","Tv. Bom Jardim, 82",,Bar do Toninho (Canoa),Bar Do Toninho (Canoa),4.3,https://www.google.com/maps/search/?api=1&query=Bar%20do%20Toninho%20(Canoa)&query_place_id=ChIJAR8SCF-OpJIRcKF9JzlQGDI,,
"Tv. Bom Jardim, 509 - Cidade Velha, Belém - PA, 66023-140, Brasil","Tv. Bom Jardim, 509 - Cidade Velha, Belém - Pa, 66023-140, Brasil",Bar,,,,,,,,,Brazilian boteco,1.73e+19,Belém,BR,0x92a48e5df504926f:0xefb65fbdc063c029,,,,-1.4644291,-48.498838,,Cidade Velha,,,ChIJb5IE9V2OpJIRKcBjwL1ftu8,66023-140,$,11,,4,2.0,1.0,1.0,0.0,0.0,Pará,"Tv. Bom Jardim, 509","Tv. Bom Jardim, 509",,BAR DO POLACO,Bar Do Polaco,3.8,https://www.google.com/maps/search/?api=1&query=BAR%20DO%20POLACO&query_place_id=ChIJb5IE9V2OpJIRKcBjwL1ftu8,,
"R. dos Caripunas, 393 - Jurunas, Belém - PA, 66030-680, Brasil","R. Dos Caripunas, 393 - Jurunas, Belém - Pa, 66030-680, Brasil",Bar,,,,,,,,,Brazilian boteco,2.41e+18,Belém,BR,0x92a48e6be99ce417:0x21718aefece67c92,,,,-1.4714446,-48.4948922,,Jurunas,+55 91 98054-6364,5590000000000.0,ChIJF-Sc6WuOpJIRknzm7O-KcSE,66030-680,$,9,,1,1.0,0.0,0.0,0.0,0.0,Pará,"R. dos Caripunas, 393","R. Dos Caripunas, 393",,Bar Do Odivan,Bar Do Odivan,5.0,https://www.google.com/maps/search/?api=1&query=Bar%20Do%20Odivan&query_place_id=ChIJF-Sc6WuOpJIRknzm7O-KcSE,,
"R. dos Caripunas, 436 - Jurunas, Belém - PA, 66030-680, Brasil","R. Dos Caripunas, 436 - Jurunas, Belém - Pa, 66030-680, Brasil",Bar,,,,,,,,,Brazilian boteco,1.83e+19,Belém,BR,0x92a48e6bfb1ddbdd:0xfe2905956e1437ab,,,,-1.471179,-48.4942472,,Jurunas,,,ChIJ3dsd-2uOpJIRqzcUbpUFKf4,66030-680,$,8,,3,3.0,0.0,0.0,0.0,0.0,Pará,"R. dos Caripunas, 436","R. Dos Caripunas, 436",,Bar Do Lima,Bar Do Lima,5.0,https://www.google.com/maps/search/?api=1&query=Bar%20Do%20Lima&query_place_id=ChIJ3dsd-2uOpJIRqzcUbpUFKf4,,
"R. dos Pariquis, 355 - Jurunas, Belém - PA, 66030-690, Brasil","R. Dos Pariquis, 355 - Jurunas, Belém - Pa, 66030-690, Brasil",Bar,,,,,,,,,Brazilian boteco,3.59e+17,Belém,BR,0x92a48e6bd3171191:0x4fa5cbd1bbb0988,,,,-1.4711913,-48.4961327,,Jurunas,,,ChIJkREX02uOpJIRiAm7G71c-gQ,66030-690,$,5,,1,1.0,0.0,0.0,0.0,0.0,Pará,"R. dos Pariquis, 355","R. Dos Pariquis, 355",,Modelo Bar E Rest.,Modelo Bar E Rest.,5.0,https://www.google.com/maps/search/?api=1&query=Modelo%20Bar%20E%20Rest.&query_place_id=ChIJkREX02uOpJIRiAm7G71c-gQ,,
"R. Osvaldo de Caldas Brito, 353 - Jurunas, Belém - PA, 66025-190, Brasil","R. Osvaldo De Caldas Brito, 353 - Jurunas, Belém - Pa, 66025-190, Brasil",Bar,,,,,,,,,Brazilian boteco,2.42e+18,Belém,BR,0x92a48e4262292cff:0x21870b175b477d97,,,,-1.4691956,-48.4996778,,Jurunas,,,ChIJ_ywpYkKOpJIRl31HWxcLhyE,66025-190,$,10,,36,27.0,2.0,1.0,5.0,1.0,Pará,"R. Osvaldo de Caldas Brito, 353","R. Osvaldo De Caldas Brito, 353",,Bar Maués,Bar Maués,4.5,https://www.google.com/maps/search/?api=1&query=Bar%20Mau%C3%A9s&query_place_id=ChIJ_ywpYkKOpJIRl31HWxcLhyE,,
"Av. Bernardo Sayão - Cidade Velha, Belém - PA, 66025-670, Brasil","Av. Bernardo Sayão - Cidade Velha, Belém - Pa, 66025-670, Brasil",Bar,,,,,,,,,Brazilian boteco,1.79e+19,Belém,BR,0x92a48fe257bd3a0d:0xf8c79e4726305108,,,,-1.4694127,-48.5008081,,Cidade Velha,,,ChIJDTq9V-KPpJIRCFEwJkeex_g,,$,1,,26,18.0,5.0,0.0,2.0,1.0,Pará,Av. Bernardo Sayão,Av. Bernardo Sayão,,Palácio do bar,Palácio Do Bar,4.5,https://www.google.com/maps/search/?api=1&query=Pal%C3%A1cio%20do%20bar&query_place_id=ChIJDTq9V-KPpJIRCFEwJkeex_g,,
"R. dos Caripunas, 368 - Jurunas, Belém - PA, 66030-680, Brasil","R. Dos Caripunas, 368 - Jurunas, Belém - Pa, 66030-680, Brasil",Bar,,,,,,,,,Brazilian boteco,5.25e+18,Belém,BR,0x92a48e6bec87b673:0x48df5cbebac87b6e,,,,-1.4716665,-48.494613,,Jurunas,,,ChIJc7aH7GuOpJIRbnvIur5c30g,66030-680,$,3,,12,6.0,4.0,2.0,0.0,0.0,Pará,"R. dos Caripunas, 368","R. Dos Caripunas, 368",,Bar Do Cardoso,Bar Do Cardoso,4.0,https://www.google.com/maps/search/?api=1&query=Bar%20Do%20Cardoso&query_place_id=ChIJc7aH7GuOpJIRbnvIur5c30g,,
"Tv. Monte Alegre, 1512 - Jurunas, Belém - PA, 66023-040, Brasil","Tv. Monte Alegre, 1512 - Jurunas, Belém - Pa, 66023-040, Brasil",Bar,,,,,,,,,Brazilian boteco,1.83e+19,Belém,BR,0x92a48fc5ffbfb3b5:0xfd98bb5f560ab31a,,,,-1.470939,-48.4924925,,Jurunas,,,ChIJtbO__8WPpJIRGrMKVl-7mP0,66023-040,$,2,,49,36.0,8.0,0.0,3.0,2.0,Pará,"Tv. Monte Alegre, 1512","Tv. Monte Alegre, 1512",,BAR DO VAL,Bar Do Val,4.6,https://www.google.com/maps/search/?api=1&query=BAR%20DO%20VAL&query_place_id=ChIJtbO__8WPpJIRGrMKVl-7mP0,,
"R. Gaiapós, 49 - Condor, Belém - PA, 66033-151, Brasil","R. Gaiapós, 49 - Condor, Belém - Pa, 66033-151, Brasil",Bar,,,,,,,,,Brazilian boteco,8.68e+17,Belém,BR,0x92a48faba7daf223:0xc0d34e9d1f7e4c4,,,,-1.4757489,-48.4792527,,Condor,,,ChIJI_Lap6uPpJIRxOT30ek0DQw,,$,128,,0,,,,,,Pará,"R. Gaiapós, 49","R. Gaiapós, 49",,Bar do fuxico,Bar Do Fuxico,,https://www.google.com/maps/search/?api=1&query=Bar%20do%20fuxico&query_place_id=ChIJI_Lap6uPpJIRxOT30ek0DQw,,
"Passagem Cabo Leão, 36 - Condor, Belém - PA, 66033-220, Brasil","Passagem Cabo Leão, 36 - Condor, Belém - Pa, 66033-220, Brasil",Bar,,,,,,,,,Brazilian boteco,1.1e+19,Belém,BR,0x92a48f5545fb10ab:0x98daacdc73aef2eb,,,,-1.4756095,-48.4809076,,Condor,,,ChIJqxD7RVWPpJIR6_Kuc9ys2pg,66033-220,$,126,,0,,,,,,Pará,"Passagem Cabo Leão, 36","Passagem Cabo Leão, 36",,Bar do Loro,Bar Do Loro,,https://www.google.com/maps/search/?api=1&query=Bar%20do%20Loro&query_place_id=ChIJqxD7RVWPpJIR6_Kuc9ys2pg,,
"Av. Alcindo Cacela, 3787 - Condor, Belém - PA, 66050-030, Brasil","Av. Alcindo Cacela, 3787 - Condor, Belém - Pa, 66050-030, Brasil",Bar,,,,,,,,,Brazilian boteco,6.58e+18,Belém,BR,0x92a48df98663c271:0x5b4e2136a1f26bca,,,,-1.470837,-48.475971,,Condor,,,ChIJccJjhvmNpJIRymvyoTYhTls,66050-030,$,127,,0,,,,,,Pará,"Av. Alcindo Cacela, 3787","Av. Alcindo Cacela, 3787",,QUINTAL DA LARY,Quintal Da Lary,,https://www.google.com/maps/search/?api=1&query=QUINTAL%20DA%20LARY&query_place_id=ChIJccJjhvmNpJIRymvyoTYhTls,,
"Tv. Nove de Janeiro, 3030 - Fátima, Belém - PA, 66065-155, Brasil","Tv. Nove De Janeiro, 3030 - Fátima, Belém - Pa, 66065-155, Brasil",Bar,,,,,,,,,Brazilian boteco,4.21e+18,Belém,BR,0x92a48dd9c3b15a05:0x3a73f3ecb8d48242,,,,-1.4674086,-48.4750964,,Fátima,,,ChIJBVqxw9mNpJIRQoLUuOzzczo,66065-155,$,118,,1,1.0,0.0,0.0,0.0,0.0,Pará,"Tv. Nove de Janeiro, 3030","Tv. Nove De Janeiro, 3030",,Bar e Restaurante da Chunga,Bar E Restaurante Da Chunga,5.0,https://www.google.com/maps/search/?api=1&query=Bar%20e%20Restaurante%20da%20Chunga&query_place_id=ChIJBVqxw9mNpJIRQoLUuOzzczo,,
"Tv. dos Apinagés, 2018 - Condor, Belém - PA, 66045-110, Brasil","Tv. Dos Apinagés, 2018 - Condor, Belém - Pa, 66045-110, Brasil",Bar,,,,,,,,,Brazilian boteco,1.1e+19,Belém,BR,0x92a48ddf7ae0aa19:0x9937457c663bd647,,,,-1.4719091,-48.4782393,,Condor,,,ChIJGarget-NpJIRR9Y7ZnxFN5k,66045-110,$,113,,1,1.0,0.0,0.0,0.0,0.0,Pará,"Tv. dos Apinagés, 2018","Tv. Dos Apinagés, 2018",,Mendonças Bar,Mendonças Bar,5.0,https://www.google.com/maps/search/?api=1&query=Mendon%C3%A7as%20Bar&query_place_id=ChIJGarget-NpJIRR9Y7ZnxFN5k,,
"Condor, Belém - PA, 66920-560, Brasil","Condor, Belém - Pa, 66920-560, Brasil",Bar,,,,,,,,,Brazilian boteco,1.88e+18,Belém,BR,0x92a48de76bc3a01d:0x1a0dc99dbc7f20ca,,,,-1.4747272,-48.4722593,,Condor,,,ChIJHaDDa-eNpJIRyiB_vJ3JDRo,,$,102,,0,,,,,,Pará,,,,Bar do Caju,Bar Do Caju,,https://www.google.com/maps/search/?api=1&query=Bar%20do%20Caju&query_place_id=ChIJHaDDa-eNpJIRyiB_vJ3JDRo,,
"Tv. Padre Eutíquio, 3172 - Condor, Belém - PA, 66045-000, Brasil","Tv. Padre Eutíquio, 3172 - Condor, Belém - Pa, 66045-000, Brasil",Bar,,,,,,,,,Brazilian boteco,3.87e+18,Belém,BR,0x92a48e77a3be6f0f:0x35c581ab3f54b7b8,,,,-1.4695509,-48.4790764,,Condor,+55 91 3272-7306,559000000000.0,ChIJD2--o3eOpJIRuLdUP6uBxTU,66045-000,$,96,,554,412.0,97.0,7.0,37.0,1.0,Pará,"Tv. Padre Eutíquio, 3172","Tv. Padre Eutíquio, 3172",,Casa do Gilson,Casa Do Gilson,4.6,https://www.google.com/maps/search/?api=1&query=Casa%20do%20Gilson&query_place_id=ChIJD2--o3eOpJIRuLdUP6uBxTU,,
"Tv. Nove de Janeiro - Cremação, Belém - PA, 66065-205, Brasil","Tv. Nove De Janeiro - Cremação, Belém - Pa, 66065-205, Brasil",Bar,,,,,,,,,Brazilian boteco,9.36e+18,Belém,BR,0x92a48dd6e0c01a75:0x81ee987e2e1dfbaf,,,,-1.4647026,-48.474954,,Cremação,+55 91 98082-0140,5590000000000.0,ChIJdRrA4NaNpJIRr_sdLn6Y7oE,66065-205,$,87,,22,9.0,3.0,7.0,2.0,1.0,Pará,Tv. Nove de Janeiro,Tv. Nove De Janeiro,,Bar do Azulão,Bar Do Azulão,3.3,https://www.google.com/maps/search/?api=1&query=Bar%20do%20Azul%C3%A3o&query_place_id=ChIJdRrA4NaNpJIRr_sdLn6Y7oE,,
"Av. Generalíssimo Deodoro, 1543 - Cremação, Belém - PA, 66035-090, Brasil","Av. Generalíssimo Deodoro, 1543 - Cremação, Belém - Pa, 66035-090, Brasil",Bar,,,,,,,,,Brazilian boteco,9.9e+18,Belém,BR,0x92a48f57cb4712fb:0x8962d8dc61030a11,,,,-1.4639067,-48.4824505,,Cremação,+55 91 98283-0064,5590000000000.0,ChIJ-xJHy1ePpJIREQoDYdzYYok,66035-090,$,86,,2,1.0,0.0,0.0,1.0,0.0,Pará,"Av. Generalíssimo Deodoro, 1543","Av. Generalíssimo Deodoro, 1543",,BAR DO BIANO,Bar Do Biano,4.0,https://www.google.com/maps/search/?api=1&query=BAR%20DO%20BIANO&query_place_id=ChIJ-xJHy1ePpJIREQoDYdzYYok,https://www.lojalocal.com/amstel/00076391035253,
"Tv. Dr. Moraes, 1655a - Batista Campos, Belém - PA, 66045-640, Brasil","Tv. Dr. Moraes, 1655A - Batista Campos, Belém - Pa, 66045-640, Brasil",Bar,,,,,,,,,Brazilian boteco,1.21e+19,Belém,BR,0x92a48f9049c9f90f:0xa7a9b593913692a3,,,,-1.4662207,-48.4822378,,Batista Campos,,,ChIJD_nJSZCPpJIRo5I2kZO1qac,66045-640,$,74,,8,8.0,0.0,0.0,0.0,0.0,Pará,"Tv. Dr. Moraes, 1655a","Tv. Dr. Moraes, 1655A",,Alezinho Bar e Arte,Alezinho Bar E Arte,5.0,https://www.google.com/maps/search/?api=1&query=Alezinho%20Bar%20e%20Arte&query_place_id=ChIJD_nJSZCPpJIRo5I2kZO1qac,,
"Av. Alcindo Cacela, 3014 - Umarizal, Belém - PA, 66065-205, Brasil","Av. Alcindo Cacela, 3014 - Umarizal, Belém - Pa, 66065-205, Brasil",Bar,,,,,,,,,Brazilian boteco,2.79e+18,Belém,BR,0x92a48dd6664925f7:0x26ab7806518d576c,,,,-1.4638972,-48.4767566,,Umarizal,,,ChIJ9yVJZtaNpJIRbFeNUQZ4qyY,,$,65,,0,,,,,,Pará,"Av. Alcindo Cacela, 3014","Av. Alcindo Cacela, 3014",,Bar do Pascoal,Bar Do Pascoal,,https://www.google.com/maps/search/?api=1&query=Bar%20do%20Pascoal&query_place_id=ChIJ9yVJZtaNpJIRbFeNUQZ4qyY,,
"Tv. 14 de Março, 1687 - Cremação, Belém - PA, 66045-350, Brasil","Tv. 14 De Março, 1687 - Cremação, Belém - Pa, 66045-350, Brasil",Bar,,,,,,,,,Brazilian boteco,8.4e+18,Belém,BR,0x92a48dd879a0838d:0x748c2431ec013099,,,,-1.4683065,-48.4785029,,Cremação,,,ChIJjYOgediNpJIRmTAB7DEkjHQ,66045-350,$,9,,9,8.0,0.0,0.0,1.0,0.0,Pará,"Tv. 14 de Março, 1687","Tv. 14 De Março, 1687",,Bar Da Oscarina,Bar Da Oscarina,4.8,https://www.google.com/maps/search/?api=1&query=Bar%20Da%20Oscarina&query_place_id=ChIJjYOgediNpJIRmTAB7DEkjHQ,,
"Passagem Joana D'ark, 35 - Condor, Belém - PA, 66920-560, Brasil","Passagem Joana D'Ark, 35 - Condor, Belém - Pa, 66920-560, Brasil",Bar,,,,,,,,,Brazilian boteco,8.05e+18,Belém,BR,0x92a48dbf1d493169:0x6fb3ec2031a4fb68,,,,-1.4736315,-48.4717681,,Condor,,,ChIJaTFJHb-NpJIRaPukMSDss28,66920-560,$,99,,0,,,,,,Pará,"Passagem Joana D'ark, 35","Passagem Joana D'Ark, 35",,Uma rua,Uma Rua,,https://www.google.com/maps/search/?api=1&query=Uma%20rua&query_place_id=ChIJaTFJHb-NpJIRaPukMSDss28,,
"R. Silva Rosado, 263 - São Brás, Belém - PA, 66070-510, Brasil","R. Silva Rosado, 263 - São Brás, Belém - Pa, 66070-510, Brasil",Bar,,,,,,,,,Brazilian boteco,1.61e+19,Belém,BR,0x92a48c3752b09301:0xdee78f35b5966bc5,,,,-1.4521624,-48.4637143,,São Brás,,,ChIJAZOwUjeMpJIRxWuWtTWP594,66070-510,$,118,,0,,,,,,Pará,"R. Silva Rosado, 263","R. Silva Rosado, 263",,Bar Do Valdery,Bar Do Valdery,,https://www.google.com/maps/search/?api=1&query=Bar%20Do%20Valdery&query_place_id=ChIJAZOwUjeMpJIRxWuWtTWP594,,
"Passagem Augusta - Curió-Utinga, Belém - PA, 66610-260, Brasil","Passagem Augusta - Curió-Utinga, Belém - Pa, 66610-260, Brasil",Bar,,,,,,,,,Brazilian boteco,6.82e+17,Belém,BR,0x92a48d59d1bf8433:0x977a8847c5e9ab6,,,,-1.429995,-48.4458197,,Curió-Utinga,,,ChIJM4S_0VmNpJIRtppefISodwk,66610-260,$,116,,0,,,,,,Pará,Passagem Augusta,Passagem Augusta,,Bar do Barbosa,Bar Do Barbosa,,https://www.google.com/maps/search/?api=1&query=Bar%20do%20Barbosa&query_place_id=ChIJM4S_0VmNpJIRtppefISodwk,,
"Av. Alm. Barroso - São Brás, Belém - PA, 66093-020, Brasil","Av. Alm. Barroso - São Brás, Belém - Pa, 66093-020, Brasil",Bar,,,,,,,,,Brazilian boteco,6.6e+18,Belém,BR,0x92a48c3c7db8c10d:0x5ba270d5a8e17ec1,,,,-1.4479404,-48.466131,,São Brás,,,ChIJDcG4fTyMpJIRwX7hqNVwols,66093-020,$,114,,0,,,,,,Pará,Av. Alm. Barroso,Av. Alm. Barroso,,Bar Sia,Bar Sia,,https://www.google.com/maps/search/?api=1&query=Bar%20Sia&query_place_id=ChIJDcG4fTyMpJIRwX7hqNVwols,,
"Tv. Curuzú, 875 - Pedreira, Belém - PA, 66085-431, Brasil","Tv. Curuzú, 875 - Pedreira, Belém - Pa, 66085-431, Brasil",Bar,,,,,,,,,Brazilian boteco,8.53e+18,Belém,BR,0x92a48d5c09938a51:0x76619a577435c7b7,,,,-1.438275,-48.4725483,,Pedreira,,,ChIJUYqTCVyNpJIRt8c1dFeaYXY,66085-431,$,112,,0,,,,,,Pará,"Tv. Curuzú, 875","Tv. Curuzú, 875",,Aquários bar,Aquários Bar,,https://www.google.com/maps/search/?api=1&query=Aqu%C3%A1rios%20bar&query_place_id=ChIJUYqTCVyNpJIRt8c1dFeaYXY,,
"Passagem São Sebastião, 166 - Marco, Belém - PA, 66095-590, Brasil","Passagem São Sebastião, 166 - Marco, Belém - Pa, 66095-590, Brasil",Bar,,,,,,,,,Brazilian boteco,1.44e+19,Belém,BR,0x92a48d2714afde99:0xc7e9061268a234c0,,,,-1.4417318,-48.4558971,,Marco,+55 91 98994-7199,5590000000000.0,ChIJmd6vFCeNpJIRwDSiaBIG6cc,66095-590,$,107,,0,,,,,,Pará,"Passagem São Sebastião, 166","Passagem São Sebastião, 166",,BAR DA SONIA/CONVENIÊNCIA HORA EXTRA/ ALUGUEL DE MESAS,Bar Da Sonia/Conveniência Hora Extra/ Aluguel De Mesas,,https://www.google.com/maps/search/?api=1&query=BAR%20DA%20SONIA%2FCONVENI%C3%8ANCIA%20HORA%20EXTRA%2F%20ALUGUEL%20DE%20MESAS&query_place_id=ChIJmd6vFCeNpJIRwDSiaBIG6cc,,
"Marco, Belém - PA, 66080-472, Brasil","Marco, Belém - Pa, 66080-472, Brasil",Bar,,,,,,,,,Brazilian boteco,1.63e+19,Belém,BR,0x92a48c6be90a606f:0xe20f9c86e74fa380,,,,-1.441394,-48.4545912,,Marco,,,ChIJb2AK6WuMpJIRgKNP54acD-I,,$,97,,0,,,,,,Pará,,,,Bar Da Jack,Bar Da Jack,,https://www.google.com/maps/search/?api=1&query=Bar%20Da%20Jack&query_place_id=ChIJb2AK6WuMpJIRgKNP54acD-I,,
"Pedreira, Belém - PA, 66085-435, Brasil","Pedreira, Belém - Pa, 66085-435, Brasil",Bar,,,,,,,,,Brazilian boteco,1.79e+19,Belém,BR,0x92a48c07f1742157:0xf8258bf315813ad3,,,,-1.4303428,-48.4696083,,Pedreira,,,ChIJVyF08QeMpJIR0zqBFfOLJfg,,$,93,,0,,,,,,Pará,,,,SILVIO'S BAR,Silvio'S Bar,,https://www.google.com/maps/search/?api=1&query=SILVIO'S%20BAR&query_place_id=ChIJVyF08QeMpJIR0zqBFfOLJfg,,
"Viela Base, 2 - Fátima, Belém - PA, 66060-360, Brasil","Viela Base, 2 - Fátima, Belém - Pa, 66060-360, Brasil",Bar,,,,,,,,,Brazilian boteco,7.84e+18,Belém,BR,0x92a48d22c7eb82e5:0x6cc9919b0d72c10f,,,,-1.4450883,-48.4715383,,Fátima,,,ChIJ5YLrxyKNpJIRD8FyDZuRyWw,66060-360,$,86,,2,2.0,0.0,0.0,0.0,0.0,Pará,"Viela Base, 2","Viela Base, 2",,Bar do Jessé,Bar Do Jessé,5.0,https://www.google.com/maps/search/?api=1&query=Bar%20do%20Jess%C3%A9&query_place_id=ChIJ5YLrxyKNpJIRD8FyDZuRyWw,,
"Condor, Belém - PA, 66065-165, Brasil","Condor, Belém - Pa, 66065-165, Brasil",Bar,,,,,,,,,Brazilian boteco,1.02e+19,Belém,BR,0x92a48ddde255926b:0x8de307e6f99f9ef6,,,,-1.4734601,-48.4735858,,Condor,,,ChIJa5JV4t2NpJIR9p6f-eYH440,,$,66,,0,,,,,,Pará,,,,Mercearia e Bar N. Sra Nazaré,Mercearia E Bar N. Sra Nazaré,,https://www.google.com/maps/search/?api=1&query=Mercearia%20e%20Bar%20N.%20Sra%20Nazar%C3%A9&query_place_id=ChIJa5JV4t2NpJIR9p6f-eYH440,,
"Av. Cipriano Santos, 1097 - São Brás, Belém - PA, 66070-000, Brasil","Av. Cipriano Santos, 1097 - São Brás, Belém - Pa, 66070-000, Brasil",Bar,,,,,,,,,Brazilian boteco,1.2e+19,Belém,BR,0x92a48dcda9f5d179:0xa674181529a68afb,,,,-1.4484732,-48.455148,,São Brás,,,ChIJedH1qc2NpJIR-4qmKRUYdKY,66070-000,$,79,,0,,,,,,Pará,"Av. Cipriano Santos, 1097","Av. Cipriano Santos, 1097",,Bar & Restaurante Da Nêga,Bar & Restaurante Da Nêga,,https://www.google.com/maps/search/?api=1&query=Bar%20%26%20Restaurante%20Da%20N%C3%AAga&query_place_id=ChIJedH1qc2NpJIR-4qmKRUYdKY,,
"Marco, Belém - PA, 66087-345, Brasil","Marco, Belém - Pa, 66087-345, Brasil",Bar,,,,,,,,,Brazilian boteco,8.59e+18,Belém,BR,0x92a48c11c524642d:0x77447ed35c42e697,,,,-1.437734,-48.4654794,,Marco,,,ChIJLWQkxRGMpJIRl-ZCXNN-RHc,,$,78,,0,,,,,,Pará,,,,Do Fabico Bar & Restaurante,Do Fabico Bar & Restaurante,,https://www.google.com/maps/search/?api=1&query=Do%20Fabico%20Bar%20%26%20Restaurante&query_place_id=ChIJLWQkxRGMpJIRl-ZCXNN-RHc,,
"Marco, Belém - PA, 66090-520, Brasil","Marco, Belém - Pa, 66090-520, Brasil",Bar,,,,,,,,,Brazilian boteco,9.52e+18,Belém,BR,0x92a48c3c7adc2349:0x842c4588901b47b9,,,,-1.4478115,-48.4657424,,Marco,,,ChIJSSPcejyMpJIRuUcbkIhFLIQ,,$,76,,0,,,,,,Pará,,,,BELLAGIO BAR,Bellagio Bar,,https://www.google.com/maps/search/?api=1&query=BELLAGIO%20BAR&query_place_id=ChIJSSPcejyMpJIRuUcbkIhFLIQ,,
"Av. Ceará, 642 - Canudos, Belém - PA, 66070-180, Brasil","Av. Ceará, 642 - Canudos, Belém - Pa, 66070-180, Brasil",Bar,Restaurante,,,,,,,,Brazilian boteco,1.01e+19,Belém,BR,0x92a48c3f486e955d:0x8ba40a60528e2416,,,,-1.4477141,-48.4598996,,Canudos,+55 91 3274-5951,559000000000.0,ChIJXZVuSD-MpJIRFiSOUmAKpIs,66070-180,$,66,,34,20.0,5.0,1.0,7.0,1.0,Pará,"Av. Ceará, 642","Av. Ceará, 642",,Bar Luti Drinks,Bar Luti Drinks,4.2,https://www.google.com/maps/search/?api=1&query=Bar%20Luti%20Drinks&query_place_id=ChIJXZVuSD-MpJIRFiSOUmAKpIs,,
"Passagem Valdir Acatauassú Nunes, 50 - Marco, Belém - PA, 66095-020, Brasil","Passagem Valdir Acatauassú Nunes, 50 - Marco, Belém - Pa, 66095-020, Brasil",Bar,,,,,,,,,Brazilian boteco,1.79e+19,Belém,BR,0x92a48d00739e4389:0xf8ea9167e9fd6889,,,,-1.4434325,-48.452866,,Marco,+55 91 98711-8285,5590000000000.0,ChIJiUOecwCNpJIRiWj96WeR6vg,66095-020,$,64,,0,,,,,,Pará,"Passagem Valdir Acatauassú Nunes, 50","Passagem Valdir Acatauassú Nunes, 50",,Claudinho Filho Bar,Claudinho Filho Bar,,https://www.google.com/maps/search/?api=1&query=Claudinho%20Filho%20Bar&query_place_id=ChIJiUOecwCNpJIRiWj96WeR6vg,,
"Tv. Vileta, 1684 - Pedreira, Belém - PA, 66087-424, Brasil","Tv. Vileta, 1684 - Pedreira, Belém - Pa, 66087-424, Brasil",Bar,,,,,,,,,Brazilian boteco,2.42e+18,Belém,BR,0x92a48c057fab7fa1:0x2199a586f17b3e91,,,,-1.4356691,-48.4689538,,Pedreira,+55 91 3226-9332,559000000000.0,ChIJoX-rfwWMpJIRkT578YalmSE,66087-424,$,37,,16,11.0,1.0,0.0,2.0,2.0,Pará,"Tv. Vileta, 1684","Tv. Vileta, 1684",,Bar do Zecão,Bar Do Zecão,4.3,https://www.google.com/maps/search/?api=1&query=Bar%20do%20Zec%C3%A3o&query_place_id=ChIJoX-rfwWMpJIRkT578YalmSE,,
"Tv. Guerra Passos - Canudos, Belém - PA, 66070-535, Brasil","Tv. Guerra Passos - Canudos, Belém - Pa, 66070-535, Brasil",Bar e Grill,,,,,,,,,Bar & grill,5.19e+18,Belém,BR,0x92a48c39dd63cedd:0x48026875e4b68341,,,,-1.4513718,-48.4625514,,Canudos,+55 91 98118-0742,5590000000000.0,ChIJ3c5j3TmMpJIRQYO25HVoAkg,,$$,16,,26,14.0,3.0,1.0,7.0,1.0,Pará,Tv. Guerra Passos,Tv. Guerra Passos,,SporTV Bar e Restaurante,Sportv Bar E Restaurante,4.1,https://www.google.com/maps/search/?api=1&query=SporTV%20Bar%20e%20Restaurante&query_place_id=ChIJ3c5j3TmMpJIRQYO25HVoAkg,,
"Tv. Barão do Triunfo, 3883 - Marco, Belém - PA, 66095-055, Brasil","Tv. Barão Do Triunfo, 3883 - Marco, Belém - Pa, 66095-055, Brasil",Bar,,,,,,,,,Brazilian boteco,8.87e+18,Belém,BR,0x92a48d0bdac8ea6f:0x7b260ecc904876c8,,,,-1.4379725,-48.4542302,,Marco,+55 91 98591-9142,5590000000000.0,ChIJb-rI2guNpJIRyHZIkMwOJns,66095-055,$,13,,9,6.0,3.0,0.0,0.0,0.0,Pará,"Tv. Barão do Triunfo, 3883","Tv. Barão Do Triunfo, 3883",,Bar Segundas Intenções,Bar Segundas Intenções,4.7,https://www.google.com/maps/search/?api=1&query=Bar%20Segundas%20Inten%C3%A7%C3%B5es&query_place_id=ChIJb-rI2guNpJIRyHZIkMwOJns,,
"Passagem Getúlio Vargas, 88 - Marco, Belém - PA, 66095-690, Brasil","Passagem Getúlio Vargas, 88 - Marco, Belém - Pa, 66095-690, Brasil",Bar,,,,,,,,,Brazilian boteco,1.66e+18,Belém,BR,0x92a48c767e8383bd:0x16f949de92504280,,,,-1.4313522,-48.4534475,,Marco,,,ChIJvYODfnaMpJIRgEJQkt5J-RY,66095-690,$,5,,53,34.0,16.0,1.0,2.0,0.0,Pará,"Passagem Getúlio Vargas, 88","Passagem Getúlio Vargas, 88",,Bar do João,Bar Do João,4.5,https://www.google.com/maps/search/?api=1&query=Bar%20do%20Jo%C3%A3o&query_place_id=ChIJvYODfnaMpJIRgEJQkt5J-RY,,
"Av. Sen. Lemos &, Passagem Dom João - Telégrafo, Belém - PA, 66113-430, Brasil","Av. Sen. Lemos &, Passagem Dom João - Telégrafo, Belém - Pa, 66113-430, Brasil",Bar,,,,,,,,,Brazilian boteco,1.14e+19,Belém,BR,0x92a48914c44cd11f:0x9e3f0402d1f263e8,,,,-1.4248453,-48.4840549,,Telégrafo,,,ChIJH9FMxBSJpJIR6GPy0QIEP54,66113-430,$,81,,0,,,,,,PA,"Av. Sen. Lemos &, Passagem Dom João","Av. Sen. Lemos &, Passagem Dom João",,Caverna do fera,Caverna Do Fera,,https://www.google.com/maps/search/?api=1&query=Caverna%20do%20fera&query_place_id=ChIJH9FMxBSJpJIR6GPy0QIEP54,,
"Passagem Boca do Acre - Telégrafo, Belém - PA, 66115-091, Brasil","Passagem Boca Do Acre - Telégrafo, Belém - Pa, 66115-091, Brasil",Bar,,,,,,,,,Brazilian boteco,6.58e+18,Belém,BR,0x92a489058b79488f:0x5b522563cb549c36,,,,-1.4249548,-48.4883786,,Telégrafo,+55 91 98550-7538,5590000000000.0,ChIJj0h5iwWJpJIRNpxUy2MlUls,66115-091,$,79,,0,,,,,,Pará,Passagem Boca do Acre,Passagem Boca Do Acre,,CIA DA BEBIDA BELÉM,Cia Da Bebida Belém,,https://www.google.com/maps/search/?api=1&query=CIA%20DA%20BEBIDA%20BEL%C3%89M&query_place_id=ChIJj0h5iwWJpJIRNpxUy2MlUls,,
"Passagem das Flôres, 169 - Telégrafo, Belém - PA, 66113-420, Brasil","Passagem Das Flôres, 169 - Telégrafo, Belém - Pa, 66113-420, Brasil",Bar,,,,,,,,,Brazilian boteco,8.37e+18,Belém,BR,0x92a489d078ddbb95:0x742af5ba88e93b30,,,,-1.4237327,-48.4879706,,Telégrafo,,,ChIJlbvdeNCJpJIRMDvpiLr1KnQ,66113-420,$,78,,1,1.0,0.0,0.0,0.0,0.0,Pará,"Passagem das Flôres, 169","Passagem Das Flôres, 169",,Conveniência 3 irmãos,Conveniência 3 Irmãos,5.0,https://www.google.com/maps/search/?api=1&query=Conveni%C3%AAncia%203%20irm%C3%A3os&query_place_id=ChIJlbvdeNCJpJIRMDvpiLr1KnQ,,
"R. Vinte e Nove - Maracangalha, Belém - PA, 66110-023, Brasil","R. Vinte E Nove - Maracangalha, Belém - Pa, 66110-023, Brasil",Bar,,,,,,,,,Brazilian boteco,1.24e+19,Belém,BR,0x92a489dac01c42c9:0xac3e84c39cec03be,,,,-1.3996597,-48.4851005,,Maracangalha,,,ChIJyUIcwNqJpJIRvgPsnMOEPqw,66110-023,$,77,,0,,,,,,Pará,R. Vinte e Nove,R. Vinte E Nove,,Lc conveniência 2,Lc Conveniência 2,,https://www.google.com/maps/search/?api=1&query=Lc%20conveni%C3%AAncia%202&query_place_id=ChIJyUIcwNqJpJIRvgPsnMOEPqw,,
"Passagem Náutica, 11 - Telégrafo, Belém - PA, 66115-070, Brasil","Passagem Náutica, 11 - Telégrafo, Belém - Pa, 66115-070, Brasil",Bar,,,,,,,,,Brazilian boteco,1.02e+19,Belém,BR,0x92a4895acd7053eb:0x8d28d5d4a22e8465,,,,-1.4217743,-48.4886279,,Telégrafo,,,ChIJ61NwzVqJpJIRZYQuotTVKI0,66115-070,$,74,,0,,,,,,Pará,"Passagem Náutica, 11","Passagem Náutica, 11",,Emporio Amorim Pub & Conveniência,Emporio Amorim Pub & Conveniência,,https://www.google.com/maps/search/?api=1&query=Emporio%20Amorim%20Pub%20%26%20Conveni%C3%AAncia&query_place_id=ChIJ61NwzVqJpJIRZYQuotTVKI0,,
"Passagem das Flôres, N°371 - Telégrafo, Belém - PA, 66113-420, Brasil","Passagem Das Flôres, N°371 - Telégrafo, Belém - Pa, 66113-420, Brasil",Bar,,,,,,,,,Brazilian boteco,1.47e+19,Belém,BR,0x92a489b2f1021a73:0xcc467e3242519270,,,,-1.4241606,-48.4861735,,Telégrafo,+55 91 99623-7564,5590000000000.0,ChIJcxoC8bKJpJIRcJJRQjJ-Rsw,66113-420,$,65,,0,,,,,,Pará,"Passagem das Flôres, N°371","Passagem Das Flôres, N°371",,Quintal 371,Quintal 371,,https://www.google.com/maps/search/?api=1&query=Quintal%20371&query_place_id=ChIJcxoC8bKJpJIRcJJRQjJ-Rsw,,
"Tv. Barão do Triunfo, 4 - Sacramenta, Belém - PA, 66120-220, Brasil","Tv. Barão Do Triunfo, 4 - Sacramenta, Belém - Pa, 66120-220, Brasil",Bar,,,,,,,,,Brazilian boteco,3.01e+18,Belém,BR,0x92a48911480a6e8f:0x29d1185877ff4e7b,,,,-1.4182705,-48.4842165,,Sacramenta,+55 91 98194-2138,5590000000000.0,ChIJj24KSBGJpJIRe07_d1gY0Sk,66120-220,$,60,,1,0.0,1.0,0.0,0.0,0.0,Pará,"Tv. Barão do Triunfo, 4","Tv. Barão Do Triunfo, 4",,Cervejaria do Benezão,Cervejaria Do Benezão,4.0,https://www.google.com/maps/search/?api=1&query=Cervejaria%20do%20Benez%C3%A3o&query_place_id=ChIJj24KSBGJpJIRe07_d1gY0Sk,,
"Passagem Cametá, 35 - Telégrafo, Belém - PA, 66113-140, Brasil","Passagem Cametá, 35 - Telégrafo, Belém - Pa, 66113-140, Brasil",Bar,,,,,,,,,Brazilian boteco,1.42e+19,Belém,BR,0x92a4898e335117d5:0xc5094b3984b3d0de,,,,-1.4264172,-48.4912914,,Telégrafo,,,ChIJ1RdRM46JpJIR3tCzhDlLCcU,66113-140,$,57,,4,3.0,0.0,0.0,1.0,0.0,Pará,"Passagem Cametá, 35","Passagem Cametá, 35",,Ninho Das Cobra - Bote Sound,Ninho Das Cobra - Bote Sound,4.5,https://www.google.com/maps/search/?api=1&query=Ninho%20Das%20Cobra%20-%20Bote%20Sound&query_place_id=ChIJ1RdRM46JpJIR3tCzhDlLCcU,,
"Av. Leste, 400 - Maracangalha, Belém - PA, 66110-045, Brasil","Av. Leste, 400 - Maracangalha, Belém - Pa, 66110-045, Brasil",Bar,,,,,,,,,Brazilian boteco,1.72e+19,Belém,BR,0x92a489bc77b42349:0xef130329d9c0fcbd,,,,-1.3997339,-48.4902416,,Maracangalha,,,ChIJSSO0d7yJpJIRvfzA2SkDE-8,66110-045,$,54,,0,,,,,,Pará,"Av. Leste, 400","Av. Leste, 400",,Borracharia do borracha,Borracharia Do Borracha,,https://www.google.com/maps/search/?api=1&query=Borracharia%20do%20borracha&query_place_id=ChIJSSO0d7yJpJIRvfzA2SkDE-8,,
"Passagem Cabral - Sacramenta, Belém - PA, 66120-070, Brasil","Passagem Cabral - Sacramenta, Belém - Pa, 66120-070, Brasil",Bar,,,,,,,,,Brazilian boteco,6.78e+18,Belém,BR,0x92a48990fb767bc1:0x5e1196245a3d6d5e,,,,-1.4173531,-48.484498,,Sacramenta,+55 91 98436-7181,5590000000000.0,ChIJwXt2-5CJpJIRXm09WiSWEV4,66120-070,$,51,,0,,,,,,Pará,Passagem Cabral,Passagem Cabral,,Conveniência pressão,Conveniência Pressão,,https://www.google.com/maps/search/?api=1&query=Conveni%C3%AAncia%20press%C3%A3o&query_place_id=ChIJwXt2-5CJpJIRXm09WiSWEV4,,
"Av. Arthur Bernardes, 1516 - Telégrafo Sem Fio, Belém - PA, 66117-005, Brasil","Av. Arthur Bernardes, 1516 - Telégrafo Sem Fio, Belém - Pa, 66117-005, Brasil",Bar,,,,,,,,,Brazilian boteco,1.71e+19,Belém,BR,0x92a489f35491b2f9:0xed7dadd0bee7ea76,,,,-1.4127565,-48.4931775,,Telégrafo,+55 91 3233-7387,559000000000.0,ChIJ-bKRVPOJpJIRdurnvtCtfe0,66117-005,$,43,,29,21.0,3.0,1.0,3.0,1.0,Pará,"Av. Arthur Bernardes, 1516","Av. Arthur Bernardes, 1516",,Casa de show Porto São José,Casa De Show Porto São José,4.4,https://www.google.com/maps/search/?api=1&query=Casa%20de%20show%20Porto%20S%C3%A3o%20Jos%C3%A9&query_place_id=ChIJ-bKRVPOJpJIRdurnvtCtfe0,,
"Passagem São João, 199 - Telégrafo, Belém - PA, 66113-460, Brasil","Passagem São João, 199 - Telégrafo, Belém - Pa, 66113-460, Brasil",Bar,,,,,,,,,Brazilian boteco,4.46e+18,Belém,BR,0x92a4898a344939b5:0x3de4561fbddf4e8e,,,,-1.4204579,-48.4874425,,Telégrafo,+55 91 98903-3777,5590000000000.0,ChIJtTlJNIqJpJIRjk7fvR9W5D0,66113-460,$,42,,0,,,,,,Pará,"Passagem São João, 199","Passagem São João, 199",,Casa ferreiras,Casa Ferreiras,,https://www.google.com/maps/search/?api=1&query=Casa%20ferreiras&query_place_id=ChIJtTlJNIqJpJIRjk7fvR9W5D0,,
"Passagem Assunção, 58 - Telégrafo, Belém - PA, 66113-350, Brasil","Passagem Assunção, 58 - Telégrafo, Belém - Pa, 66113-350, Brasil",Bar,,,,,,,,,Brazilian boteco,6.87e+18,Belém,BR,0x92a48917fda3e8cb:0x5f614517d7ffe0b8,,,,-1.4225488,-48.4849266,,Telégrafo,+55 91 98986-3125,5590000000000.0,ChIJy-ij_ReJpJIRuOD_1xdFYV8,66113-350,$,38,,2,2.0,0.0,0.0,0.0,0.0,Pará,"Passagem Assunção, 58","Passagem Assunção, 58",,Búuu Conveniência,Búuu Conveniência,5.0,https://www.google.com/maps/search/?api=1&query=B%C3%BAuu%20Conveni%C3%AAncia&query_place_id=ChIJy-ij_ReJpJIRuOD_1xdFYV8,,
"Av. Sen. Lemos, 2150 - Telégrafo, Belém - PA, 66113-000, Brasil","Av. Sen. Lemos, 2150 - Telégrafo, Belém - Pa, 66113-000, Brasil",Bar,,,,,,,,,Brazilian boteco,1.22e+19,Belém,BR,0x92a48950d5031a49:0xa8ccd67bd4e36a4f,,,,-1.4247346,-48.4838496,,Telégrafo,+55 91 98335-2393,5590000000000.0,ChIJSRoD1VCJpJIRT2rj1HvWzKg,66113-000,$,40,,4,2.0,0.0,0.0,0.0,2.0,Pará,"Av. Sen. Lemos, 2150","Av. Sen. Lemos, 2150",,Casa Renascer,Casa Renascer,3.5,https://www.google.com/maps/search/?api=1&query=Casa%20Renascer&query_place_id=ChIJSRoD1VCJpJIRT2rj1HvWzKg,,
"R. Trinta A, 62 - Maracangalha, Belém - PA, 66110-078, Brasil","R. Trinta A, 62 - Maracangalha, Belém - Pa, 66110-078, Brasil",Bar,,,,,,,,,Brazilian boteco,1.59e+19,Belém,BR,0x92a4896b1f4f62f7:0xdc8dec8c09aae316,,,,-1.3992548,-48.4854496,,Maracangalha,+55 91 99193-3159,5590000000000.0,ChIJ92JPH2uJpJIRFuOqCYzsjdw,66110-078,$,34,,15,13.0,2.0,0.0,0.0,0.0,Pará,"R. Trinta A, 62","R. Trinta A, 62",,DEPOSITO PROMORAr,Deposito Promorar,4.9,https://www.google.com/maps/search/?api=1&query=DEPOSITO%20PROMORAr&query_place_id=ChIJ92JPH2uJpJIRFuOqCYzsjdw,,
"Passagem Boca do Acre, 481 - Telégrafo, Belém - PA, 66115-091, Brasil","Passagem Boca Do Acre, 481 - Telégrafo, Belém - Pa, 66115-091, Brasil",Bar,,,,,,,,,Brazilian boteco,1.04e+19,Belém,BR,0x92a48967f94e04b7:0x90dd4ddfe5d9f505,,,,-1.4222029,-48.487395,,Telégrafo,+55 91 98069-5349,5590000000000.0,ChIJtwRO-WeJpJIRBfXZ5d9N3ZA,66115-091,$,28,,6,5.0,1.0,0.0,0.0,0.0,Pará,"Passagem Boca do Acre, 481","Passagem Boca Do Acre, 481",,MR bebidas,Mr Bebidas,4.8,https://www.google.com/maps/search/?api=1&query=MR%20bebidas&query_place_id=ChIJtwRO-WeJpJIRBfXZ5d9N3ZA,,
"R. Curuçá, 1065 - Telégrafo, Belém - PA, 66113-250, Brasil","R. Curuçá, 1065 - Telégrafo, Belém - Pa, 66113-250, Brasil",Bar,,,,,,,,,Brazilian boteco,1.53e+19,Belém,BR,0x92a48954a3c1ed9b:0xd3d681a3ff923cfc,,,,-1.4295669,-48.4833503,,Telégrafo,,,ChIJm-3Bo1SJpJIR_DyS_6OB1tM,66113-250,$,19,,5,3.0,0.0,1.0,1.0,0.0,Pará,"R. Curuçá, 1065","R. Curuçá, 1065",,CANTO Bar e Petiscaria,Canto Bar E Petiscaria,3.8,https://www.google.com/maps/search/?api=1&query=CANTO%20Bar%20e%20Petiscaria&query_place_id=ChIJm-3Bo1SJpJIR_DyS_6OB1tM,,
"Tv. Cel. Luíz Bentes, 98 - Telégrafo, Belém - PA, 66113-235, Brasil","Tv. Cel. Luíz Bentes, 98 - Telégrafo, Belém - Pa, 66113-235, Brasil",Bar,,,,,,,,,Brazilian boteco,1.84e+19,Belém,BR,0x92a489ca50b16da9:0xffab4ee5be4272fe,,,,-1.4278366,-48.4899172,,Telégrafo,,,ChIJqW2xUMqJpJIR_nJCvuVOq_8,66113-235,$,12,,2,1.0,0.0,0.0,1.0,0.0,Pará,"Tv. Cel. Luíz Bentes, 98","Tv. Cel. Luíz Bentes, 98",,Mercantil e Bar Resenha,Mercantil E Bar Resenha,4.0,https://www.google.com/maps/search/?api=1&query=Mercantil%20e%20Bar%20Resenha&query_place_id=ChIJqW2xUMqJpJIR_nJCvuVOq_8,,
"Passagem Praiana &, R. Prof. Nelson Ribeiro, 1 - Telégrafo, Belém - PA, 66113-150, Brasil","Passagem Praiana &, R. Prof. Nelson Ribeiro, 1 - Telégrafo, Belém - Pa, 66113-150, Brasil",Bar,,,,,,,,,Brazilian boteco,4.27e+18,Belém,BR,0x92a489b56ff5f807:0x3b506b789139c6e8,,,,-1.4284668,-48.4907488,,Telégrafo,+55 91 98108-7792,5590000000000.0,ChIJB_j1b7WJpJIR6MY5kXhrUDs,66113-150,$,5,,0,,,,,,PA,"Passagem Praiana &, R. Prof. Nelson Ribeiro, 1","Passagem Praiana &, R. Prof. Nelson Ribeiro, 1",,Bellas Bar,Bellas Bar,,https://www.google.com/maps/search/?api=1&query=Bellas%20Bar&query_place_id=ChIJB_j1b7WJpJIR6MY5kXhrUDs,https://www.lojalocal.com/18957909000106,
"entre ajax e benfica - Tv. São Pedro, 235 - Benguí, Belém - PA, 66630-130, Brasil","Entre Ajax E Benfica - Tv. São Pedro, 235 - Benguí, Belém - Pa, 66630-130, Brasil",Bar,,,,,,,,,pub,5.49e+17,Belém,BR,0x92a48b26c882899b:0x79ce10e4673e752,,,,-1.375629,-48.4551094,,Benguí,+55 91 98459-3914,5590000000000.0,ChIJm4mCyCaLpJIRUudzRg7hnAc,66630-130,$$,22,,1,1.0,0.0,0.0,0.0,0.0,Pará,"entre ajax e benfica - Tv. São Pedro, 235","Entre Ajax E Benfica - Tv. São Pedro, 235",,Prime PUB,Prime Pub,5.0,https://www.google.com/maps/search/?api=1&query=Prime%20PUB&query_place_id=ChIJm4mCyCaLpJIRUudzRg7hnAc,,
"Passagem Teixeira, n.02 - Benguí, Belém - PA, 66630-340, Brasil","Passagem Teixeira, N.02 - Benguí, Belém - Pa, 66630-340, Brasil",Bar,,,,,,,,,Brazilian boteco,1.32e+19,Belém,BR,0x92a48b740e6356c1:0xb76cd2a66a6d2574,,,,-1.3740953,-48.4533342,,Benguí,+55 91 98239-6802,5590000000000.0,ChIJwVZjDnSLpJIRdCVtaqbSbLc,66630-340,$,38,,2,1.0,1.0,0.0,0.0,0.0,Pará,"Passagem Teixeira, n.02","Passagem Teixeira, N.02",,Comercial sandra Bar,Comercial Sandra Bar,4.5,https://www.google.com/maps/search/?api=1&query=Comercial%20sandra%20Bar&query_place_id=ChIJwVZjDnSLpJIRdCVtaqbSbLc,,
"Rua são Miguel entre Honório e, Tv. Carlos de Carvalho, número 21 - Jurunas, Belém - PA, Brasil","Rua São Miguel Entre Honório E, Tv. Carlos De Carvalho, Número 21 - Jurunas, Belém - Pa, Brasil",Bar,,,,,,,,,Brazilian boteco,6.8e+18,Belém,BR,0x92a48fd52e6e1009:0x5e6237991afe9a05,,,,-1.4595003,-48.4996659,,Jurunas,,,ChIJCRBuLtWPpJIRBZr-Gpk3Yl4,,$,74,,0,,,,,,PA,"Rua são Miguel entre Honório e, Tv. Carlos de Carvalho, número 21","Rua São Miguel Entre Honório E, Tv. Carlos De Carvalho, Número 21",,Bar O Manelito,Bar O Manelito,,https://www.google.com/maps/search/?api=1&query=Bar%20O%20Manelito&query_place_id=ChIJCRBuLtWPpJIRBZr-Gpk3Yl4,,
"Tv. Rui Barbosa, 375 - Reduto, Belém - PA, 66053-260, Brasil","Tv. Rui Barbosa, 375 - Reduto, Belém - Pa, 66053-260, Brasil",Bar,,,,,,,,,Brazilian boteco,8.28e+18,Belém,BR,0x92a48e96423e023b:0x72f04c3de59fa907,,,,-1.4463445,-48.492393,,Reduto,,,ChIJOwI-QpaOpJIRB6mf5T1M8HI,66053-260,$,73,,0,,,,,,Pará,"Tv. Rui Barbosa, 375","Tv. Rui Barbosa, 375",,Jump Lounge E Bar,Jump Lounge E Bar,,https://www.google.com/maps/search/?api=1&query=Jump%20Lounge%20E%20Bar&query_place_id=ChIJOwI-QpaOpJIRB6mf5T1M8HI,,
"Próximo à Av. Conselheiro Furtado, Passagem do Horto, S/N - Batista Campos, Belém - PA, 66035-350, Brasil","Próximo À Av. Conselheiro Furtado, Passagem Do Horto, S/N - Batista Campos, Belém - Pa, 66035-350, Brasil",Bar,,,,,,,,,Brazilian boteco,8.71e+18,Belém,BR,0x92a48e864eb7a9ab:0x78d774980804dd1f,,,,-1.4575797,-48.4871175,,Batista Campos,,,ChIJq6m3ToaOpJIRH90ECJh013g,66035-350,$,57,,9,6.0,1.0,0.0,2.0,0.0,PA,"Próximo à Av. Conselheiro Furtado, Passagem do Horto, S/N","Próximo À Av. Conselheiro Furtado, Passagem Do Horto, S/N",,Modelo Bar,Modelo Bar,4.4,https://www.google.com/maps/search/?api=1&query=Modelo%20Bar&query_place_id=ChIJq6m3ToaOpJIRH90ECJh013g,,
"R. Siqueira Mendes, 108 - Cidade Velha, Belém - PA, 66020-600, Brasil","R. Siqueira Mendes, 108 - Cidade Velha, Belém - Pa, 66020-600, Brasil",Bar,,,,,,,,,Brazilian boteco,5.98e+18,Belém,BR,0x92a48ef6fb7b2707:0x53016312322768bc,,,,-1.4579083,-48.5058794,,Cidade Velha,,,ChIJByd7-_aOpJIRvGgnMhJjAVM,66020-600,$,53,,0,,,,,,Pará,"R. Siqueira Mendes, 108","R. Siqueira Mendes, 108",,Bar da Praca,Bar Da Praca,,https://www.google.com/maps/search/?api=1&query=Bar%20da%20Praca&query_place_id=ChIJByd7-_aOpJIRvGgnMhJjAVM,,
"Tv. Dr. Moraes, 419 - Nazaré, Belém - PA, 66035-085, Brasil","Tv. Dr. Moraes, 419 - Nazaré, Belém - Pa, 66035-085, Brasil",Bares,,,,,,,,,Pub,9.98e+18,Belém,BR,0x92a48ffc7973001d:0x8a73dc3b8fed157b,,,,-1.4566503,-48.4888591,,Nazaré,,,ChIJHQBzefyPpJIRexXtjzvcc4o,66035-085,$$,56,,3,3.0,0.0,0.0,0.0,0.0,Pará,"Tv. Dr. Moraes, 419","Tv. Dr. Moraes, 419",,Arpoador Bar Carioca,Arpoador Bar Carioca,5.0,https://www.google.com/maps/search/?api=1&query=Arpoador%20Bar%20Carioca&query_place_id=ChIJHQBzefyPpJIRexXtjzvcc4o,,
"R. dos Pariquis, 1943 - Jurunas, Belém - PA, 66033-110, Brasil","R. Dos Pariquis, 1943 - Jurunas, Belém - Pa, 66033-110, Brasil",Bar,,,,,,,,,Brazilian boteco,9.08e+18,Belém,BR,0x92a48e7d63b8aa67:0x7e03a9e83dec815b,,,,-1.4598547,-48.4871054,,Jurunas,,,ChIJZ6q4Y32OpJIRW4HsPeipA34,66033-110,$,33,,2,1.0,0.0,0.0,1.0,0.0,Pará,"R. dos Pariquis, 1943","R. Dos Pariquis, 1943",,Casarão Bar & Restaurante,Casarão Bar & Restaurante,4.0,https://www.google.com/maps/search/?api=1&query=Casar%C3%A3o%20Bar%20%26%20Restaurante&query_place_id=ChIJZ6q4Y32OpJIRW4HsPeipA34,,
"R. Boaventura da Silva, 553 - Umarizal, Belém - PA, 66055-090, Brasil","R. Boaventura Da Silva, 553 - Umarizal, Belém - Pa, 66055-090, Brasil",Bar,,,,,,,,,Brazilian boteco,8.54e+18,Belém,BR,0x92a48e997775c2c5:0x767c0f2ab4755118,,,,-1.4481772,-48.4859709,,Umarizal,,,ChIJxcJ1d5mOpJIRGFF1tCoPfHY,66055-090,$,36,,0,,,,,,Pará,"R. Boaventura da Silva, 553","R. Boaventura Da Silva, 553",,SANTO BAR,Santo Bar,,https://www.google.com/maps/search/?api=1&query=SANTO%20BAR&query_place_id=ChIJxcJ1d5mOpJIRGFF1tCoPfHY,,
"R. Cametá, 250 - Cidade Velha, Belém - PA, 66020-120, Brasil","R. Cametá, 250 - Cidade Velha, Belém - Pa, 66020-120, Brasil",Bar,,,,,,,,,Brazilian boteco,5.5e+18,Belém,BR,0x92a48ef5fc1b6877:0x4c449625784b412e,,,,-1.4598103,-48.5034525,,Cidade Velha,,,ChIJd2gb_PWOpJIRLkFLeCWWREw,66020-120,$,44,,66,50.0,8.0,3.0,5.0,0.0,Pará,"R. Cametá, 250","R. Cametá, 250",,Toneca Rock Bar,Toneca Rock Bar,4.5,https://www.google.com/maps/search/?api=1&query=Toneca%20Rock%20Bar&query_place_id=ChIJd2gb_PWOpJIRLkFLeCWWREw,,
"R. Municipalidade, 435 - Reduto, Belém - PA, 66053-180, Brasil","R. Municipalidade, 435 - Reduto, Belém - Pa, 66053-180, Brasil",Bar,,,,,,,,,Brazilian boteco,3.65e+18,Belém,BR,0x92a48ebddfb81b97:0x32b88a3870ac8aba,,,,-1.4440826,-48.4937075,,Reduto,+55 91 98327-7996,5590000000000.0,ChIJlxu4372OpJIRuoqscDiKuDI,66053-180,$,13,,0,,,,,,Pará,"R. Municipalidade, 435","R. Municipalidade, 435",,Club Mpb Bar,Club Mpb Bar,,https://www.google.com/maps/search/?api=1&query=Club%20Mpb%20Bar&query_place_id=ChIJlxu4372OpJIRuoqscDiKuDI,,
"Rua principal, 26 - Panorama XXI - Cabanagem, Belém - PA, 66625-060, Brasil","Rua Principal, 26 - Panorama Xxi - Cabanagem, Belém - Pa, 66625-060, Brasil",Bar,,,,,,,,,Brazilian boteco,9.59e+18,Belém,BR,0x92a48b2154f4dfb1:0x8509097ad92c4f86,,,,-1.3740119,-48.4330321,,Cabanagem,,,ChIJsd_0VCGLpJIRhk8s2XoJCYU,66625-060,$,34,,0,,,,,,PA,"Rua principal, 26 - Panorama XXI","Rua Principal, 26 - Panorama Xxi",,Bar,Bar,,https://www.google.com/maps/search/?api=1&query=Bar&query_place_id=ChIJsd_0VCGLpJIRhk8s2XoJCYU,,
"R. Lameira Bittencourt - Benguí, Belém - PA, 66630-010, Brasil","R. Lameira Bittencourt - Benguí, Belém - Pa, 66630-010, Brasil",Bar,,,,,,,,,Brazilian boteco,8.08e+18,Belém,BR,0x92a48b4cd9f454e3:0x70204886e9d0d827,,,,-1.3768356,-48.4469912,,Benguí,,,ChIJ41T02UyLpJIRJ9jQ6YZIIHA,66630-010,$,108,,0,,,,,,Pará,R. Lameira Bittencourt,R. Lameira Bittencourt,,Bar do Cabeludo,Bar Do Cabeludo,,https://www.google.com/maps/search/?api=1&query=Bar%20do%20Cabeludo&query_place_id=ChIJ41T02UyLpJIRJ9jQ6YZIIHA,,
"Passagem Aragão, 220 - Benguí, Belém - PA, 66630-105, Brasil","Passagem Aragão, 220 - Benguí, Belém - Pa, 66630-105, Brasil",Bar,,,,,,,,,Brazilian boteco,9.5e+17,Belém,BR,0x92a48a7a380b61c9:0xd2f7c0d4e430318,,,,-1.3755286,-48.4468919,,Benguí,,,ChIJyWELOHqKpJIRGANDTg18Lw0,66630-105,$,111,,0,,,,,,Pará,"Passagem Aragão, 220","Passagem Aragão, 220",,Bar E Lanchonete Chapa Quente,Bar E Lanchonete Chapa Quente,,https://www.google.com/maps/search/?api=1&query=Bar%20E%20Lanchonete%20Chapa%20Quente&query_place_id=ChIJyWELOHqKpJIRGANDTg18Lw0,,
"R. Damasco, 94 - Cabanagem, Belém - PA, 66625-147, Brasil","R. Damasco, 94 - Cabanagem, Belém - Pa, 66625-147, Brasil",Bar,,,,,,,,,Brazilian boteco,1.75e+19,Belém,BR,0x92a4617d766e7aa9:0xf37382e1b2a8d3e8,,,,-1.3691411,-48.4341713,,Cabanagem,,,ChIJqXpudn1hpJIR6NOosuGCc_M,66625-147,$,19,,5,4.0,0.0,1.0,0.0,0.0,Pará,"R. Damasco, 94","R. Damasco, 94",,Bar fortaleza,Bar Fortaleza,4.2,https://www.google.com/maps/search/?api=1&query=Bar%20fortaleza&query_place_id=ChIJqXpudn1hpJIR6NOosuGCc_M,,
"Tv. Vileta - Marco, Belém - PA, 66095-346, Brasil","Tv. Vileta - Marco, Belém - Pa, 66095-346, Brasil",Bar,,,,,,,,,Brazilian boteco,1.44e+19,Belém,BR,0x92a48d65630efc05:0xc84b586e14a22e3c,,,,-1.4453492,-48.4538986,,Marco,,,ChIJBfwOY2WNpJIRPC6iFG5YS8g,66095-346,$,105,,0,,,,,,Pará,Tv. Vileta,Tv. Vileta,,Bar da rai,Bar Da Rai,,https://www.google.com/maps/search/?api=1&query=Bar%20da%20rai&query_place_id=ChIJBfwOY2WNpJIRPC6iFG5YS8g,,
"Tv. Pirajá, 2040B - Marco, Belém - PA, 66095-632, Brasil","Tv. Pirajá, 2040B - Marco, Belém - Pa, 66095-632, Brasil",Bar,,,,,,,,,Brazilian boteco,5.92e+18,Belém,BR,0x92a48c7685c5905b:0x522398e675852d04,,,,-1.4317985,-48.4532697,,Marco,+55 91 98290-6777,5590000000000.0,ChIJW5DFhXaMpJIRBC2FdeaYI1I,66095-632,$,104,,4,1.0,2.0,1.0,0.0,0.0,Pará,"Tv. Pirajá, 2040B","Tv. Pirajá, 2040B",,Bar do Wal,Bar Do Wal,3.5,https://www.google.com/maps/search/?api=1&query=Bar%20do%20Wal&query_place_id=ChIJW5DFhXaMpJIRBC2FdeaYI1I,,
"Passagem Duque de Caxias - Marco, Belém - PA, 66093-355, Brasil","Passagem Duque De Caxias - Marco, Belém - Pa, 66093-355, Brasil",Bar,,,,,,,,,Brazilian boteco,3.48e+18,Belém,BR,0x92a48c0fc830fd75:0x304723eb76819628,,,,-1.4363612,-48.4667134,,Marco,,,ChIJdf0wyA-MpJIRKJaBdusjRzA,66093-355,$,15,,30,13.0,8.0,3.0,4.0,2.0,Pará,Passagem Duque de Caxias,Passagem Duque De Caxias,,Mercearia Grill,Mercearia Grill,3.9,https://www.google.com/maps/search/?api=1&query=Mercearia%20Grill&query_place_id=ChIJdf0wyA-MpJIRKJaBdusjRzA,,
"Av. Generalíssimo Deodoro, 1354 - Nazaré, Belém - PA, 66035-090, Brasil","Av. Generalíssimo Deodoro, 1354 - Nazaré, Belém - Pa, 66035-090, Brasil",Bar,Loja de Conveniência,Bares,,,,,,,Brazilian boteco,1.46e+19,Belém,BR,0x92a48f787a17906d:0xcb445fb2ed16ef00,,,,-1.4529973,-48.4829617,,Nazaré,,,ChIJbZAXeniPpJIRAO8W7bJfRMs,66035-090,$,12,,148,94.0,30.0,8.0,13.0,3.0,Pará,"Av. Generalíssimo Deodoro, 1354","Av. Generalíssimo Deodoro, 1354",,Bar Samaúma,Bar Samaúma,4.3,https://www.google.com/maps/search/?api=1&query=Bar%20Sama%C3%BAma&query_place_id=ChIJbZAXeniPpJIRAO8W7bJfRMs,https://www.instagram.com/barsamauma?igsh=eTFnZmd2bm1yaHly,
"Tv. Santa Catarina, 198 - Sacramenta, Belém - PA, 66083-530, Brasil","Tv. Santa Catarina, 198 - Sacramenta, Belém - Pa, 66083-530, Brasil",Bar,Loja de Conveniência,Bar informal,Loja de bebidas alcoólicas,Depósito,,,,,Brazilian boteco,1.84e+19,Belém,BR,0x92a48be27d40d75f:0xff949ea6b5945051,,,,-1.4210793,-48.4781473,,Sacramenta,+55 91 98033-8997,5590000000000.0,ChIJX9dAfeKLpJIRUVCUtaaelP8,66083-530,$,10,,1,1.0,0.0,0.0,0.0,0.0,Pará,"Tv. Santa Catarina, 198","Tv. Santa Catarina, 198",,S.o.S Conveniência,S.O.S Conveniência,5.0,https://www.google.com/maps/search/?api=1&query=S.o.S%20Conveni%C3%AAncia&query_place_id=ChIJX9dAfeKLpJIRUVCUtaaelP8,,
"Av. Rodolfo Chermont, 440 - Marambaia, Belém - PA, 66615-170, Brasil","Av. Rodolfo Chermont, 440 - Marambaia, Belém - Pa, 66615-170, Brasil",Bar,Loja de Conveniência,Delivery,,,,,,,Brazilian boteco,4.02e+18,Belém,BR,0x92a48b3f7e7970a3:0x37c499b22d5493d7,,,,-1.4054342,-48.4530212,,Marambaia,+55 91 99287-0288,5590000000000.0,ChIJo3B5fj-LpJIR15NULbKZxDc,66615-170,$,16,,3,3.0,0.0,0.0,0.0,0.0,Pará,"Av. Rodolfo Chermont, 440","Av. Rodolfo Chermont, 440",,Esquenta 021,Esquenta 021,5.0,https://www.google.com/maps/search/?api=1&query=Esquenta%20021&query_place_id=ChIJo3B5fj-LpJIR15NULbKZxDc,https://www.lojalocal.com/51833910000196,
"Vila da Paz, 9 - Benguí, Belém - PA, 66630-175, Brasil","Vila Da Paz, 9 - Benguí, Belém - Pa, 66630-175, Brasil",Bar,Loja de Conveniência,,,,,,,,Brazilian boteco,8.63e+18,Belém,BR,0x92a48bb583777f1b:0x77c13efd8a914c77,,,,-1.3757333,-48.4645592,,Benguí,,,ChIJG393g7WLpJIRd0yRiv0-wXc,66630-175,$,5,,0,,,,,,Pará,"Vila da Paz, 9","Vila Da Paz, 9",,Vila Pub,Vila Pub,,https://www.google.com/maps/search/?api=1&query=Vila%20Pub&query_place_id=ChIJG393g7WLpJIRd0yRiv0-wXc,,
"Av. Rodolfo Chermont, 8 - Marambaia, Belém - PA, 66615-170, Brasil","Av. Rodolfo Chermont, 8 - Marambaia, Belém - Pa, 66615-170, Brasil",Bar,Loja de Conveniência,Loja de bebidas,,,,,,,Brazilian boteco,1.4e+19,Belém,BR,0x92a48bba1019a44d:0xc2801bb3df8a7e2e,,"https://food.google.com/chooseprovider?restaurantId=/g/1pzpxbldw&g2lbs=AOHF13kMEjg_cJlDefp-UZlLRflCMV_ihQlQHIumnpQeSXUCcrHhehyVeyZRFNIZIqCaODjV9wIxKmSnyh0vRQWHPqLzTYNHSVPHGknc6zFjqHJZt1r2OR4%3D&hl=pt-BR&gl=us&fo_m=MfohQo559jFvMUOzJVpjPL1YMfZ3bInYwBDuMfaXTPp5KXh-&utm_source=tactile&gei=UXCxZpn4I-7dptQPuYuDqA4&ei=UXCxZpn4I-7dptQPuYuDqA4&fo_s=OA,SOE&opi=79508299&foub=mcpp",,-1.408137,-48.453235,,Marambaia,+55 91 98396-5563,5590000000000.0,ChIJTaQZELqLpJIRLn6K37MbgMI,66615-170,$,23,,138,79.0,37.0,7.0,11.0,4.0,Pará,"Av. Rodolfo Chermont, 8","Av. Rodolfo Chermont, 8",,Momentum Bar & Conveniência,Momentum Bar & Conveniência,4.3,https://www.google.com/maps/search/?api=1&query=Momentum%20Bar%20%26%20Conveni%C3%AAncia&query_place_id=ChIJTaQZELqLpJIRLn6K37MbgMI,,
"Av. Dr. Freitas, 759 - Sacramenta, Belém - PA, 66123-050, Brasil","Av. Dr. Freitas, 759 - Sacramenta, Belém - Pa, 66123-050, Brasil",Bar,Loja de Conveniência,,,,,,,,Brazilian boteco,8.6e+18,Belém,BR,0x92a48b88afb8f3d7:0x776af6780bb342a2,,,,-1.4145,-48.4666816,,Sacramenta,+55 91 98309-6493,5590000000000.0,ChIJ1_O4r4iLpJIRokKzC3j2anc,66123-050,$,22,,0,,,,,,Pará,"Av. Dr. Freitas, 759","Av. Dr. Freitas, 759",,Dr. Beer Official,Dr. Beer Official,,https://www.google.com/maps/search/?api=1&query=Dr.%20Beer%20Official&query_place_id=ChIJ1_O4r4iLpJIRokKzC3j2anc,https://instagram.com/dr.beerofficial?igshid=ZDdkNTZiNTM=,
"Tv. Mauriti, 991 - Pedreira, Belém - PA, 66080-650, Brasil","Tv. Mauriti, 991 - Pedreira, Belém - Pa, 66080-650, Brasil",Bar e Grill,,,,,,,,,Bar & grill,6.75e+18,Belém,BR,0x92a48d155d9f2d05:0x5db5b4cc97282e61,,,,-1.4263701,-48.4743817,,Pedreira,+55 91 98813-1921,5590000000000.0,ChIJBS2fXRWNpJIRYS4ol8y0tV0,66080-650,$$,25,,12,9.0,2.0,1.0,0.0,0.0,Pará,"Tv. Mauriti, 991","Tv. Mauriti, 991",,RR87 STEAK & BEER,Rr87 Steak & Beer,4.5,https://www.google.com/maps/search/?api=1&query=RR87%20STEAK%20%26%20BEER&query_place_id=ChIJBS2fXRWNpJIRYS4ol8y0tV0,,
"R. Vale Azul - Tenoné, Belém - PA, 66820-600, Brasil","R. Vale Azul - Tenoné, Belém - Pa, 66820-600, Brasil",Bar,,,,,,,,,Brazilian boteco,7.57e+18,Belém,BR,0x92a4616fa10a02c9:0x6907e3b19bc344cb,,,,-1.3134852,-48.4509456,,Tenoné,+55 91 98218-0986,5590000000000.0,ChIJyQIKoW9hpJIRy0TDm7HjB2k,66820-600,$,72,,0,,,,,,Pará,R. Vale Azul,R. Vale Azul,,casa do EDER,Casa Do Eder,,https://www.google.com/maps/search/?api=1&query=casa%20do%20EDER&query_place_id=ChIJyQIKoW9hpJIRy0TDm7HjB2k,,
"R. Valparaíso, 12 A - Tenoné, Belém - PA, 66820-185, Brasil","R. Valparaíso, 12 A - Tenoné, Belém - Pa, 66820-185, Brasil",Bar,,,,,,,,,Brazilian boteco,3.43e+18,Belém,BR,0x92a4610061e573ab:0x2fa7edf0f6f7dcd9,,,,-1.3235467,-48.4349465,,Tenoné,,,ChIJq3PlYQBhpJIR2dz39vDtpy8,66820-185,$,59,,0,,,,,,Pará,"R. Valparaíso, 12 A","R. Valparaíso, 12 A",,Bar do CATARINO,Bar Do Catarino,,https://www.google.com/maps/search/?api=1&query=Bar%20do%20CATARINO&query_place_id=ChIJq3PlYQBhpJIR2dz39vDtpy8,,
"R. Alacid Nunes, 49 - Tenoné, Belém - PA, Brasil","R. Alacid Nunes, 49 - Tenoné, Belém - Pa, Brasil",Bar,,,,,,,,,Brazilian boteco,1.24e+19,Belém,BR,0x92a46121e97ed3bd:0xac1f1e1cacc4d9c1,,,,-1.3261679,-48.4428004,,Tenoné,+55 91 98120-0240,5590000000000.0,ChIJvdN-6SFhpJIRwdnErBweH6w,,$,20,,326,217.0,56.0,10.0,33.0,10.0,Pará,"R. Alacid Nunes, 49","R. Alacid Nunes, 49",,Arena Brasil Bar Restaurante Arena De Footebol,Arena Brasil Bar Restaurante Arena De Footebol,4.4,https://www.google.com/maps/search/?api=1&query=Arena%20Brasil%20Bar%20Restaurante%20Arena%20De%20Footebol&query_place_id=ChIJvdN-6SFhpJIRwdnErBweH6w,,
"Tenoné, Belém - PA, Brasil","Tenoné, Belém - Pa, Brasil",Bar,,,,,,,,,Brazilian boteco,6.51e+18,Belém,BR,0x92a461ae75fa6593:0x5a5548eca28406f5,,,,-1.3272229,-48.4307871,,Tenoné,,,ChIJk2X6da5hpJIR9QaEouxIVVo,,$,17,,21,17.0,2.0,0.0,2.0,0.0,Pará,,,,BAR DO DIEGO,Bar Do Diego,4.7,https://www.google.com/maps/search/?api=1&query=BAR%20DO%20DIEGO&query_place_id=ChIJk2X6da5hpJIR9QaEouxIVVo,,
"Tv. WE 04 - Tenoné, Belém - PA, Brasil","Tv. We 04 - Tenoné, Belém - Pa, Brasil",Bar,,,,,,,,,Brazilian boteco,6.55e+18,Belém,BR,0x92a460daa0df8ca5:0x5ae66c2150a96990,,,,-1.319735,-48.4297794,,Tenoné,,,ChIJpYzfoNpgpJIRkGmpUCFs5lo,,$,6,,7,7.0,0.0,0.0,0.0,0.0,Pará,Tv. WE 04,Tv. We 04,,Bar Do Cley,Bar Do Cley,5.0,https://www.google.com/maps/search/?api=1&query=Bar%20Do%20Cley&query_place_id=ChIJpYzfoNpgpJIRkGmpUCFs5lo,,
"Av. Contôrno Leste, 172 - Maracangalha, Belém - PA, 66813-330, Brasil","Av. Contôrno Leste, 172 - Maracangalha, Belém - Pa, 66813-330, Brasil",Bar,,,,,,,,,Brazilian boteco,1.01e+19,Belém,BR,0x92a48b3239a94c65:0x8be184bb2c7cc00f,,,,-1.3991024,-48.4761901,,Maracangalha,,,ChIJZUypOTKLpJIRD8B8LLuE4Ys,66813-330,$,20,,27,12.0,6.0,2.0,4.0,3.0,Pará,"Av. Contôrno Leste, 172","Av. Contôrno Leste, 172",,Bar Dos Amigos Marex,Bar Dos Amigos Marex,3.9,https://www.google.com/maps/search/?api=1&query=Bar%20Dos%20Amigos%20Marex&query_place_id=ChIJZUypOTKLpJIRD8B8LLuE4Ys,,
"R. Pres. Costa e Silva, 1333-1371 - Tapanã, Belém - PA, Brasil","R. Pres. Costa E Silva, 1333-1371 - Tapanã, Belém - Pa, Brasil",Bar,,,,,,,,,Brazilian boteco,9.82e+17,Belém,BR,0x92a461640bb278bb:0xda1d47eb9900e07,,,,-1.3322466,-48.4735698,,Tapanã,,,ChIJu3iyC2RhpJIRBw6QuX7UoQ0,,$,19,,15,9.0,3.0,2.0,1.0,0.0,Pará,"R. Pres. Costa e Silva, 1333-1371","R. Pres. Costa E Silva, 1333-1371",,Bar Do Blayke,Bar Do Blayke,4.1,https://www.google.com/maps/search/?api=1&query=Bar%20Do%20Blayke&query_place_id=ChIJu3iyC2RhpJIRBw6QuX7UoQ0,,
"Alameda Nossa Sra. Vitorias Das, 8 - Tapanã, Belém - PA, 66830-100, Brasil","Alameda Nossa Sra. Vitorias Das, 8 - Tapanã, Belém - Pa, 66830-100, Brasil",Bar,,,,,,,,,Brazilian boteco,1.39e+18,Belém,BR,0x92a461913665ee57:0x133f02f5cfd4e9c3,,,,-1.3521561,-48.4641032,,Tapanã,,,ChIJV-5lNpFhpJIRw-nUz_UCPxM,66830-100,$,13,,20,16.0,0.0,0.0,4.0,0.0,Pará,"Alameda Nossa Sra. Vitorias Das, 8","Alameda Nossa Sra. Vitorias Das, 8",,Visual Bar,Visual Bar,4.6,https://www.google.com/maps/search/?api=1&query=Visual%20Bar&query_place_id=ChIJV-5lNpFhpJIRw-nUz_UCPxM,,
"R. José Machado, 03 - Benguí, Belém - PA, 66630-020, Brasil","R. José Machado, 03 - Benguí, Belém - Pa, 66630-020, Brasil",Bar,,,,,,,,,Brazilian boteco,1.23e+19,Belém,BR,0x92a48b006fccf33f:0xab3a51014bafb3dc,,,,-1.3776735,-48.461607,,Benguí,+55 91 99166-6364,5590000000000.0,ChIJP_PMbwCLpJIR3LOvSwFROqs,66630-020,$,12,,1,1.0,0.0,0.0,0.0,0.0,Pará,"R. José Machado, 03","R. José Machado, 03",,Bar e conveniência,Bar E Conveniência,5.0,https://www.google.com/maps/search/?api=1&query=Bar%20e%20conveni%C3%AAncia&query_place_id=ChIJP_PMbwCLpJIR3LOvSwFROqs,,
"R. Pres. Getúlio Vargas, 160a - Tapanã, Belém - PA, 66825-060, Brasil","R. Pres. Getúlio Vargas, 160A - Tapanã, Belém - Pa, 66825-060, Brasil",Bar,,,,,,,,,Brazilian boteco,1.82e+19,Belém,BR,0x92a4618677b45ffd:0xfc4be61536defa5e,,,,-1.3484445,-48.4738209,,Tapanã,,,ChIJ_V-0d4ZhpJIRXvreNhXmS_w,66825-060,$,10,,15,6.0,4.0,2.0,2.0,1.0,Pará,"R. Pres. Getúlio Vargas, 160a","R. Pres. Getúlio Vargas, 160A",,Bar.do.Chitãozinho,Bar.Do.Chitãozinho,3.7,https://www.google.com/maps/search/?api=1&query=Bar.do.Chit%C3%A3ozinho&query_place_id=ChIJ_V-0d4ZhpJIRXvreNhXmS_w,,
"Passagem Arco-Íris - Tapanã, Belém - PA, 66825-050, Brasil","Passagem Arco-Íris - Tapanã, Belém - Pa, 66825-050, Brasil",Bar e Grill,,,,,,,,,Bar & grill,1.35e+18,Belém,BR,0x92a461d2095c690f:0x12c92c2ba38689a4,,"https://food.google.com/chooseprovider?restaurantId=/g/11hy9qwwfm&g2lbs=AOHF13lo9kmtjqObFdv5h_OnlukrgkOB70ZfhSehlr_MpAzQavgzG1pQ7z1eyZ2juPklViXDG7hrgMx4s-6hrV5i0N5ye7pzm46Q9KG623qCWGt4da2An28%3D&hl=pt-BR&gl=us&fo_m=MfohQo559jFvMUOzJVpjPL1YMfZ3bInYwBDuMfaXTPp5KXh-&utm_source=tactile&gei=JXWxZqv3M4jDkPIPz86r6AY&ei=JXWxZqv3M4jDkPIPz86r6AY&fo_s=OA,SOE&opi=79508299&foub=mcpp",,-1.339693,-48.4770776,,Tapanã,+55 91 98569-1497,5590000000000.0,ChIJD2lcCdJhpJIRpImGoyssyRI,66825-050,$$,11,,1,1.0,0.0,0.0,0.0,0.0,Pará,Passagem Arco-Íris,Passagem Arco-Íris,,Bar e Grill ARCO-ÍRIS,Bar E Grill Arco-Íris,5.0,https://www.google.com/maps/search/?api=1&query=Bar%20e%20Grill%20ARCO-%C3%8DRIS&query_place_id=ChIJD2lcCdJhpJIRpImGoyssyRI,,
"Passagem Estrela Dalva - Tapanã, Belém - PA, 66823-060, Brasil","Passagem Estrela Dalva - Tapanã, Belém - Pa, 66823-060, Brasil",Bar de cervejas,,,,,,,,,Brazilian boteco,1.51e+18,Belém,BR,0x92a4611cbbcf4691:0x14fe531d86339a9d,,,,-1.3492964,-48.4760097,,Tapanã,,,ChIJkUbPuxxhpJIRnZozhh1T_hQ,66823-060,$,7,,7,5.0,0.0,0.0,1.0,1.0,Pará,Passagem Estrela Dalva,Passagem Estrela Dalva,,Bar Da Dona Bena.,Bar Da Dona Bena.,4.3,https://www.google.com/maps/search/?api=1&query=Bar%20Da%20Dona%20Bena.&query_place_id=ChIJkUbPuxxhpJIRnZozhh1T_hQ,,
"R. Damasco, 94 - Cabanagem, Belém - PA, 66625-147, Brasil","R. Damasco, 94 - Cabanagem, Belém - Pa, 66625-147, Brasil",Bar,,,,,,,,,Brazilian boteco,1.75e+19,Belém,BR,0x92a4617d766e7aa9:0xf37382e1b2a8d3e8,,,,-1.3691411,-48.4341713,,Cabanagem,,,ChIJqXpudn1hpJIR6NOosuGCc_M,66625-147,$,28,,5,4.0,0.0,1.0,0.0,0.0,Pará,"R. Damasco, 94","R. Damasco, 94",,Bar fortaleza,Bar Fortaleza,4.2,https://www.google.com/maps/search/?api=1&query=Bar%20fortaleza&query_place_id=ChIJqXpudn1hpJIR6NOosuGCc_M,,
"R. Canal da Margem Direita, 72 - Mangueirão, Belém - PA, 66640-126, Brasil","R. Canal Da Margem Direita, 72 - Mangueirão, Belém - Pa, 66640-126, Brasil",Bar,,,,,,,,,Brazilian boteco,1.24e+19,Belém,BR,0x92a48b3bd5cb81fb:0xaca883e874c7465c,,,,-1.3818659,-48.4494111,,Mangueirão,,,ChIJ-4HL1TuLpJIRXEbHdOiDqKw,66640-126,$,105,,0,,,,,,Pará,"R. Canal da Margem Direita, 72","R. Canal Da Margem Direita, 72",,Bar do Gilson,Bar Do Gilson,,https://www.google.com/maps/search/?api=1&query=Bar%20do%20Gilson&query_place_id=ChIJ-4HL1TuLpJIRXEbHdOiDqKw,,
"Passagem Benfica, 162 - Benguí, Belém - PA, 66630-175, Brasil","Passagem Benfica, 162 - Benguí, Belém - Pa, 66630-175, Brasil",Bar,,,,,,,,,Brazilian boteco,1.49e+19,Belém,BR,0x92a48a73ed509ed1:0xce383d742da4eb9c,,,,-1.3753391,-48.4549533,,Benguí,,,ChIJ0Z5Q7XOKpJIRnOukLXQ9OM4,66630-175,$,103,,0,,,,,,Pará,"Passagem Benfica, 162","Passagem Benfica, 162",,BOLEIROS Bar,Boleiros Bar,,https://www.google.com/maps/search/?api=1&query=BOLEIROS%20Bar&query_place_id=ChIJ0Z5Q7XOKpJIRnOukLXQ9OM4,,
"R. São José, 237 - Benguí, Belém - PA, 66630-165, Brasil","R. São José, 237 - Benguí, Belém - Pa, 66630-165, Brasil",Bar,,,,,,,,,Brazilian boteco,2.28e+18,Belém,BR,0x92a48b7a7023eefb:0x1fb13901980cd20d,,,,-1.376202,-48.4663397,,Benguí,,,ChIJ--4jcHqLpJIRDdIMmAE5sR8,66630-165,$,99,,1,0.0,0.0,0.0,0.0,1.0,Pará,"R. São José, 237","R. São José, 237",,João bar,João Bar,2.0,https://www.google.com/maps/search/?api=1&query=Jo%C3%A3o%20bar&query_place_id=ChIJ--4jcHqLpJIRDdIMmAE5sR8,,
"Estr. do Benjamin, 55 - Cabanagem, Belém - PA, 66650-450, Brasil","Estr. Do Benjamin, 55 - Cabanagem, Belém - Pa, 66650-450, Brasil",Bar,,,,,,,,,Brazilian boteco,1.75e+19,Belém,BR,0x92a48a82b4b8e745:0xf316588bcacd4949,,,,-1.3713941,-48.4288237,,Cabanagem,+55 91 98541-2537,5590000000000.0,ChIJRee4tIKKpJIRSUnNyotYFvM,66650-450,$,95,,8,4.0,3.0,0.0,0.0,1.0,Pará,"Estr. do Benjamin, 55","Estr. Do Benjamin, 55",,Bar E Mercearia Bola Ao Copo,Bar E Mercearia Bola Ao Copo,4.3,https://www.google.com/maps/search/?api=1&query=Bar%20E%20Mercearia%20Bola%20Ao%20Copo&query_place_id=ChIJRee4tIKKpJIRSUnNyotYFvM,,
"R. Principal, QD 5 N - Tenoné, Belém - PA, Brasil","R. Principal, Qd 5 N - Tenoné, Belém - Pa, Brasil",Bar,,,,,,,,,Brazilian boteco,5.94e+18,Belém,BR,0x92a48ba80c78de05:0x5260bf724399ed49,,,,-1.378941,-48.4382245,,Tenoné,+55 91 98522-3475,5590000000000.0,ChIJBd54DKiLpJIRSe2ZQ3K_YFI,,$,96,,0,,,,,,Pará,"R. Principal, QD 5 N","R. Principal, Qd 5 N",,"Bar e depósito ""RR ""","Bar E Depósito ""Rr """,,https://www.google.com/maps/search/?api=1&query=Bar%20e%20dep%C3%B3sito%20%22RR%20%22&query_place_id=ChIJBd54DKiLpJIRSe2ZQ3K_YFI,,
"Av. Damasco, 180 - Cabanagem, Belém - PA, 66633-070, Brasil","Av. Damasco, 180 - Cabanagem, Belém - Pa, 66633-070, Brasil",Bar,,,,,,,,,Brazilian boteco,7.11e+17,Belém,BR,0x92a48b5322748f97:0x9dc590be67f2e69,,,,-1.3747241,-48.4415669,,Cabanagem,+55 91 98857-3739,5590000000000.0,ChIJl490IlOLpJIRaS5_5gtZ3Ak,66633-070,$,90,,0,,,,,,Pará,"Av. Damasco, 180","Av. Damasco, 180",,Boteco do carlinho,Boteco Do Carlinho,,https://www.google.com/maps/search/?api=1&query=Boteco%20do%20carlinho&query_place_id=ChIJl490IlOLpJIRaS5_5gtZ3Ak,,
"Mercado Municipal do - R. José Machado - Benguí, Belém - PA, 66630-140, Brasil","Mercado Municipal Do - R. José Machado - Benguí, Belém - Pa, 66630-140, Brasil",Bar,,,,,,,,,Brazilian boteco,1.37e+19,Belém,BR,0x92a48b234bc21e0b:0xbdabf56a0165f949,,,,-1.3773792,-48.4506333,,Benguí,+55 91 98837-9392,5590000000000.0,ChIJCx7CSyOLpJIRSfllAWr1q70,,$,87,,2,1.0,1.0,0.0,0.0,0.0,Pará,Mercado Municipal do - R. José Machado,Mercado Municipal Do - R. José Machado,,Bar Okarataí?,Bar Okarataí?,4.5,https://www.google.com/maps/search/?api=1&query=Bar%20Okarata%C3%AD%3F&query_place_id=ChIJCx7CSyOLpJIRSfllAWr1q70,https://www.facebook.com/okaratai.okaratai,
"R. Betânia - Benguí, Belém - PA, 66630-140, Brasil","R. Betânia - Benguí, Belém - Pa, 66630-140, Brasil",Bar,,,,,,,,,Brazilian boteco,4.03e+18,Belém,BR,0x92a48b78d77bb6b7:0x37eaa2e44e11ec7b,,,,-1.3767026,-48.4507,,Benguí,,,ChIJt7Z713iLpJIRe-wRTuSi6jc,,$,83,,36,24.0,3.0,1.0,7.0,1.0,Pará,R. Betânia,R. Betânia,,Bar Do Orlando,Bar Do Orlando,4.3,https://www.google.com/maps/search/?api=1&query=Bar%20Do%20Orlando&query_place_id=ChIJt7Z713iLpJIRe-wRTuSi6jc,,
"Alameda dos Cravos - Mangueirão, Belém - PA, 66633-040, Brasil","Alameda Dos Cravos - Mangueirão, Belém - Pa, 66633-040, Brasil",Bar,,,,,,,,,Brazilian boteco,1.19e+19,Belém,BR,0x92a48a7e7ee9804f:0xa48586fd5434d2a7,,,,-1.3747531,-48.4415817,,Mangueirão,+55 91 98137-3534,5590000000000.0,ChIJT4Dpfn6KpJIRp9I0VP2GhaQ,66633-040,$,82,,86,53.0,17.0,8.0,5.0,3.0,Pará,Alameda dos Cravos,Alameda Dos Cravos,,Bar do Regis,Bar Do Regis,4.2,https://www.google.com/maps/search/?api=1&query=Bar%20do%20Regis&query_place_id=ChIJT4Dpfn6KpJIRp9I0VP2GhaQ,,
"Benguí, Belém - PA, 66635-557, Brasil","Benguí, Belém - Pa, 66635-557, Brasil",Bar,,,,,,,,,Brazilian boteco,4.15e+18,Belém,BR,0x92a48a0c9b203cb1:0x399c3fce3eb6eb1f,,,,-1.3753189,-48.4605363,,Benguí,,,ChIJsTwgmwyKpJIRH-u2Ps4_nDk,,$,81,,0,,,,,,Pará,,,,Bar Rai & Rosa,Bar Rai & Rosa,,https://www.google.com/maps/search/?api=1&query=Bar%20Rai%20%26%20Rosa&query_place_id=ChIJsTwgmwyKpJIRH-u2Ps4_nDk,,
"R. São José - Benguí, Belém - PA, 66630-165, Brasil","R. São José - Benguí, Belém - Pa, 66630-165, Brasil",Bar,,,,,,,,,Brazilian boteco,9.37e+18,Belém,BR,0x92a48a0c3aa92b03:0x81fe8d5cbce2e57b,,,,-1.3763966,-48.4630791,,Benguí,+55 91 98190-7938,5590000000000.0,ChIJAyupOgyKpJIRe-XivFyN_oE,66630-165,$,79,,3,3.0,0.0,0.0,0.0,0.0,Pará,R. São José,R. São José,,Bar Da Cris,Bar Da Cris,5.0,https://www.google.com/maps/search/?api=1&query=Bar%20Da%20Cris&query_place_id=ChIJAyupOgyKpJIRe-XivFyN_oE,,
"Benguí, Belém - PA, 66630-030, Brasil","Benguí, Belém - Pa, 66630-030, Brasil",Bar,,,,,,,,,Brazilian boteco,1.21e+19,Belém,BR,0x92a48bc1091f7637:0xa7b0a3dcbdaf0956,,,,-1.3781613,-48.4506327,,Benguí,,,ChIJN3YfCcGLpJIRVgmvvdyjsKc,,$,78,,44,27.0,6.0,1.0,9.0,1.0,Pará,,,,Bar Pantoja,Bar Pantoja,4.3,https://www.google.com/maps/search/?api=1&query=Bar%20Pantoja&query_place_id=ChIJN3YfCcGLpJIRVgmvvdyjsKc,,
"Passagem Val-de-Cães, 113 - Cabanagem, Belém - PA, 66625-157, Brasil","Passagem Val-De-Cães, 113 - Cabanagem, Belém - Pa, 66625-157, Brasil",Bar,,,,,,,,,Brazilian boteco,1.12e+19,Belém,BR,0x92a4602a2c697dd5:0x9b523ecc5f511ac4,,,,-1.369103,-48.4341429,,Cabanagem,,,ChIJ1X1pLCpgpJIRxBpRX8w-Ups,66625-157,$,74,,0,,,,,,Pará,"Passagem Val-de-Cães, 113","Passagem Val-De-Cães, 113",,Bar tortale,Bar Tortale,,https://www.google.com/maps/search/?api=1&query=Bar%20tortale&query_place_id=ChIJ1X1pLCpgpJIRxBpRX8w-Ups,,
"Tv. Srg. Favarro, box 08 - Mangueirão, Belém - PA, 66640-380, Brasil","Tv. Srg. Favarro, Box 08 - Mangueirão, Belém - Pa, 66640-380, Brasil",Bar de cervejas,,,,,,,,,Brazilian boteco,1.65e+19,Belém,BR,0x92a48b1ff319056f:0xe476c76279140b69,,,,-1.3818686,-48.4574762,,Mangueirão,+55 91 98253-1967,5590000000000.0,ChIJbwUZ8x-LpJIRaQsUeWLHduQ,66640-380,$,73,,1,1.0,0.0,0.0,0.0,0.0,Pará,"Tv. Srg. Favarro, box 08","Tv. Srg. Favarro, Box 08",,Bar e Restaurante Fiel jr,Bar E Restaurante Fiel Jr,5.0,https://www.google.com/maps/search/?api=1&query=Bar%20e%20Restaurante%20Fiel%20jr&query_place_id=ChIJbwUZ8x-LpJIRaQsUeWLHduQ,,
"Passagem Da Paz Da Psg Elcione Barbalho, 104 - Mangueirão, Belém - PA, 66640-006, Brasil","Passagem Da Paz Da Psg Elcione Barbalho, 104 - Mangueirão, Belém - Pa, 66640-006, Brasil",Bar,,,,,,,,,Brazilian boteco,4.57e+18,Belém,BR,0x92a48bd90f991e39:0x3f5c214db3b57c9a,,,,-1.3796734,-48.454419,,Mangueirão,+55 91 98102-6458,5590000000000.0,ChIJOR6ZD9mLpJIRmny1s00hXD8,66640-006,$,72,,0,,,,,,Pará,"Passagem Da Paz Da Psg Elcione Barbalho, 104","Passagem Da Paz Da Psg Elcione Barbalho, 104",,Bar da Marion,Bar Da Marion,,https://www.google.com/maps/search/?api=1&query=Bar%20da%20Marion&query_place_id=ChIJOR6ZD9mLpJIRmny1s00hXD8,,
"Mangueirão, Belém - PA, 66640-200, Brasil","Mangueirão, Belém - Pa, 66640-200, Brasil",Bar,,,,,,,,,Brazilian boteco,1.82e+19,Belém,BR,0x92a48a6ca31eea0f:0xfc849244313a6d42,,,,-1.3818367,-48.4576644,,Mangueirão,+55 981463919,,ChIJD-oeo2yKpJIRQm06MUSShPw,,$,67,,165,107.0,38.0,6.0,12.0,2.0,Pará,,,,Centenário Bar E Restaurante,Centenário Bar E Restaurante,4.4,https://www.google.com/maps/search/?api=1&query=Centen%C3%A1rio%20Bar%20E%20Restaurante&query_place_id=ChIJD-oeo2yKpJIRQm06MUSShPw,,
"R. Mucajás, 174 - Mangueirão, Belém - PA, 66640-435, Brasil","R. Mucajás, 174 - Mangueirão, Belém - Pa, 66640-435, Brasil",Bar,,,,,,,,,Brazilian boteco,4.78e+18,Belém,BR,0x92a48a8ecb80ddb5:0x4254c4200fa552ad,,,,-1.3805994,-48.4335696,,Mangueirão,,,ChIJtd2Ay46KpJIRrVKlDyDEVEI,66640-435,$,57,,2,1.0,1.0,0.0,0.0,0.0,Pará,"R. Mucajás, 174","R. Mucajás, 174",,Bar E Mercearia Da Socorro,Bar E Mercearia Da Socorro,4.5,https://www.google.com/maps/search/?api=1&query=Bar%20E%20Mercearia%20Da%20Socorro&query_place_id=ChIJtd2Ay46KpJIRrVKlDyDEVEI,,
"Tv. Srg. Favarro, 07 - Mangueirão, Belém - PA, 66640-200, Brasil","Tv. Srg. Favarro, 07 - Mangueirão, Belém - Pa, 66640-200, Brasil",Bar,,,,,,,,,Brazilian boteco,1.07e+19,Belém,BR,0x92a48bf6adc18d2b:0x94d8619512eb9df5,,,,-1.3796517,-48.457331,,Mangueirão,+55 91 98058-8970,5590000000000.0,ChIJK43BrfaLpJIR9Z3rEpVh2JQ,66640-200,$,61,,0,,,,,,Pará,"Tv. Srg. Favarro, 07","Tv. Srg. Favarro, 07",,Bar Fiel Conveniência,Bar Fiel Conveniência,,https://www.google.com/maps/search/?api=1&query=Bar%20Fiel%20Conveni%C3%AAncia&query_place_id=ChIJK43BrfaLpJIR9Z3rEpVh2JQ,https://www.lojalocal.com/27679724000160,
"R. São José, 39 - Benguí, Belém - PA, 66630-165, Brasil","R. São José, 39 - Benguí, Belém - Pa, 66630-165, Brasil",Bar,,,,,,,,,Brazilian boteco,1.53e+19,Belém,BR,0x92a48a0cf2736fe7:0xd4f689d3ebcc2147,,,,-1.3760603,-48.4606054,,Benguí,,,ChIJ529z8gyKpJIRRyHM69OJ9tQ,66630-165,$,56,,0,,,,,,Pará,"R. São José, 39","R. São José, 39",,Bar Josenia's,Bar Josenia'S,,https://www.google.com/maps/search/?api=1&query=Bar%20Josenia's&query_place_id=ChIJ529z8gyKpJIRRyHM69OJ9tQ,,
"Rua principal, 26 - Panorama XXI - Cabanagem, Belém - PA, 66625-060, Brasil","Rua Principal, 26 - Panorama Xxi - Cabanagem, Belém - Pa, 66625-060, Brasil",Bar,,,,,,,,,Brazilian boteco,9.59e+18,Belém,BR,0x92a48b2154f4dfb1:0x8509097ad92c4f86,,,,-1.3740119,-48.4330321,,Cabanagem,,,ChIJsd_0VCGLpJIRhk8s2XoJCYU,66625-060,$,58,,0,,,,,,PA,"Rua principal, 26 - Panorama XXI","Rua Principal, 26 - Panorama Xxi",,Bar,Bar,,https://www.google.com/maps/search/?api=1&query=Bar&query_place_id=ChIJsd_0VCGLpJIRhk8s2XoJCYU,,
"Tv. São Pedro, 229 - Benguí, Belém - PA, 66630-130, Brasil","Tv. São Pedro, 229 - Benguí, Belém - Pa, 66630-130, Brasil",Bar de cervejas,,,,,,,,,Brazilian boteco,9.56e+18,Belém,BR,0x92a48bbdd3f5cb4b:0x84a7b8a63b8a9971,,,,-1.3787875,-48.4553943,,Benguí,+55 91 98426-2973,5590000000000.0,ChIJS8v1072LpJIRcZmKO6a4p4Q,66630-130,$,49,,9,9.0,0.0,0.0,0.0,0.0,Pará,"Tv. São Pedro, 229","Tv. São Pedro, 229",,Bar dos Primos,Bar Dos Primos,5.0,https://www.google.com/maps/search/?api=1&query=Bar%20dos%20Primos&query_place_id=ChIJS8v1072LpJIRcZmKO6a4p4Q,,
"Passagem Benfica, 155 - Benguí, Belém - PA, 66630-895, Brasil","Passagem Benfica, 155 - Benguí, Belém - Pa, 66630-895, Brasil",Bar,,,,,,,,,Brazilian boteco,1.84e+19,Belém,BR,0x92a48a73f27e2787:0xff81899b91906173,,,,-1.3753175,-48.4548201,,Benguí,,,ChIJhyd-8nOKpJIRc2GQkZuJgf8,66630-895,$,48,,14,8.0,0.0,3.0,3.0,0.0,Pará,"Passagem Benfica, 155","Passagem Benfica, 155",,Bar Do Naldo,Bar Do Naldo,3.7,https://www.google.com/maps/search/?api=1&query=Bar%20Do%20Naldo&query_place_id=ChIJhyd-8nOKpJIRc2GQkZuJgf8,,
"Av. Mangueirão, 21 - Mangueirão, Belém - PA, 66640-480, Brasil","Av. Mangueirão, 21 - Mangueirão, Belém - Pa, 66640-480, Brasil",Bar,,,,,,,,,Brazilian boteco,1.14e+18,Belém,BR,0x92a48bfe6f24bc4b:0xfc2b5a7cbc1cbaf,,,,-1.3806933,-48.4537088,,Mangueirão,+55 91 98195-3918,5590000000000.0,ChIJS7wkb_6LpJIRr8vBy6e1wg8,66640-480,$,46,,0,,,,,,Pará,"Av. Mangueirão, 21","Av. Mangueirão, 21",,Bar Monteiro,Bar Monteiro,,https://www.google.com/maps/search/?api=1&query=Bar%20Monteiro&query_place_id=ChIJS7wkb_6LpJIRr8vBy6e1wg8,https://www.lojalocal.com/00042894484291,
"Passagem Liberdade - Mangueirão, Belém - PA, 66640-150, Brasil","Passagem Liberdade - Mangueirão, Belém - Pa, 66640-150, Brasil",Bar,,,,,,,,,Brazilian boteco,6.96e+18,Belém,BR,0x92a48a6e4b40ac0f:0x6092e7c7f9a0b32a,,,,-1.3794911,-48.4512186,,Mangueirão,,,ChIJD6xAS26KpJIRKrOg-cfnkmA,66640-150,$,47,,5,2.0,2.0,1.0,0.0,0.0,Pará,Passagem Liberdade,Passagem Liberdade,,Bar Da Tia,Bar Da Tia,3.8,https://www.google.com/maps/search/?api=1&query=Bar%20Da%20Tia&query_place_id=ChIJD6xAS26KpJIRKrOg-cfnkmA,,
"Av. Padre Bruno Sechi, 10 - Benguí, Belém - PA, 66630-420, Brasil","Av. Padre Bruno Sechi, 10 - Benguí, Belém - Pa, 66630-420, Brasil",Bar,,,,,,,,,Brazilian boteco,1.91e+17,Belém,BR,0x92a46114c8de947d:0x2a6d9b3b4c1323a,,,,-1.3708691,-48.4582503,,Benguí,+55 91 98159-3042,5590000000000.0,ChIJfZTeyBRhpJIROjLBtLPZpgI,66630-420,$,37,,197,127.0,19.0,18.0,21.0,12.0,Pará,"Av. Padre Bruno Sechi, 10","Av. Padre Bruno Sechi, 10",,Bar Parada Obrigatória,Bar Parada Obrigatória,4.1,https://www.google.com/maps/search/?api=1&query=Bar%20Parada%20Obrigat%C3%B3ria&query_place_id=ChIJfZTeyBRhpJIROjLBtLPZpgI,https://www.facebook.com/Bar-Parada-Obrig%C3%A1toria-124798464378694/,
"Tv. Srg. Favarro, 01 - Mangueirão, Belém - PA, 66640-200, Brasil","Tv. Srg. Favarro, 01 - Mangueirão, Belém - Pa, 66640-200, Brasil",Bar,,,,,,,,,Brazilian boteco,2.48e+18,Belém,BR,0x92a48a6d150ca1f7:0x2263a7ba2271dfb9,,,,-1.3795678,-48.4569186,,Mangueirão,,,ChIJ96EMFW2KpJIRud9xIrqnYyI,66640-200,$,31,,16,8.0,4.0,0.0,3.0,1.0,Pará,"Tv. Srg. Favarro, 01","Tv. Srg. Favarro, 01",,Bar do ZECA,Bar Do Zeca,4.2,https://www.google.com/maps/search/?api=1&query=Bar%20do%20ZECA&query_place_id=ChIJ96EMFW2KpJIRud9xIrqnYyI,,
"Entroncamento, Belém - PA, 67020-695, Brasil","Entroncamento, Belém - Pa, 67020-695, Brasil",Bar,,,,,,,,,Brazilian boteco,1.64e+19,Belém,BR,0x92a4f5f938c29b85:0xe3cd50547dabb3ce,,,,-1.4086045,-48.3876183,,Entroncamento,,,ChIJhZvCOPn1pJIRzrOrfVRQzeM,,$,47,,0,,,,,,Pará,,,,Bar & Restaurante,Bar & Restaurante,,https://www.google.com/maps/search/?api=1&query=Bar%20%26%20Restaurante&query_place_id=ChIJhZvCOPn1pJIRzrOrfVRQzeM,,
"Passagem Teixeira, n.02 - Benguí, Belém - PA, 66630-340, Brasil","Passagem Teixeira, N.02 - Benguí, Belém - Pa, 66630-340, Brasil",Bar,,,,,,,,,Brazilian boteco,1.32e+19,Belém,BR,0x92a48b740e6356c1:0xb76cd2a66a6d2574,,,,-1.3740953,-48.4533342,,Benguí,+55 91 98239-6802,5590000000000.0,ChIJwVZjDnSLpJIRdCVtaqbSbLc,66630-340,$,20,,2,1.0,1.0,0.0,0.0,0.0,Pará,"Passagem Teixeira, n.02","Passagem Teixeira, N.02",,Comercial sandra Bar,Comercial Sandra Bar,4.5,https://www.google.com/maps/search/?api=1&query=Comercial%20sandra%20Bar&query_place_id=ChIJwVZjDnSLpJIRdCVtaqbSbLc,,
"Av. Mangueirão - Mangueirão, Belém - PA, 66640-430, Brasil","Av. Mangueirão - Mangueirão, Belém - Pa, 66640-430, Brasil",Bar,,,,,,,,,Brazilian boteco,1.57e+19,Belém,BR,0x92a48a6c2e01d5d9:0xda8c4e92cccdc6f1,,,,-1.3801646,-48.4541678,,Mangueirão,,,ChIJ2dUBLmyKpJIR8cbNzJJOjNo,,$,19,,5,4.0,0.0,0.0,0.0,1.0,Pará,Av. Mangueirão,Av. Mangueirão,,Lima's Bar,Lima'S Bar,4.4,https://www.google.com/maps/search/?api=1&query=Lima's%20Bar&query_place_id=ChIJ2dUBLmyKpJIR8cbNzJJOjNo,,
"R. Principal, 89 - Cabanagem, Belém - PA, 66640-045, Brasil","R. Principal, 89 - Cabanagem, Belém - Pa, 66640-045, Brasil",Bar,,,,,,,,,Brazilian boteco,1.57e+19,Belém,BR,0x92a48a87bfba6495:0xd9a44c51dd0213f2,,,,-1.3771359,-48.4375057,,Cabanagem,,,ChIJlWS6v4eKpJIR8hMC3VFMpNk,66640-045,$,17,,70,44.0,9.0,2.0,12.0,3.0,Pará,"R. Principal, 89","R. Principal, 89",,Bar dos Aposentados,Bar Dos Aposentados,4.3,https://www.google.com/maps/search/?api=1&query=Bar%20dos%20Aposentados&query_place_id=ChIJlWS6v4eKpJIR8hMC3VFMpNk,,
"Cabanagem, Belém - PA, 66650-450, Brasil","Cabanagem, Belém - Pa, 66650-450, Brasil",Bar,,,,,,,,,Brazilian boteco,6.45e+18,Belém,BR,0x92a4602e242d53df:0x5984f007155c7cbf,,,,-1.3636835,-48.4320484,,Cabanagem,+55 91 98829-2203,5590000000000.0,ChIJ31MtJC5gpJIRv3xcFQfwhFk,,$,16,,4,4.0,0.0,0.0,0.0,0.0,Pará,,,,Junios Bar,Junios Bar,5.0,https://www.google.com/maps/search/?api=1&query=Junios%20Bar&query_place_id=ChIJ31MtJC5gpJIRv3xcFQfwhFk,https://www.instagram.com/_bar_do_junior_?igsh=MTBhMjVzNjRja2NzZA==,
"Rod. Transcoqueiro - Mangueirão, Belém - PA, 67113-345, Brasil","Rod. Transcoqueiro - Mangueirão, Belém - Pa, 67113-345, Brasil",Bar,,,,,,,,,Brazilian boteco,4.62e+18,Belém,BR,0x92a48a8f0fefa971:0x402230135234891d,,,,-1.3793725,-48.4318331,,Mangueirão,,,ChIJcanvD4-KpJIRHYk0UhMwIkA,67113-345,$,15,,36,19.0,3.0,6.0,4.0,4.0,Pará,Rod. Transcoqueiro,Rod. Transcoqueiro,,Bar 4 Irmãos,Bar 4 Irmãos,3.7,https://www.google.com/maps/search/?api=1&query=Bar%204%20Irm%C3%A3os&query_place_id=ChIJcanvD4-KpJIRHYk0UhMwIkA,,
"Passagem da Paz - Cabanagem, Belém - PA, Belém, 66625-414, Brasil","Passagem Da Paz - Cabanagem, Belém - Pa, Belém, 66625-414, Brasil",Bar,,,,,,,,,Brazilian boteco,1.46e+19,Belém,BR,0x92a4612741bf9ecb:0xca0e48d68f89786e,,,,-1.3679848,-48.4295561,,Cabanagem,,,ChIJy56_QSdhpJIRbniJj9ZIDso,66625-414,$,6,,35,27.0,5.0,2.0,1.0,0.0,PA,"Passagem da Paz - Cabanagem, Belém - PA, Belém","Passagem Da Paz - Cabanagem, Belém - Pa, Belém",,Bar do Negão,Bar Do Negão,4.6,https://www.google.com/maps/search/?api=1&query=Bar%20do%20Neg%C3%A3o&query_place_id=ChIJy56_QSdhpJIRbniJj9ZIDso,,
"Passagem Tocantins, 307-289 - Cabanagem, Belém - PA, 66625-155, Brasil","Passagem Tocantins, 307-289 - Cabanagem, Belém - Pa, 66625-155, Brasil",Bar,,,,,,,,,Brazilian boteco,1.79e+19,Belém,BR,0x92a46170dcec8b7d:0xf8dc7015afc90838,,,,-1.3685667,-48.4336422,,Cabanagem,,,ChIJfYvs3HBhpJIROAjJrxVw3Pg,66625-155,$,7,,18,15.0,2.0,0.0,1.0,0.0,Pará,"Passagem Tocantins, 307-289","Passagem Tocantins, 307-289",,Bar Da Aparecida,Bar Da Aparecida,4.8,https://www.google.com/maps/search/?api=1&query=Bar%20Da%20Aparecida&query_place_id=ChIJfYvs3HBhpJIROAjJrxVw3Pg,,
"R. Vênus - Entroncamento, Belém - PA, Brasil","R. Vênus - Entroncamento, Belém - Pa, Brasil",Bar,,,,,,,,,Brazilian boteco,5.78e+18,Belém,BR,0x92a4f501bd4fcd4d:0x503b537df97cc7aa,,,,-1.4100352,-48.3887389,,Entroncamento,,,ChIJTc1PvQH1pJIRqsd8-X1TO1A,,$,8,,1,0.0,0.0,0.0,0.0,1.0,Pará,R. Vênus,R. Vênus,,bar e boteco,Bar E Boteco,2.0,https://www.google.com/maps/search/?api=1&query=bar%20e%20boteco&query_place_id=ChIJTc1PvQH1pJIRqsd8-X1TO1A,,
"Passagem Quarubas, 287 - Pedreira, Belém - PA, 66080-570, Brasil","Passagem Quarubas, 287 - Pedreira, Belém - Pa, 66080-570, Brasil",Bar,,,,,,,,,Brazilian boteco,1.21e+19,Belém,BR,0x92a48be9cec5ba43:0xa7eb145e596c4ac1,,,,-1.4159473,-48.4658163,,Pedreira,,,ChIJQ7rFzumLpJIRwUpsWV4U66c,66080-570,$,20,,1,1.0,0.0,0.0,0.0,0.0,Pará,"Passagem Quarubas, 287","Passagem Quarubas, 287",,Bar Rr,Bar Rr,5.0,https://www.google.com/maps/search/?api=1&query=Bar%20Rr&query_place_id=ChIJQ7rFzumLpJIRwUpsWV4U66c,,
"Passagem Bambu, 138 - Pedreira, Belém - PA, 66080-270, Brasil","Passagem Bambu, 138 - Pedreira, Belém - Pa, 66080-270, Brasil",Bar,,,,,,,,,Brazilian boteco,7.92e+18,Belém,BR,0x92a48bdd591dccc9:0x6df72116b299c3b7,,,,-1.4152083,-48.4695877,,Pedreira,,,ChIJycwdWd2LpJIRt8OZshYh920,66080-270,$,99,,0,,,,,,Pará,"Passagem Bambu, 138","Passagem Bambu, 138",,Bar Da Tia Elvira,Bar Da Tia Elvira,,https://www.google.com/maps/search/?api=1&query=Bar%20Da%20Tia%20Elvira&query_place_id=ChIJycwdWd2LpJIRt8OZshYh920,,
"R. Cap. Braga, 200 - Marambaia, Belém - PA, 66623-570, Brasil","R. Cap. Braga, 200 - Marambaia, Belém - Pa, 66623-570, Brasil",Bar,,,,,,,,,Brazilian boteco,4130000000000000.0,Belém,BR,0x92a48b0749c49997:0xea88c2b86d96a,,,,-1.4040067,-48.4375649,,Marambaia,,,ChIJl5nESQeLpJIRatmGK4yoDgA,66623-570,$,97,,0,,,,,,Pará,"R. Cap. Braga, 200","R. Cap. Braga, 200",,BAR DO MOE'S,Bar Do Moe'S,,https://www.google.com/maps/search/?api=1&query=BAR%20DO%20MOE'S&query_place_id=ChIJl5nESQeLpJIRatmGK4yoDgA,,
"R. Teodoro Palmeira, 161 - Sacramenta, Belém - PA, 66123-330, Brasil","R. Teodoro Palmeira, 161 - Sacramenta, Belém - Pa, 66123-330, Brasil",Bar,,,,,,,,,Brazilian boteco,3.1e+18,Belém,BR,0x92a48b002a664dab:0x2af882279fb8b933,,,,-1.4061249,-48.4701054,,Sacramenta,,,ChIJq01mKgCLpJIRM7m4nyeC-Co,66123-330,$,85,,0,,,,,,Pará,"R. Teodoro Palmeira, 161","R. Teodoro Palmeira, 161",,Bar Mercearia - Nezir,Bar Mercearia - Nezir,,https://www.google.com/maps/search/?api=1&query=Bar%20Mercearia%20-%20Nezir&query_place_id=ChIJq01mKgCLpJIRM7m4nyeC-Co,,
"R. Prainha, 179 - Marambaia, Belém - PA, 66623-012, Brasil","R. Prainha, 179 - Marambaia, Belém - Pa, 66623-012, Brasil",Bar,,,,,,,,,Brazilian boteco,1.69e+19,Belém,BR,0x92a48b5c6913d3e7:0xeaedc0e2ed6cd6ce,,,,-1.4049309,-48.4359281,,Marambaia,+55 91 98866-3074,5590000000000.0,ChIJ59MTaVyLpJIRztZs7eLA7eo,66623-012,$,86,,0,,,,,,Pará,"R. Prainha, 179","R. Prainha, 179",,Prainha Bar,Prainha Bar,,https://www.google.com/maps/search/?api=1&query=Prainha%20Bar&query_place_id=ChIJ59MTaVyLpJIRztZs7eLA7eo,,
"R. José Hassegawa, 18 - Castanheira, Belém - PA, 66645-070, Brasil","R. José Hassegawa, 18 - Castanheira, Belém - Pa, 66645-070, Brasil",Bar,,,,,,,,,Brazilian boteco,4.99e+18,Belém,BR,0x92a48b25d3d2fa97:0x45433e62efc394d8,,,,-1.4098449,-48.4264637,,Castanheira,,,ChIJl_rS0yWLpJIR2JTD72I-Q0U,66645-070,$,75,,0,,,,,,Pará,"R. José Hassegawa, 18","R. José Hassegawa, 18",,Bar do Laio,Bar Do Laio,,https://www.google.com/maps/search/?api=1&query=Bar%20do%20Laio&query_place_id=ChIJl_rS0yWLpJIR2JTD72I-Q0U,,
"Av. Rodolfo Chermont, 1607 - Marambaia, Belém - PA, 66615-170, Brasil","Av. Rodolfo Chermont, 1607 - Marambaia, Belém - Pa, 66615-170, Brasil",Bar,Bar de cervejas,Cervejaria,Local com música ao vivo,Restaurante,Bar esportivo,,,,Brazilian boteco,1.11e+19,Belém,BR,0x92a48b4ff61fdd83:0x99adb9ffc3fa528e,,,,-1.3950333,-48.4540854,,Marambaia,+55 91 99943-4291,5590000000000.0,ChIJg90f9k-LpJIRjlL6w_-5rZk,66615-170,$,82,,65,42.0,6.0,11.0,5.0,1.0,Pará,"Av. Rodolfo Chermont, 1607","Av. Rodolfo Chermont, 1607",,Boteco Santa Matta - Bar e Restaurante,Boteco Santa Matta - Bar E Restaurante,4.0,https://www.google.com/maps/search/?api=1&query=Boteco%20Santa%20Matta%20-%20Bar%20e%20Restaurante&query_place_id=ChIJg90f9k-LpJIRjlL6w_-5rZk,,
"Passagem Jarbas Passarinho, 47 a - Marambaia, Belém - PA, 66620-490, Brasil","Passagem Jarbas Passarinho, 47 A - Marambaia, Belém - Pa, 66620-490, Brasil",Bar,,,,,,,,,Brazilian boteco,7.56e+18,Belém,BR,0x92a48bb406ec04ab:0x68f4d4071810b66a,,,,-1.3973747,-48.4526691,,Marambaia,+55 91 3231-7575,559000000000.0,ChIJqwTsBrSLpJIRarYQGAfU9Gg,66620-490,$,74,,0,,,,,,Pará,"Passagem Jarbas Passarinho, 47 a","Passagem Jarbas Passarinho, 47 A",,Bar da Célia,Bar Da Célia,,https://www.google.com/maps/search/?api=1&query=Bar%20da%20C%C3%A9lia&query_place_id=ChIJqwTsBrSLpJIRarYQGAfU9Gg,,
"R. Cap. Braga, 2 - Marambaia, Belém - PA, 66623-570, Brasil","R. Cap. Braga, 2 - Marambaia, Belém - Pa, 66623-570, Brasil",Bar,,,,,,,,,Brazilian boteco,1.77e+18,Belém,BR,0x92a48b073459c019:0x18835f158b7af052,,,,-1.4053475,-48.4390165,,Marambaia,+55 989484906,,ChIJGcBZNAeLpJIRUvB6ixVfgxg,66623-570,$,72,,8,6.0,0.0,0.0,1.0,1.0,Pará,"R. Cap. Braga, 2","R. Cap. Braga, 2",,BAR DA DULCE,Bar Da Dulce,4.4,https://www.google.com/maps/search/?api=1&query=BAR%20DA%20DULCE&query_place_id=ChIJGcBZNAeLpJIRUvB6ixVfgxg,,
"Passagem do Arame - Marambaia, Belém - PA, 66623-170, Brasil","Passagem Do Arame - Marambaia, Belém - Pa, 66623-170, Brasil",Bar,,,,,,,,,Brazilian boteco,5.9e+18,Belém,BR,0x92a48bf3e0caea95:0x51d2dc10c467fc18,,,,-1.4010747,-48.4461784,,Marambaia,+55 91 98027-6270,5590000000000.0,ChIJlerK4POLpJIRGPxnxBDc0lE,66623-170,$,66,,2,0.0,1.0,0.0,1.0,0.0,Pará,Passagem do Arame,Passagem Do Arame,,Bar do Baixinho,Bar Do Baixinho,3.5,https://www.google.com/maps/search/?api=1&query=Bar%20do%20Baixinho&query_place_id=ChIJlerK4POLpJIRGPxnxBDc0lE,,
"Tv. H, 7 - Marambaia, Belém - PA, 66623-319, Brasil","Tv. H, 7 - Marambaia, Belém - Pa, 66623-319, Brasil",Bar,,,,,,,,,Brazilian boteco,1.55e+18,Belém,BR,0x92a48b0049b2efcd:0x1587012d8d831755,,,,-1.3994775,-48.4416646,,Marambaia,,,ChIJze-ySQCLpJIRVReDjS0BhxU,66623-319,$,63,,0,,,,,,Pará,"Tv. H, 7","Tv. H, 7",,Bar do Afonso,Bar Do Afonso,,https://www.google.com/maps/search/?api=1&query=Bar%20do%20Afonso&query_place_id=ChIJze-ySQCLpJIRVReDjS0BhxU,,
"Av. Marquês de Herval, 2356 - Pedreira, Belém - PA, 66085-317, Brasil","Av. Marquês De Herval, 2356 - Pedreira, Belém - Pa, 66085-317, Brasil",Bar e Grill,,,,,,,,,Bar & grill,7.34e+18,Belém,BR,0x92a48be81f1047e7:0x65e8dc1a85eb20ae,,,,-1.4210637,-48.4634882,https://linktr.ee/ELMiradorespetobar?fbclid=PAZXh0bgNhZW0CMTEAAaZhiIW0mVsOlnhN5rENDzYZCrZsV0HYFq51bV23cz7BNllWSz2rRLHjrQs_aem_AavRuG7eA8NvQmZUOaI7divw5sG10WWKojdgSH5UMOYBT5ANU6M5wvcvHcg90lR-NiNHp49rGmYddStbl78euipc,Pedreira,+55 91 98462-4434,5590000000000.0,ChIJ50cQH-iLpJIRriDrhRrc6GU,66085-317,$$,68,,20,17.0,2.0,0.0,1.0,0.0,Pará,"Av. Marquês de Herval, 2356","Av. Marquês De Herval, 2356",,EL MIRADOR Espeto Bar,El Mirador Espeto Bar,4.8,https://www.google.com/maps/search/?api=1&query=EL%20MIRADOR%20Espeto%20Bar&query_place_id=ChIJ50cQH-iLpJIRriDrhRrc6GU,http://elmiradorbuteco.com/,
"Sacramenta, Belém - PA, 68447-000, Brasil","Sacramenta, Belém - Pa, 68447-000, Brasil",Bar,,,,,,,,,Brazilian boteco,4.86e+18,Belém,BR,0x92a48bd201e8465f:0x436f83a88e9b93f7,,,,-1.4043607,-48.4689711,,Sacramenta,,,ChIJX0boAdKLpJIR95ObjqiDb0M,,$,71,,2,2.0,0.0,0.0,0.0,0.0,Pará,,,,Bar Do Gil,Bar Do Gil,5.0,https://www.google.com/maps/search/?api=1&query=Bar%20Do%20Gil&query_place_id=ChIJX0boAdKLpJIR95ObjqiDb0M,,
"Tv. Lomas Valentinas - Pedreira, Belém - PA, 68447-000, Brasil","Tv. Lomas Valentinas - Pedreira, Belém - Pa, 68447-000, Brasil",Bar,,,,,,,,,Brazilian boteco,5.28e+18,Belém,BR,0x92a48bfa7efd305d:0x493fa6fdfa4de05f,,,,-1.4246477,-48.4688941,,Pedreira,+55 91 3233-1268,559000000000.0,ChIJXTD9fvqLpJIRX-BN-v2mP0k,,$,57,,67,51.0,9.0,1.0,6.0,0.0,Pará,Tv. Lomas Valentinas,Tv. Lomas Valentinas,,Bar da Castanheira,Bar Da Castanheira,4.6,https://www.google.com/maps/search/?api=1&query=Bar%20da%20Castanheira&query_place_id=ChIJXTD9fvqLpJIRX-BN-v2mP0k,https://www.facebook.com/BarDaCastanheira1/?fref=ts,
"Passagem Salvador, 392-412 - Sacramenta, Belém - PA, 66123-280, Brasil","Passagem Salvador, 392-412 - Sacramenta, Belém - Pa, 66123-280, Brasil",Bar,,,,,,,,,Brazilian boteco,4.23e+18,Belém,BR,0x92a48bbba8bc495f:0x3abc149d4b671290,,,,-1.4063726,-48.4721671,,Sacramenta,,,ChIJX0m8qLuLpJIRkBJnS50UvDo,66123-280,$,49,,3,1.0,0.0,0.0,2.0,0.0,Pará,"Passagem Salvador, 392-412","Passagem Salvador, 392-412",,Bar da Ana,Bar Da Ana,3.7,https://www.google.com/maps/search/?api=1&query=Bar%20da%20Ana&query_place_id=ChIJX0m8qLuLpJIRkBJnS50UvDo,,
"Passage Ana Dantas, 147 - Sacramenta, Belém - PA, 68447-000, Brasil","Passage Ana Dantas, 147 - Sacramenta, Belém - Pa, 68447-000, Brasil",Bar,,,,,,,,,Brazilian boteco,1.02e+19,Belém,BR,0x92a48bdd36d71adf:0x8d1b5acd60345868,,,,-1.4072398,-48.469716,,Sacramenta,+55 91 99611-6095,5590000000000.0,ChIJ3xrXNt2LpJIRaFg0YM1aG40,68447-000,$,47,,1,1.0,0.0,0.0,0.0,0.0,Pará,"Passage Ana Dantas, 147","Passage Ana Dantas, 147",,Bar da nete (bar e restaurante),Bar Da Nete (Bar E Restaurante),5.0,https://www.google.com/maps/search/?api=1&query=Bar%20da%20nete%20(bar%20e%20restaurante)&query_place_id=ChIJ3xrXNt2LpJIRaFg0YM1aG40,,
"Passagem Quarubas, 301 - Pedreira, Belém - PA, 66080-570, Brasil","Passagem Quarubas, 301 - Pedreira, Belém - Pa, 66080-570, Brasil",Bar,,,,,,,,,Brazilian boteco,1.33e+19,Belém,BR,0x92a48be9cf007ab3:0xb841ce724d95880a,,,,-1.4157932,-48.465853,,Pedreira,,,ChIJs3oAz-mLpJIRCoiVTXLOQbg,66080-570,$,43,,102,81.0,10.0,1.0,8.0,2.0,Pará,"Passagem Quarubas, 301","Passagem Quarubas, 301",,Bar e Lanchonete J.SA,Bar E Lanchonete J.Sa,4.6,https://www.google.com/maps/search/?api=1&query=Bar%20e%20Lanchonete%20J.SA&query_place_id=ChIJs3oAz-mLpJIRCoiVTXLOQbg,,
"Av. Marquês de Herval, 1812 - Pedreira, Belém - PA, 68087-320, Brasil","Av. Marquês De Herval, 1812 - Pedreira, Belém - Pa, 68087-320, Brasil",Bar,,,,,,,,,Brazilian boteco,9.67e+18,Belém,BR,0x92a48bf0dfd0b17b:0x8621609287d8c2a2,,,,-1.4254243,-48.4663084,,Pedreira,+55 91 98029-8025,5590000000000.0,ChIJe7HQ3_CLpJIRosLYh5JgIYY,68087-320,$,40,,448,324.0,71.0,10.0,39.0,4.0,Pará,"Av. Marquês de Herval, 1812","Av. Marquês De Herval, 1812",,Bar Da Loura,Bar Da Loura,4.6,https://www.google.com/maps/search/?api=1&query=Bar%20Da%20Loura&query_place_id=ChIJe7HQ3_CLpJIRosLYh5JgIYY,,
"Av. Marquês de Herval, 1823 - Pedreira, Belém - PA, 66085-317, Brasil","Av. Marquês De Herval, 1823 - Pedreira, Belém - Pa, 66085-317, Brasil",Bares,,,,,,,,,Pub,6.65e+18,Belém,BR,0x92a48b1c1fcd5ad9:0x5c4ac8021ba0f123,,,,-1.4252987,-48.466795,,Pedreira,+55 91 98948-1007,5590000000000.0,ChIJ2VrNHxyLpJIRI_GgGwLISlw,66085-317,$$,38,,72,60.0,6.0,3.0,3.0,0.0,Pará,"Av. Marquês de Herval, 1823","Av. Marquês De Herval, 1823",,Bar Clube do Rock,Bar Clube Do Rock,4.7,https://www.google.com/maps/search/?api=1&query=Bar%20Clube%20do%20Rock&query_place_id=ChIJ2VrNHxyLpJIRI_GgGwLISlw,https://www.instagram.com/clubedo_rock/,
"Tv. Perebebuí, 1051 - Pedreira, Belém - PA, 66083-773, Brasil","Tv. Perebebuí, 1051 - Pedreira, Belém - Pa, 66083-773, Brasil",Gastropub,Chop bar,Bar,Hamburgueria,Pub irlandês,Restaurante,Local de apresentações de rock,,,Pub,1.44e+19,Belém,BR,0x92a48b5c591a298f:0xc79ae4145fd10058,,"https://food.google.com/chooseprovider?restaurantId=/g/11fnv_rznj&g2lbs=AOHF13kO3o56Ap7N2tCzne4o4OZU342-QNF_wrgljM_c__LG98anPnbHCAb-lTwpFgfIQXkjodfsx30sYc1UC7vITmZjRRLaXO6pOWQMdsBg0s8wK71Truo%3D&hl=pt-BR&gl=us&fo_m=MfohQo559jFvMUOzJVpjPL1YMfZ3bInYwBDuMfaXTPp5KXh-&utm_source=tactile&gei=oHexZtvJDJjbptQP4ZXg2QI&ei=oHexZtvJDJjbptQP4ZXg2QI&fo_s=OA,SOE&opi=79508299&foub=mcpp",,-1.4211929,-48.4657057,https://contate.me/rock-pub1051,Pedreira,+55 91 98409-6576,5590000000000.0,ChIJjykaWVyLpJIRWADRXxTkmsc,66083-773,$$,36,,151,128.0,16.0,3.0,4.0,0.0,Pará,"Tv. Perebebuí, 1051","Tv. Perebebuí, 1051",,Rockpub1051,Rockpub1051,4.8,https://www.google.com/maps/search/?api=1&query=Rockpub1051&query_place_id=ChIJjykaWVyLpJIRWADRXxTkmsc,https://www.rockpub1051.com/,
"Av. Dalva, 318 - Marambaia, Belém - PA, 66615-850, Brasil","Av. Dalva, 318 - Marambaia, Belém - Pa, 66615-850, Brasil",Bar,,,,,,,,,Brazilian boteco,1.28e+19,Belém,BR,0x92a48bac02a48dad:0xb1447a21db2b6fd5,,,,-1.4038373,-48.4443221,,Marambaia,+55 91 98228-3121,5590000000000.0,ChIJrY2kAqyLpJIR1W8r2yF6RLE,66615-850,$,32,,174,113.0,31.0,7.0,13.0,10.0,Pará,"Av. Dalva, 318","Av. Dalva, 318",,Bar Maramba's Beer,Bar Maramba'S Beer,4.3,https://www.google.com/maps/search/?api=1&query=Bar%20Maramba's%20Beer&query_place_id=ChIJrY2kAqyLpJIR1W8r2yF6RLE,http://www.facebook.com/BarMarambasBeer,
"R. da Mata, 244A - Marambaia, Belém - PA, 66623-710, Brasil","R. Da Mata, 244A - Marambaia, Belém - Pa, 66623-710, Brasil",Bar,,,,,,,,,Brazilian boteco,6.45e+18,Belém,BR,0x92a48bb2fd86eed3:0x598de3aa0b84512d,,,,-1.4018589,-48.4512317,,Marambaia,+55 91 98183-6824,5590000000000.0,ChIJ0-6G_bKLpJIRLVGEC6rjjVk,66623-710,$,18,,29,19.0,3.0,2.0,3.0,2.0,Pará,"R. da Mata, 244A","R. Da Mata, 244A",,Mendes Bar,Mendes Bar,4.2,https://www.google.com/maps/search/?api=1&query=Mendes%20Bar&query_place_id=ChIJ0-6G_bKLpJIRLVGEC6rjjVk,,
"Tv. Perebebuí - Pedreira, Belém - PA, 66085-026, Brasil","Tv. Perebebuí - Pedreira, Belém - Pa, 66085-026, Brasil",Bar,,,,,,,,,Brazilian boteco,1.3e+19,Belém,BR,0x92a48bef0604eea9:0xb3d42ead09972252,,,,-1.4206633,-48.4667154,,Pedreira,,,ChIJqe4EBu-LpJIRUiKXCa0u1LM,,$,16,,28,16.0,6.0,3.0,3.0,0.0,Pará,Tv. Perebebuí,Tv. Perebebuí,,Bar Da Creuza,Bar Da Creuza,4.1,https://www.google.com/maps/search/?api=1&query=Bar%20Da%20Creuza&query_place_id=ChIJqe4EBu-LpJIRUiKXCa0u1LM,,
"R. Areia Branca, 329 - Marambaia, Belém - PA, 66623-580, Brasil","R. Areia Branca, 329 - Marambaia, Belém - Pa, 66623-580, Brasil",Bar,Restaurante,,,,,,,,Brazilian boteco,7.1e+18,Belém,BR,0x92a48baa6bcf32b3:0x629590a14e11e543,,,,-1.402618,-48.4398914,,Marambaia,,,ChIJszLPa6qLpJIRQ-URTqGQlWI,66623-580,$,15,,35,24.0,5.0,2.0,2.0,2.0,Pará,"R. Areia Branca, 329","R. Areia Branca, 329",,Barcelona Bar,Barcelona Bar,4.3,https://www.google.com/maps/search/?api=1&query=Barcelona%20Bar&query_place_id=ChIJszLPa6qLpJIRQ-URTqGQlWI,,
"Passagem Samaritana, 78 - Marambaia, Belém - PA, 66615-060, Brasil","Passagem Samaritana, 78 - Marambaia, Belém - Pa, 66615-060, Brasil",Bar,,,,,,,,,Brazilian boteco,3.16e+18,Belém,BR,0x92a48baa33c01c5d:0x2bc8f4d2415745c2,,,,-1.4030816,-48.4410548,,Marambaia,,,ChIJXRzAM6qLpJIRwkVXQdL0yCs,66615-060,$,14,,16,13.0,1.0,0.0,1.0,1.0,Pará,"Passagem Samaritana, 78","Passagem Samaritana, 78",,Bar do Jorge,Bar Do Jorge,4.6,https://www.google.com/maps/search/?api=1&query=Bar%20do%20Jorge&query_place_id=ChIJXRzAM6qLpJIRwkVXQdL0yCs,,
"Passagem Nossa Sra. das Graças - Marambaia, Belém - PA, 68447-000, Brasil","Passagem Nossa Sra. Das Graças - Marambaia, Belém - Pa, 68447-000, Brasil",Bar,,,,,,,,,Brazilian boteco,1.64e+19,Belém,BR,0x92a48b604d6ce00f:0xe34c12a5bb86a335,,,,-1.4063054,-48.4606065,,Marambaia,,,ChIJD-BsTWCLpJIRNaOGu6USTOM,68447-000,$,12,,1,1.0,0.0,0.0,0.0,0.0,Pará,Passagem Nossa Sra. das Graças,Passagem Nossa Sra. Das Graças,,Bar e conveniência conexao do chopp,Bar E Conveniência Conexao Do Chopp,5.0,https://www.google.com/maps/search/?api=1&query=Bar%20e%20conveni%C3%AAncia%20conexao%20do%20chopp&query_place_id=ChIJD-BsTWCLpJIRNaOGu6USTOM,,
"R. Areia Branca - Marambaia, Belém - PA, 66623-550, Brasil","R. Areia Branca - Marambaia, Belém - Pa, 66623-550, Brasil",Bar,,,,,,,,,Brazilian boteco,1.05e+19,Belém,BR,0x92a48b0ec0833c87:0x911ce3a58cede9c8,,,,-1.4035934,-48.4392263,,Marambaia,,,ChIJhzyDwA6LpJIRyOntjKXjHJE,66623-550,$,10,,4,3.0,1.0,0.0,0.0,0.0,Pará,R. Areia Branca,R. Areia Branca,,Bar Kada,Bar Kada,4.8,https://www.google.com/maps/search/?api=1&query=Bar%20Kada&query_place_id=ChIJhzyDwA6LpJIRyOntjKXjHJE,,
"R. Péricles Guedes de Oliveira - Castanheira, Belém - PA, 66645-290, Brasil","R. Péricles Guedes De Oliveira - Castanheira, Belém - Pa, 66645-290, Brasil",Bar,,,,,,,,,Brazilian boteco,1.75e+19,Belém,BR,0x92a48b9e5bfbadbd:0xf25ddd16db612a1d,,,,-1.4019852,-48.4315916,,Castanheira,,,ChIJva37W56LpJIRHSph2xbdXfI,66645-290,$,9,,66,39.0,10.0,7.0,9.0,1.0,Pará,R. Péricles Guedes de Oliveira,R. Péricles Guedes De Oliveira,,Bar E Restaurante Gera Samba,Bar E Restaurante Gera Samba,4.1,https://www.google.com/maps/search/?api=1&query=Bar%20E%20Restaurante%20Gera%20Samba&query_place_id=ChIJva37W56LpJIRHSph2xbdXfI,,
"Av. Rodolfo Chermont, 668 - Marambaia, Belém - PA, 66615-170, Brasil","Av. Rodolfo Chermont, 668 - Marambaia, Belém - Pa, 66615-170, Brasil",Bar,,,,,,,,,Brazilian boteco,1.05e+19,Belém,BR,0x92a48bb3f2b167e3:0x9150986bae595cce,,,,-1.4030668,-48.4531808,,Marambaia,,,ChIJ42ex8rOLpJIRzlxZrmuYUJE,66615-170,$,8,,8,5.0,1.0,1.0,1.0,0.0,Pará,"Av. Rodolfo Chermont, 668","Av. Rodolfo Chermont, 668",,Naza's Bar,Naza'S Bar,4.1,https://www.google.com/maps/search/?api=1&query=Naza's%20Bar&query_place_id=ChIJ42ex8rOLpJIRzlxZrmuYUJE,,
"Tv. Perebebuí, 1882 - Marco, Belém - PA, 68447-000, Brasil","Tv. Perebebuí, 1882 - Marco, Belém - Pa, 68447-000, Brasil",Bar,,,,,,,,,Brazilian boteco,7.92e+18,Belém,BR,0x92a48c03463b7cf9:0x6de6d3be07adfd9c,,,,-1.4250777,-48.460525,,Marco,+55 982347749,,ChIJ-Xw7RgOMpJIRnP2tB77T5m0,,$,5,,77,61.0,8.0,5.0,3.0,0.0,Pará,"Tv. Perebebuí, 1882","Tv. Perebebuí, 1882",,AP Bar e Conveniência,Ap Bar E Conveniência,4.6,https://www.google.com/maps/search/?api=1&query=AP%20Bar%20e%20Conveni%C3%AAncia&query_place_id=ChIJ-Xw7RgOMpJIRnP2tB77T5m0,https://www.lojalocal.com/amstel/00089194101272,
"Tv. Alferes Costa, 2796 - Pedreira, Belém - PA, 66083-108, Brasil","Tv. Alferes Costa, 2796 - Pedreira, Belém - Pa, 66083-108, Brasil",Bar,,,,,,,,,Brazilian boteco,1.12e+19,Belém,BR,0x92a48b8c9738dbed:0x9bb79590aeb7c710,,,,-1.4256166,-48.4572144,,Pedreira,,,ChIJ7ds4l4yLpJIREMe3rpCVt5s,66083-108,$,3,,46,31.0,7.0,0.0,6.0,2.0,Pará,"Tv. Alferes Costa, 2796","Tv. Alferes Costa, 2796",,BAR DO VICENTE,Bar Do Vicente,4.5,https://www.google.com/maps/search/?api=1&query=BAR%20DO%20VICENTE&query_place_id=ChIJ7ds4l4yLpJIREMe3rpCVt5s,,
"Passagem Snapp, 750 - Castanheira, Belém - PA, 66645-420, Brasil","Passagem Snapp, 750 - Castanheira, Belém - Pa, 66645-420, Brasil",Bar,,,,,,,,,Brazilian boteco,9.98e+18,Belém,BR,0x92a48b021205f499:0x8a7e66f32f90b565,,,,-1.3985251,-48.4321577,,Castanheira,,,ChIJmfQFEgKLpJIRZbWQL_Nmfoo,66645-420,$,7,,8,4.0,2.0,0.0,1.0,1.0,Pará,"Passagem Snapp, 750","Passagem Snapp, 750",,Bar Do Olhão,Bar Do Olhão,4.1,https://www.google.com/maps/search/?api=1&query=Bar%20Do%20Olh%C3%A3o&query_place_id=ChIJmfQFEgKLpJIRZbWQL_Nmfoo,,
"R. Prainha - Marambaia, Belém - PA, 66623-012, Brasil","R. Prainha - Marambaia, Belém - Pa, 66623-012, Brasil",Bar,,,,,,,,,Brazilian boteco,7.91e+18,Belém,BR,0x92a48b026adb40db:0x6db6a709d347f462,,,,-1.4044463,-48.435943,,Marambaia,+55 91 98547-5911,5590000000000.0,ChIJ20DbagKLpJIRYvRH0wmntm0,66623-012,$,2,,4,3.0,1.0,0.0,0.0,0.0,Pará,R. Prainha,R. Prainha,,H. M Bar e Restô,H. M Bar E Restô,4.8,https://www.google.com/maps/search/?api=1&query=H.%20M%20Bar%20e%20Rest%C3%B4&query_place_id=ChIJ20DbagKLpJIRYvRH0wmntm0,,
"R. Cap. Braga, 220 - Marambaia, Belém - PA, 66615-080, Brasil","R. Cap. Braga, 220 - Marambaia, Belém - Pa, 66615-080, Brasil",Bar,,,,,,,,,Brazilian boteco,9.07e+18,Belém,BR,0x92a48bdc0c548ae5:0x7dde3cb63cc02297,,"https://food.google.com/chooseprovider?restaurantId=/g/11lwt1trh5&g2lbs=AOHF13l0dnQuqKSfLuA5JJFU-jTARULt5WuKpOA9Qr789xp4iFbKtdHqv6xTGfn7BUaDw8BYELcCA9GWJ36KRsRdY8fqWpqKRh6ZBG36TF3fYJopUQNl28w%3D&hl=pt-BR&gl=us&fo_m=MfohQo559jFvMUOzJVpjPL1YMfZ3bInYwBDuMfaXTPp5KXh-&utm_source=tactile&gei=7XexZqiwKKbsptQP6NDAgAM&ei=7XexZqiwKKbsptQP6NDAgAM&fo_s=OA,SOE&opi=79508299&foub=mcpp",,-1.4038759,-48.437449,https://www.instagram.com/s/aGlnaGxpZ2h0OjE3ODk1NDAzNzM2MTQ1Mzc4?story_media_id=2602027852838031280_41926771735&utm_medium=copy_link,Marambaia,+55 91 99837-4146,5590000000000.0,ChIJ5YpUDNyLpJIRlyLAPLY83n0,66615-080,$,1,,10,8.0,2.0,0.0,0.0,0.0,Pará,"R. Cap. Braga, 220","R. Cap. Braga, 220",,Boteco Da Praca Bar & Restô,Boteco Da Praca Bar & Restô,4.8,https://www.google.com/maps/search/?api=1&query=Boteco%20Da%20Praca%20Bar%20%26%20Rest%C3%B4&query_place_id=ChIJ5YpUDNyLpJIRlyLAPLY83n0,https://instagram.com/botecodapracabareresto?utm_medium=copy_link,
