address,addressFormatted,categories/0,categories/1,categories/2,categories/3,categories/4,categories/5,categories/6,categories/7,categories/8,categoryName,cid,city,countryCode,fid,googleFoodUrl,locatedIn,location/lat,location/lng,menu,neighborhood,phone,phoneUnformatted,placeId,postalCode,price,rank,reserveTableUrl,reviewsCount,reviewsDistribution/fiveStar,reviewsDistribution/fourStar,reviewsDistribution/oneStar,reviewsDistribution/threeStar,reviewsDistribution/twoStar,state,street,streetFormatted,subTitle,title,titleFormatted,totalScore,url,website,businessTime
"R. Lauro Sodré, 886 - Terra Firme, Belém - PA, 66077-291, Brazil","R. Lauro Sodré, 886 - Terra Firme, Belém - Pa, 66077-291, Brazil",Ice cream shop,Food bank,,,,,,,,Açaí shop,1.61e+19,Belém,BR,0x92a48c4c239a57e7:0xdf790cee6ceb5563,,,-1.4555742,-48.4522166,,Terra Firme,,,ChIJ51eaI0yMpJIRY1XrbO4Med8,66077-291,,58.0,,0.0,,,,,,State of Pará,"R. Lauro Sodré, 886","R. Lauro Sodré, 886",,Açaí Du Bom,Açaí Du Bom,,https://www.google.com/maps/search/?api=1&query=A%C3%A7a%C3%AD%20Du%20Bom&query_place_id=ChIJ51eaI0yMpJIRY1XrbO4Med8,,
"Passagem Ceará, 67 - Terra Firme, Belém - PA, 66073-130, Brazil","Passagem Ceará, 67 - Terra Firme, Belém - Pa, 66073-130, Brazil",Açaí shop,,,,,,,,,Açaí shop,1.18e+19,Belém,BR,0x92a48d854f9b4b35:0xa40f2bdac2a50891,,,-1.4638231,-48.4566323,,Terra Firme,,,ChIJNUubT4WNpJIRkQilwtorD6Q,66073-130,,57.0,,2.0,2.0,0.0,0.0,0.0,0.0,State of Pará,"Passagem Ceará, 67","Passagem Ceará, 67",,Açaí BR,Açaí Br,5.0,https://www.google.com/maps/search/?api=1&query=A%C3%A7a%C3%AD%20BR&query_place_id=ChIJNUubT4WNpJIRkQilwtorD6Q,,
"Tv. dos Apinagés, 652 - Batista Campos, Belém - PA, 66030-460, Brazil","Tv. Dos Apinagés, 652 - Batista Campos, Belém - Pa, 66030-460, Brazil",Açaí shop,,,,,,,,,Açaí shop,3.77e+18,Belém,BR,0x92a48f2b8450488d:0x3458d3aebc782995,,,-1.464583,-48.4881464,,Batista Campos,+55 91 98318-6823,5590000000000.0,ChIJjUhQhCuPpJIRlSl4vK7TWDQ,66030-460,,81.0,,0.0,,,,,,State of Pará,"Tv. dos Apinagés, 652","Tv. Dos Apinagés, 652",,Clube do Açaí,Clube Do Açaí,,https://www.google.com/maps/search/?api=1&query=Clube%20do%20A%C3%A7a%C3%AD&query_place_id=ChIJjUhQhCuPpJIRlSl4vK7TWDQ,,
"Av. Gentil Bitencourt, 92A - Terra Firme, Belém - PA, 66035-340, Brazil","Av. Gentil Bitencourt, 92A - Terra Firme, Belém - Pa, 66035-340, Brazil",Açaí shop,,,,,,,,,Açaí shop,8.57e+18,Belém,BR,0x92a48d2c2f570a01:0x76fb6586b0970066,,,-1.4552268,-48.4551906,,Terra Firme,+55 91 98072-6732,5590000000000.0,ChIJAQpXLyyNpJIRZgCXsIZl-3Y,66035-340,,20.0,,5.0,5.0,0.0,0.0,0.0,0.0,State of Pará,"Av. Gentil Bitencourt, 92A","Av. Gentil Bitencourt, 92A",,Tavares açaí,Tavares Açaí,5.0,https://www.google.com/maps/search/?api=1&query=Tavares%20a%C3%A7a%C3%AD&query_place_id=ChIJAQpXLyyNpJIRZgCXsIZl-3Y,,
"R. Paulo Cícero, 11 - Guamá, Belém - PA, 66065-263, Brazil","R. Paulo Cícero, 11 - Guamá, Belém - Pa, 66065-263, Brazil",Restaurant,,,,,,,,,Açaí shop,8.61e+18,Belém,BR,0x92a48d925e57ba6f:0x778d3b0c65bf8469,,,-1.4696906,-48.4642987,,Guamá,+55 91 99388-2567,5590000000000.0,ChIJb7pXXpKNpJIRaYS_ZQw7jXc,66065-263,,36.0,,1.0,1.0,0.0,0.0,0.0,0.0,State of Pará,"R. Paulo Cícero, 11","R. Paulo Cícero, 11",,Açaí do Danilo,Açaí Do Danilo,5.0,https://www.google.com/maps/search/?api=1&query=A%C3%A7a%C3%AD%20do%20Danilo&query_place_id=ChIJb7pXXpKNpJIRaYS_ZQw7jXc,,
"R. Vinte e Sete de Setembro, 77 - Montese Ou T Firme, Belém - PA, 66079-410, Brazil","R. Vinte E Sete De Setembro, 77 - Montese Ou T Firme, Belém - Pa, 66079-410, Brazil",Restaurant,,,,,,,,,Açaí shop,1.43e+19,Belém,BR,0x92a48d003df4d3ef:0xc70ffced780acde6,,,-1.4645301,-48.4494381,,Montese Ou T Firme,+55 91 98035-3421,5590000000000.0,ChIJ79P0PQCNpJIR5s0KeO38D8c,66079-410,,59.0,,0.0,,,,,,State of Pará,"R. Vinte e Sete de Setembro, 77","R. Vinte E Sete De Setembro, 77",,Açaí Deus é fiel,Açaí Deus É Fiel,,https://www.google.com/maps/search/?api=1&query=A%C3%A7a%C3%AD%20Deus%20%C3%A9%20fiel&query_place_id=ChIJ79P0PQCNpJIR5s0KeO38D8c,,
"R. São Domingos, 30a - Terra Firme, Belém - PA, 66077-650, Brazil","R. São Domingos, 30A - Terra Firme, Belém - Pa, 66077-650, Brazil",Restaurant,,,,,,,,,Açaí shop,1.2e+19,Belém,BR,0x92a48d2468fcbb8f:0xa699903d11016e43,,Terra firme,-1.4597852,-48.4536039,,Terra Firme,,,ChIJj7v8aCSNpJIRQ24BET2QmaY,66077-650,,80.0,,1.0,1.0,0.0,0.0,0.0,0.0,State of Pará,"R. São Domingos, 30a","R. São Domingos, 30A",,JR AÇAÍ,Jr Açaí,5.0,https://www.google.com/maps/search/?api=1&query=JR%20A%C3%87A%C3%8D&query_place_id=ChIJj7v8aCSNpJIRQ24BET2QmaY,,Monday-Sunday: 8 AM to 2 PM
"R. Barão de Igarapé Miri, 1360A - Guamá, Belém - PA, 66075-045, Brazil","R. Barão De Igarapé Miri, 1360A - Guamá, Belém - Pa, 66075-045, Brazil",Restaurant,,,,,,,,,Açaí shop,1.82e+19,Belém,BR,0x92a48d7d8ea4499d:0xfc32722c7176403d,,,-1.4678051,-48.4564344,,Guamá,+55 91 98443-4799,5590000000000.0,ChIJnUmkjn2NpJIRPUB2cSxyMvw,66075-045,,78.0,,7.0,6.0,1.0,0.0,0.0,0.0,State of Pará,"R. Barão de Igarapé Miri, 1360A","R. Barão De Igarapé Miri, 1360A",,Açaí Pai D'égua,Açaí Pai D'Égua,4.9,https://www.google.com/maps/search/?api=1&query=A%C3%A7a%C3%AD%20Pai%20D'%C3%A9gua&query_place_id=ChIJnUmkjn2NpJIRPUB2cSxyMvw,,Monday-Sunday: Open 24 hours
"Tv. Vinte e Cinco de Junho - Guamá, Belém - PA, 66075-513, Brazil","Tv. Vinte E Cinco De Junho - Guamá, Belém - Pa, 66075-513, Brazil",Restaurant,,,,,,,,,Açaí shop,6.83e+18,Belém,BR,0x92a48d9691a51217:0x5ed87306ffedaa0c,,,-1.4746081,-48.4594037,,Guamá,+55 91 3259-0090,559000000000.0,ChIJFxKlkZaNpJIRDKrt_wZz2F4,66075-513,,102.0,,3.0,2.0,1.0,0.0,0.0,0.0,State of Pará,Tv. Vinte e Cinco de Junho,Tv. Vinte E Cinco De Junho,,Açaí do Rildo,Açaí Do Rildo,4.7,https://www.google.com/maps/search/?api=1&query=A%C3%A7a%C3%AD%20do%20Rildo&query_place_id=ChIJFxKlkZaNpJIRDKrt_wZz2F4,,"Monday-Saturday: 9 AM to 2 PM, 6 to 10 PM; Sunday: Closed"
"R. Fazenda Velha, 1137-657 - Curió-Utinga, Belém - PA, 66610-840, Brazil","R. Fazenda Velha, 1137-657 - Curió-Utinga, Belém - Pa, 66610-840, Brazil",Restaurant,,,,,,,,,Açaí shop,8.14e+18,Belém,BR,0x92a48dadfd95c031:0x70eeebb0d6a920c6,,,-1.4564474,-48.4247181,,Curió-Utinga,,,ChIJMcCV_a2NpJIRxiCp1rDr7nA,66610-840,,96.0,,3.0,2.0,1.0,0.0,0.0,0.0,State of Pará,"R. Fazenda Velha, 1137-657","R. Fazenda Velha, 1137-657",,Balneário Açaí nota 1000,Balneário Açaí Nota 1000,4.7,https://www.google.com/maps/search/?api=1&query=Balne%C3%A1rio%20A%C3%A7a%C3%AD%20nota%201000&query_place_id=ChIJMcCV_a2NpJIRxiCp1rDr7nA,https://www.instagram.com/balnearioacainota1000?igsh=bGQxeG1sajE4MHc3,Monday-Sunday: 10 AM to 3 PM
"Px conselheiro - Tv. Guerra Passos - Guamá, Belém - PA, 66070-210, Brazil","Px Conselheiro - Tv. Guerra Passos - Guamá, Belém - Pa, 66070-210, Brazil",Restaurant,,,,,,,,,Açaí shop,1.33e+19,Belém,BR,0x92a48d22f5e9ebd9:0xb9073f336e677079,,,-1.4521928,-48.4623007,https://menu.ifood.com.br/a120692d-cd43-4898-a5f4-ec9e29e24505,Guamá,+55 91 98946-6132,5590000000000.0,ChIJ2evp9SKNpJIReXBnbjM_B7k,66070-210,,93.0,,13.0,9.0,1.0,3.0,0.0,0.0,State of Pará,Px conselheiro - Tv. Guerra Passos,Px Conselheiro - Tv. Guerra Passos,,GOSTINHO CASEIRO - GRILL REFEIÇÕES E AÇAÍ,Gostinho Caseiro - Grill Refeições E Açaí,4.0,https://www.google.com/maps/search/?api=1&query=GOSTINHO%20CASEIRO%20-%20GRILL%20REFEI%C3%87%C3%95ES%20E%20A%C3%87A%C3%8D&query_place_id=ChIJ2evp9SKNpJIReXBnbjM_B7k,,Monday-Sunday: 9 AM to 3 PM
"Passagem Napoleão Laureano, 319 - Guamá, Belém - PA, 66073-640, Brazil","Passagem Napoleão Laureano, 319 - Guamá, Belém - Pa, 66073-640, Brazil",Restaurant,,,,,,,,,Açaí shop,1.44e+19,Belém,BR,0x92a48db0077d0deb:0xc821448723f9f8d1,,,-1.4601228,-48.4575955,,Guamá,+55 91 98965-7796,5590000000000.0,ChIJ6w19B7CNpJIR0fj5I4dEIcg,66073-640,,90.0,,3.0,1.0,1.0,0.0,1.0,0.0,State of Pará,"Passagem Napoleão Laureano, 319","Passagem Napoleão Laureano, 319",,KiBom Açaí,Kibom Açaí,4.0,https://www.google.com/maps/search/?api=1&query=KiBom%20A%C3%A7a%C3%AD&query_place_id=ChIJ6w19B7CNpJIR0fj5I4dEIcg,,
"R. Epitácio Pessoa - Guamá, Belém - PA, 66075-210, Brazil","R. Epitácio Pessoa - Guamá, Belém - Pa, 66075-210, Brazil",Restaurant,,,,,,,,,Açaí shop,1.49e+19,Belém,BR,0x92a48d1fa87dd573:0xcf577db42af998ad,,,-1.4694793,-48.4606504,,Guamá,+55 91 98158-5961,5590000000000.0,ChIJc9V9qB-NpJIRrZj5KrR9V88,66075-210,,89.0,,2.0,1.0,0.0,0.0,1.0,0.0,State of Pará,R. Epitácio Pessoa,R. Epitácio Pessoa,,Açaí do Rodox,Açaí Do Rodox,4.0,https://www.google.com/maps/search/?api=1&query=A%C3%A7a%C3%AD%20do%20Rodox&query_place_id=ChIJc9V9qB-NpJIRrZj5KrR9V88,,
"Tv. Teófilo Condurú - Canudos, Belém - PA, 66090-340, Brazil","Tv. Teófilo Condurú - Canudos, Belém - Pa, 66090-340, Brazil",Restaurant,,,,,,,,,Açaí shop,9.24e+17,Belém,BR,0x92a48c3902cdb793:0xcd4479d98cb6c71,,,-1.4495066,-48.4613458,,Canudos,+55 91 3226-8886,559000000000.0,ChIJk7fNAjmMpJIRcWzLmJ1H1Aw,,,86.0,,8.0,5.0,0.0,1.0,2.0,0.0,State of Pará,Tv. Teófilo Condurú,Tv. Teófilo Condurú,,Açaí Expresso,Açaí Expresso,4.0,https://www.google.com/maps/search/?api=1&query=A%C3%A7a%C3%AD%20Expresso&query_place_id=ChIJk7fNAjmMpJIRcWzLmJ1H1Aw,,Monday: 9 AM to 5 PM; Tuesday-Friday: Closed; Saturday-Sunday: 9 AM to 5 PM
"Passagem Canaã, 36 - Terra Firme, Belém - PA, 66077-005, Brazil","Passagem Canaã, 36 - Terra Firme, Belém - Pa, 66077-005, Brazil",Snack bar,,,,,,,,,Açaí shop,1.72e+19,Belém,BR,0x92a48c5aae11b9a1:0xeed0756bb28fc46e,,,-1.4506807,-48.4484712,,Terra Firme,+55 91 98299-0350,5590000000000.0,ChIJobkRrlqMpJIRbsSPsmt10O4,66077-005,,81.0,,8.0,6.0,2.0,0.0,0.0,0.0,State of Pará,"Passagem Canaã, 36","Passagem Canaã, 36",,Açaí do Miguel,Açaí Do Miguel,4.8,https://www.google.com/maps/search/?api=1&query=A%C3%A7a%C3%AD%20do%20Miguel&query_place_id=ChIJobkRrlqMpJIRbsSPsmt10O4,,Monday-Tuesday: 7 AM to 11 PM; Wednesday: Closed; Thursday-Sunday: 7 AM to 11 PM
"R. Lauro Sodré Ou, T Firme, 1040 - Terra Firme, Belém - PA, 66077-291, Brazil","R. Lauro Sodré Ou, T Firme, 1040 - Terra Firme, Belém - Pa, 66077-291, Brazil",Restaurant,,,,,,,,,Açaí shop,5.42e+18,Belém,BR,0x92a48d9df2159a61:0x4b3999c2e742b8d2,,,-1.4508047,-48.4469762,,Terra Firme,,,ChIJYZoV8p2NpJIR0rhC58KZOUs,66077-291,,88.0,,1.0,0.0,1.0,0.0,0.0,0.0,State of Pará,"R. Lauro Sodré Ou, T Firme, 1040","R. Lauro Sodré Ou, T Firme, 1040",,Açaí nota 1000tinho,Açaí Nota 1000Tinho,4.0,https://www.google.com/maps/search/?api=1&query=A%C3%A7a%C3%AD%20nota%201000tinho&query_place_id=ChIJYZoV8p2NpJIR0rhC58KZOUs,,Monday-Sunday: 10 AM to 10 PM
"Tv. Guerra Passos, 592 - Canudos, Belém - PA, 66070-210, Brazil","Tv. Guerra Passos, 592 - Canudos, Belém - Pa, 66070-210, Brazil",Health food restaurant,,,,,,,,,Açaí shop,8.54e+18,Belém,BR,0x92a48c371902fa47:0x769433c95ac58948,,,-1.453294,-48.4623288,,Canudos,+55 91 99105-3108,5590000000000.0,ChIJR_oCGTeMpJIRSInFWskzlHY,66070-210,,77.0,,13.0,6.0,2.0,0.0,5.0,0.0,State of Pará,"Tv. Guerra Passos, 592","Tv. Guerra Passos, 592",,Açaí Nota Mil,Açaí Nota Mil,4.1,https://www.google.com/maps/search/?api=1&query=A%C3%A7a%C3%AD%20Nota%20Mil&query_place_id=ChIJR_oCGTeMpJIRSInFWskzlHY,,Monday-Saturday: 9 AM to 2 PM; Sunday: 10 AM to 2 PM
"816, Passagem João de Deus, 798 - Guamá, Belém - PA, 66075-385, Brazil","816, Passagem João De Deus, 798 - Guamá, Belém - Pa, 66075-385, Brazil",Snack bar,,,,,,,,,Açaí shop,1.75e+19,Belém,BR,0x92a48dc1d7f1d4b1:0xf318e8041bebe985,,,-1.4736538,-48.4617495,,Guamá,+55 91 99627-8025,5590000000000.0,ChIJsdTx18GNpJIRhenrGwToGPM,66075-385,,75.0,,57.0,39.0,9.0,3.0,5.0,1.0,State of Pará,"816, Passagem João de Deus, 798","816, Passagem João De Deus, 798",,AÇAI DO BUJA,Açai Do Buja,4.4,https://www.google.com/maps/search/?api=1&query=A%C3%87AI%20DO%20BUJA&query_place_id=ChIJsdTx18GNpJIRhenrGwToGPM,,Monday-Sunday: 9 AM to 7:30 PM
"Tv. Teófilo Condurú, 750 - Canudos, Belém - PA, 66070-530, Brazil","Tv. Teófilo Condurú, 750 - Canudos, Belém - Pa, 66070-530, Brazil",Restaurant,,,,,,,,,Açaí shop,1.36e+19,Belém,BR,0x92a48c3660dae76f:0xbc3d0b9d300ecabe,,,-1.4546123,-48.460971,,Canudos,,,ChIJb-faYDaMpJIRvsoOMJ0LPbw,66070-530,,76.0,,0.0,,,,,,State of Pará,"Tv. Teófilo Condurú, 750","Tv. Teófilo Condurú, 750",,Victor Açaí,Victor Açaí,,https://www.google.com/maps/search/?api=1&query=Victor%20A%C3%A7a%C3%AD&query_place_id=ChIJb-faYDaMpJIRvsoOMJ0LPbw,,Monday-Sunday: 9 AM to 9 PM
"Tv. Teófilo Condurú, 761 - Canudos, Belém - PA, 66070-530, Brazil","Tv. Teófilo Condurú, 761 - Canudos, Belém - Pa, 66070-530, Brazil",Restaurant,,,,,,,,,Açaí shop,1.57e+19,Belém,BR,0x92a48db69ad5f793:0xd945fa937f67509f,,,-1.4552957,-48.4589415,,Canudos,+55 91 98150-9081,5590000000000.0,ChIJk_fVmraNpJIRn1Bnf5P6Rdk,66070-530,,74.0,,1.0,1.0,0.0,0.0,0.0,0.0,State of Pará,"Tv. Teófilo Condurú, 761","Tv. Teófilo Condurú, 761",,Açaí duBom,Açaí Dubom,5.0,https://www.google.com/maps/search/?api=1&query=A%C3%A7a%C3%AD%20duBom&query_place_id=ChIJk_fVmraNpJIRn1Bnf5P6Rdk,,Monday: Closed; Tuesday-Friday: 9 AM to 12 AM; Saturday-Sunday: Closed
"Av. Celso Malcher, 995 - Montese Ou T Firme, Belém - PA, 66077-000, Brazil","Av. Celso Malcher, 995 - Montese Ou T Firme, Belém - Pa, 66077-000, Brazil",Restaurant,,,,,,,,,Açaí shop,1.22e+19,Belém,BR,0x92a48d4596cc1e27:0xa9007d435be68114,,,-1.458639,-48.4487809,,Montese Ou T Firme,+55 91 98550-0303,5590000000000.0,ChIJJx7MlkWNpJIRFIHmW0N9AKk,66077-000,,72.0,,1.0,1.0,0.0,0.0,0.0,0.0,State of Pará,"Av. Celso Malcher, 995","Av. Celso Malcher, 995",,Açaí Sabor do marajó,Açaí Sabor Do Marajó,5.0,https://www.google.com/maps/search/?api=1&query=A%C3%A7a%C3%AD%20Sabor%20do%20maraj%C3%B3&query_place_id=ChIJJx7MlkWNpJIRFIHmW0N9AKk,,"Monday-Friday: 8 AM to 3 PM, 6 to 10 PM; Saturday-Sunday: Closed"
"Passagem Maria Águiar, 246 - Marco, Belém - PA, 66095-350, Brazil","Passagem Maria Águiar, 246 - Marco, Belém - Pa, 66095-350, Brazil",Restaurant,,,,,,,,,Açaí shop,1.02e+19,Belém,BR,0x92a48d834d783467:0x8dde6d6a688b0e25,,,-1.4432806,-48.4560955,,Marco,+55 91 98071-5984,5590000000000.0,ChIJZzR4TYONpJIRJQ6LaGpt3o0,66095-350,,68.0,,17.0,10.0,4.0,1.0,2.0,0.0,State of Pará,"Passagem Maria Águiar, 246","Passagem Maria Águiar, 246",,Açaí do Gigante,Açaí Do Gigante,4.3,https://www.google.com/maps/search/?api=1&query=A%C3%A7a%C3%AD%20do%20Gigante&query_place_id=ChIJZzR4TYONpJIRJQ6LaGpt3o0,,Monday-Saturday: 8:30 AM to 1:30 PM; Sunday: 8 AM to 12 PM
"Passagem Napoleão Laureano, 240 - Guamá, Belém - PA, 66073-640, Brazil","Passagem Napoleão Laureano, 240 - Guamá, Belém - Pa, 66073-640, Brazil",Family restaurant,,,,,,,,,Açaí shop,1.35e+19,Belém,BR,0x92a48db19aee04cf:0xbb4e6f6cb7455685,,,-1.4600326,-48.4592363,,Guamá,,,ChIJzwTumrGNpJIRhVZFt2xvTrs,66073-640,,71.0,,5.0,5.0,0.0,0.0,0.0,0.0,State of Pará,"Passagem Napoleão Laureano, 240","Passagem Napoleão Laureano, 240",,AÇAÍ DI ROCHA: Delívere e melhor qualidade!,Açaí Di Rocha: Delívere E Melhor Qualidade!,5.0,https://www.google.com/maps/search/?api=1&query=A%C3%87A%C3%8D%20DI%20ROCHA%3A%20Del%C3%ADvere%20e%20melhor%20qualidade!&query_place_id=ChIJzwTumrGNpJIRhVZFt2xvTrs,,Monday-Sunday: 9:30 AM to 5 PM
"Av. Perimetral - Marco, Belém - PA, 66077-830, Brazil","Av. Perimetral - Marco, Belém - Pa, 66077-830, Brazil",Restaurant,,,,,,,,,Açaí shop,1.25e+19,Belém,BR,0x92a48dae5ba33a81:0xad5360e6816a0a0d,,,-1.4636358,-48.4466979,,Marco,,,ChIJgTqjW66NpJIRDQpqgeZgU60,66077-830,,67.0,,0.0,,,,,,State of Pará,Av. Perimetral,Av. Perimetral,,AÇAÍ SUPREMO,Açaí Supremo,,https://www.google.com/maps/search/?api=1&query=A%C3%87A%C3%8D%20SUPREMO&query_place_id=ChIJgTqjW66NpJIRDQpqgeZgU60,,
"Passagem Sao Domingos Entre Bernardo Sayão e poupular - Guamá, Belém - PA, 66075-455, Brazil","Passagem Sao Domingos Entre Bernardo Sayão E Poupular - Guamá, Belém - Pa, 66075-455, Brazil",Hamburger restaurant,,,,,,,,,Açaí shop,1.6e+19,Belém,BR,0x92a48d0c2a1ecbcf:0xdeb581c0cbd651b4,,,-1.474532,-48.46365,,Guamá,+55 91 98228-5474,5590000000000.0,ChIJz8seKgyNpJIRtFHWy8CBtd4,66075-455,,69.0,,74.0,59.0,6.0,3.0,5.0,1.0,State of Pará,Passagem Sao Domingos Entre Bernardo Sayão e poupular,Passagem Sao Domingos Entre Bernardo Sayão E Poupular,,Aliel Lanches e Açaí,Aliel Lanches E Açaí,4.6,https://www.google.com/maps/search/?api=1&query=Aliel%20Lanches%20e%20A%C3%A7a%C3%AD&query_place_id=ChIJz8seKgyNpJIRtFHWy8CBtd4,,Monday-Saturday: 9 AM to 11 PM; Sunday: 9 AM to 4 PM
"Tv. Liberato de Castro, 312 - Guamá, Belém - PA, 66075-420, Brazil","Tv. Liberato De Castro, 312 - Guamá, Belém - Pa, 66075-420, Brazil",Frozen food store,,,,,,,,,Açaí shop,7.73e+18,Belém,BR,0x92a48d5be7d00be3:0x6b5516cccb737f45,,,-1.4659447,-48.463356,,Guamá,+55 91 98256-2093,5590000000000.0,ChIJ4wvQ51uNpJIRRX9zy8wWVWs,66075-420,,64.0,,0.0,,,,,,State of Pará,"Tv. Liberato de Castro, 312","Tv. Liberato De Castro, 312",,Açaí Do Matheus,Açaí Do Matheus,,https://www.google.com/maps/search/?api=1&query=A%C3%A7a%C3%AD%20Do%20Matheus&query_place_id=ChIJ4wvQ51uNpJIRRX9zy8wWVWs,,Monday-Saturday: 9 AM to 10 PM; Sunday: 9 AM to 7:30 PM
"De canto com - Tv segunda de Queluz, Passagem Bom Jesus II - Guamá, Belém - PA, 66070-500, Brazil","De Canto Com - Tv Segunda De Queluz, Passagem Bom Jesus Ii - Guamá, Belém - Pa, 66070-500, Brazil",Restaurant,,,,,,,,,Açaí shop,1.21e+19,Belém,BR,0x92a48dfde2184171:0xa784c958800ffe33,,,-1.4587203,-48.4582503,,Guamá,+55 91 98074-7749,5590000000000.0,ChIJcUEY4v2NpJIRM_4PgFjJhKc,66070-500,,65.0,,0.0,,,,,,State of Pará,"De canto com - Tv segunda de Queluz, Passagem Bom Jesus II","De Canto Com - Tv Segunda De Queluz, Passagem Bom Jesus Ii",,Papa açaí N65,Papa Açaí N65,,https://www.google.com/maps/search/?api=1&query=Papa%20a%C3%A7a%C3%AD%20N65&query_place_id=ChIJcUEY4v2NpJIRM_4PgFjJhKc,https://www.instagram.com/invites/contact/?i=2oepha7j0600&utm_content=nyjhm4p,Monday-Saturday: 9 AM to 10 PM; Sunday: Closed
"Passagem Lauro Pessoa - Guamá, Belém - PA, 66073-340, Brazil","Passagem Lauro Pessoa - Guamá, Belém - Pa, 66073-340, Brazil",Store,,,,,,,,,Açaí shop,1.82e+19,Belém,BR,0x92a48d0040200617:0xfd44235785f28418,,,-1.4642665,-48.4557588,,Guamá,+55 91 99614-6599,5590000000000.0,ChIJFwYgQACNpJIRGITyhVcjRP0,66073-340,,63.0,,0.0,,,,,,State of Pará,Passagem Lauro Pessoa,Passagem Lauro Pessoa,,Açaí Mancha Roxa,Açaí Mancha Roxa,,https://www.google.com/maps/search/?api=1&query=A%C3%A7a%C3%AD%20Mancha%20Roxa&query_place_id=ChIJFwYgQACNpJIRGITyhVcjRP0,,Monday-Sunday: 9 AM to 10 PM
"R. Dr. Américo Santa Rosa, 1165 - Canudos, Belém - PA, 66070-131, Brazil","R. Dr. Américo Santa Rosa, 1165 - Canudos, Belém - Pa, 66070-131, Brazil",Restaurant,,,,,,,,,Açaí shop,2.8e+18,Belém,BR,0x92a48d573cbb7585:0x26e96dd48e62f42d,,,-1.45309,-48.457412,,Canudos,+55 91 98050-7951,5590000000000.0,ChIJhXW7PFeNpJIRLfRijtRt6SY,66070-131,,66.0,,10.0,6.0,2.0,0.0,2.0,0.0,State of Pará,"R. Dr. Américo Santa Rosa, 1165","R. Dr. Américo Santa Rosa, 1165",,AÇAÍ 2 IRMÃOS,Açaí 2 Irmãos,4.4,https://www.google.com/maps/search/?api=1&query=A%C3%87A%C3%8D%202%20IRM%C3%83OS&query_place_id=ChIJhXW7PFeNpJIRLfRijtRt6SY,,
"Canudos, Belém - State of Pará, 66077-420, Brazil","Canudos, Belém - State Of Pará, 66077-420, Brazil",Restaurant,,,,,,,,,Açaí shop,2.62e+18,Belém,BR,0x92a48c49e6a08ec3:0x2451d1e6f1b5fd2c,,,-1.4546497,-48.4583653,,Canudos,,,ChIJw46g5kmMpJIRLP218ebRUSQ,,,54.0,,0.0,,,,,,State of Pará,,,,Açaí Legal,Açaí Legal,,https://www.google.com/maps/search/?api=1&query=A%C3%A7a%C3%AD%20Legal&query_place_id=ChIJw46g5kmMpJIRLP218ebRUSQ,,Monday: 7:30 PM to 12 AM; Tuesday: Closed; Wednesday-Thursday: 7:30 PM to 12 AM; Friday-Sunday: 7:30 PM to 12:30 AM
"R. Jabatiteua - Marco, Belém - PA, 66070-260, Brazil","R. Jabatiteua - Marco, Belém - Pa, 66070-260, Brazil",Restaurant,,,,,,,,,Açaí shop,1.45e+19,Belém,BR,0x92a48db6544aa665:0xc92947a17fea66e9,,,-1.4477057,-48.4510937,,Marco,+55 91 98131-1380,5590000000000.0,ChIJZaZKVLaNpJIR6Wbqf6FHKck,66070-260,,53.0,,0.0,,,,,,State of Pará,R. Jabatiteua,R. Jabatiteua,,Açaí nota 1000tinho,Açaí Nota 1000Tinho,,https://www.google.com/maps/search/?api=1&query=A%C3%A7a%C3%AD%20nota%201000tinho&query_place_id=ChIJZaZKVLaNpJIR6Wbqf6FHKck,,
"Tv. Teófilo Condurú, 789 - Guamá, Belém - PA, 66073-570, Brazil","Tv. Teófilo Condurú, 789 - Guamá, Belém - Pa, 66073-570, Brazil",Restaurant,,,,,,,,,Açaí shop,2.65e+18,Belém,BR,0x92a48c367afe3f97:0x24d48944bfd6b465,,,-1.4550392,-48.4607193,,Guamá,,,ChIJlz_-ejaMpJIRZbTWv0SJ1CQ,66073-570,,58.0,,0.0,,,,,,State of Pará,"Tv. Teófilo Condurú, 789","Tv. Teófilo Condurú, 789",,Açaí Du Bom,Açaí Du Bom,,https://www.google.com/maps/search/?api=1&query=A%C3%A7a%C3%AD%20Du%20Bom&query_place_id=ChIJlz_-ejaMpJIRZbTWv0SJ1CQ,,
"Passagem Tucunduba - Terra Firme, Belém - PA, 66073-700, Brazil","Passagem Tucunduba - Terra Firme, Belém - Pa, 66073-700, Brazil",Restaurant,,,,,,,,,Açaí shop,6.57e+18,Belém,BR,0x92a48db9e7144b91:0x5b350d0ba281a681,,,-1.4665909,-48.4549304,,Terra Firme,,,ChIJkUsU57mNpJIRgaaBogsNNVs,,,52.0,,5.0,5.0,0.0,0.0,0.0,0.0,State of Pará,Passagem Tucunduba,Passagem Tucunduba,,Açaí do Farias,Açaí Do Farias,5.0,https://www.google.com/maps/search/?api=1&query=A%C3%A7a%C3%AD%20do%20Farias&query_place_id=ChIJkUsU57mNpJIRgaaBogsNNVs,,Monday-Sunday: 8 AM to 11 PM
"Passagem Fé Em Deus, 30 - Guamá, Belém - PA, 66073-200, Brazil","Passagem Fé Em Deus, 30 - Guamá, Belém - Pa, 66073-200, Brazil",Restaurant,,,,,,,,,Açaí shop,1.4e+19,Belém,BR,0x92a48d0540fc5e67:0xc2a996dd1b9f9705,,,-1.4615841,-48.4582909,,Guamá,,,ChIJZ178QAWNpJIRBZefG92WqcI,66073-200,,51.0,,2.0,2.0,0.0,0.0,0.0,0.0,State of Pará,"Passagem Fé Em Deus, 30","Passagem Fé Em Deus, 30",,Açaí do Bruno,Açaí Do Bruno,5.0,https://www.google.com/maps/search/?api=1&query=A%C3%A7a%C3%AD%20do%20Bruno&query_place_id=ChIJZ178QAWNpJIRBZefG92WqcI,,Monday-Friday: 9 AM to 12 PM; Saturday: 9 AM to 7 PM; Sunday: 9 AM to 12 PM
"Passagem Joana D'arc, 92 - Guamá, Belém - PA, 66075-370, Brazil","Passagem Joana D'Arc, 92 - Guamá, Belém - Pa, 66075-370, Brazil",Restaurant,,,,,,,,,Açaí shop,1.76e+19,Belém,BR,0x92a48dc3ef7fcc5b:0xf4b194f9bebc1285,,,-1.4707403,-48.4643622,,Guamá,,,ChIJW8x_78ONpJIRhRK8vvmUsfQ,66075-370,,50.0,,1.0,0.0,1.0,0.0,0.0,0.0,State of Pará,"Passagem Joana D'arc, 92","Passagem Joana D'Arc, 92",,Açaí Do Marcos,Açaí Do Marcos,4.0,https://www.google.com/maps/search/?api=1&query=A%C3%A7a%C3%AD%20Do%20Marcos&query_place_id=ChIJW8x_78ONpJIRhRK8vvmUsfQ,,
"Passagem Joli, 100 - Guamá, Belém - PA, 66075-400, Brazil","Passagem Joli, 100 - Guamá, Belém - Pa, 66075-400, Brazil",Restaurant,,,,,,,,,Açaí shop,1.74e+19,Belém,BR,0x92a48d5ceb90a0b3:0xf15b93264cfea864,,,-1.4628668,-48.4601128,https://wa.me/message/72HG4YGX6Q4QO1,Guamá,+55 91 99367-0888,5590000000000.0,ChIJs6CQ61yNpJIRZKj-TCaTW_E,66075-400,,47.0,,1.0,1.0,0.0,0.0,0.0,0.0,State of Pará,"Passagem Joli, 100","Passagem Joli, 100",,Açaí do Adriano,Açaí Do Adriano,5.0,https://www.google.com/maps/search/?api=1&query=A%C3%A7a%C3%AD%20do%20Adriano&query_place_id=ChIJs6CQ61yNpJIRZKj-TCaTW_E,,Monday-Sunday: 9 AM to 2 PM
"Passagem Marinho, 1219A - Guamá, Belém - PA, 66073-370, Brazil","Passagem Marinho, 1219A - Guamá, Belém - Pa, 66073-370, Brazil",Fast food restaurant,,,,,,,,,Açaí shop,8.38e+18,Belém,BR,0x92a48dc3faa650f7:0x7448f4c8a029e129,,,-1.4640953,-48.4582309,,Guamá,+55 91 98078-4476,5590000000000.0,ChIJ91Cm-sONpJIRKeEpoMj0SHQ,66073-370,,48.0,,0.0,,,,,,State of Pará,"Passagem Marinho, 1219A","Passagem Marinho, 1219A",,J&A AÇAÍ,J&A Açaí,,https://www.google.com/maps/search/?api=1&query=J%26A%20A%C3%87A%C3%8D&query_place_id=ChIJ91Cm-sONpJIRKeEpoMj0SHQ,,Monday: Closed; Tuesday-Friday: 9 AM to 12 AM; Saturday-Sunday: Closed
"R. Augusto Corrêa, 1202 - Guamá, Belém - PA, 66073-044, Brazil","R. Augusto Corrêa, 1202 - Guamá, Belém - Pa, 66073-044, Brazil",Restaurant,,,,,,,,,Açaí shop,2.02e+18,Belém,BR,0x92a48db7cea3457f:0x1c18a5c53855aa89,,,-1.4647987,-48.4578681,,Guamá,,,ChIJf0WjzreNpJIRiapVOMWlGBw,66073-044,,46.0,,1.0,1.0,0.0,0.0,0.0,0.0,State of Pará,"R. Augusto Corrêa, 1202","R. Augusto Corrêa, 1202",,Açaí Do Raimundo Açaí Espcial,Açaí Do Raimundo Açaí Espcial,5.0,https://www.google.com/maps/search/?api=1&query=A%C3%A7a%C3%AD%20Do%20Raimundo%20A%C3%A7a%C3%AD%20Espcial&query_place_id=ChIJf0WjzreNpJIRiapVOMWlGBw,,"Monday-Friday: 8 AM to 3 PM, 6 to 10 PM; Saturday-Sunday: Closed"
"Tv. Ezeriel Mônico de Matos, 10a - Guamá, Belém - PA, 66075-220, Brazil","Tv. Ezeriel Mônico De Matos, 10A - Guamá, Belém - Pa, 66075-220, Brazil",Restaurant,,,,,,,,,Açaí shop,1.78e+19,Belém,BR,0x92a48dc8e51b9865:0xf7b25e480cc1d046,,,-1.4649468,-48.4619509,,Guamá,,,ChIJZZgb5ciNpJIRRtDBDEhesvc,66075-220,,43.0,,2.0,2.0,0.0,0.0,0.0,0.0,State of Pará,"Tv. Ezeriel Mônico de Matos, 10a","Tv. Ezeriel Mônico De Matos, 10A",,Esquina Do Açaí,Esquina Do Açaí,5.0,https://www.google.com/maps/search/?api=1&query=Esquina%20Do%20A%C3%A7a%C3%AD&query_place_id=ChIJZZgb5ciNpJIRRtDBDEhesvc,,
"São Brás, Belém - State of Pará, 66070-510, Brazil","São Brás, Belém - State Of Pará, 66070-510, Brazil",Restaurant,,,,,,,,,Açaí shop,4.81e+18,Belém,BR,0x92a48c30afdba31d:0x42cbe0664499f369,,,-1.452296,-48.4642486,,São Brás,,,ChIJHaPbrzCMpJIRafOZRGbgy0I,,,35.0,,1.0,1.0,0.0,0.0,0.0,0.0,State of Pará,,,,Açaí No Ponto,Açaí No Ponto,5.0,https://www.google.com/maps/search/?api=1&query=A%C3%A7a%C3%AD%20No%20Ponto&query_place_id=ChIJHaPbrzCMpJIRafOZRGbgy0I,,
"Tv. Liberato de Castro, 391a - Guamá, Belém - PA, 66075-420, Brazil","Tv. Liberato De Castro, 391A - Guamá, Belém - Pa, 66075-420, Brazil",Restaurant,,,,,,,,,Açaí shop,3.04e+17,Belém,BR,0x92a48d6e0cbbe8a7:0x4375745d260ae7c,,,-1.4624605,-48.4632226,https://wa.me/c/559180328865,Guamá,+55 91 98032-8865,5590000000000.0,ChIJp-i7DG6NpJIRfK5g0kVXNwQ,66075-420,,27.0,,17.0,17.0,0.0,0.0,0.0,0.0,State of Pará,"Tv. Liberato de Castro, 391a","Tv. Liberato De Castro, 391A",,Açaí Imperium,Açaí Imperium,5.0,https://www.google.com/maps/search/?api=1&query=A%C3%A7a%C3%AD%20Imperium&query_place_id=ChIJp-i7DG6NpJIRfK5g0kVXNwQ,https://www.facebook.com/AcaiImperiumOficial,
"Guamá, Belém - State of Pará, 66077-680, Brazil","Guamá, Belém - State Of Pará, 66077-680, Brazil",Restaurant,,,,,,,,,Açaí shop,1.76e+19,Belém,BR,0x92a48db352fc57c9:0xf44d2e930d1f639a,,,-1.4589998,-48.4532855,,Guamá,,,ChIJyVf8UrONpJIRmmMfDZMuTfQ,,,18.0,,1.0,1.0,0.0,0.0,0.0,0.0,State of Pará,,,,Açaí Do Lauri,Açaí Do Lauri,5.0,https://www.google.com/maps/search/?api=1&query=A%C3%A7a%C3%AD%20Do%20Lauri&query_place_id=ChIJyVf8UrONpJIRmmMfDZMuTfQ,,
"Av. Ceará, 330 - São Brás, Belém - PA, 66070-080, Brazil","Av. Ceará, 330 - São Brás, Belém - Pa, 66070-080, Brazil",Restaurant,,,,,,,,,Açaí shop,9.31e+18,Belém,BR,0x92a48c3eb434a61d:0x81344c45a74a4864,,,-1.4481658,-48.4626225,,São Brás,+55 91 98131-9938,5590000000000.0,ChIJHaY0tD6MpJIRZEhKp0VMNIE,,,34.0,,7.0,3.0,4.0,0.0,0.0,0.0,State of Pará,"Av. Ceará, 330","Av. Ceará, 330",,Delicious Açaí,Delicious Açaí,4.4,https://www.google.com/maps/search/?api=1&query=Delicious%20A%C3%A7a%C3%AD&query_place_id=ChIJHaY0tD6MpJIRZEhKp0VMNIE,,Monday-Saturday: 9 AM to 11 PM; Sunday: 9 AM to 1 AM
"Av. João Paulo II, 347 - Marco, Belém - PA, 66095-491, Brazil","Av. João Paulo Ii, 347 - Marco, Belém - Pa, 66095-491, Brazil",Restaurant,,,,,,,,,Açaí shop,4.45e+18,Belém,BR,0x92a48c1a8694fdb5:0x3dbfa1c910836745,,,-1.444976,-48.460662,,Marco,+55 91 3236-1138,559000000000.0,ChIJtf2UhhqMpJIRRWeDEMmhvz0,66095-491,,16.0,,41.0,29.0,6.0,3.0,2.0,1.0,State of Pará,"Av. João Paulo II, 347","Av. João Paulo Ii, 347",,Açaí e companhia,Açaí E Companhia,4.4,https://www.google.com/maps/search/?api=1&query=A%C3%A7a%C3%AD%20e%20companhia&query_place_id=ChIJtf2UhhqMpJIRRWeDEMmhvz0,,
"Passagem Tucunduba - Guamá, Belém - PA, 66073-590, Brazil","Passagem Tucunduba - Guamá, Belém - Pa, 66073-590, Brazil",Restaurant,,,,,,,,,Açaí shop,5.18e+18,Belém,BR,0x92a48dec016d25ed:0x47e25b0fd7c7ce4f,,,-1.4631594,-48.4548184,,Guamá,+55 91 98035-3421,5590000000000.0,ChIJ7SVtAeyNpJIRT87H1w9b4kc,66073-590,,12.0,,1.0,1.0,0.0,0.0,0.0,0.0,State of Pará,Passagem Tucunduba,Passagem Tucunduba,,Açaí Deus e fiel,Açaí Deus E Fiel,5.0,https://www.google.com/maps/search/?api=1&query=A%C3%A7a%C3%AD%20Deus%20e%20fiel&query_place_id=ChIJ7SVtAeyNpJIRT87H1w9b4kc,,Monday-Sunday: 7 AM to 3 PM
"Passagem Independência, 44 - Terra Firme, Belém - PA, 66070-240, Brazil","Passagem Independência, 44 - Terra Firme, Belém - Pa, 66070-240, Brazil",Snack bar,,,,,,,,,Açaí shop,1.38e+19,Belém,BR,0x92a48d35754dc8b5:0xbffc1255e22654c4,,,-1.4506681,-48.4543083,,Terra Firme,+55 91 99823-8960,5590000000000.0,ChIJtchNdTWNpJIRxFQm4lUS_L8,66070-240,,11.0,,1.0,1.0,0.0,0.0,0.0,0.0,State of Pará,"Passagem Independência, 44","Passagem Independência, 44",,Açaí do Bruno,Açaí Do Bruno,5.0,https://www.google.com/maps/search/?api=1&query=A%C3%A7a%C3%AD%20do%20Bruno&query_place_id=ChIJtchNdTWNpJIRxFQm4lUS_L8,,
"Passagem Napoleão Laureano, 198 - Guamá, Belém - PA, 66073-640, Brazil","Passagem Napoleão Laureano, 198 - Guamá, Belém - Pa, 66073-640, Brazil",Restaurant,,,,,,,,,Açaí shop,1.7e+19,Belém,BR,0x92a48d3c984a5d37:0xeb8b2d6f5e2f846a,,,-1.4600532,-48.46078,,Guamá,+55 91 99941-1178,5590000000000.0,ChIJN11KmDyNpJIRaoQvXm8ti-s,66073-640,R$1–20,9.0,,29.0,26.0,1.0,0.0,1.0,1.0,State of Pará,"Passagem Napoleão Laureano, 198","Passagem Napoleão Laureano, 198",,Glória a Deus Nosso Açaí,Glória A Deus Nosso Açaí,4.8,https://www.google.com/maps/search/?api=1&query=Gl%C3%B3ria%20a%20Deus%20Nosso%20A%C3%A7a%C3%AD&query_place_id=ChIJN11KmDyNpJIRaoQvXm8ti-s,,Monday-Tuesday: 8 AM to 10 PM; Wednesday: 8 to 9 AM; Thursday: 8 to 10 AM; Friday-Sunday: 8 AM to 10 PM
"R. Lauro Sodré, 95 - Terra Firme, Belém - PA, 66077-291, Brazil","R. Lauro Sodré, 95 - Terra Firme, Belém - Pa, 66077-291, Brazil",Family restaurant,,,,,,,,,Açaí shop,1.39e+19,Belém,BR,0x92a48d417cd26eb9:0xc179b9559692c21d,,,-1.4560718,-48.4529813,,Terra Firme,+55 91 98488-2041,5590000000000.0,ChIJuW7SfEGNpJIRHcKSllW5ecE,66077-291,,8.0,,1.0,1.0,0.0,0.0,0.0,0.0,State of Pará,"R. Lauro Sodré, 95","R. Lauro Sodré, 95",,Sabor do Açaí,Sabor Do Açaí,5.0,https://www.google.com/maps/search/?api=1&query=Sabor%20do%20A%C3%A7a%C3%AD&query_place_id=ChIJuW7SfEGNpJIRHcKSllW5ecE,,"Monday-Saturday: 8 AM to 2 PM, 5 to 10 PM; Sunday: 8 AM to 2 PM"
"Passagem Monte Sinai, 1-57 - Guamá, Belém - PA, 66079-170, Brazil","Passagem Monte Sinai, 1-57 - Guamá, Belém - Pa, 66079-170, Brazil",Store,,,,,,,,,Açaí shop,1.72e+19,Belém,BR,0x92a48db659b722e5:0xee237e4c028c9839,,,-1.4639617,-48.4564276,,Guamá,+55 32591499,,ChIJ5SK3WbaNpJIROZiMAkx-I-4,66079-170,,3.0,,21.0,16.0,3.0,0.0,2.0,0.0,State of Pará,"Passagem Monte Sinai, 1-57","Passagem Monte Sinai, 1-57",,Domingão Rei Do Açaí,Domingão Rei Do Açaí,4.7,https://www.google.com/maps/search/?api=1&query=Doming%C3%A3o%20Rei%20Do%20A%C3%A7a%C3%AD&query_place_id=ChIJ5SK3WbaNpJIROZiMAkx-I-4,,
"Passagem Joana D'arc, 60 - Guamá, Belém - PA, 66077-061, Brazil","Passagem Joana D'Arc, 60 - Guamá, Belém - Pa, 66077-061, Brazil",Restaurant,,,,,,,,,Açaí shop,1.46e+19,Belém,BR,0x92a48d2cb85a445b:0xcb2bf1d04655eb3f,,,-1.4581965,-48.4566744,,Guamá,+55 91 99834-7976,5590000000000.0,ChIJW0RauCyNpJIRP-tVRtDxK8s,66077-061,R$1–20,1.0,,25.0,25.0,0.0,0.0,0.0,0.0,State of Pará,"Passagem Joana D'arc, 60","Passagem Joana D'Arc, 60",,Açaí dos Primos,Açaí Dos Primos,5.0,https://www.google.com/maps/search/?api=1&query=A%C3%A7a%C3%AD%20dos%20Primos&query_place_id=ChIJW0RauCyNpJIRP-tVRtDxK8s,,
"anexo) ed Sandra - Av. Alcindo Cacela, 1160 - Umarizal, Belém - PA, 66065-267, Brazil","Anexo) Ed Sandra - Av. Alcindo Cacela, 1160 - Umarizal, Belém - Pa, 66065-267, Brazil",Organic food store,,,,,,,,,Açaí shop,1.39e+19,Belém,BR,0x92a48db10e96e34f:0xc0db3d177ce73d10,,,-1.4468846,-48.4781987,,Umarizal,+55 91 98177-5893,5590000000000.0,ChIJT-OWDrGNpJIRED3nfBc928A,66065-267,,77.0,,0.0,,,,,,State of Pará,"anexo) ed Sandra - Av. Alcindo Cacela, 1160","Anexo) Ed Sandra - Av. Alcindo Cacela, 1160",,Açaí É Tradição,Açaí É Tradição,,https://www.google.com/maps/search/?api=1&query=A%C3%A7a%C3%AD%20%C3%89%20Tradi%C3%A7%C3%A3o&query_place_id=ChIJT-OWDrGNpJIRED3nfBc928A,,Monday-Sunday: 8:30 AM to 10 PM
"Tv. Dr. Moraes, 21 - Sala 305 - Nazaré, Belém - PA, 66035-080, Brazil","Tv. Dr. Moraes, 21 - Sala 305 - Nazaré, Belém - Pa, 66035-080, Brazil",Ham shop,,,,,,,,,Açaí shop,1.69e+19,Belém,BR,0x92a48f1dc3ac5355:0xea3e21f1f86254ed,,,-1.4523277,-48.4908335,,Nazaré,+55 91 98257-1257,5590000000000.0,ChIJVVOswx2PpJIR7VRi-PEhPuo,66035-080,,75.0,,1.0,1.0,0.0,0.0,0.0,0.0,State of Pará,"Tv. Dr. Moraes, 21 - Sala 305","Tv. Dr. Moraes, 21 - Sala 305",,ParáFruits,Paráfruits,5.0,https://www.google.com/maps/search/?api=1&query=Par%C3%A1Fruits&query_place_id=ChIJVVOswx2PpJIR7VRi-PEhPuo,,
"Av. Alcindo Cacela, 3332 - Condor, Belém - PA, 66065-205, Brazil","Av. Alcindo Cacela, 3332 - Condor, Belém - Pa, 66065-205, Brazil",Açaí shop,,,,,,,,,Açaí shop,1.3e+19,Belém,BR,0x92a48d69b55670e9:0xb50a6519664f0234,,,-1.4665612,-48.4765979,,Condor,+55 91 98232-2168,5590000000000.0,ChIJ6XBWtWmNpJIRNAJPZhllCrU,66065-205,,72.0,,0.0,,,,,,State of Pará,"Av. Alcindo Cacela, 3332","Av. Alcindo Cacela, 3332",,Ki-Delicia de Açaí,Ki-Delicia De Açaí,,https://www.google.com/maps/search/?api=1&query=Ki-Delicia%20de%20A%C3%A7a%C3%AD&query_place_id=ChIJ6XBWtWmNpJIRNAJPZhllCrU,https://instagram.com/kideliciaacai091?igshid=MzRlODBiNWFlZA==,Monday-Sunday: Open 24 hours
"R. Veiga Cabral, 450 - Cidade Velha, Belém - PA, 66023-630, Brazil","R. Veiga Cabral, 450 - Cidade Velha, Belém - Pa, 66023-630, Brazil",Restaurant,,,,,,,,,Açaí shop,1.54e+19,Belém,BR,0x92a48eec96b10b07:0xd6026973d3aa6e2f,,,-1.464051,-48.499092,,Cidade Velha,+55 91 3225-4647,559000000000.0,ChIJBwuxluyOpJIRL26q03NpAtY,66023-630,$$,73.0,,1522.0,1068.0,285.0,42.0,96.0,31.0,State of Pará,"R. Veiga Cabral, 450","R. Veiga Cabral, 450",,Restaurante Point do Açaí,Restaurante Point Do Açaí,4.5,https://www.google.com/maps/search/?api=1&query=Restaurante%20Point%20do%20A%C3%A7a%C3%AD&query_place_id=ChIJBwuxluyOpJIRL26q03NpAtY,http://www.pointdoacai.net/,
"R. Eng. Fernando Guilhon, 345 - Jurunas, Belém - PA, 66045-200, Brazil","R. Eng. Fernando Guilhon, 345 - Jurunas, Belém - Pa, 66045-200, Brazil",Açaí shop,,,,,,,,,Açaí shop,6.08e+17,Belém,BR,0x92a48f0abc92cce9:0x870aed1b453da14,,,-1.4731327,-48.492452,,Jurunas,+55 91 98296-1175,5590000000000.0,ChIJ6cySvAqPpJIRFNpTtNGucAg,66045-200,,70.0,,0.0,,,,,,State of Pará,"R. Eng. Fernando Guilhon, 345","R. Eng. Fernando Guilhon, 345",,Égua do açaí,Égua Do Açaí,,https://www.google.com/maps/search/?api=1&query=%C3%89gua%20do%20a%C3%A7a%C3%AD&query_place_id=ChIJ6cySvAqPpJIRFNpTtNGucAg,,Monday-Sunday: 8 AM to 10 PM
"entre.tamoios e - Bernardo Sayão, R. dos Mundurucus - Jurunas, Belém - PA, 66030-383, Brazil","Entre.Tamoios E - Bernardo Sayão, R. Dos Mundurucus - Jurunas, Belém - Pa, 66030-383, Brazil",Açaí shop,Food products supplier,,,,,,,,Açaí shop,1.14e+19,Belém,BR,0x92a48f48a71781f3:0x9e2b7e6c44c5ab07,,,-1.4711766,-48.4993212,,Jurunas,+55 91 98244-4780,5590000000000.0,ChIJ84EXp0iPpJIRB6vFRGx-K54,66030-383,,69.0,,0.0,,,,,,State of Pará,"entre.tamoios e - Bernardo Sayão, R. dos Mundurucus","Entre.Tamoios E - Bernardo Sayão, R. Dos Mundurucus",,"J.E. distribuidora de Açaí, água e gás.","J.E. Distribuidora De Açaí, Água E Gás.",,https://www.google.com/maps/search/?api=1&query=J.E.%20distribuidora%20de%20A%C3%A7a%C3%AD%2C%20%C3%A1gua%20e%20g%C3%A1s.&query_place_id=ChIJ84EXp0iPpJIRB6vFRGx-K54,,Monday-Friday: 8 AM to 5 PM; Saturday-Sunday: Closed
"Rua, Tv. dos Apinagés, 652, Belém - PA, 66033-170, Brazil","Rua, Tv. Dos Apinagés, 652, Belém - Pa, 66033-170, Brazil",Organic food store,,,,,,,,,Açaí shop,1.45e+19,Belém,BR,0x92a48f85ecf1cc37:0xc916d8b340bd51cb,,,-1.4645682,-48.4881152,,Batista Campos,+55 91 99619-8489,5590000000000.0,ChIJN8zx7IWPpJIRy1G9QLPYFsk,66033-170,,68.0,,0.0,,,,,,State of Pará,"Rua, Tv. dos Apinagés, 652","Rua, Tv. Dos Apinagés, 652",,Açaí do Dodô,Açaí Do Dodô,,https://www.google.com/maps/search/?api=1&query=A%C3%A7a%C3%AD%20do%20Dod%C3%B4&query_place_id=ChIJN8zx7IWPpJIRy1G9QLPYFsk,,Monday-Tuesday: 7 AM to 8 PM; Wednesday-Friday: 7 AM to 10 PM; Saturday: 7 AM to 9 PM; Sunday: 7 AM to 2 PM
"Tv. Nove de Janeiro, 3170 - Condor, Belém - PA, 66065-155, Brazil","Tv. Nove De Janeiro, 3170 - Condor, Belém - Pa, 66065-155, Brazil",Açaí shop,,,,,,,,,Açaí shop,8.28e+18,Belém,BR,0x92a48d004afe367d:0x72e948f25cdb8a0c,,,-1.468045,-48.4751236,,Condor,+55 91 98851-0280,5590000000000.0,ChIJfTb-SgCNpJIRDIrbXPJI6XI,66065-155,,67.0,,0.0,,,,,,State of Pará,"Tv. Nove de Janeiro, 3170","Tv. Nove De Janeiro, 3170",,Açaí do Alex,Açaí Do Alex,,https://www.google.com/maps/search/?api=1&query=A%C3%A7a%C3%AD%20do%20Alex&query_place_id=ChIJfTb-SgCNpJIRDIrbXPJI6XI,,
"Av. Gov. José Malcher, 1895 - Nazaré, Belém - PA, 66060-230, Brazil","Av. Gov. José Malcher, 1895 - Nazaré, Belém - Pa, 66060-230, Brazil",Ice cream shop,Dessert shop,,,,,,,,Açaí shop,2.76e+18,Belém,BR,0x92a48c23fff0b97b:0x263f8f6b7721f067,,,-1.4482155,-48.4769478,,Nazaré,+55 91 99100-2237,5590000000000.0,ChIJe7nw_yOMpJIRZ_Ahd2uPPyY,66060-230,$$,66.0,,1484.0,1044.0,277.0,40.0,104.0,19.0,State of Pará,"Av. Gov. José Malcher, 1895","Av. Gov. José Malcher, 1895",Cairu | Pães & Sorvetes,Ice cream shop and Bakery Cairu,Ice Cream Shop And Bakery Cairu,4.5,https://www.google.com/maps/search/?api=1&query=Ice%20cream%20shop%20and%20Bakery%20Cairu&query_place_id=ChIJe7nw_yOMpJIRZ_Ahd2uPPyY,https://instagram.com/sorveteriacairu?igshid=MzRlODBiNWFlZA==,Monday-Sunday: 7 AM to 3 PM
"R. dos Tamoios, 266 - Jurunas, Belém - PA, 66030-373, Brazil","R. Dos Tamoios, 266 - Jurunas, Belém - Pa, 66030-373, Brazil",Açaí shop,,,,,,,,,Açaí shop,1.32e+19,Belém,BR,0x92a48f9ab692e853:0xb6cec33fe03c8479,,,-1.4703847,-48.4987793,,Jurunas,+55 91 98483-2874,5590000000000.0,ChIJU-iStpqPpJIReYQ84D_DzrY,66030-373,,63.0,,0.0,,,,,,State of Pará,"R. dos Tamoios, 266","R. Dos Tamoios, 266",,AÇAÍ DA QUEBRADA,Açaí Da Quebrada,,https://www.google.com/maps/search/?api=1&query=A%C3%87A%C3%8D%20DA%20QUEBRADA&query_place_id=ChIJU-iStpqPpJIReYQ84D_DzrY,,Monday-Sunday: 7 AM to 3 PM
"entre umariz e - Passagem teixeira, Tv. 14 de Março, número 388 - Cremação, Belém - PA, 66045-500, Brazil","Entre Umariz E - Passagem Teixeira, Tv. 14 De Março, Número 388 - Cremação, Belém - Pa, 66045-500, Brazil",Açaí shop,,,,,,,,,Açaí shop,1.7e+19,Belém,BR,0x92a48d4746ced6e3:0xebd0a17e80547056,,,-1.466391,-48.4784929,,Cremacao,+55 91 98938-4188,5590000000000.0,ChIJ49bORkeNpJIRVnBUgH6h0Os,66045-500,,65.0,,0.0,,,,,,State of Pará,"entre umariz e - Passagem teixeira, Tv. 14 de Março, número 388","Entre Umariz E - Passagem Teixeira, Tv. 14 De Março, Número 388",,Açaí do Gordo,Açaí Do Gordo,,https://www.google.com/maps/search/?api=1&query=A%C3%A7a%C3%AD%20do%20Gordo&query_place_id=ChIJ49bORkeNpJIRVnBUgH6h0Os,https://instagram.com/acai_do_gordo20?igshid=YmMyMTA2M2Y=,"Monday-Saturday: 8 AM to 2 PM, 6 to 9 PM; Sunday: 8 AM to 2 PM"
"Apinagés 652 entre caripunas e, R. dos Timbiras, Belém - PA, 66030-460, Brazil","Apinagés 652 Entre Caripunas E, R. Dos Timbiras, Belém - Pa, 66030-460, Brazil",Açaí shop,,,,,,,,,Açaí shop,3.24e+18,Belém,BR,0x92a48f4d092e1c35:0x2cff1c994dd5e848,,,-1.4643568,-48.4882006,,Batista Campos,+55 91 98318-6823,5590000000000.0,ChIJNRwuCU2PpJIRSOjVTZkc_yw,66030-460,,62.0,,0.0,,,,,,State of Pará,"Apinagés 652 entre caripunas e, R. dos Timbiras","Apinagés 652 Entre Caripunas E, R. Dos Timbiras",,Açaí Saramandaia,Açaí Saramandaia,,https://www.google.com/maps/search/?api=1&query=A%C3%A7a%C3%AD%20Saramandaia&query_place_id=ChIJNRwuCU2PpJIRSOjVTZkc_yw,,Monday: Closed; Tuesday-Sunday: 8 AM to 2 PM
"Tv. Joaquim Távora - Cidade Velha, Belém - PA, 66020-600, Brazil","Tv. Joaquim Távora - Cidade Velha, Belém - Pa, 66020-600, Brazil",Açaí shop,,,,,,,,,Açaí shop,1.56e+19,Belém,BR,0x92a48f1674a95a13:0xd8bb6e310c0ba91c,,,-1.4576639,-48.5056841,,Cidade Velha,+55 91 98113-9663,5590000000000.0,ChIJE1qpdBaPpJIRHKkLDDFuu9g,,,61.0,,0.0,,,,,,State of Pará,Tv. Joaquim Távora,Tv. Joaquim Távora,,AÇAI DA JANAINA,Açai Da Janaina,,https://www.google.com/maps/search/?api=1&query=A%C3%87AI%20DA%20JANAINA&query_place_id=ChIJE1qpdBaPpJIRHKkLDDFuu9g,,Monday-Sunday: 8 AM to 1 PM
"Tv. 14 de Março, 3734 - Cremação, Belém - PA, 66045-350, Brazil","Tv. 14 De Março, 3734 - Cremação, Belém - Pa, 66045-350, Brazil",Açaí shop,,,,,,,,,Açaí shop,6.11e+18,Belém,BR,0x92a48f20a33a7d53:0x54bcd03e8c4fdac3,,,-1.4679845,-48.4787844,,Cremacao,,,ChIJU306oyCPpJIRw9pPjD7QvFQ,66045-350,,60.0,,0.0,,,,,,State of Pará,"Tv. 14 de Março, 3734","Tv. 14 De Março, 3734",,Açaí Bife Roxo,Açaí Bife Roxo,,https://www.google.com/maps/search/?api=1&query=A%C3%A7a%C3%AD%20Bife%20Roxo&query_place_id=ChIJU306oyCPpJIRw9pPjD7QvFQ,,Monday-Sunday: Open 24 hours
"Esquina com Roberto Camilie - R. Eng. Fernando Guilhon, 1190 - Cremação, Belém - PA, 66033-310, Brazil","Esquina Com Roberto Camilie - R. Eng. Fernando Guilhon, 1190 - Cremação, Belém - Pa, 66033-310, Brazil",Organic food store,,,,,,,,,Açaí shop,4.13e+18,Belém,BR,0x92a48ff259e47ed9:0x395eee6e3add61a1,,,-1.4673206,-48.4873751,,Cremacao,+55 91 98452-8313,5590000000000.0,ChIJ2X7kWfKPpJIRoWHdOm7uXjk,66033-310,,59.0,,1.0,1.0,0.0,0.0,0.0,0.0,State of Pará,"Esquina com Roberto Camilie - R. Eng. Fernando Guilhon, 1190","Esquina Com Roberto Camilie - R. Eng. Fernando Guilhon, 1190",,Açaí no Ponto,Açaí No Ponto,5.0,https://www.google.com/maps/search/?api=1&query=A%C3%A7a%C3%AD%20no%20Ponto&query_place_id=ChIJ2X7kWfKPpJIRoWHdOm7uXjk,,Monday-Sunday: 9 AM to 2 PM
"Tv. 14 de Março - Nazaré, Belém - PA, 66040-170, Brazil","Tv. 14 De Março - Nazaré, Belém - Pa, 66040-170, Brazil",Ice cream shop,,,,,,,,,Açaí shop,6.49e+18,Belém,BR,0x92a48f0dd7800227:0x5a11a436096a7568,,,-1.4516312,-48.4805131,,Nazaré,+55 91 98206-5017,5590000000000.0,ChIJJwKA1w2PpJIRaHVqCTakEVo,66040-170,,57.0,,2.0,1.0,1.0,0.0,0.0,0.0,State of Pará,Tv. 14 de Março,Tv. 14 De Março,,Açaiman Nazaré - Frozen Açaí e Sorvete,Açaiman Nazaré - Frozen Açaí E Sorvete,4.5,https://www.google.com/maps/search/?api=1&query=A%C3%A7aiman%20Nazar%C3%A9%20-%20Frozen%20A%C3%A7a%C3%AD%20e%20Sorvete&query_place_id=ChIJJwKA1w2PpJIRaHVqCTakEVo,,Monday-Sunday: Open 24 hours
"Passagem Bom Jardim - Jurunas, Belém - PA, 66025-214, Brazil","Passagem Bom Jardim - Jurunas, Belém - Pa, 66025-214, Brazil",Food manufacturer,Açaí shop,,,,,,,,Açaí shop,1.62e+19,Belém,BR,0x92a48ff89eccc02f:0xe0fa061eade2a562,,,-1.4754178,-48.4875218,,Jurunas,+55 91 98058-8890,5590000000000.0,ChIJL8DMnviPpJIRYqXirR4G-uA,66025-214,,58.0,,3.0,3.0,0.0,0.0,0.0,0.0,State of Pará,Passagem Bom Jardim,Passagem Bom Jardim,,Açaí do Índio,Açaí Do Índio,5.0,https://www.google.com/maps/search/?api=1&query=A%C3%A7a%C3%AD%20do%20%C3%8Dndio&query_place_id=ChIJL8DMnviPpJIRYqXirR4G-uA,https://cutt.ly/9w0XHDK9,Monday-Saturday: 9 AM to 6 PM; Sunday: Closed
"R. Diogo Móia, 422 - Umarizal, Belém - PA, 66055-171, Brazil","R. Diogo Móia, 422 - Umarizal, Belém - Pa, 66055-171, Brazil",Açaí shop,,,,,,,,,Açaí shop,1.82e+18,Belém,BR,0x92a48fc0c275fa0f:0x1935db7ddf8f40fe,,,-1.4439288,-48.4851442,https://wa.me/message/7BM7EHEB6ZZVE1,Umarizal,+55 91 98467-2114,5590000000000.0,ChIJD_p1wsCPpJIR_kCP333bNRk,66055-171,,56.0,,4.0,4.0,0.0,0.0,0.0,0.0,State of Pará,"R. Diogo Móia, 422","R. Diogo Móia, 422",,AÇAÍ DO RANCHO,Açaí Do Rancho,5.0,https://www.google.com/maps/search/?api=1&query=A%C3%87A%C3%8D%20DO%20RANCHO&query_place_id=ChIJD_p1wsCPpJIR_kCP333bNRk,,Monday: 9 AM to 4 PM; Tuesday-Sunday: 11 AM to 4 PM
"R. João Balbi, 1250 - Nazaré, Belém - PA, 66055-280, Brazil","R. João Balbi, 1250 - Nazaré, Belém - Pa, 66055-280, Brazil",Açaí shop,Snack bar,,,,,,,,Açaí shop,1.77e+19,Belém,BR,0x92a48c208d173485:0xf61d596289e4c2ae,,,-1.4472465,-48.4776057,,Nazaré,+55 91 98987-1722,5590000000000.0,ChIJhTQXjSCMpJIRrsLkiWJZHfY,66055-280,,55.0,,5.0,4.0,0.0,1.0,0.0,0.0,State of Pará,"R. João Balbi, 1250","R. João Balbi, 1250",,Açaí Da Balbi,Açaí Da Balbi,4.2,https://www.google.com/maps/search/?api=1&query=A%C3%A7a%C3%AD%20Da%20Balbi&query_place_id=ChIJhTQXjSCMpJIRrsLkiWJZHfY,,Monday-Sunday: 10 AM to 11 PM
"R. Cametá, 106 - Cidade Velha, Belém - PA, 66020-120, Brazil","R. Cametá, 106 - Cidade Velha, Belém - Pa, 66020-120, Brazil",Açaí shop,,,,,,,,,Açaí shop,6.33e+18,Belém,BR,0x92a48f36c5c9acf7:0x57d06aa4c4a266ff,,,-1.4586012,-48.5034204,,Cidade Velha,+55 91 98909-0208,5590000000000.0,ChIJ96zJxTaPpJIR_2aixKRq0Fc,66020-120,,54.0,,2.0,2.0,0.0,0.0,0.0,0.0,State of Pará,"R. Cametá, 106","R. Cametá, 106",,Sabor Açaí,Sabor Açaí,5.0,https://www.google.com/maps/search/?api=1&query=Sabor%20A%C3%A7a%C3%AD&query_place_id=ChIJ96zJxTaPpJIR_2aixKRq0Fc,,Monday-Sunday: 8 AM to 3 PM
"Av. Serzedelo Correa n• 305 - Batista Campos, Belém - PA, 66033-265, Brazil","Av. Serzedelo Correa N• 305 - Batista Campos, Belém - Pa, 66033-265, Brazil",Açaí shop,,,,,,,,,Açaí shop,1.78e+17,Belém,BR,0x92a48f537df9d29d:0x278946c1c9b4ac1,,,-1.4562227,-48.4909881,,Batista Campos,+55 91 98911-2218,5590000000000.0,ChIJndL5fVOPpJIRwUqbHGyUeAI,66033-265,,53.0,,1.0,1.0,0.0,0.0,0.0,0.0,State of Pará,Av. Serzedelo Correa n• 305,Av. Serzedelo Correa N• 305,,Açaík Belém,Açaík Belém,5.0,https://www.google.com/maps/search/?api=1&query=A%C3%A7a%C3%ADk%20Bel%C3%A9m&query_place_id=ChIJndL5fVOPpJIRwUqbHGyUeAI,,
"Av. Roberto Camelier, 2259 - Condor, Belém - PA, 66033-640, Brazil","Av. Roberto Camelier, 2259 - Condor, Belém - Pa, 66033-640, Brazil",Açaí shop,,,,,,,,,Açaí shop,2.63e+18,Belém,BR,0x92a48f8b55e2fc81:0x247cffef819ad9f4,,,-1.475332,-48.4787308,,Condor,,,ChIJgfziVYuPpJIR9Nmage__fCQ,66033-640,,52.0,,4.0,3.0,1.0,0.0,0.0,0.0,State of Pará,"Av. Roberto Camelier, 2259","Av. Roberto Camelier, 2259",,Açaí do Buiú,Açaí Do Buiú,4.8,https://www.google.com/maps/search/?api=1&query=A%C3%A7a%C3%AD%20do%20Bui%C3%BA&query_place_id=ChIJgfziVYuPpJIR9Nmage__fCQ,,Monday: 9 AM to 2:30 PM; Tuesday: Closed; Wednesday-Sunday: 9 AM to 2:30 PM
"Av. Alcindo Cacela, 2504 - Umarizal, Belém - PA, 66040-273, Brazil","Av. Alcindo Cacela, 2504 - Umarizal, Belém - Pa, 66040-273, Brazil",Açaí shop,Restaurant,,,,,,,,Açaí shop,1.36e+19,Belém,BR,0x92a48c2ac402e7ed:0xbd6965773c2cacdd,,,-1.4588768,-48.4771836,,Umarizal,+55 91 98712-9032,5590000000000.0,ChIJ7ecCxCqMpJIR3awsPHdlab0,66040-273,,51.0,,7.0,7.0,0.0,0.0,0.0,0.0,State of Pará,"Av. Alcindo Cacela, 2504","Av. Alcindo Cacela, 2504",,Açaí do Irmão,Açaí Do Irmão,5.0,https://www.google.com/maps/search/?api=1&query=A%C3%A7a%C3%AD%20do%20Irm%C3%A3o&query_place_id=ChIJ7ecCxCqMpJIR3awsPHdlab0,,Monday-Saturday: 9 AM to 10 PM; Sunday: 9 AM to 2 PM
"R. dos Mundurucus, 2991 - Cremação, Belém - PA, 66040-033, Brazil","R. Dos Mundurucus, 2991 - Cremação, Belém - Pa, 66040-033, Brazil",Juice shop,Restaurant,,,,,,,,Açaí shop,6.61e+18,Belém,BR,0x92a48e81cdd44a4b:0x5bccc527253cbf5a,,,-1.4580565,-48.4792003,,Cremacao,+55 91 3249-8193,559000000000.0,ChIJS0rUzYGOpJIRWr88JSfFzFs,66040-033,,48.0,,22.0,14.0,2.0,4.0,1.0,1.0,State of Pará,"R. dos Mundurucus, 2991","R. Dos Mundurucus, 2991",,Açai Tropical,Açai Tropical,4.0,https://www.google.com/maps/search/?api=1&query=A%C3%A7ai%20Tropical&query_place_id=ChIJS0rUzYGOpJIRWr88JSfFzFs,,Monday-Saturday: 6:15 AM to 9 PM; Sunday: 9 AM to 9 PM
"Av. Roberto Camelier - Condor, Belém - PA, 66033-760, Brazil","Av. Roberto Camelier - Condor, Belém - Pa, 66033-760, Brazil",Açaí shop,,,,,,,,,Açaí shop,5.72e+17,Belém,BR,0x92a48f96f53398b9:0x7f12691a5dd7369,,,-1.4747517,-48.4797431,,Condor,+55 91 98393-6512,5590000000000.0,ChIJuZgz9ZaPpJIRaXPdpZEm8Qc,66033-760,,49.0,,2.0,2.0,0.0,0.0,0.0,0.0,State of Pará,Av. Roberto Camelier,Av. Roberto Camelier,,Açaí do Adrian,Açaí Do Adrian,5.0,https://www.google.com/maps/search/?api=1&query=A%C3%A7a%C3%AD%20do%20Adrian&query_place_id=ChIJuZgz9ZaPpJIRaXPdpZEm8Qc,,"Monday-Sunday: 9 AM to 2 PM, 6 to 11 PM"
"Tv. Monte Alegre, 420 - Cidade Velha, Belém - PA, 66023-040, Brazil","Tv. Monte Alegre, 420 - Cidade Velha, Belém - Pa, 66023-040, Brazil",Açaí shop,Delivery Restaurant,,,,,,,,Açaí shop,1.4e+19,Belém,BR,0x92a48e5debb0bbeb:0xc1beee3c00e81de3,,,-1.4644122,-48.5002148,,Cidade Velha,+55 91 98838-9982,5590000000000.0,ChIJ67uw612OpJIR4x3oADzuvsE,66023-040,,47.0,,16.0,11.0,2.0,0.0,2.0,1.0,State of Pará,"Tv. Monte Alegre, 420","Tv. Monte Alegre, 420",,Açai do Antônio,Açai Do Antônio,4.4,https://www.google.com/maps/search/?api=1&query=A%C3%A7ai%20do%20Ant%C3%B4nio&query_place_id=ChIJ67uw612OpJIR4x3oADzuvsE,,Monday-Saturday: 9 AM to 10 PM; Sunday: 9 AM to 10:30 PM
"R. dos Caripunas, 308 - Jurunas, Belém - PA, 66030-680, Brazil","R. Dos Caripunas, 308 - Jurunas, Belém - Pa, 66030-680, Brazil",Açaí shop,,,,,,,,,Açaí shop,4.83e+18,Belém,BR,0x92a48f597639f07b:0x431225e3df84c4b4,,,-1.4720887,-48.4949759,,Jurunas,+55 91 98446-4261,5590000000000.0,ChIJe_A5dlmPpJIRtMSE3-MlEkM,66030-680,,46.0,,1.0,1.0,0.0,0.0,0.0,0.0,State of Pará,"R. dos Caripunas, 308","R. Dos Caripunas, 308",,Açaí da's Morenas,Açaí Da'S Morenas,5.0,https://www.google.com/maps/search/?api=1&query=A%C3%A7a%C3%AD%20da's%20Morenas&query_place_id=ChIJe_A5dlmPpJIRtMSE3-MlEkM,,Monday-Sunday: 8 AM to 1:30 PM
"Tv. 14 de Março, 2952 - Cremação, Belém - PA, 66090-000, Brazil","Tv. 14 De Março, 2952 - Cremação, Belém - Pa, 66090-000, Brazil",Açaí shop,,,,,,,,,Açaí shop,1.25e+19,Belém,BR,0x92a48de81b759e47:0xad621f36d324ab2a,,,-1.4642017,-48.4805586,,Cremacao,+55 91 99397-5346,5590000000000.0,ChIJR551G-iNpJIRKqsk0zYfYq0,66090-000,,43.0,,0.0,,,,,,State of Pará,"Tv. 14 de Março, 2952","Tv. 14 De Março, 2952",,Açaí Magnífico,Açaí Magnífico,,https://www.google.com/maps/search/?api=1&query=A%C3%A7a%C3%AD%20Magn%C3%ADfico&query_place_id=ChIJR551G-iNpJIRKqsk0zYfYq0,,Monday-Sunday: 8 AM to 2:30 PM
"Passagem Guarani, 20 - Condor, Belém - PA, 66033-320, Brazil","Passagem Guarani, 20 - Condor, Belém - Pa, 66033-320, Brazil",Açaí shop,,,,,,,,,Açaí shop,5.18e+18,Belém,BR,0x92a48ffa0ddee83d:0x47e956acfbc5170a,,,-1.4755936,-48.4794881,,Condor,+55 91 98140-8301,5590000000000.0,ChIJPejeDfqPpJIRChfF-6xW6Uc,66033320,,42.0,,0.0,,,,,,State of Pará,"Passagem Guarani, 20","Passagem Guarani, 20",,Açaí da Amanda,Açaí Da Amanda,,https://www.google.com/maps/search/?api=1&query=A%C3%A7a%C3%AD%20da%20Amanda&query_place_id=ChIJPejeDfqPpJIRChfF-6xW6Uc,,Monday: Closed; Tuesday-Sunday: 9 AM to 2 PM
"Tv. Nove de Janeiro, 671 - Umarizal, Belém - PA, 66060-370, Brazil","Tv. Nove De Janeiro, 671 - Umarizal, Belém - Pa, 66060-370, Brazil",Açaí shop,,,,,,,,,Açaí shop,1.66e+19,Belém,BR,0x92a48c21c9391425:0xe5cd846307746442,,,-1.4454542,-48.4756218,,Umarizal,+55 91 99332-6421,5590000000000.0,ChIJJRQ5ySGMpJIRQmR0B2OEzeU,66060-370,,40.0,,4.0,4.0,0.0,0.0,0.0,0.0,State of Pará,"Tv. Nove de Janeiro, 671","Tv. Nove De Janeiro, 671",,Açaí & Cia Delivery!,Açaí & Cia Delivery!,5.0,https://www.google.com/maps/search/?api=1&query=A%C3%A7a%C3%AD%20%26%20Cia%20Delivery!&query_place_id=ChIJJRQ5ySGMpJIRQmR0B2OEzeU,,Monday-Saturday: 9:38 AM to 2:38 PM; Sunday: Closed
"Tv. 14 de Março, 2448 - Cremação, Belém - PA, 66040-273, Brazil","Tv. 14 De Março, 2448 - Cremação, Belém - Pa, 66040-273, Brazil",Juice shop,,,,,,,,,Açaí shop,1.63e+19,Belém,BR,0x92a48e8042e896ed:0xe2afbda573f26671,,,-1.4561368,-48.4804163,,Cremacao,+55 91 3033-3201,559000000000.0,ChIJ7ZboQoCOpJIRcWbyc6W9r-I,66040-273,,25.0,,16.0,12.0,2.0,2.0,0.0,0.0,State of Pará,"Tv. 14 de Março, 2448","Tv. 14 De Março, 2448",,Açaí Especial da Rosa,Açaí Especial Da Rosa,4.4,https://www.google.com/maps/search/?api=1&query=A%C3%A7a%C3%AD%20Especial%20da%20Rosa&query_place_id=ChIJ7ZboQoCOpJIRcWbyc6W9r-I,,Monday-Sunday: 9 AM to 10 PM
"Av. Alcindo Cacela, 3639 - Condor, Belém - PA, 66065-213, Brazil","Av. Alcindo Cacela, 3639 - Condor, Belém - Pa, 66065-213, Brazil",Açaí shop,,,,,,,,,Açaí shop,5.03e+18,Belém,BR,0x92a48e0a9d877199:0x45d2b2f3cfdc9afe,,,-1.4694772,-48.4761391,,Condor,+55 91 99313-8396,5590000000000.0,ChIJmXGHnQqOpJIR_prcz_Oy0kU,66065-213,,21.0,,44.0,32.0,3.0,4.0,3.0,2.0,State of Pará,"Av. Alcindo Cacela, 3639","Av. Alcindo Cacela, 3639",,Açaí Da Vitória,Açaí Da Vitória,4.3,https://www.google.com/maps/search/?api=1&query=A%C3%A7a%C3%AD%20Da%20Vit%C3%B3ria&query_place_id=ChIJmXGHnQqOpJIR_prcz_Oy0kU,,"Monday-Saturday: 9 AM to 2:30 PM, 6 to 9 PM; Sunday: 9 AM to 2:30 PM"
"Av. Alcindo Cacela, 3203 - Cremação, Belém - PA, 66065-205, Brazil","Av. Alcindo Cacela, 3203 - Cremação, Belém - Pa, 66065-205, Brazil",Açaí shop,,,,,,,,,Açaí shop,6.29e+18,Belém,BR,0x92a48d8a53e42911:0x57392e864fa51bcf,,,-1.4655433,-48.4764406,,Cremacao,+55 91 98863-8163,5590000000000.0,ChIJESnkU4qNpJIRzxulT4YuOVc,66065-205,,29.0,,1.0,1.0,0.0,0.0,0.0,0.0,State of Pará,"Av. Alcindo Cacela, 3203","Av. Alcindo Cacela, 3203",,Açaí Expresso Cametá,Açaí Expresso Cametá,5.0,https://www.google.com/maps/search/?api=1&query=A%C3%A7a%C3%AD%20Expresso%20Camet%C3%A1&query_place_id=ChIJESnkU4qNpJIRzxulT4YuOVc,,
"R. dos Tambés, 45 - Condor, Belém - PA, 66033-780, Brazil","R. Dos Tambés, 45 - Condor, Belém - Pa, 66033-780, Brazil",Açaí shop,,,,,,,,,Açaí shop,3.63e+18,Belém,BR,0x92a48fefa66c25e1:0x3269e27080de50a7,,,-1.4700202,-48.4789406,https://menu.ifood.com.br/67512b6e-8eea-4b8e-b08b-dd7deca4ad89,Condor,,,ChIJ4SVspu-PpJIRp1DegHDiaTI,66033-780,,30.0,,5.0,2.0,0.0,3.0,0.0,0.0,State of Pará,"R. dos Tambés, 45","R. Dos Tambés, 45",,Açaiteria Ki-delicia,Açaiteria Ki-Delicia,2.6,https://www.google.com/maps/search/?api=1&query=A%C3%A7aiteria%20Ki-delicia&query_place_id=ChIJ4SVspu-PpJIRp1DegHDiaTI,https://menu.ifood.com.br/67512b6e-8eea-4b8e-b08b-dd7deca4ad89,Monday-Thursday: 9 AM to 11 PM; Friday-Sunday: 9 AM to 12 AM
"Tv. 14 de Março - Umarizal, Belém - PA, 66050-430, Brazil","Tv. 14 De Março - Umarizal, Belém - Pa, 66050-430, Brazil",Açaí shop,Frozen dessert supplier,Frozen food manufacturer,,,,,,,Açaí shop,1.23e+19,Belém,BR,0x92a48ea7c85cb965:0xaaa5850dfee19d14,,,-1.4383488,-48.4807249,,Umarizal,+55 91 98141-0953,5590000000000.0,ChIJZblcyKeOpJIRFJ3h_g2Fpao,66050-430,,19.0,,3.0,3.0,0.0,0.0,0.0,0.0,State of Pará,Tv. 14 de Março,Tv. 14 De Março,,Açaí tropical do Pará,Açaí Tropical Do Pará,5.0,https://www.google.com/maps/search/?api=1&query=A%C3%A7a%C3%AD%20tropical%20do%20Par%C3%A1&query_place_id=ChIJZblcyKeOpJIRFJ3h_g2Fpao,,"Monday-Friday: 9 AM to 2 PM, 6 to 10 PM; Saturday: 6 PM to 12 AM; Sunday: 9 AM to 1:30 PM"
"Passagem Limoeiro - Jurunas, Belém - PA, 66030-320, Brazil","Passagem Limoeiro - Jurunas, Belém - Pa, 66030-320, Brazil",Açaí shop,,,,,,,,,Açaí shop,6.36e+18,Belém,BR,0x92a48f2022534dbb:0x5836bda8bf95a197,,,-1.4754587,-48.4895018,,Jurunas,+55 91 98219-7640,5590000000000.0,ChIJu01TIiCPpJIRl6GVv6i9Nlg,66030-320,,18.0,,0.0,,,,,,State of Pará,Passagem Limoeiro,Passagem Limoeiro,,Açai JL Botelho,Açai Jl Botelho,,https://www.google.com/maps/search/?api=1&query=A%C3%A7ai%20JL%20Botelho&query_place_id=ChIJu01TIiCPpJIRl6GVv6i9Nlg,,Monday: Closed; Tuesday-Sunday: 9 AM to 2:30 PM
"Passagem Monte Alegre, 983 - Jurunas, Belém - PA, 68447-000, Brazil","Passagem Monte Alegre, 983 - Jurunas, Belém - Pa, 68447-000, Brazil",Açaí shop,,,,,,,,,Açaí shop,1.65e+19,Belém,BR,0x92a48f2d23a7a4d7:0xe57dd6796d3cdd1e,,,-1.4729403,-48.4903137,,Jurunas,+55 91 99131-3569,5590000000000.0,ChIJ16SnIy2PpJIRHt08bXnWfeU,68447-000,,17.0,,3.0,3.0,0.0,0.0,0.0,0.0,State of Pará,"Passagem Monte Alegre, 983","Passagem Monte Alegre, 983",,B&M Açaí do Billy,B&M Açaí Do Billy,5.0,https://www.google.com/maps/search/?api=1&query=B%26M%20A%C3%A7a%C3%AD%20do%20Billy&query_place_id=ChIJ16SnIy2PpJIRHt08bXnWfeU,,Monday-Friday: 9:30 AM to 2 PM; Saturday: 9:30 AM to 1 PM; Sunday: Closed
"Tv. dos Apinagés, 1388 - Batista Campos, Belém - PA, 66045-110, Brazil","Tv. Dos Apinagés, 1388 - Batista Campos, Belém - Pa, 66045-110, Brazil",Açaí shop,,,,,,,,,Açaí shop,1.07e+19,Belém,BR,0x92a48e77243800d9:0x951ebb931b9925f4,,,-1.4684544,-48.4829256,,Batista Campos,+55 91 98130-6129,5590000000000.0,ChIJ2QA4JHeOpJIR9CWZG5O7HpU,66045-110,,16.0,,109.0,77.0,19.0,2.0,7.0,4.0,State of Pará,"Tv. dos Apinagés, 1388","Tv. Dos Apinagés, 1388",Ponto do Açaí,Acai Point,Acai Point,4.5,https://www.google.com/maps/search/?api=1&query=Acai%20Point&query_place_id=ChIJ2QA4JHeOpJIR9CWZG5O7HpU,,Monday-Friday: 10 AM to 3:30 PM; Saturday: 10 AM to 12:30 PM; Sunday: Closed
"Passagem Guarani, 20 - Condor, Belém - PA, 66033-151, Brazil","Passagem Guarani, 20 - Condor, Belém - Pa, 66033-151, Brazil",Açaí shop,,,,,,,,,Açaí shop,1.04e+19,Belém,BR,0x92a48fe571679a75:0x8fa9693fb1f16676,,,-1.4756248,-48.47955,,Condor,+55 91 99104-1365,5590000000000.0,ChIJdZpnceWPpJIRdmbxsT9pqY8,,,14.0,,1.0,1.0,0.0,0.0,0.0,0.0,State of Pará,"Passagem Guarani, 20","Passagem Guarani, 20",,Açaí do Cipó,Açaí Do Cipó,5.0,https://www.google.com/maps/search/?api=1&query=A%C3%A7a%C3%AD%20do%20Cip%C3%B3&query_place_id=ChIJdZpnceWPpJIRdmbxsT9pqY8,,
"Passagem Principal, 123 - Umarizal, Belém - PA, 66055-480, Brazil","Passagem Principal, 123 - Umarizal, Belém - Pa, 66055-480, Brazil",Açaí shop,,,,,,,,,Açaí shop,1.59e+19,Belém,BR,0x92a48f005f51b367:0xdd254fa8c5b2d8d6,,,-1.4433926,-48.485774,,Umarizal,+55 91 98527-8301,5590000000000.0,ChIJZ7NRXwCPpJIR1tiyxahPJd0,66055-480,,15.0,,1.0,1.0,0.0,0.0,0.0,0.0,State of Pará,"Passagem Principal, 123","Passagem Principal, 123",,Açaí do Bandeira,Açaí Do Bandeira,5.0,https://www.google.com/maps/search/?api=1&query=A%C3%A7a%C3%AD%20do%20Bandeira&query_place_id=ChIJZ7NRXwCPpJIR1tiyxahPJd0,,
"R. dos Mundurucus, 2508 - Jurunas, Belém - PA, 66040-033, Brazil","R. Dos Mundurucus, 2508 - Jurunas, Belém - Pa, 66040-033, Brazil",Açaí shop,,,,,,,,,Açaí shop,3.08e+18,Belém,BR,0x92a48f564a619d2f:0x2ac123e7e23bf76e,,,-1.4585092,-48.483349,,Jurunas,,,ChIJL51hSlaPpJIRbvc74ucjwSo,66040-033,,13.0,,0.0,,,,,,State of Pará,"R. dos Mundurucus, 2508","R. Dos Mundurucus, 2508",,Açaí do Rhian,Açaí Do Rhian,,https://www.google.com/maps/search/?api=1&query=A%C3%A7a%C3%AD%20do%20Rhian&query_place_id=ChIJL51hSlaPpJIRbvc74ucjwSo,,Monday-Sunday: 9 AM to 3 PM
"Tv. Dr. Moraes, 556 - Nazaré, Belém - PA, 66035-125, Brazil","Tv. Dr. Moraes, 556 - Nazaré, Belém - Pa, 66035-125, Brazil",Açaí shop,,,,,,,,,Açaí shop,1.62e+19,Belém,BR,0x92a48f256b735251:0xe0b0ea1e282360c0,,,-1.4579815,-48.4885129,,Nazaré,+55 91 99212-1202,5590000000000.0,ChIJUVJzayWPpJIRwGAjKB7qsOA,66035-125,,12.0,,16.0,16.0,0.0,0.0,0.0,0.0,State of Pará,"Tv. Dr. Moraes, 556","Tv. Dr. Moraes, 556",,Dr. Açaí,Dr. Açaí,5.0,https://www.google.com/maps/search/?api=1&query=Dr.%20A%C3%A7a%C3%AD&query_place_id=ChIJUVJzayWPpJIRwGAjKB7qsOA,https://www.instagram.com/dr_acai_belem/profilecard/?igsh=MWZkZ28yNnJnMmNwaQ==,Monday-Saturday: 9 AM to 7 PM; Sunday: 9 AM to 12 PM
"Tv. Monte Alegre, n° 792 - Jurunas, Belém - PA, 66025-435, Brazil","Tv. Monte Alegre, N° 792 - Jurunas, Belém - Pa, 66025-435, Brazil",Açaí shop,,,,,,,,,Açaí shop,3.22e+17,Belém,BR,0x92a48fb61c11394b:0x476ff057bdbf039,,,-1.4668507,-48.4979103,,Jurunas,,,ChIJSzkRHLaPpJIROfDbewX_dgQ,66025-435,,11.0,,2.0,1.0,0.0,1.0,0.0,0.0,State of Pará,"Tv. Monte Alegre, n° 792","Tv. Monte Alegre, N° 792",,Açaí da Fabily,Açaí Da Fabily,3.0,https://www.google.com/maps/search/?api=1&query=A%C3%A7a%C3%AD%20da%20Fabily&query_place_id=ChIJSzkRHLaPpJIROfDbewX_dgQ,,Monday-Saturday: 9 AM to 3 PM; Sunday: Closed
"Tv. Honório José dos Santos, 1191 - Jurunas, Belém - PA, 66033-367, Brazil","Tv. Honório José Dos Santos, 1191 - Jurunas, Belém - Pa, 66033-367, Brazil",Açaí shop,,,,,,,,,Açaí shop,2.01e+18,Belém,BR,0x92a48f3503800391:0x1bed52bccf2c0cd4,,,-1.4710005,-48.4871027,,Jurunas,,,ChIJkQOAAzWPpJIR1Awsz7xS7Rs,66033-367,,10.0,,1.0,0.0,0.0,0.0,1.0,0.0,State of Pará,"Tv. Honório José dos Santos, 1191","Tv. Honório José Dos Santos, 1191",,Açaí Honório,Açaí Honório,3.0,https://www.google.com/maps/search/?api=1&query=A%C3%A7a%C3%AD%20Hon%C3%B3rio&query_place_id=ChIJkQOAAzWPpJIR1Awsz7xS7Rs,,
"Edifício da Assembleia Paraense - Av. Pres. Vargas, 762 - Loja B - Campina, Belém - PA, 66017-000, Brazil","Edifício Da Assembleia Paraense - Av. Pres. Vargas, 762 - Loja B - Campina, Belém - Pa, 66017-000, Brazil",Ice cream shop,,,,,,,,,Açaí shop,9.06e+16,Belém,BR,0x92a48f955a040d15:0x141b91ec7edd874,,,-1.4531288,-48.4951469,,Campina,+55 91 99126-6938,5590000000000.0,ChIJFQ0EWpWPpJIRdNjtxx65QQE,66017-000,,9.0,,10.0,10.0,0.0,0.0,0.0,0.0,State of Pará,"Edifício da Assembleia Paraense - Av. Pres. Vargas, 762 - Loja B","Edifício Da Assembleia Paraense - Av. Pres. Vargas, 762 - Loja B",,Live Açaí,Live Açaí,5.0,https://www.google.com/maps/search/?api=1&query=Live%20A%C3%A7a%C3%AD&query_place_id=ChIJFQ0EWpWPpJIRdNjtxx65QQE,,Monday-Saturday: 9 AM to 3 PM; Sunday: 9 AM to 1 PM
"Tv. Bom Jardim, 2140 - Cidade Velha, Belém - PA, 66025-180, Brazil","Tv. Bom Jardim, 2140 - Cidade Velha, Belém - Pa, 66025-180, Brazil",Açaí shop,,,,,,,,,Açaí shop,1.4e+19,Belém,BR,0x92a48f1a63c38d6f:0xc22668bc701400df,,,-1.4747725,-48.4878769,,Cidade Velha,,,ChIJb43DYxqPpJIR3wAUcLxoJsI,66025-180,,8.0,,3.0,3.0,0.0,0.0,0.0,0.0,State of Pará,"Tv. Bom Jardim, 2140","Tv. Bom Jardim, 2140",,Açaí do Bira,Açaí Do Bira,5.0,https://www.google.com/maps/search/?api=1&query=A%C3%A7a%C3%AD%20do%20Bira&query_place_id=ChIJb43DYxqPpJIR3wAUcLxoJsI,,"Monday-Friday: 8:30 AM to 2 PM, 6 to 10 PM; Saturday: 8:30 AM to 2:30 PM; Sunday: 8:30 AM to 3 PM"
"R. Óbidos, 654 A - Cidade Velha, Belém - PA, 66020-446, Brazil","R. Óbidos, 654 A - Cidade Velha, Belém - Pa, 66020-446, Brazil",Açaí shop,Juice shop,Natural goods store,,,,,,,Açaí shop,1.59e+18,Belém,BR,0x92a48e605f56bcb3:0x160b7e6418289de6,,,-1.4602493,-48.4986492,,Cidade Velha,+55 91 3072-2947,559000000000.0,ChIJs7xWX2COpJIR5p0oGGR-CxY,66020-446,,7.0,,5.0,2.0,2.0,1.0,0.0,0.0,State of Pará,"R. Óbidos, 654 A","R. Óbidos, 654 A",,Açaí Vieira II,Açaí Vieira Ii,3.8,https://www.google.com/maps/search/?api=1&query=A%C3%A7a%C3%AD%20Vieira%20II&query_place_id=ChIJs7xWX2COpJIR5p0oGGR-CxY,,Monday-Sunday: 9 AM to 2 PM
"Av. Bernardo Sayão, 986 - Jurunas, Belém - PA, 66030-120, Brazil","Av. Bernardo Sayão, 986 - Jurunas, Belém - Pa, 66030-120, Brazil",Açaí shop,,,,,,,,,Açaí shop,6.18e+18,Belém,BR,0x92a48f001730cd63:0x55c212898dbe2c83,,,-1.473331,-48.4968599,,Jurunas,,,ChIJY80wFwCPpJIRgyy-jYkSwlU,66030-120,,6.0,,1.0,1.0,0.0,0.0,0.0,0.0,State of Pará,"Av. Bernardo Sayão, 986","Av. Bernardo Sayão, 986",,Açaí da Nena,Açaí Da Nena,5.0,https://www.google.com/maps/search/?api=1&query=A%C3%A7a%C3%AD%20da%20Nena&query_place_id=ChIJY80wFwCPpJIRgyy-jYkSwlU,,Monday-Saturday: 9 AM to 11 PM; Sunday: 9 AM to 12 PM
"Tv. Alm. Wandenkolk, 1249 - Umarizal, Belém - PA, 66055-045, Brazil","Tv. Alm. Wandenkolk, 1249 - Umarizal, Belém - Pa, 66055-045, Brazil",Store,,,,,,,,,Açaí shop,1.63e+19,Belém,BR,0x92a48f3ad13ccf5f:0xe23003cb6ef27232,,,-1.4475486,-48.4854875,,Umarizal,+55 91 98800-8569,5590000000000.0,ChIJX8880TqPpJIRMnLybssDMOI,66055-045,,4.0,,20.0,14.0,0.0,6.0,0.0,0.0,State of Pará,"Tv. Alm. Wandenkolk, 1249","Tv. Alm. Wandenkolk, 1249",,Ponto do Açaí Wandenkolk,Ponto Do Açaí Wandenkolk,3.8,https://www.google.com/maps/search/?api=1&query=Ponto%20do%20A%C3%A7a%C3%AD%20Wandenkolk&query_place_id=ChIJX8880TqPpJIRMnLybssDMOI,,Monday-Sunday: 8 AM to 5 PM
"Passagem Mercês, 1584 - Batista Campos, Belém - PA, 66045-590, Brazil","Passagem Mercês, 1584 - Batista Campos, Belém - Pa, 66045-590, Brazil",Açaí shop,,,,,,,,,Açaí shop,1.48e+19,Belém,BR,0x92a48f182919cbd3:0xcdc2132a1e644f4a,,,-1.465391,-48.4830054,,Batista Campos,,,ChIJ08sZKRiPpJIRSk9kHioTws0,66045-590,,5.0,,4.0,4.0,0.0,0.0,0.0,0.0,State of Pará,"Passagem Mercês, 1584","Passagem Mercês, 1584",,Tribo do açaí,Tribo Do Açaí,5.0,https://www.google.com/maps/search/?api=1&query=Tribo%20do%20a%C3%A7a%C3%AD&query_place_id=ChIJ08sZKRiPpJIRSk9kHioTws0,,Monday: Closed; Tuesday-Sunday: 8 AM to 2 PM
"R. João Balbi, 55 - Nazaré, Belém - PA, 66055-280, Brazil","R. João Balbi, 55 - Nazaré, Belém - Pa, 66055-280, Brazil",Store,,,,,,,,,Açaí shop,3.86e+18,Belém,BR,0x92a48e9a67d9fbc3:0x358d9c0b75a25ee6,,,-1.4500458,-48.4878047,,Nazaré,+55 91 98263-7037,5590000000000.0,ChIJw_vZZ5qOpJIR5l6idQucjTU,66055-280,,3.0,,249.0,198.0,25.0,11.0,11.0,4.0,State of Pará,"R. João Balbi, 55","R. João Balbi, 55",,Açaí do Alonso,Açaí Do Alonso,4.6,https://www.google.com/maps/search/?api=1&query=A%C3%A7a%C3%AD%20do%20Alonso&query_place_id=ChIJw_vZZ5qOpJIR5l6idQucjTU,,Monday-Tuesday: 8 AM to 1:30 PM; Wednesday: 9 AM to 1:40 PM; Thursday: 8 AM to 1:30 PM; Friday: 8:30 AM to 3 PM; Saturday: 8 AM to 3 PM; Sunday: 9 AM to 1:30 PM
"b, Tv. Honório José dos Santos, 619 - Jurunas, Belém - PA, 66033-372, Brazil","B, Tv. Honório José Dos Santos, 619 - Jurunas, Belém - Pa, 66033-372, Brazil",Açaí shop,,,,,,,,,Açaí shop,2.77e+18,Belém,BR,0x92a48e6f9e03aaab:0x26654321dc4d77d7,,,-1.4677752,-48.4910114,,Jurunas,+55 91 98338-0432,5590000000000.0,ChIJq6oDnm-OpJIR13dN3CFDZSY,66033-372,,2.0,,14.0,13.0,1.0,0.0,0.0,0.0,State of Pará,"b, Tv. Honório José dos Santos, 619","B, Tv. Honório José Dos Santos, 619",,Martins Açai,Martins Açai,4.9,https://www.google.com/maps/search/?api=1&query=Martins%20A%C3%A7ai&query_place_id=ChIJq6oDnm-OpJIR13dN3CFDZSY,,Monday-Friday: 6 AM to 3 PM; Saturday-Sunday: 8 AM to 2 PM
"R. Arcipreste Manoel Teodoro, 637 - Batista Campos, Belém - PA, 66015-040, Brazil","R. Arcipreste Manoel Teodoro, 637 - Batista Campos, Belém - Pa, 66015-040, Brazil",Açaí shop,,,,,,,,,Açaí shop,1.51e+19,Belém,BR,0x92a48e89821588e7:0xd1d09c1e69b3ca7c,,,-1.4580267,-48.4933827,,Batista Campos,+55 91 98967-4396,5590000000000.0,ChIJ54gVgomOpJIRfMqzaR6c0NE,66015-040,,1.0,,2.0,2.0,0.0,0.0,0.0,0.0,State of Pará,"R. Arcipreste Manoel Teodoro, 637","R. Arcipreste Manoel Teodoro, 637",,Açai São Lourenço,Açai São Lourenço,5.0,https://www.google.com/maps/search/?api=1&query=A%C3%A7ai%20S%C3%A3o%20Louren%C3%A7o&query_place_id=ChIJ54gVgomOpJIRfMqzaR6c0NE,,Monday-Sunday: 8 AM to 2 PM
"Tv. Teófilo Condurú - Canudos, Belém - PA, 66073-570, Brazil","Tv. Teófilo Condurú - Canudos, Belém - Pa, 66073-570, Brazil",Açaí shop,,,,,,,,,Açaí shop,5.19e+18,Belém,BR,0x92a48d001982cbaf:0x47ffc9e3e88aa082,,,-1.4546056,-48.4609804,,Canudos,+55 91 98459-4687,5590000000000.0,ChIJr8uCGQCNpJIRgqCK6OPJ_0c,,,56.0,,0.0,,,,,,State of Pará,Tv. Teófilo Condurú,Tv. Teófilo Condurú,,Açaí do Bill,Açaí Do Bill,,https://www.google.com/maps/search/?api=1&query=A%C3%A7a%C3%AD%20do%20Bill&query_place_id=ChIJr8uCGQCNpJIRgqCK6OPJ_0c,,Monday: Closed; Tuesday-Saturday: 8 AM to 2 PM; Sunday: 8 AM to 1 PM
"Passagem Eduardo, 8a - Terra Firme, Belém - PA, 66070-150, Brazil","Passagem Eduardo, 8A - Terra Firme, Belém - Pa, 66070-150, Brazil",Açaí shop,,,,,,,,,Açaí shop,1.68e+19,Belém,BR,0x92a48dc5b1910ff7:0xe94d257fa96c9679,,,-1.448799,-48.4548451,,Terra Firme,+55 91 98766-9213,5590000000000.0,ChIJ9w-RscWNpJIReZZsqX8lTek,66070-150,,55.0,,0.0,,,,,,State of Pará,"Passagem Eduardo, 8a","Passagem Eduardo, 8A",,Açaí do Fernando,Açaí Do Fernando,,https://www.google.com/maps/search/?api=1&query=A%C3%A7a%C3%AD%20do%20Fernando&query_place_id=ChIJ9w-RscWNpJIReZZsqX8lTek,,Monday-Sunday: 8 AM to 12 AM
"Tv. Vinte e Cinco de Junho, 500 - Guamá, Belém - PA, 66075-513, Brazil","Tv. Vinte E Cinco De Junho, 500 - Guamá, Belém - Pa, 66075-513, Brazil",Organic food store,,,,,,,,,Açaí shop,2.63e+18,Belém,BR,0x92a48dc066f7c3a9:0x247fa3aa2a0f520d,,,-1.4721957,-48.459755,,Guamá,,,ChIJqcP3ZsCNpJIRDVIPKqqjfyQ,66075-513,,54.0,,6.0,1.0,4.0,0.0,1.0,0.0,State of Pará,"Tv. Vinte e Cinco de Junho, 500","Tv. Vinte E Cinco De Junho, 500",,Açaí da Japonesa,Açaí Da Japonesa,4.0,https://www.google.com/maps/search/?api=1&query=A%C3%A7a%C3%AD%20da%20Japonesa&query_place_id=ChIJqcP3ZsCNpJIRDVIPKqqjfyQ,,Monday-Saturday: 8 AM to 2 PM; Sunday: 8 AM to 1 PM
"Passagem Pinheiro, 10 - Guamá, Belém - PA, 66075-630, Brazil","Passagem Pinheiro, 10 - Guamá, Belém - Pa, 66075-630, Brazil",Açaí shop,,,,,,,,,Açaí shop,1.56e+19,Belém,BR,0x92a48d70996f68f1:0xd8549df89a78434e,,,-1.474656,-48.4608459,,Guamá,+55 91 98239-5226,5590000000000.0,ChIJ8WhvmXCNpJIRTkN4mvidVNg,66075-630,,53.0,,0.0,,,,,,State of Pará,"Passagem Pinheiro, 10","Passagem Pinheiro, 10",,Açaí do Sérgio,Açaí Do Sérgio,,https://www.google.com/maps/search/?api=1&query=A%C3%A7a%C3%AD%20do%20S%C3%A9rgio&query_place_id=ChIJ8WhvmXCNpJIRTkN4mvidVNg,,
"R. Barão de Igarapé Miri, 1024 - Guamá, Belém - PA, 66075-048, Brazil","R. Barão De Igarapé Miri, 1024 - Guamá, Belém - Pa, 66075-048, Brazil",Store,,,,,,,,,Açaí shop,4.4e+18,Belém,BR,0x92a48d21e3cf9e45:0x3d0be232d1a06f30,,,-1.4674502,-48.4593733,,Guamá,+55 91 98219-1318,5590000000000.0,ChIJRZ7P4yGNpJIRMG-g0TLiCz0,66075-048,,51.0,,3.0,3.0,0.0,0.0,0.0,0.0,State of Pará,"R. Barão de Igarapé Miri, 1024","R. Barão De Igarapé Miri, 1024",,AÇAÍ OLIVEIRA,Açaí Oliveira,5.0,https://www.google.com/maps/search/?api=1&query=A%C3%87A%C3%8D%20OLIVEIRA&query_place_id=ChIJRZ7P4yGNpJIRMG-g0TLiCz0,,"Monday: Closed; Tuesday-Saturday: 9 AM to 1 PM, 6 to 8 PM; Sunday: 9 AM to 1 PM"
"Passagem São José - Guamá, Belém - PA, 66075-795, Brazil","Passagem São José - Guamá, Belém - Pa, 66075-795, Brazil",Açaí shop,Skin care products vending machine,,,,,,,,Açaí shop,1.74e+19,Belém,BR,0x92a48dc2327e22bf:0xf0f5d594f541f341,,,-1.4614567,-48.4568618,,Guamá,+55 91 99943-0524,5590000000000.0,ChIJvyJ-MsKNpJIRQfNB9ZTV9fA,66075-795,,52.0,,0.0,,,,,,State of Pará,Passagem São José,Passagem São José,,Cantinho do Açaí,Cantinho Do Açaí,,https://www.google.com/maps/search/?api=1&query=Cantinho%20do%20A%C3%A7a%C3%AD&query_place_id=ChIJvyJ-MsKNpJIRQfNB9ZTV9fA,,"Monday-Saturday: 9:30 AM to 2 PM, 5 to 9 PM; Sunday: 9:30 AM to 1 PM"
"Passagem São Sebastião, 36 - Terra Firme, Belém - PA, 66077-730, Brazil","Passagem São Sebastião, 36 - Terra Firme, Belém - Pa, 66077-730, Brazil",Juice shop,,,,,,,,,Açaí shop,4.63e+17,Belém,BR,0x92a48dc47002368f:0x66c34019bb412d4,,,-1.4541129,-48.4484728,,Terra Firme,+55 91 98041-8958,5590000000000.0,ChIJjzYCcMSNpJIR1BK0mwE0bAY,66077-730,,49.0,,3.0,3.0,0.0,0.0,0.0,0.0,State of Pará,"Passagem São Sebastião, 36","Passagem São Sebastião, 36",,Gêmeos açaí,Gêmeos Açaí,5.0,https://www.google.com/maps/search/?api=1&query=G%C3%AAmeos%20a%C3%A7a%C3%AD&query_place_id=ChIJjzYCcMSNpJIR1BK0mwE0bAY,,
"Passagem Nossa Sra. das Graças, 459 - Terra Firme, Belém - PA, 66077-420, Brazil","Passagem Nossa Sra. Das Graças, 459 - Terra Firme, Belém - Pa, 66077-420, Brazil",Açaí shop,,,,,,,,,Açaí shop,4.62e+17,Belém,BR,0x92a48d003834b52b:0x667bfe51be9a9c4,,Sport Fit Academia,-1.4564775,-48.4538766,,Terra Firme,+55 91 98617-8320,5590000000000.0,ChIJK7U0OACNpJIRxKnpG-W_ZwY,66077-420,,50.0,,0.0,,,,,,State of Pará,"Passagem Nossa Sra. das Graças, 459","Passagem Nossa Sra. Das Graças, 459",,Papa açaí,Papa Açaí,,https://www.google.com/maps/search/?api=1&query=Papa%20a%C3%A7a%C3%AD&query_place_id=ChIJK7U0OACNpJIRxKnpG-W_ZwY,,Monday-Saturday: 8 AM to 2 PM; Sunday: Closed
"Rua dos tubos residencial liberdade 3 Abrigo - Terra Firme, Belém - PA, 66077-665, Brazil","Rua Dos Tubos Residencial Liberdade 3 Abrigo - Terra Firme, Belém - Pa, 66077-665, Brazil",Açaí shop,,,,,,,,,Açaí shop,1.77e+19,Belém,BR,0x92a48d354ca41923:0xf5b440039143d2be,,,-1.4664074,-48.4523039,,Terra Firme,+55 91 99360-3306,5590000000000.0,ChIJIxmkTDWNpJIRvtJDkQNAtPU,66077-665,,48.0,,0.0,,,,,,State of Pará,Rua dos tubos residencial liberdade 3 Abrigo,Rua Dos Tubos Residencial Liberdade 3 Abrigo,,Açai fruto da Fé,Açai Fruto Da Fé,,https://www.google.com/maps/search/?api=1&query=A%C3%A7ai%20fruto%20da%20F%C3%A9&query_place_id=ChIJIxmkTDWNpJIRvtJDkQNAtPU,,
"Av. Celso Malcher, 799 - Terra Firme, Belém - PA, 66079-005, Brazil","Av. Celso Malcher, 799 - Terra Firme, Belém - Pa, 66079-005, Brazil",Açaí shop,,,,,,,,,Açaí shop,6.9e+18,Belém,BR,0x92a48d006351b7ff:0x5fb4ec4b16f0d8e8,,,-1.4565415,-48.4501751,,Terra Firme,,,ChIJ_7dRYwCNpJIR6NjwFkvstF8,,,47.0,,0.0,,,,,,State of Pará,"Av. Celso Malcher, 799","Av. Celso Malcher, 799",,Açai Líder,Açai Líder,,https://www.google.com/maps/search/?api=1&query=A%C3%A7ai%20L%C3%ADder&query_place_id=ChIJ_7dRYwCNpJIR6NjwFkvstF8,,Monday-Saturday: 9 AM to 2:45 PM; Sunday: Closed
"R. Jabatiteua, 87 - Marco, Belém - PA, 66070-260, Brazil","R. Jabatiteua, 87 - Marco, Belém - Pa, 66070-260, Brazil",Açaí shop,,,,,,,,,Açaí shop,1.12e+19,Belém,BR,0x92a48d002db628a7:0x9b4dbbeb2675d473,,,-1.4465955,-48.4596762,,Marco,,,ChIJpyi2LQCNpJIRc9R1Juu7TZs,66070-260,,46.0,,0.0,,,,,,State of Pará,"R. Jabatiteua, 87","R. Jabatiteua, 87",,AÇAÍ DO PRÍNCIPE,Açaí Do Príncipe,,https://www.google.com/maps/search/?api=1&query=A%C3%87A%C3%8D%20DO%20PR%C3%8DNCIPE&query_place_id=ChIJpyi2LQCNpJIRc9R1Juu7TZs,,
"Passagem Santa Helena - Terra Firme, Belém - PA, 66070-640, Brazil","Passagem Santa Helena - Terra Firme, Belém - Pa, 66070-640, Brazil",Ice cream shop,,,,,,,,,Açaí shop,7.88e+18,Belém,BR,0x92a48dcad5ac63d7:0x6d5308397074e418,,,-1.453773,-48.4527154,,Terra Firme,+55 91 98519-5852,5590000000000.0,ChIJ12Os1cqNpJIRGOR0cDkIU20,66070-640,,43.0,,3.0,3.0,0.0,0.0,0.0,0.0,State of Pará,Passagem Santa Helena,Passagem Santa Helena,,Point do Sorvete & Açaí,Point Do Sorvete & Açaí,5.0,https://www.google.com/maps/search/?api=1&query=Point%20do%20Sorvete%20%26%20A%C3%A7a%C3%AD&query_place_id=ChIJ12Os1cqNpJIRGOR0cDkIU20,,
"Passagem Leal, 185 - Terra Firme, Belém - PA, 66070-310, Brazil","Passagem Leal, 185 - Terra Firme, Belém - Pa, 66070-310, Brazil",Açaí shop,,,,,,,,,Açaí shop,1.75e+19,Belém,BR,0x92a48db3996fd383:0xf2a6c399cfac828a,,,-1.4490438,-48.4515266,,Terra Firme,+55 91 98751-7222,5590000000000.0,ChIJg9NvmbONpJIRioKsz5nDpvI,66070-310,,42.0,,2.0,2.0,0.0,0.0,0.0,0.0,State of Pará,"Passagem Leal, 185","Passagem Leal, 185",,Açaí do Abuse,Açaí Do Abuse,5.0,https://www.google.com/maps/search/?api=1&query=A%C3%A7a%C3%AD%20do%20Abuse&query_place_id=ChIJg9NvmbONpJIRioKsz5nDpvI,,Monday-Thursday: 10 AM to 6:30 PM; Friday: 10 AM to 7:30 PM; Saturday-Sunday: 10 AM to 5 PM
"Tv. Teófilo Condurú, 452 - Canudos, Belém - PA, 66070-530, Brazil","Tv. Teófilo Condurú, 452 - Canudos, Belém - Pa, 66070-530, Brazil",Ice cream shop,,,,,,,,,Açaí shop,1.09e+19,Belém,BR,0x92a48d19388cab7f:0x97bd9e011e6d052e,,,-1.4516282,-48.4613032,,Canudos,+55 91 98627-4572,5590000000000.0,ChIJf6uMOBmNpJIRLgVtHgGevZc,66070-530,,39.0,,22.0,21.0,1.0,0.0,0.0,0.0,State of Pará,"Tv. Teófilo Condurú, 452","Tv. Teófilo Condurú, 452",,EGUA DO AÇAI BELÉM,Egua Do Açai Belém,5.0,https://www.google.com/maps/search/?api=1&query=EGUA%20DO%20A%C3%87AI%20BEL%C3%89M&query_place_id=ChIJf6uMOBmNpJIRLgVtHgGevZc,,
"Tv. Liberato de Castro, 546 a - Guamá, Belém - PA, 66075-420, Brazil","Tv. Liberato De Castro, 546 A - Guamá, Belém - Pa, 66075-420, Brazil",Açaí shop,,,,,,,,,Açaí shop,6.29e+18,Belém,BR,0x92a48da1028902a7:0x57534cce1eb69ac8,,,-1.4681239,-48.463426,,Guamá,+55 91 98164-7589,5590000000000.0,ChIJpwKJAqGNpJIRyJq2Hs5MU1c,66075-420,,35.0,,0.0,,,,,,State of Pará,"Tv. Liberato de Castro, 546 a","Tv. Liberato De Castro, 546 A",,Açaí Maroto,Açaí Maroto,,https://www.google.com/maps/search/?api=1&query=A%C3%A7a%C3%AD%20Maroto&query_place_id=ChIJpwKJAqGNpJIRyJq2Hs5MU1c,,Monday-Sunday: 8 AM to 3 PM
"Passagem Silva, 143 - Guamá, Belém - PA, 66075-460, Brazil","Passagem Silva, 143 - Guamá, Belém - Pa, 66075-460, Brazil",Açaí shop,,,,,,,,,Açaí shop,1.07e+19,Belém,BR,0x92a48d117cb14471:0x948a30daf0c88c96,,,-1.4756347,-48.4608828,,Guamá,+55 91 99839-8948,5590000000000.0,ChIJcUSxfBGNpJIRlozI8NowipQ,66075-460,,38.0,,0.0,,,,,,State of Pará,"Passagem Silva, 143","Passagem Silva, 143",,Açai do Badu,Açai Do Badu,,https://www.google.com/maps/search/?api=1&query=A%C3%A7ai%20do%20Badu&query_place_id=ChIJcUSxfBGNpJIRlozI8NowipQ,,
"Tv. Vileta, 3078 - Marco, Belém - PA, 66095-346, Brazil","Tv. Vileta, 3078 - Marco, Belém - Pa, 66095-346, Brazil",Juice shop,,,,,,,,,Açaí shop,5.63e+18,Belém,BR,0x92a48c6ad7007385:0x4e212db924b852fc,,,-1.4428075,-48.4582715,,Marco,+55 91 3226-1429,559000000000.0,ChIJhXMA12qMpJIR_FK4JLktIU4,66095-346,$,30.0,,54.0,29.0,5.0,17.0,2.0,1.0,State of Pará,"Tv. Vileta, 3078","Tv. Vileta, 3078",,Açaí do Charles,Açaí Do Charles,3.5,https://www.google.com/maps/search/?api=1&query=A%C3%A7a%C3%AD%20do%20Charles&query_place_id=ChIJhXMA12qMpJIR_FK4JLktIU4,,Monday-Sunday: 8 AM to 2:30 PM
"Av. Cipriano Santos, 163 - São Brás, Belém - PA, 66090-340, Brazil","Av. Cipriano Santos, 163 - São Brás, Belém - Pa, 66090-340, Brazil",Restaurant,Juice shop,,,,,,,,Açaí shop,1.45e+19,Belém,BR,0x92a48c3ba93d87cb:0xc8fd8ecf14ba5ab4,,,-1.4494696,-48.4647001,,São Brás,+55 91 3246-3903,559000000000.0,ChIJy4c9qTuMpJIRtFq6FM-O_cg,66090-340,R$40–60,22.0,,377.0,257.0,66.0,15.0,34.0,5.0,State of Pará,"Av. Cipriano Santos, 163","Av. Cipriano Santos, 163",,AçaíBonD+,Açaíbond+,4.4,https://www.google.com/maps/search/?api=1&query=A%C3%A7a%C3%ADBonD%2B&query_place_id=ChIJy4c9qTuMpJIRtFq6FM-O_cg,,Monday-Sunday: 8 AM to 10 PM
"Av. Rio Tucunduba - Terra Firme, Belém - PA, 66079-780, Brazil","Av. Rio Tucunduba - Terra Firme, Belém - Pa, 66079-780, Brazil",Açaí shop,,,,,,,,,Açaí shop,1.48e+18,Belém,BR,0x92a48d002f723ca3:0x148e97908a433430,,,-1.4645487,-48.4545066,,Terra Firme,,,ChIJozxyLwCNpJIRMDRDipCXjhQ,,,20.0,,0.0,,,,,,State of Pará,Av. Rio Tucunduba,Av. Rio Tucunduba,,Açaí do Jeco,Açaí Do Jeco,,https://www.google.com/maps/search/?api=1&query=A%C3%A7a%C3%AD%20do%20Jeco&query_place_id=ChIJozxyLwCNpJIRMDRDipCXjhQ,,Monday-Saturday: 8 AM to 4 PM; Sunday: 8 AM to 2 PM
"Av. Perimetral, 260 - Guamá, Belém - PA, 66075-750, Brazil","Av. Perimetral, 260 - Guamá, Belém - Pa, 66075-750, Brazil",Açaí shop,,,,,,,,,Açaí shop,1.49e+19,Belém,BR,0x92a48db96e1c52dd:0xcef8ba9ec02fa7a1,,,-1.4695038,-48.4496159,,Guamá,+55 91 98252-7848,5590000000000.0,ChIJ3VIcbrmNpJIRoacvwJ66-M4,66075-750,,19.0,,0.0,,,,,,State of Pará,"Av. Perimetral, 260","Av. Perimetral, 260",,Açaí Grão Divino,Açaí Grão Divino,,https://www.google.com/maps/search/?api=1&query=A%C3%A7a%C3%AD%20Gr%C3%A3o%20Divino&query_place_id=ChIJ3VIcbrmNpJIRoacvwJ66-M4,,Monday-Saturday: 8 AM to 3 PM; Sunday: 8 AM to 1 PM
"Passagem Santa Helena - Terra Firme, Belém - PA, 66077-186 - Terra Firme, Belém - PA, 66077-186, Brazil","Passagem Santa Helena - Terra Firme, Belém - Pa, 66077-186 - Terra Firme, Belém - Pa, 66077-186, Brazil",Açaí shop,,,,,,,,,Açaí shop,4.7e+18,Belém,BR,0x92a48dc373947a61:0x41323fe0eff94e1d,,,-1.454303,-48.4530448,,Terra Firme,+55 91 98608-5862,5590000000000.0,ChIJYXqUc8ONpJIRHU757-A_MkE,66077-186,,18.0,,1.0,1.0,0.0,0.0,0.0,0.0,State of Pará,"Passagem Santa Helena - Terra Firme, Belém - PA, 66077-186","Passagem Santa Helena - Terra Firme, Belém - Pa, 66077-186",,Açaí do Setubal,Açaí Do Setubal,5.0,https://www.google.com/maps/search/?api=1&query=A%C3%A7a%C3%AD%20do%20Setubal&query_place_id=ChIJYXqUc8ONpJIRHU757-A_MkE,,Monday-Saturday: 7 AM to 2 PM; Sunday: Closed
"Tv. Primeira de Queluz, 162 - São Brás, Belém - PA, 66090-520, Brazil","Tv. Primeira De Queluz, 162 - São Brás, Belém - Pa, 66090-520, Brazil",Açaí shop,,,,,,,,,Açaí shop,9.22e+18,Belém,BR,0x92a48d77422a0363:0x7ff385bd8399645a,,,-1.4518817,-48.4655667,https://www.ifood.com.br/delivery/belem-pa/acai-80-graus-sao-bras/62996e67-61fb-4b5d-9212-f009237732a0?UTM_Medium=share,São Brás,+55 91 98589-9530,5590000000000.0,ChIJYwMqQneNpJIRWmSZg72F838,66090-520,,17.0,,5.0,4.0,1.0,0.0,0.0,0.0,State of Pará,"Tv. Primeira de Queluz, 162","Tv. Primeira De Queluz, 162",,AÇAI 80 GRAUS,Açai 80 Graus,4.8,https://www.google.com/maps/search/?api=1&query=A%C3%87AI%2080%20GRAUS&query_place_id=ChIJYwMqQneNpJIRWmSZg72F838,https://menu.ifood.com.br/62996e67-61fb-4b5d-9212-f009237732a0,Monday-Sunday: 9 AM to 9 PM
"Tv. Timbó, 3248 - Marco, Belém - PA, 66095-346, Brazil","Tv. Timbó, 3248 - Marco, Belém - Pa, 66095-346, Brazil",Juice shop,Natural goods store,,,,,,,,Açaí shop,1.26e+18,Belém,BR,0x92a48c6b42168b1f:0x117feb7c12d7010f,,,-1.4414125,-48.4576296,,Marco,+55 91 3083-7399,559000000000.0,ChIJH4sWQmuMpJIRDwHXEnzrfxE,66095-346,,16.0,,10.0,6.0,1.0,1.0,2.0,0.0,State of Pará,"Tv. Timbó, 3248","Tv. Timbó, 3248",,Ponto do Açai,Ponto Do Açai,4.1,https://www.google.com/maps/search/?api=1&query=Ponto%20do%20A%C3%A7ai&query_place_id=ChIJH4sWQmuMpJIRDwHXEnzrfxE,,Monday-Sunday: 9 AM to 1:30 PM
"Tv. Segunda de Queluz, 960 - Guamá, Belém - PA, 66077-010, Brazil","Tv. Segunda De Queluz, 960 - Guamá, Belém - Pa, 66077-010, Brazil",Açaí shop,,,,,,,,,Açaí shop,7.06e+18,Belém,BR,0x92a48d5800efef59:0x61f8c70ec6b71442,,,-1.4565795,-48.458503,,Guamá,+55 91 99814-7107,5590000000000.0,ChIJWe_vAFiNpJIRQhS3xg7H-GE,66077-010,,15.0,,2.0,2.0,0.0,0.0,0.0,0.0,State of Pará,"Tv. Segunda de Queluz, 960","Tv. Segunda De Queluz, 960",,Açaí Sofia,Açaí Sofia,5.0,https://www.google.com/maps/search/?api=1&query=A%C3%A7a%C3%AD%20Sofia&query_place_id=ChIJWe_vAFiNpJIRQhS3xg7H-GE,,Monday-Sunday: 10 AM to 8 PM
"Passagem União, 30 - Marco, Belém - PA, 66095-670, Brazil","Passagem União, 30 - Marco, Belém - Pa, 66095-670, Brazil",Açaí shop,,,,,,,,,Açaí shop,1.47e+19,Belém,BR,0x92a48d64c88d37f9:0xcbb5534d5d87ba25,,,-1.4455609,-48.4504281,,Marco,+55 91 98744-5301,5590000000000.0,ChIJ-TeNyGSNpJIRJbqHXU1Ttcs,66095-670,,13.0,,0.0,,,,,,State of Pará,"Passagem União, 30","Passagem União, 30",,Açaí da Eliete,Açaí Da Eliete,,https://www.google.com/maps/search/?api=1&query=A%C3%A7a%C3%AD%20da%20Eliete&query_place_id=ChIJ-TeNyGSNpJIRJbqHXU1Ttcs,,Monday-Saturday: 10 AM to 9 PM; Sunday: Closed
"Passagem Nossa Sra. das Graças - Terra Firme, Belém - PA, 66077-420, Brazil","Passagem Nossa Sra. Das Graças - Terra Firme, Belém - Pa, 66077-420, Brazil",Açaí shop,,,,,,,,,Açaí shop,9.31e+18,Belém,BR,0x92a48dedf2f3fa37:0x8141bc08a00a37ae,,,-1.4553679,-48.4582785,,Terra Firme,+55 91 98424-2173,5590000000000.0,ChIJN_rz8u2NpJIRrjcKoAi8QYE,66077-420,,12.0,,1.0,1.0,0.0,0.0,0.0,0.0,State of Pará,Passagem Nossa Sra. das Graças,Passagem Nossa Sra. Das Graças,,AÇAÍ DEUS É FIEL,Açaí Deus É Fiel,5.0,https://www.google.com/maps/search/?api=1&query=A%C3%87A%C3%8D%20DEUS%20%C3%89%20FIEL&query_place_id=ChIJN_rz8u2NpJIRrjcKoAi8QYE,,"Monday-Friday: 9:50 AM to 2 PM, 6:30 to 10:30 PM; Saturday-Sunday: 9 AM to 2 PM"
"Av. Cipriano Santos - Canudos, Belém - PA, 66070-000, Brazil","Av. Cipriano Santos - Canudos, Belém - Pa, 66070-000, Brazil",Açaí shop,,,,,,,,,Açaí shop,1.19e+19,Belém,BR,0x92a48c44862f8467:0xa48cd139ad82e111,,,-1.4484709,-48.4510622,,Canudos,+55 91 91953-6110,5590000000000.0,ChIJZ4QvhkSMpJIREeGCrTnRjKQ,66070-000,,14.0,,11.0,10.0,0.0,1.0,0.0,0.0,State of Pará,Av. Cipriano Santos,Av. Cipriano Santos,,Açaí Do Bruno,Açaí Do Bruno,4.6,https://www.google.com/maps/search/?api=1&query=A%C3%A7a%C3%AD%20Do%20Bruno&query_place_id=ChIJZ4QvhkSMpJIREeGCrTnRjKQ,,Monday-Friday: 9 AM to 10 PM; Saturday: 9 AM to 9:30 PM; Sunday: 9 AM to 10 PM
"R. São Domingos, 26b - Terra Firme, Belém - PA, 66077-650, Brazil","R. São Domingos, 26B - Terra Firme, Belém - Pa, 66077-650, Brazil",Açaí shop,,,,,,,,,Açaí shop,1.83e+19,Belém,BR,0x92a48d8ee234258b:0xfea727133079d297,,,-1.4590341,-48.4531366,,Terra Firme,+55 91 98610-2540,5590000000000.0,ChIJiyU04o6NpJIRl9J5MBMnp_4,66077-650,,11.0,,1.0,1.0,0.0,0.0,0.0,0.0,State of Pará,"R. São Domingos, 26b","R. São Domingos, 26B",,Rei do açai,Rei Do Açai,5.0,https://www.google.com/maps/search/?api=1&query=Rei%20do%20a%C3%A7ai&query_place_id=ChIJiyU04o6NpJIRl9J5MBMnp_4,,Monday-Sunday: Open 24 hours
"Tv. Humaitá, 2738 - Marco, Belém - PA, 66093-047, Brazil","Tv. Humaitá, 2738 - Marco, Belém - Pa, 66093-047, Brazil",Açaí shop,,,,,,,,,Açaí shop,1.02e+19,Belém,BR,0x92a48d2ebad4bfaf:0x8cdde5836069617c,,,-1.4431863,-48.4604429,http://b.link/manoelacai,Marco,+55 91 98490-9285,5590000000000.0,ChIJr7_Uui6NpJIRfGFpYIPl3Yw,66093-047,,10.0,,46.0,45.0,1.0,0.0,0.0,0.0,State of Pará,"Tv. Humaitá, 2738","Tv. Humaitá, 2738",,Manoel Açaí,Manoel Açaí,5.0,https://www.google.com/maps/search/?api=1&query=Manoel%20A%C3%A7a%C3%AD&query_place_id=ChIJr7_Uui6NpJIRfGFpYIPl3Yw,https://sites.google.com/view/manoelacai/in%C3%ADcio,
"Rua Lauro Sodré, Entre Dois de Junho e, Passagem São Pedro - Terra Firme, Belém - PA, 66077-291, Brazil","Rua Lauro Sodré, Entre Dois De Junho E, Passagem São Pedro - Terra Firme, Belém - Pa, 66077-291, Brazil",Açaí shop,,,,,,,,,Açaí shop,5.1e+18,Belém,BR,0x92a48d96d3682ca1:0x46d46eec4345a467,,,-1.4540999,-48.4506998,,Terra Firme,,,ChIJoSxo05aNpJIRZ6RFQ-xu1EY,66077-291,,9.0,,3.0,3.0,0.0,0.0,0.0,0.0,State of Pará,"Rua Lauro Sodré, Entre Dois de Junho e, Passagem São Pedro","Rua Lauro Sodré, Entre Dois De Junho E, Passagem São Pedro",,Açaí da lora,Açaí Da Lora,5.0,https://www.google.com/maps/search/?api=1&query=A%C3%A7a%C3%AD%20da%20lora&query_place_id=ChIJoSxo05aNpJIRZ6RFQ-xu1EY,,
"Passagem Coração de Jesus - Terra Firme, Belém - PA, 66077-630, Brazil","Passagem Coração De Jesus - Terra Firme, Belém - Pa, 66077-630, Brazil",Açaí shop,,,,,,,,,Açaí shop,1.32e+19,Belém,BR,0x92a48df1be6e31fd:0xb727fb4d665ea143,,,-1.4621323,-48.4522776,,Terra Firme,,,ChIJ_TFuvvGNpJIRQ6FeZk37J7c,,,7.0,,2.0,2.0,0.0,0.0,0.0,0.0,State of Pará,Passagem Coração de Jesus,Passagem Coração De Jesus,,Esquina do açaí,Esquina Do Açaí,5.0,https://www.google.com/maps/search/?api=1&query=Esquina%20do%20a%C3%A7a%C3%AD&query_place_id=ChIJ_TFuvvGNpJIRQ6FeZk37J7c,,
"Passagem Comissário, 88 - Terra Firme, Belém - PA, 66077-170, Brazil","Passagem Comissário, 88 - Terra Firme, Belém - Pa, 66077-170, Brazil",Açaí shop,,,,,,,,,Açaí shop,1.31e+19,Belém,BR,0x92a48d8e0bfd278b:0xb5787f66b4332a83,,,-1.4574366,-48.4517812,,Terra Firme,,,ChIJiyf9C46NpJIRgyoztGZ_eLU,66077-170,,8.0,,3.0,3.0,0.0,0.0,0.0,0.0,State of Pará,"Passagem Comissário, 88","Passagem Comissário, 88",,Açaí Deus é Fiel,Açaí Deus É Fiel,5.0,https://www.google.com/maps/search/?api=1&query=A%C3%A7a%C3%AD%20Deus%20%C3%A9%20Fiel&query_place_id=ChIJiyf9C46NpJIRgyoztGZ_eLU,,
"Av. Cipriano Santos - São Brás, Belém - PA, 66090-340, Brazil","Av. Cipriano Santos - São Brás, Belém - Pa, 66090-340, Brazil",Açaí shop,,,,,,,,,Açaí shop,6.82e+18,Belém,BR,0x92a48c46c0d022ef:0x5e9ec7cfd9723e9b,,,-1.4486928,-48.4551291,,São Brás,+55 91 98577-4955,5590000000000.0,ChIJ7yLQwEaMpJIRmz5y2c_Hnl4,,,6.0,,1.0,1.0,0.0,0.0,0.0,0.0,State of Pará,Av. Cipriano Santos,Av. Cipriano Santos,,Açai Bom Do Canudos,Açai Bom Do Canudos,5.0,https://www.google.com/maps/search/?api=1&query=A%C3%A7ai%20Bom%20Do%20Canudos&query_place_id=ChIJ7yLQwEaMpJIRmz5y2c_Hnl4,,
"Av. Perimetral, 241 - Terra Firme, Belém - PA, 66095-780, Brazil","Av. Perimetral, 241 - Terra Firme, Belém - Pa, 66095-780, Brazil",Store,,,,,,,,,Açaí shop,1.7e+19,Belém,BR,0x92a48d6dcb8f253d:0xeba2c3fb12299878,,,-1.4702688,-48.4500081,,Terra Firme,+55 91 98330-5892,5590000000000.0,ChIJPSWPy22NpJIReJgpEvvDous,66095-780,,5.0,,3.0,3.0,0.0,0.0,0.0,0.0,State of Pará,"Av. Perimetral, 241","Av. Perimetral, 241",,Açai das Morenas,Açai Das Morenas,5.0,https://www.google.com/maps/search/?api=1&query=A%C3%A7ai%20das%20Morenas&query_place_id=ChIJPSWPy22NpJIReJgpEvvDous,,Monday-Friday: 9 AM to 9 PM; Saturday: 10 AM to 10 PM; Sunday: 9 AM to 9 PM
"Av. Cipriano Santos, 940 - Canudos, Belém - PA, 66070-000, Brazil","Av. Cipriano Santos, 940 - Canudos, Belém - Pa, 66070-000, Brazil",Açaí shop,,,,,,,,,Açaí shop,1.81e+19,Belém,BR,0x92a48d1671e0cc51:0xfbe073a18e2438f5,,,-1.4487823,-48.4575842,,Canudos,+55 91 3038-9863,559000000000.0,ChIJUczgcRaNpJIR9TgkjqFz4Ps,66070-000,,4.0,,5.0,5.0,0.0,0.0,0.0,0.0,State of Pará,"Av. Cipriano Santos, 940","Av. Cipriano Santos, 940",,Top Açaí,Top Açaí,5.0,https://www.google.com/maps/search/?api=1&query=Top%20A%C3%A7a%C3%AD&query_place_id=ChIJUczgcRaNpJIR9TgkjqFz4Ps,,"Monday-Sunday: 9 AM to 2:30 PM, 5 to 10 PM"
"R. São Domingos - Terra Firme, Belém - PA, 66077-650, Brazil","R. São Domingos - Terra Firme, Belém - Pa, 66077-650, Brazil",Açaí shop,,,,,,,,,Açaí shop,5.36e+18,Belém,BR,0x92a48c4c9607c1d1:0x4a6905e014658d55,,,-1.4579766,-48.4527998,,Terra Firme,,,ChIJ0cEHlkyMpJIRVY1lFOAFaUo,66077-650,,3.0,,11.0,8.0,2.0,1.0,0.0,0.0,State of Pará,R. São Domingos,R. São Domingos,,Puro Açaí,Puro Açaí,4.5,https://www.google.com/maps/search/?api=1&query=Puro%20A%C3%A7a%C3%AD&query_place_id=ChIJ0cEHlkyMpJIRVY1lFOAFaUo,,Monday: 12 to 11 PM; Tuesday: Closed; Wednesday: 5 to 11 PM; Thursday-Friday: Open 24 hours; Saturday: 11 AM to 11 PM; Sunday: Open 24 hours
"R. Lauro Sodré, 191 - Terra Firme, Belém - PA, 66077-291, Brazil","R. Lauro Sodré, 191 - Terra Firme, Belém - Pa, 66077-291, Brazil",Açaí shop,,,,,,,,,Açaí shop,1.5e+19,Belém,BR,0x92a48d24459c7387:0xd012d8bc979b3de5,,,-1.4556849,-48.4524519,,Terra Firme,+55 91 99903-0348,5590000000000.0,ChIJh3OcRSSNpJIR5T2bl7zYEtA,66077-291,,1.0,,2.0,2.0,0.0,0.0,0.0,0.0,State of Pará,"R. Lauro Sodré, 191","R. Lauro Sodré, 191",,Açaí Du'mega,Açaí Du'Mega,5.0,https://www.google.com/maps/search/?api=1&query=A%C3%A7a%C3%AD%20Du'mega&query_place_id=ChIJh3OcRSSNpJIR5T2bl7zYEtA,,Monday-Friday: 8 AM to 10 PM; Saturday-Sunday: 8 AM to 3 PM
"R. da Paz, 29a - Terra Firme, Belém - PA, 66079-016, Brazil","R. Da Paz, 29A - Terra Firme, Belém - Pa, 66079-016, Brazil",Açaí shop,,,,,,,,,Açaí shop,4.14e+18,Belém,BR,0x92a48d1effead607:0x3975f31b7621e87a,,,-1.4631017,-48.4524171,,Terra Firme,+55 91 98623-3334,5590000000000.0,ChIJB9bq_x6NpJIReughdhvzdTk,66079-016,,2.0,,1.0,1.0,0.0,0.0,0.0,0.0,State of Pará,"R. da Paz, 29a","R. Da Paz, 29A",,Açaí Bora dale,Açaí Bora Dale,5.0,https://www.google.com/maps/search/?api=1&query=A%C3%A7a%C3%AD%20Bora%20dale&query_place_id=ChIJB9bq_x6NpJIReughdhvzdTk,,Monday-Sunday: 8 AM to 10 PM
"R. Canal São Joaquim, 20A - Sacramenta, Belém - PA, 66123-220, Brazil","R. Canal São Joaquim, 20A - Sacramenta, Belém - Pa, 66123-220, Brazil",Restaurant,,,,,,,,,Açaí shop,1.64e+19,Belém,BR,0x92a489aef03495fb:0xe36b6aab4b1f4283,,,-1.4122171,-48.4802193,,Sacramenta,+55 91 98945-7449,5590000000000.0,ChIJ-5U08K6JpJIRg0IfS6tqa-M,66123-220,,37.0,,9.0,5.0,2.0,1.0,1.0,0.0,State of Pará,"R. Canal São Joaquim, 20A","R. Canal São Joaquim, 20A",,Grey Açai,Grey Açai,4.1,https://www.google.com/maps/search/?api=1&query=Grey%20A%C3%A7ai&query_place_id=ChIJ-5U08K6JpJIRg0IfS6tqa-M,,Monday-Sunday: 8 AM to 2 PM
"Passagem Umarizal, N.A - Barreiro, Belém - PA, 66117-070, Brazil","Passagem Umarizal, N.A - Barreiro, Belém - Pa, 66117-070, Brazil",Deli,,,,,,,,,Açaí shop,4.65e+18,Belém,BR,0x92a489dcf0621f03:0x40846af52da94433,,,-1.4129752,-48.4858956,,Barreiro,,,ChIJAx9i8NyJpJIRM0SpLfVqhEA,66117-070,,83.0,,6.0,6.0,0.0,0.0,0.0,0.0,State of Pará,"Passagem Umarizal, N.A","Passagem Umarizal, N.A",,Açaí Mania,Açaí Mania,5.0,https://www.google.com/maps/search/?api=1&query=A%C3%A7a%C3%AD%20Mania&query_place_id=ChIJAx9i8NyJpJIRM0SpLfVqhEA,https://acai-mania.ueniweb.com/?utm_campaign=gmb,Monday-Friday: 8 AM to 9 PM; Saturday-Sunday: 8 AM to 3 PM
"Tv. Alm. Wandenkolk, 1178 - Nazaré, Belém - PA, 66055-030, Brazil","Tv. Alm. Wandenkolk, 1178 - Nazaré, Belém - Pa, 66055-030, Brazil",Snack bar,,,,,,,,,Açaí shop,9.19e+18,Belém,BR,0x92a48e98fc377b7f:0x7f9003e43ed20546,,,-1.4448126,-48.4865212,,Nazaré,+55 91 3212-1096,559000000000.0,ChIJf3s3_JiOpJIRRgXSPuQDkH8,66055-030,,127.0,,1.0,0.0,0.0,0.0,1.0,0.0,State of Pará,"Tv. Alm. Wandenkolk, 1178","Tv. Alm. Wandenkolk, 1178",,Açaí do Léo,Açaí Do Léo,3.0,https://www.google.com/maps/search/?api=1&query=A%C3%A7a%C3%AD%20do%20L%C3%A9o&query_place_id=ChIJf3s3_JiOpJIRRgXSPuQDkH8,,
"Rua liberal 16 Pratinha 2, Belém - PA, 66816-420, Brazil","Rua Liberal 16 Pratinha 2, Belém - Pa, 66816-420, Brazil",Açaí shop,,,,,,,,,Açaí shop,1.81e+19,Belém,BR,0x92a461928a12a403:0xfb8f6e92bc4a49d4,,,-1.3572519,-48.4753095,,Pratinha,+55 93 94004-0404,5590000000000.0,ChIJA6QSipJhpJIR1ElKvJJuj_s,66816-420,,62.0,,0.0,,,,,,State of Pará,Rua liberal 16 Pratinha 2,Rua Liberal 16 Pratinha 2,,Açai da neila,Açai Da Neila,,https://www.google.com/maps/search/?api=1&query=A%C3%A7ai%20da%20neila&query_place_id=ChIJA6QSipJhpJIR1ElKvJJuj_s,,
"Avenida Perimetral, Al. Dezenove, 15 - Box 2 - Tapanã, Belém - PA, 66833-160, Brazil","Avenida Perimetral, Al. Dezenove, 15 - Box 2 - Tapanã, Belém - Pa, 66833-160, Brazil",Ice cream shop,,,,,,,,,Açaí shop,1.69e+17,Belém,BR,0x92a4610025c2e4bd:0x2587b9ca4142bdf,,,-1.3488577,-48.4623108,,Tapanã,+55 91 98302-5712,5590000000000.0,ChIJveTCJQBhpJIR3ysUpJx7WAI,66833-160,,60.0,,0.0,,,,,,State of Pará,"Avenida Perimetral, Al. Dezenove, 15 - Box 2","Avenida Perimetral, Al. Dezenove, 15 - Box 2",,Açaí da Mata - Açaiteria & Sorveteria,Açaí Da Mata - Açaiteria & Sorveteria,,https://www.google.com/maps/search/?api=1&query=A%C3%A7a%C3%AD%20da%20Mata%20-%20A%C3%A7aiteria%20%26%20Sorveteria&query_place_id=ChIJveTCJQBhpJIR3ysUpJx7WAI,,Monday: 9 AM to 9 PM; Tuesday: 8:30 AM to 9:30 PM; Wednesday: 9 AM to 9:30 PM; Thursday: 8:30 AM to 10 PM; Friday: 9 AM to 9 PM; Saturday: 8:30 AM to 9 PM; Sunday: Closed
"Av. Arthur Bernardes, 8543 - Telégrafo, Belém - PA, 66816-000, Brazil","Av. Arthur Bernardes, 8543 - Telégrafo, Belém - Pa, 66816-000, Brazil",Açaí shop,,,,,,,,,Açaí shop,5.87e+18,Belém,BR,0x92a46187c04fc545:0x5178e4e1ba2de5dc,,,-1.3489603,-48.4773282,,Telégrafo,,,ChIJRcVPwIdhpJIR3OUtuuHkeFE,66816-000,,59.0,,0.0,,,,,,State of Pará,"Av. Arthur Bernardes, 8543","Av. Arthur Bernardes, 8543",,Açaí Da Ilha,Açaí Da Ilha,,https://www.google.com/maps/search/?api=1&query=A%C3%A7a%C3%AD%20Da%20Ilha&query_place_id=ChIJRcVPwIdhpJIR3OUtuuHkeFE,,Monday-Sunday: Open 24 hours
"Al. Quatorze, 45 - Tapanã, Belém - PA, 66833-130, Brazil","Al. Quatorze, 45 - Tapanã, Belém - Pa, 66833-130, Brazil",Juice shop,,,,,,,,,Açaí shop,5.18e+18,Belém,BR,0x92a46162e742fa1b:0x47e94fd747d1c470,,,-1.3512318,-48.4655886,,Tapanã,+55 91 98977-4372,5590000000000.0,ChIJG_pC52JhpJIRcMTRR9dP6Uc,66833-130,,58.0,,3.0,3.0,0.0,0.0,0.0,0.0,State of Pará,"Al. Quatorze, 45","Al. Quatorze, 45",,Quero + Açaí,Quero + Açaí,5.0,https://www.google.com/maps/search/?api=1&query=Quero%20%2B%20A%C3%A7a%C3%AD&query_place_id=ChIJG_pC52JhpJIRcMTRR9dP6Uc,,Monday-Sunday: 8 AM to 1:30 PM
"Rod. Augusto Montenegro, 8499-8357 - Parque Verde, Belém - PA, 66823-060, Brazil","Rod. Augusto Montenegro, 8499-8357 - Parque Verde, Belém - Pa, 66823-060, Brazil",Restaurant,,,,,,,,,Açaí shop,1.03e+19,Belém,BR,0x92a461f805af59e5:0x8f8aaa9871b295bf,,,-1.3527386,-48.452889,,Parque Verde,+55 91 98017-6204,5590000000000.0,ChIJ5VmvBfhhpJIRv5WycZiqio8,66823-060,,57.0,,323.0,224.0,49.0,20.0,18.0,12.0,State of Pará,"Rod. Augusto Montenegro, 8499-8357","Rod. Augusto Montenegro, 8499-8357",,ACAI DA HORA BELEM,Acai Da Hora Belem,4.4,https://www.google.com/maps/search/?api=1&query=ACAI%20DA%20HORA%20BELEM&query_place_id=ChIJ5VmvBfhhpJIRv5WycZiqio8,http://instagram.com/acaidahorabelem,Monday-Tuesday: 9 AM to 2 PM; Wednesday-Friday: 9:30 AM to 2 PM; Saturday: Closed; Sunday: 8:30 AM to 2 PM
"Principal entre - Al. Sete, 8 - n 54 - Coqueiro, Belém - PA, 66823-068, Brazil","Principal Entre - Al. Sete, 8 - N 54 - Coqueiro, Belém - Pa, 66823-068, Brazil",Açaí shop,,,,,,,,,Açaí shop,1.61e+18,Belém,BR,0x92a461e2f50040a5:0x1668998c526d79ec,,,-1.3500155,-48.4457003,,Coqueiro,+55 91 98982-8407,5590000000000.0,ChIJpUAA9eJhpJIR7HltUoyZaBY,66823-068,,56.0,,0.0,,,,,,State of Pará,"Principal entre - Al. Sete, 8 - n 54","Principal Entre - Al. Sete, 8 - N 54",,Sabor do açaí,Sabor Do Açaí,,https://www.google.com/maps/search/?api=1&query=Sabor%20do%20a%C3%A7a%C3%AD&query_place_id=ChIJpUAA9eJhpJIR7HltUoyZaBY,,Monday-Saturday: 9 AM to 5 PM; Sunday: 8 AM to 5 PM
"Tv. Santos Dumont - Tapanã, Belém - PA, 66825-255, Brazil","Tv. Santos Dumont - Tapanã, Belém - Pa, 66825-255, Brazil",Açaí shop,,,,,,,,,Açaí shop,7.12e+17,Belém,BR,0x92a461ee8ac80215:0x9e0820ba61d6f6b,,,-1.3442012,-48.4609838,,Tapanã,+55 91 99965-3168,5590000000000.0,ChIJFQLIiu5hpJIRa28dpguC4Ak,66825-255,,55.0,,0.0,,,,,,State of Pará,Tv. Santos Dumont,Tv. Santos Dumont,,Açai ki da ora,Açai Ki Da Ora,,https://www.google.com/maps/search/?api=1&query=A%C3%A7ai%20ki%20da%20ora&query_place_id=ChIJFQLIiu5hpJIRa28dpguC4Ak,,Monday: 7:30 AM to 8 PM; Tuesday-Wednesday: 7:30 AM to 5 PM; Thursday: 7 AM to 5 PM; Friday: 7:30 AM to 5 PM; Saturday: 7 AM to 5 PM; Sunday: 7:30 AM to 2:30 PM
"Passagem Samaúma Q20 L21 - Pratinha, Belém - PA, 66816-216, Brazil","Passagem Samaúma Q20 L21 - Pratinha, Belém - Pa, 66816-216, Brazil",Grocery store,Supermarket,,,,,,,,Açaí shop,7.45e+18,Belém,BR,0x92a46137b25bd41f:0x6759e22a760f72ca,,,-1.3638869,-48.4677688,,Pratinha,+55 91 98405-1491,5590000000000.0,ChIJH9RbsjdhpJIRynIPdiriWWc,66816-216,,54.0,,8.0,7.0,0.0,1.0,0.0,0.0,State of Pará,Passagem Samaúma Q20 L21,Passagem Samaúma Q20 L21,,Açaí que eu gosto,Açaí Que Eu Gosto,4.5,https://www.google.com/maps/search/?api=1&query=A%C3%A7a%C3%AD%20que%20eu%20gosto&query_place_id=ChIJH9RbsjdhpJIRynIPdiriWWc,,Monday-Sunday: 8 AM to 2 PM
"R. São Clemente, 1340 - Pratinha, Belém - PA, 66830-720, Brazil","R. São Clemente, 1340 - Pratinha, Belém - Pa, 66830-720, Brazil",Juice shop,,,,,,,,,Açaí shop,5.68e+18,Belém,BR,0x92a461000d8b443f:0x4edef9de49e9c0f9,,,-1.3580379,-48.465718,,Pratinha,+55 91 99168-1789,5590000000000.0,ChIJP0SLDQBhpJIR-cDpSd753k4,66830-720,,53.0,,1.0,1.0,0.0,0.0,0.0,0.0,State of Pará,"R. São Clemente, 1340","R. São Clemente, 1340",,Açaí 3 irmãos,Açaí 3 Irmãos,5.0,https://www.google.com/maps/search/?api=1&query=A%C3%A7a%C3%AD%203%20irm%C3%A3os&query_place_id=ChIJP0SLDQBhpJIR-cDpSd753k4,,Monday-Sunday: 9:30 AM to 9 PM
"Av. Brasil - Cabanagem, Belém - PA, 66625-670, Brazil","Av. Brasil - Cabanagem, Belém - Pa, 66625-670, Brazil",Açaí shop,,,,,,,,,Açaí shop,4.87e+18,Belém,BR,0x92a46100189e44ef:0x439741b89dfb373f,,,-1.3588259,-48.4417888,,Cabanagem,,,ChIJ70SeGABhpJIRPzf7nbhBl0M,,,52.0,,0.0,,,,,,State of Pará,Av. Brasil,Av. Brasil,,Predileto açaí,Predileto Açaí,,https://www.google.com/maps/search/?api=1&query=Predileto%20a%C3%A7a%C3%AD&query_place_id=ChIJ70SeGABhpJIRPzf7nbhBl0M,,Monday-Friday: 8 AM to 5 PM; Saturday: 8 AM to 3 PM; Sunday: 11 AM to 1 PM
"R. Passagem Amoras - Tapanã, Belém - PA, 66825-040, Brazil","R. Passagem Amoras - Tapanã, Belém - Pa, 66825-040, Brazil",Açaí shop,,,,,,,,,Açaí shop,1.07e+19,Belém,BR,0x92a4679fa9ea2aad:0x9486828dbd5888eb,,,-1.3440701,-48.4765016,,Tapanã,,,ChIJrSrqqZ9npJIR64hYvY2ChpQ,66825-040,,51.0,,0.0,,,,,,State of Pará,R. Passagem Amoras,R. Passagem Amoras,,Açaí do Irmão da Amoras,Açaí Do Irmão Da Amoras,,https://www.google.com/maps/search/?api=1&query=A%C3%A7a%C3%AD%20do%20Irm%C3%A3o%20da%20Amoras&query_place_id=ChIJrSrqqZ9npJIR64hYvY2ChpQ,,
"R. São João Batista, 126 - Tapanã, Belém - PA, 67125-065, Brazil","R. São João Batista, 126 - Tapanã, Belém - Pa, 67125-065, Brazil",Açaí shop,,,,,,,,,Açaí shop,1.8e+19,Belém,BR,0x92a4610072456ee9:0xfa6062dafe656782,,,-1.3527409,-48.4649981,,Tapanã,,,ChIJ6W5FcgBhpJIRgmdl_tpiYPo,67125-065,,49.0,,0.0,,,,,,State of Pará,"R. São João Batista, 126","R. São João Batista, 126",,AÇAÍ DU BOM,Açaí Du Bom,,https://www.google.com/maps/search/?api=1&query=A%C3%87A%C3%8D%20DU%20BOM&query_place_id=ChIJ6W5FcgBhpJIRgmdl_tpiYPo,,Monday-Saturday: 8 AM to 3 PM; Sunday: Closed
"R. Telmo Marinho, 68 - Coqueiro, Belém - PA, 66823-060, Brazil","R. Telmo Marinho, 68 - Coqueiro, Belém - Pa, 66823-060, Brazil",Açaí shop,,,,,,,,,Açaí shop,4.13e+18,Belém,BR,0x92a461e93bafe8a5:0x3947ba30f65003ed,,,-1.3443678,-48.4508432,,Coqueiro,+55 91 98105-7991,5590000000000.0,ChIJpeivO-lhpJIR7QNQ9jC6Rzk,66823-060,,48.0,,3.0,2.0,0.0,0.0,1.0,0.0,State of Pará,"R. Telmo Marinho, 68","R. Telmo Marinho, 68",,Açaí do Tobias,Açaí Do Tobias,4.3,https://www.google.com/maps/search/?api=1&query=A%C3%A7a%C3%AD%20do%20Tobias&query_place_id=ChIJpeivO-lhpJIR7QNQ9jC6Rzk,,
"R. Antônio Vinagre, 478a - Tapanã, Belém - PA, 66823-060, Brazil","R. Antônio Vinagre, 478A - Tapanã, Belém - Pa, 66823-060, Brazil",Açaí shop,,,,,,,,,Açaí shop,1.06e+19,Belém,BR,0x92a4610023278461:0x9272a640242f6796,,,-1.3470551,-48.4750472,,Tapanã,,,ChIJYYQnIwBhpJIRlmcvJECmcpI,66823-060,,50.0,,0.0,,,,,,State of Pará,"R. Antônio Vinagre, 478a","R. Antônio Vinagre, 478A",,Açaí nota 10,Açaí Nota 10,,https://www.google.com/maps/search/?api=1&query=A%C3%A7a%C3%AD%20nota%2010&query_place_id=ChIJYYQnIwBhpJIRlmcvJECmcpI,,
"Feira da duas irmãs - Passagem Jhon Engelhard, Passagem Alegre - Pratinha, Belém - PA, 66816-030, Brazil","Feira Da Duas Irmãs - Passagem Jhon Engelhard, Passagem Alegre - Pratinha, Belém - Pa, 66816-030, Brazil",Açaí shop,,,,,,,,,Açaí shop,1.37e+19,Belém,BR,0x92a46110753ba3d5:0xbd8f294591d35f1b,,,-1.3620895,-48.4718917,,Pratinha,+55 91 98919-3858,5590000000000.0,ChIJ1aM7dRBhpJIRG1_TkUUpj70,66816-030,,46.0,,0.0,,,,,,State of Pará,"Feira da duas irmãs - Passagem Jhon Engelhard, Passagem Alegre","Feira Da Duas Irmãs - Passagem Jhon Engelhard, Passagem Alegre",,Açaí Do João,Açaí Do João,,https://www.google.com/maps/search/?api=1&query=A%C3%A7a%C3%AD%20Do%20Jo%C3%A3o&query_place_id=ChIJ1aM7dRBhpJIRG1_TkUUpj70,,
"Av. Mário Covas - Parque Verde, Belém - PA, 67110-000, Brazil","Av. Mário Covas - Parque Verde, Belém - Pa, 67110-000, Brazil",Ice cream shop,Delivery Restaurant,Snack bar,,,,,,,Açaí shop,8.93e+18,Belém,BR,0x92a4617edae13af3:0x7bf526e7a28ae1b0,,,-1.3473333,-48.4512676,https://drive.google.com/file/d/15Vq19c_xgQWwSA76-LLSuaayLmq7OGon/view?usp=drivesdk,Parque Verde,+55 91 98261-5836,5590000000000.0,ChIJ8zrh2n5hpJIRsOGKoucm9Xs,67110-000,,45.0,,94.0,88.0,4.0,1.0,0.0,1.0,State of Pará,Av. Mário Covas,Av. Mário Covas,,Açaiteria e Sorveteria Ula Ula Belém,Açaiteria E Sorveteria Ula Ula Belém,4.9,https://www.google.com/maps/search/?api=1&query=A%C3%A7aiteria%20e%20Sorveteria%20Ula%20Ula%20Bel%C3%A9m&query_place_id=ChIJ8zrh2n5hpJIRsOGKoucm9Xs,http://wa.me/5591982615836,"Monday-Sunday: 6 AM to 3:30 PM, 5 to 11:29 PM"
"Passagem Srg. Getúlio, 02 - Parque Verde, Belém - PA, 66635-815, Brazil","Passagem Srg. Getúlio, 02 - Parque Verde, Belém - Pa, 66635-815, Brazil",Açaí shop,,,,,,,,,Açaí shop,1.41e+19,Belém,BR,0x92a461382680384b:0xc3149c34ea260ef4,,,-1.3692875,-48.4560897,,Parque Verde,+55 91 98525-2198,5590000000000.0,ChIJSziAJjhhpJIR9A4m6jScFMM,66635-815,,43.0,,3.0,3.0,0.0,0.0,0.0,0.0,State of Pará,"Passagem Srg. Getúlio, 02","Passagem Srg. Getúlio, 02",,Açaí da lu,Açaí Da Lu,5.0,https://www.google.com/maps/search/?api=1&query=A%C3%A7a%C3%AD%20da%20lu&query_place_id=ChIJSziAJjhhpJIR9A4m6jScFMM,,
"Arterial 5A Q 177, 20 - Paar, Belém - PA, 67140-570, Brazil","Arterial 5A Q 177, 20 - Paar, Belém - Pa, 67140-570, Brazil",Açaí shop,,,,,,,,,Açaí shop,7.23e+18,Belém,BR,0x92a4612377e1cc87:0x6455f9034523c095,,,-1.3490499,-48.4731012,,Paar,+55 91 99292-6156,5590000000000.0,ChIJh8zhdyNhpJIRlcAjRQP5VWQ,67140-570,,42.0,,0.0,,,,,,State of Pará,"Arterial 5A Q 177, 20","Arterial 5A Q 177, 20",,Açaí do Eduardo,Açaí Do Eduardo,,https://www.google.com/maps/search/?api=1&query=A%C3%A7a%C3%AD%20do%20Eduardo&query_place_id=ChIJh8zhdyNhpJIRlcAjRQP5VWQ,https://wa.me/message/MNJJILOXLH3FF1,
"Tv. We-3, 144 - Coqueiro, Belém - PA, 66670-390, Brazil","Tv. We-3, 144 - Coqueiro, Belém - Pa, 66670-390, Brazil",Açaí shop,,,,,,,,,Açaí shop,9.59e+18,Belém,BR,0x92a46113d9feabe7:0x8505887f89a3a4fe,,,-1.3443415,-48.4475373,,Coqueiro,+55 91 98127-9455,5590000000000.0,ChIJ56v-2RNhpJIR_qSjiX-IBYU,66670-390,,40.0,,0.0,,,,,,State of Pará,"Tv. We-3, 144","Tv. We-3, 144",,vit açaí,Vit Açaí,,https://www.google.com/maps/search/?api=1&query=vit%20a%C3%A7a%C3%AD&query_place_id=ChIJ56v-2RNhpJIR_qSjiX-IBYU,,Monday-Sunday: 7:30 AM to 12 AM
"R. das Andorinha, 33 - Parque Verde, Belém - PA, 66635-240, Brazil","R. Das Andorinha, 33 - Parque Verde, Belém - Pa, 66635-240, Brazil",Juice shop,,,,,,,,,Açaí shop,4.51e+18,Belém,BR,0x92a461c8b1cd55c5:0x3e96752a88f8d6d3,,,-1.3597813,-48.4480799,,Parque Verde,+55 91 3248-6527,559000000000.0,ChIJxVXNschhpJIR09b4iCp1lj4,66635-240,,23.0,,29.0,22.0,4.0,0.0,2.0,1.0,State of Pará,"R. das Andorinha, 33","R. Das Andorinha, 33",,Açaí Salmo 23,Açaí Salmo 23,4.6,https://www.google.com/maps/search/?api=1&query=A%C3%A7a%C3%AD%20Salmo%2023&query_place_id=ChIJxVXNschhpJIR09b4iCp1lj4,,Monday-Saturday: 8 AM to 8 PM; Sunday: 8 AM to 2 PM
"R. Alberto Vilar - Tapanã, Belém - PA, 66830-100, Brazil","R. Alberto Vilar - Tapanã, Belém - Pa, 66830-100, Brazil",Açaí shop,Restaurant,,,,,,,,Açaí shop,4.44e+18,Belém,BR,0x92a4619a96cca0f1:0x3d90dd45d74c6eec,,,-1.3522122,-48.4621654,,Tapanã,+55 91 98943-6924,5590000000000.0,ChIJ8aDMlpphpJIR7G5M10XdkD0,66830-100,,38.0,,2.0,0.0,0.0,2.0,0.0,0.0,State of Pará,R. Alberto Vilar,R. Alberto Vilar,,AÇAÍ DO MEIRELES,Açaí Do Meireles,1.0,https://www.google.com/maps/search/?api=1&query=A%C3%87A%C3%8D%20DO%20MEIRELES&query_place_id=ChIJ8aDMlpphpJIR7G5M10XdkD0,,"Monday-Sunday: 7 AM to 2 PM, 5 to 10 PM"
"R. Irmã Adelaíde - Tapanã, Belém - PA, 66830-120, Brazil","R. Irmã Adelaíde - Tapanã, Belém - Pa, 66830-120, Brazil",Açaí shop,,,,,,,,,Açaí shop,1.59e+19,Belém,BR,0x92a461b317161ae7:0xdc88d5c1e4bf78c6,,,-1.349611,-48.4682412,,Tapanã,+55 91 98598-3555,5590000000000.0,ChIJ5xoWF7NhpJIRxni_5MHViNw,66830-120,,20.0,,2.0,1.0,0.0,1.0,0.0,0.0,State of Pará,R. Irmã Adelaíde,R. Irmã Adelaíde,,Açaí do Ricardo,Açaí Do Ricardo,3.0,https://www.google.com/maps/search/?api=1&query=A%C3%A7a%C3%AD%20do%20Ricardo&query_place_id=ChIJ5xoWF7NhpJIRxni_5MHViNw,,Monday-Sunday: 8 AM to 4 PM
"Av. Arthur Bernardes, 22 - Pratinha 2, Belém - PA, 66115-000, Brazil","Av. Arthur Bernardes, 22 - Pratinha 2, Belém - Pa, 66115-000, Brazil",Açaí shop,,,,,,,,,Açaí shop,4.82e+18,Belém,BR,0x92a4616d3b6122e9:0x42de1e6d95bba371,,,-1.3537888,-48.477316,,Pratinha 2,,,ChIJ6SJhO21hpJIRcaO7lW0e3kI,66115-000,,19.0,,0.0,,,,,,State of Pará,"Av. Arthur Bernardes, 22","Av. Arthur Bernardes, 22",,Açaí da Margô,Açaí Da Margô,,https://www.google.com/maps/search/?api=1&query=A%C3%A7a%C3%AD%20da%20Marg%C3%B4&query_place_id=ChIJ6SJhO21hpJIRcaO7lW0e3kI,,"Monday-Saturday: 7 AM to 2 PM, 5 to 9 PM; Sunday: 7 AM to 2:30 PM"
"Mosqueiro - Cajueiro, Belém - PA, 66923-040, Brazil","Mosqueiro - Cajueiro, Belém - Pa, 66923-040, Brazil",Açaí shop,,,,,,,,,Açaí shop,6.8e+18,Belém,BR,0x92a46103f3fa1033:0x5e60633e22711333,,,-1.3536027,-48.4459718,,Cajueiro,+55 91 99289-7040,5590000000000.0,ChIJMxD68wNhpJIRMxNxIj5jYF4,66923040,,18.0,,0.0,,,,,,State of Pará,Mosqueiro,Mosqueiro,,Açaí da Suh ❤️,Açaí Da Suh ❤️,,https://www.google.com/maps/search/?api=1&query=A%C3%A7a%C3%AD%20da%20Suh%20%F0%9F%AB%90%F0%9F%AB%A0%E2%9D%A4%EF%B8%8F&query_place_id=ChIJMxD68wNhpJIRMxNxIj5jYF4,,Monday-Saturday: 8 AM to 9:30 PM; Sunday: 8 AM to 2 PM
"Passagem John Engelhard, 401 - Pratinha, Belém - PA, 66816-730, Brazil","Passagem John Engelhard, 401 - Pratinha, Belém - Pa, 66816-730, Brazil",Açaí shop,,,,,,,,,Açaí shop,5.59e+18,Belém,BR,0x92a461005a7d6c35:0x4d9ecca726430946,,,-1.3612851,-48.4699801,,Pratinha,,,ChIJNWx9WgBhpJIRRglDJqfMnk0,66816-730,,17.0,,2.0,2.0,0.0,0.0,0.0,0.0,State of Pará,"Passagem John Engelhard, 401","Passagem John Engelhard, 401",,Açaíteria Quiosquinho Quero Mais,Açaíteria Quiosquinho Quero Mais,5.0,https://www.google.com/maps/search/?api=1&query=A%C3%A7a%C3%ADteria%20Quiosquinho%20Quero%20Mais&query_place_id=ChIJNWx9WgBhpJIRRglDJqfMnk0,,Monday-Sunday: Open 24 hours
"Pratinha, Belém - State of Pará, Brazil","Pratinha, Belém - State Of Pará, Brazil",Açaí shop,,,,,,,,,Açaí shop,1.5e+19,Belém,BR,0x92a46100188e80ab:0xd0ab771d094762e6,,,-1.3594788,-48.4773526,,Pratinha,+55 91 98523-4522,5590000000000.0,ChIJq4COGABhpJIR5mJHCR13q9A,,,16.0,,0.0,,,,,,State of Pará,,,,Açaí e Cia salmo 23,Açaí E Cia Salmo 23,,https://www.google.com/maps/search/?api=1&query=A%C3%A7a%C3%AD%20e%20Cia%20salmo%2023&query_place_id=ChIJq4COGABhpJIR5mJHCR13q9A,,
"R. São Clemente, 2408-2454 - Tapanã, Belém - PA, 66830-720, Brazil","R. São Clemente, 2408-2454 - Tapanã, Belém - Pa, 66830-720, Brazil",Açaí shop,,,,,,,,,Açaí shop,8.28e+18,Belém,BR,0x92a461ecdac4001b:0x72dc41c423a86d33,,,-1.3573876,-48.4656528,,Tapanã,,,ChIJGwDE2uxhpJIRM22oI8RB3HI,66830-720,,15.0,,5.0,2.0,1.0,0.0,2.0,0.0,State of Pará,"R. São Clemente, 2408-2454","R. São Clemente, 2408-2454",,Companhia Do Açai,Companhia Do Açai,4.0,https://www.google.com/maps/search/?api=1&query=Companhia%20Do%20A%C3%A7ai&query_place_id=ChIJGwDE2uxhpJIRM22oI8RB3HI,,
"Rod. Augusto Montenegro, 4300 - Parque Verde, Belém - PA, 66635-110, Brazil","Rod. Augusto Montenegro, 4300 - Parque Verde, Belém - Pa, 66635-110, Brazil",Ice cream shop,,,,,,,,,Açaí shop,1.84e+19,Belém,BR,0x92a461b81f81e8ed:0xff99796808548e28,,Parque,-1.3706205,-48.4467944,,Parque Verde,+55 91 98606-2348,5590000000000.0,ChIJ7eiBH7hhpJIRKI5UCGh5mf8,66635-110,,14.0,,9.0,3.0,2.0,1.0,2.0,1.0,State of Pará,"Rod. Augusto Montenegro, 4300","Rod. Augusto Montenegro, 4300",,Açaí & Açaí Frozen - Parque Shopping,Açaí & Açaí Frozen - Parque Shopping,3.6,https://www.google.com/maps/search/?api=1&query=A%C3%A7a%C3%AD%20%26%20A%C3%A7a%C3%AD%20Frozen%20-%20Parque%20Shopping&query_place_id=ChIJ7eiBH7hhpJIRKI5UCGh5mf8,,Monday-Tuesday: 8 AM to 2:30 PM; Wednesday: 8:30 AM to 2:30 PM; Thursday-Saturday: 8 AM to 2:30 PM; Sunday: Open 24 hours
"Passagem Primeiro de Julho, 69 - Benguí, Belém - PA, 66630-735, Brazil","Passagem Primeiro De Julho, 69 - Benguí, Belém - Pa, 66630-735, Brazil",Açaí shop,,,,,,,,,Açaí shop,1.32e+18,Belém,BR,0x92a48be296e639f3:0x12546d5f9f3f95f8,,,-1.3693457,-48.4517706,,Benguí,+55 91 98434-4027,5590000000000.0,ChIJ8znmluKLpJIR-JU_n19tVBI,66630-735,,13.0,,1.0,0.0,0.0,0.0,1.0,0.0,State of Pará,"Passagem Primeiro de Julho, 69","Passagem Primeiro De Julho, 69",,Açaí da Antônia,Açaí Da Antônia,3.0,https://www.google.com/maps/search/?api=1&query=A%C3%A7a%C3%AD%20da%20Ant%C3%B4nia&query_place_id=ChIJ8znmluKLpJIR-JU_n19tVBI,,
"R. Moraes, 39 - Pratinha, Belém - PA, 66816-193, Brazil","R. Moraes, 39 - Pratinha, Belém - Pa, 66816-193, Brazil",Açaí shop,,,,,,,,,Açaí shop,8.32e+18,Belém,BR,0x92a461fc02afbb27:0x736d41b806e3e789,,,-1.3619117,-48.4693655,,Pratinha,+55 91 98722-9251,5590000000000.0,ChIJJ7uvAvxhpJIRiefjBrhBbXM,66816-193,,12.0,,1.0,1.0,0.0,0.0,0.0,0.0,State of Pará,"R. Moraes, 39","R. Moraes, 39",,Ponto +Açaí,Ponto +Açaí,5.0,https://www.google.com/maps/search/?api=1&query=Ponto%20%2BA%C3%A7a%C3%AD&query_place_id=ChIJJ7uvAvxhpJIRiefjBrhBbXM,,Monday-Sunday: 5:30 to 11 PM
"R. Doroth - São Clemente, Belém - PA, 66816-310, Brazil","R. Doroth - São Clemente, Belém - Pa, 66816-310, Brazil",Supermarket,,,,,,,,,Açaí shop,8.24e+18,Belém,BR,0x92a4616e901127db:0x724d91dd90e219a1,,,-1.3611644,-48.4677446,,São Clemente,+55 91 98992-9167,5590000000000.0,ChIJ2ycRkG5hpJIRoRnikN2RTXI,66816-310,,11.0,,7.0,5.0,2.0,0.0,0.0,0.0,State of Pará,R. Doroth,R. Doroth,,Açaí da neth,Açaí Da Neth,4.7,https://www.google.com/maps/search/?api=1&query=A%C3%A7a%C3%AD%20da%20neth&query_place_id=ChIJ2ycRkG5hpJIRoRnikN2RTXI,,Monday-Sunday: 10:30 AM to 10:30 PM
"Av. Padre Bruno Sechi, 158 - Benguí, Belém - PA, 66635-008, Brazil","Av. Padre Bruno Sechi, 158 - Benguí, Belém - Pa, 66635-008, Brazil",Açaí shop,,,,,,,,,Açaí shop,9.41e+18,Belém,BR,0x92a4614d16eaa72f:0x829a50ef6b1203a5,,,-1.3504729,-48.4603256,,Benguí,,,ChIJL6fqFk1hpJIRpQMSa-9QmoI,66635-008,,8.0,,3.0,3.0,0.0,0.0,0.0,0.0,State of Pará,"Av. Padre Bruno Sechi, 158","Av. Padre Bruno Sechi, 158",,Açaí do enzo Belém,Açaí Do Enzo Belém,5.0,https://www.google.com/maps/search/?api=1&query=A%C3%A7a%C3%AD%20do%20enzo%20Bel%C3%A9m&query_place_id=ChIJL6fqFk1hpJIRpQMSa-9QmoI,,Monday-Sunday: 8 AM to 10 PM
"Supermercado Formosa - Rod. Augusto Montenegro, 9677 - Parque Verde, Belém - PA, 66635-110, Brazil","Supermercado Formosa - Rod. Augusto Montenegro, 9677 - Parque Verde, Belém - Pa, 66635-110, Brazil",Organic food store,,,,,,,,,Açaí shop,1.77e+19,Belém,BR,0x92a461847443873b:0xf5e12ada0603fa3d,,Supermarkets and Formosa Magazine,-1.3604937,-48.4505153,,Parque Verde,+55 91 98589-0124,5590000000000.0,ChIJO4dDdIRhpJIRPfoDBtoq4fU,66635-110,,6.0,,28.0,10.0,0.0,15.0,1.0,2.0,State of Pará,"Supermercado Formosa - Rod. Augusto Montenegro, 9677","Supermercado Formosa - Rod. Augusto Montenegro, 9677",,Sou + Açaí - Unidade Parque Verde,Sou + Açaí - Unidade Parque Verde,2.6,https://www.google.com/maps/search/?api=1&query=Sou%20%2B%20A%C3%A7a%C3%AD%20-%20Unidade%20Parque%20Verde&query_place_id=ChIJO4dDdIRhpJIRPfoDBtoq4fU,,
"R. São Clemente - São Clemente, Belém - PA, 66816-214, Brazil","R. São Clemente - São Clemente, Belém - Pa, 66816-214, Brazil",Açaí shop,,,,,,,,,Açaí shop,9.14e+18,Belém,BR,0x92a461ef40e2e815:0x7ed3f6b34dbb66c2,,,-1.3633269,-48.4647761,,São Clemente,,,ChIJFejiQO9hpJIRwma7TbP2034,,,7.0,,3.0,3.0,0.0,0.0,0.0,0.0,State of Pará,R. São Clemente,R. São Clemente,,Açaí Do Bijú,Açaí Do Bijú,5.0,https://www.google.com/maps/search/?api=1&query=A%C3%A7a%C3%AD%20Do%20Bij%C3%BA&query_place_id=ChIJFejiQO9hpJIRwma7TbP2034,,
"R. Santa Maria - Benguí, Belém - PA, 66630-000, Brazil","R. Santa Maria - Benguí, Belém - Pa, 66630-000, Brazil",Açaí shop,,,,,,,,,Açaí shop,1.2e+19,Belém,BR,0x92a48b26dc2fdfd7:0xa63fb9b53476093d,,,-1.372906,-48.4570321,,Benguí,+55 91 99165-9211,5590000000000.0,ChIJ198v3CaLpJIRPQl2NLW5P6Y,66630-000,,5.0,,17.0,17.0,0.0,0.0,0.0,0.0,State of Pará,R. Santa Maria,R. Santa Maria,,Açaí Do Rodival,Açaí Do Rodival,5.0,https://www.google.com/maps/search/?api=1&query=A%C3%A7a%C3%AD%20Do%20Rodival&query_place_id=ChIJ198v3CaLpJIRPQl2NLW5P6Y,,Monday-Sunday: 9:30 AM to 1 PM
"R. São Clemente, 175 - Tapanã, Belém - PA, 66830-720, Brazil","R. São Clemente, 175 - Tapanã, Belém - Pa, 66830-720, Brazil",Açaí shop,,,,,,,,,Açaí shop,1.3e+19,Belém,BR,0x92a4610053a99fb1:0xb3bffd4daa30ed53,,,-1.3561519,-48.4660277,,Tapanã,+55 91 98047-2698,5590000000000.0,ChIJsZ-pUwBhpJIRU-0wqk39v7M,66830-720,,4.0,,2.0,2.0,0.0,0.0,0.0,0.0,State of Pará,"R. São Clemente, 175","R. São Clemente, 175",,Açaí & Cia,Açaí & Cia,5.0,https://www.google.com/maps/search/?api=1&query=A%C3%A7a%C3%AD%20%26%20Cia&query_place_id=ChIJsZ-pUwBhpJIRU-0wqk39v7M,,Monday-Saturday: 9 AM to 3 PM; Sunday: 9 AM to 4 PM
"R. São Clemente, 807b - Tapanã, Belém - PA, 66830-720, Brazil","R. São Clemente, 807B - Tapanã, Belém - Pa, 66830-720, Brazil",Açaí shop,,,,,,,,,Açaí shop,1.21e+19,Belém,BR,0x92a46183e7df41e3:0xa876439a7bb1e660,,,-1.3525664,-48.4663385,,Tapanã,+55 91 98930-3903,5590000000000.0,ChIJ40Hf54NhpJIRYOaxe5pDdqg,66830-720,,2.0,,14.0,12.0,2.0,0.0,0.0,0.0,State of Pará,"R. São Clemente, 807b","R. São Clemente, 807B",,Açaí Bom Todo,Açaí Bom Todo,4.9,https://www.google.com/maps/search/?api=1&query=A%C3%A7a%C3%AD%20Bom%20Todo&query_place_id=ChIJ40Hf54NhpJIRYOaxe5pDdqg,https://instagram.com/acaibomtodo?igshid=MzRlODBiNWFlZA==,Monday-Sunday: 11 AM to 3 PM
"R. Pres. Dutra - Tapanã, Belém - PA, 66825-050, Brazil","R. Pres. Dutra - Tapanã, Belém - Pa, 66825-050, Brazil",Açaí shop,,,,,,,,,Açaí shop,9.8e+18,Belém,BR,0x92a46111a6045103:0x87f2476b6735c09a,,,-1.3402526,-48.4772178,,Tapanã,+55 91 98339-3735,5590000000000.0,ChIJA1EEphFhpJIRmsA1Z2tH8oc,66825-050,,3.0,,3.0,2.0,0.0,0.0,1.0,0.0,State of Pará,R. Pres. Dutra,R. Pres. Dutra,,Açaí 100% Natural Sabor da Amazônia,Açaí 100% Natural Sabor Da Amazônia,4.3,https://www.google.com/maps/search/?api=1&query=A%C3%A7a%C3%AD%20100%25%20Natural%20Sabor%20da%20Amaz%C3%B4nia&query_place_id=ChIJA1EEphFhpJIRmsA1Z2tH8oc,,Monday-Sunday: 9 AM to 1:30 PM
"R.presidente lula quadra 25 número 44 Pratinha 2, Belém - PA, 66816-214, Brazil","R.Presidente Lula Quadra 25 Número 44 Pratinha 2, Belém - Pa, 66816-214, Brazil",Açaí shop,,,,,,,,,Açaí shop,7.4e+18,Belém,BR,0x92a4619d4d6d21a5:0x66c01708290c5eb4,,,-1.3636556,-48.4670233,,São Clemente,+55 91 98061-3621,5590000000000.0,ChIJpSFtTZ1hpJIRtF4MKQgXwGY,66816-214,,1.0,,16.0,15.0,0.0,0.0,1.0,0.0,State of Pará,R.presidente lula quadra 25 número 44 Pratinha 2,R.Presidente Lula Quadra 25 Número 44 Pratinha 2,,AÇAÍ DE CASA,Açaí De Casa,4.9,https://www.google.com/maps/search/?api=1&query=A%C3%87A%C3%8D%20DE%20CASA&query_place_id=ChIJpSFtTZ1hpJIRtF4MKQgXwGY,,Monday: 9 AM to 10 PM; Tuesday-Saturday: 9 AM to 10:30 PM; Sunday: 9 AM to 10 PM
"R. Municipalidade, 1563 - Umarizal, Belém - PA, 66050-350, Brazil","R. Municipalidade, 1563 - Umarizal, Belém - Pa, 66050-350, Brazil",Natural goods store,,,,,,,,,Açaí shop,1.15e+19,Belém,BR,0x92a48eb02beda0c3:0x9ff8e012279de3a3,,,-1.4360468,-48.4890514,,Umarizal,+55 91 99635-6212,5590000000000.0,ChIJw6DtK7COpJIRo-OdJxLg-J8,66050-350,,76.0,,6.0,2.0,0.0,0.0,3.0,1.0,State of Pará,"R. Municipalidade, 1563","R. Municipalidade, 1563",,Açaí Umarizal,Açaí Umarizal,3.5,https://www.google.com/maps/search/?api=1&query=A%C3%A7a%C3%AD%20Umarizal&query_place_id=ChIJw6DtK7COpJIRo-OdJxLg-J8,,Monday: 8:30 AM to 12:30 AM; Tuesday-Friday: 9 AM to 12:30 AM; Saturday: 9 AM to 12 AM; Sunday: Open 24 hours
"Passagem Mirandinha, 3671 - Barreiro, Belém - PA, 66117-140, Brazil","Passagem Mirandinha, 3671 - Barreiro, Belém - Pa, 66117-140, Brazil",Restaurant,,,,,,,,,Açaí shop,2.64e+18,Belém,BR,0x92a4890c108e4e69:0x24a78d9bc1fb516c,,,-1.415344,-48.48347,,Barreiro,+55 91 98063-2241,5590000000000.0,ChIJaU6OEAyJpJIRbFH7wZuNpyQ,,,75.0,,2.0,2.0,0.0,0.0,0.0,0.0,State of Pará,"Passagem Mirandinha, 3671","Passagem Mirandinha, 3671",,Açaí do Farias,Açaí Do Farias,5.0,https://www.google.com/maps/search/?api=1&query=A%C3%A7a%C3%AD%20do%20Farias&query_place_id=ChIJaU6OEAyJpJIRbFH7wZuNpyQ,,
"Passagem Grão pará, 74-148 - Sacramenta, Belém - PA, 66120-700, Brazil","Passagem Grão Pará, 74-148 - Sacramenta, Belém - Pa, 66120-700, Brazil",Restaurant,,,,,,,,,Açaí shop,4.98e+18,Belém,BR,0x92a48985ffea78af:0x45151435626bbdb5,,,-1.4145107,-48.4810409,,Sacramenta,+55 91 3015-5744,559000000000.0,ChIJr3jq_4WJpJIRtb1rYjUUFUU,66120-700,,74.0,,7.0,6.0,0.0,0.0,0.0,1.0,State of Pará,"Passagem Grão pará, 74-148","Passagem Grão Pará, 74-148",,Açaí da France,Açaí Da France,4.6,https://www.google.com/maps/search/?api=1&query=A%C3%A7a%C3%AD%20da%20France&query_place_id=ChIJr3jq_4WJpJIRtb1rYjUUFUU,,
"Tv. Lomas Valentinas, 21 - Sacramenta, Belém - PA, 66083-390, Brazil","Tv. Lomas Valentinas, 21 - Sacramenta, Belém - Pa, 66083-390, Brazil",Restaurant,,,,,,,,,Açaí shop,1.4e+19,Belém,BR,0x92a48bfd07092783:0xc22b9412127b23fa,,,-1.4175246,-48.4784201,,Sacramenta,+55 91 99821-1306,5590000000000.0,ChIJgycJB_2LpJIR-iN7EhKUK8I,66083-390,,73.0,,2.0,2.0,0.0,0.0,0.0,0.0,State of Pará,"Tv. Lomas Valentinas, 21","Tv. Lomas Valentinas, 21",,Açaí do Saulo,Açaí Do Saulo,5.0,https://www.google.com/maps/search/?api=1&query=A%C3%A7a%C3%AD%20do%20Saulo&query_place_id=ChIJgycJB_2LpJIR-iN7EhKUK8I,,
"Passagem Júlio César, 54 - Telégrafo, Belém - PA, 66113-290, Brazil","Passagem Júlio César, 54 - Telégrafo, Belém - Pa, 66113-290, Brazil",Restaurant,,,,,,,,,Açaí shop,1.81e+19,Belém,BR,0x92a48fe3a108448d:0xfafa061ad39b4499,,,-1.4319839,-48.4807341,,Telégrafo,,,ChIJjUQIoeOPpJIRmUSb0xoG-vo,66113-290,,70.0,,2.0,2.0,0.0,0.0,0.0,0.0,State of Pará,"Passagem Júlio César, 54","Passagem Júlio César, 54",,Açaí do Flávio,Açaí Do Flávio,5.0,https://www.google.com/maps/search/?api=1&query=A%C3%A7a%C3%AD%20do%20Fl%C3%A1vio&query_place_id=ChIJjUQIoeOPpJIRmUSb0xoG-vo,,Monday-Sunday: 10 AM to 8 PM
"Tv. Alferes Costa, 81 - Barreiro, Belém - PA, 66123-030, Brazil","Tv. Alferes Costa, 81 - Barreiro, Belém - Pa, 66123-030, Brazil",Restaurant,,,,,,,,,Açaí shop,2.88e+18,Belém,BR,0x92a4896273de5213:0x280768135ee39f06,,,-1.4106441,-48.4792981,,Barreiro,+55 91 98400-5118,5590000000000.0,ChIJE1Lec2KJpJIRBp_jXhNoByg,66123-030,,66.0,,12.0,9.0,3.0,0.0,0.0,0.0,State of Pará,"Tv. Alferes Costa, 81","Tv. Alferes Costa, 81",,Açaí do Ailton,Açaí Do Ailton,4.8,https://www.google.com/maps/search/?api=1&query=A%C3%A7a%C3%AD%20do%20Ailton&query_place_id=ChIJE1Lec2KJpJIRBp_jXhNoByg,,
"Tv. Dom Romualdo de Seixas, 351B - Umarizal, Belém - PA, 66050-110, Brazil","Tv. Dom Romualdo De Seixas, 351B - Umarizal, Belém - Pa, 66050-110, Brazil",Restaurant,,,,,,,,,Açaí shop,1.77e+19,Belém,BR,0x92a48f655e968101:0xf64c7deaae191c40,,,-1.4380337,-48.4895861,,Umarizal,+55 91 98864-9996,5590000000000.0,ChIJAYGWXmWPpJIRQBwZrup9TPY,66050-110,,65.0,,2.0,2.0,0.0,0.0,0.0,0.0,State of Pará,"Tv. Dom Romualdo de Seixas, 351B","Tv. Dom Romualdo De Seixas, 351B",,Açaí D'Amazônia,Açaí D'Amazônia,5.0,https://www.google.com/maps/search/?api=1&query=A%C3%A7a%C3%AD%20D'Amaz%C3%B4nia&query_place_id=ChIJAYGWXmWPpJIRQBwZrup9TPY,,Monday-Saturday: 8 AM to 2 PM; Sunday: 8 AM to 12 PM
"Passagem Mirandinha, 701 - Sacramenta, Belém - PA, 66117-430, Brazil","Passagem Mirandinha, 701 - Sacramenta, Belém - Pa, 66117-430, Brazil",Restaurant,,,,,,,,,Açaí shop,9.41e+18,Belém,BR,0x92a4893a041b8803:0x828a9f1b69b82195,,,-1.4159967,-48.4813641,,Sacramenta,+55 91 98039-7681,5590000000000.0,ChIJA4gbBDqJpJIRlSG4aRufioI,66117-430,,67.0,,10.0,6.0,2.0,0.0,1.0,1.0,State of Pará,"Passagem Mirandinha, 701","Passagem Mirandinha, 701",,Açaí Legal,Açaí Legal,4.3,https://www.google.com/maps/search/?api=1&query=A%C3%A7a%C3%AD%20Legal&query_place_id=ChIJA4gbBDqJpJIRlSG4aRufioI,,Monday-Sunday: 5:30 to 11:30 PM
"Tv. Timbó, 334 - Pedreira, Belém - PA, 66083-047, Brazil","Tv. Timbó, 334 - Pedreira, Belém - Pa, 66083-047, Brazil",Restaurant,,,,,,,,,Açaí shop,1.72e+19,Belém,BR,0x92a48bc821940eb5:0xeeb06eea8053c14d,,,-1.4273527,-48.4785487,,Pedreira,+55 91 99297-0824,5590000000000.0,ChIJtQ6UIciLpJIRTcFTgOpusO4,66083-047,,61.0,,17.0,17.0,0.0,0.0,0.0,0.0,State of Pará,"Tv. Timbó, 334","Tv. Timbó, 334",,Super açaí da Cris,Super Açaí Da Cris,5.0,https://www.google.com/maps/search/?api=1&query=Super%20a%C3%A7a%C3%AD%20da%20Cris&query_place_id=ChIJtQ6UIciLpJIRTcFTgOpusO4,,Monday-Sunday: 9 AM to 10 PM
"Tv. Mauriti, 682 - Pedreira, Belém - PA, 66080-650, Brazil","Tv. Mauriti, 682 - Pedreira, Belém - Pa, 66080-650, Brazil",Clothing store,,,,,,,,,Açaí shop,1.8e+19,Belém,BR,0x92a48b8c8a7cf88b:0xf94767e56004688a,,,-1.4260949,-48.4751173,,Pedreira,+55 91 99376-9194,5590000000000.0,ChIJi_h8ioyLpJIRimgEYOVnR_k,66080-650,,59.0,,1.0,1.0,0.0,0.0,0.0,0.0,State of Pará,"Tv. Mauriti, 682","Tv. Mauriti, 682",,Nosso Açaí,Nosso Açaí,5.0,https://www.google.com/maps/search/?api=1&query=Nosso%20A%C3%A7a%C3%AD&query_place_id=ChIJi_h8ioyLpJIRimgEYOVnR_k,,Monday-Sunday: 6 AM to 1:30 PM
"Tv. José Pio, 1067 - Umarizal, Belém - PA, 66050-240, Brazil","Tv. José Pio, 1067 - Umarizal, Belém - Pa, 66050-240, Brazil",Restaurant,,,,,,,,,Açaí shop,1.06e+18,Belém,BR,0x92a48f60d2cd1925:0xeb2e440fcb33684,,,-1.4342508,-48.4822845,,Umarizal,+55 91 98351-0396,5590000000000.0,ChIJJRnN0mCPpJIRhDaz_EDksg4,66050-240,,56.0,,1.0,1.0,0.0,0.0,0.0,0.0,State of Pará,"Tv. José Pio, 1067","Tv. José Pio, 1067",,Com Q? Açaí E Refeições,Com Q? Açaí E Refeições,5.0,https://www.google.com/maps/search/?api=1&query=Com%20Q%3F%20A%C3%A7a%C3%AD%20E%20Refei%C3%A7%C3%B5es&query_place_id=ChIJJRnN0mCPpJIRhDaz_EDksg4,,Monday: Closed; Tuesday-Sunday: 8 AM to 5 PM
"Passagem Tancredo Neves, 126A - Telégrafo, Belém - PA, 66113-610, Brazil","Passagem Tancredo Neves, 126A - Telégrafo, Belém - Pa, 66113-610, Brazil",Restaurant,,,,,,,,,Açaí shop,1.42e+19,Belém,BR,0x92a4895b7e7d904b:0xc4c245bafe1fd3aa,,,-1.4195186,-48.4865095,,Telégrafo,,,ChIJS5B9fluJpJIRqtMf_rpFwsQ,66113-610,,51.0,,1.0,1.0,0.0,0.0,0.0,0.0,State of Pará,"Passagem Tancredo Neves, 126A","Passagem Tancredo Neves, 126A",,Deus É Fiel Açaí Divan,Deus É Fiel Açaí Divan,5.0,https://www.google.com/maps/search/?api=1&query=Deus%20%C3%89%20Fiel%20A%C3%A7a%C3%AD%20Divan&query_place_id=ChIJS5B9fluJpJIRqtMf_rpFwsQ,,Monday-Saturday: 8 AM to 2 PM; Sunday: Closed
"Av. Pedro Álvares Cabral, 3112 - Telégrafo, Belém - PA, 66113-190, Brazil","Av. Pedro Álvares Cabral, 3112 - Telégrafo, Belém - Pa, 66113-190, Brazil",Grocery store,,,,,,,,,Açaí shop,8.78e+18,Belém,BR,0x92a4890068cbee99:0x79e6f1b4b97e0f6e,,,-1.4207314,-48.4835234,,Telégrafo,,,ChIJme7LaACJpJIRbg9-ubTx5nk,66113-190,,50.0,,3.0,2.0,1.0,0.0,0.0,0.0,State of Pará,"Av. Pedro Álvares Cabral, 3112","Av. Pedro Álvares Cabral, 3112",,Açaí do Brasão,Açaí Do Brasão,4.7,https://www.google.com/maps/search/?api=1&query=A%C3%A7a%C3%AD%20do%20Bras%C3%A3o&query_place_id=ChIJme7LaACJpJIRbg9-ubTx5nk,,
"Passagem Bom Jesus - Barreiro, Belém - PA, 66117-010, Brazil","Passagem Bom Jesus - Barreiro, Belém - Pa, 66117-010, Brazil",Restaurant,,,,,,,,,Açaí shop,9.55e+16,Belém,BR,0x92a4896138b6e485:0x15328d3aed02bf2,,,-1.4129716,-48.4828146,,Barreiro,,,ChIJheS2OGGJpJIR8ivQrtMoUwE,66117-010,,49.0,,2.0,2.0,0.0,0.0,0.0,0.0,State of Pará,Passagem Bom Jesus,Passagem Bom Jesus,,AÇAÍ DO COMÁRIO,Açaí Do Comário,5.0,https://www.google.com/maps/search/?api=1&query=A%C3%87A%C3%8D%20DO%20COM%C3%81RIO&query_place_id=ChIJheS2OGGJpJIR8ivQrtMoUwE,,Monday-Sunday: 8 AM to 2 PM
"R. Nova - Pedreira, Belém - PA, 66083-441, Brazil","R. Nova - Pedreira, Belém - Pa, 66083-441, Brazil",Restaurant,,,,,,,,,Açaí shop,1.28e+19,Belém,BR,0x92a48c003d303acf:0xb166911c7e79ac06,,,-1.431078,-48.4780847,,Pedreira,,,ChIJzzowPQCMpJIRBqx5fhyRZrE,66083-441,,43.0,,11.0,11.0,0.0,0.0,0.0,0.0,State of Pará,R. Nova,R. Nova,,Enzo Açaí,Enzo Açaí,5.0,https://www.google.com/maps/search/?api=1&query=Enzo%20A%C3%A7a%C3%AD&query_place_id=ChIJzzowPQCMpJIRBqx5fhyRZrE,,Monday: 8 AM to 9 PM; Tuesday: Closed; Wednesday-Saturday: 8 AM to 9 PM; Sunday: 8 AM to 8 PM
"Passagem Bom Sossego, 204 - Sacramenta, Belém - PA, 66083-130, Brazil","Passagem Bom Sossego, 204 - Sacramenta, Belém - Pa, 66083-130, Brazil",Restaurant,,,,,,,,,Açaí shop,1.73e+18,Belém,BR,0x92a48be21f87b15f:0x180e2cd0dd9904be,,,-1.4193325,-48.4774663,,Sacramenta,+55 91 3254-3824,559000000000.0,ChIJX7GHH-KLpJIRvgSZ3dAsDhg,66083-130,R$1–20,35.0,,15.0,14.0,1.0,0.0,0.0,0.0,State of Pará,"Passagem Bom Sossego, 204","Passagem Bom Sossego, 204",,Açaí Da Mena,Açaí Da Mena,4.9,https://www.google.com/maps/search/?api=1&query=A%C3%A7a%C3%AD%20Da%20Mena&query_place_id=ChIJX7GHH-KLpJIRvgSZ3dAsDhg,,
"R. Antônio Everdosa, 801B - Pedreira, Belém - PA, 66085-750, Brazil","R. Antônio Everdosa, 801B - Pedreira, Belém - Pa, 66085-750, Brazil",Snack bar,,,,,,,,,Açaí shop,7.92e+17,Belém,BR,0x92a48bff9969d443:0xafc60ce11c4cf96,,,-1.429271,-48.476697,,Pedreira,+55 91 98571-9365,5590000000000.0,ChIJQ9Rpmf-LpJIRls_EEc5g_Ao,66085-750,,30.0,,24.0,12.0,5.0,4.0,1.0,2.0,State of Pará,"R. Antônio Everdosa, 801B","R. Antônio Everdosa, 801B",,Açai do Esmael,Açai Do Esmael,3.8,https://www.google.com/maps/search/?api=1&query=A%C3%A7ai%20do%20Esmael&query_place_id=ChIJQ9Rpmf-LpJIRls_EEc5g_Ao,,Monday-Sunday: 7:30 AM to 10 PM
"Tv. Curuzú, 447 - Pedreira, Belém - PA, 66077-830, Brazil","Tv. Curuzú, 447 - Pedreira, Belém - Pa, 66077-830, Brazil",Restaurant,,,,,,,,,Açaí shop,1.71e+19,Belém,BR,0x92a48daf948c449f:0xedec906daf54f132,,,-1.4361111,-48.4758253,,Pedreira,+55 91 98239-4818,5590000000000.0,ChIJn0SMlK-NpJIRMvFUr22Q7O0,66077-830,R$1–40,23.0,,17.0,13.0,2.0,2.0,0.0,0.0,State of Pará,"Tv. Curuzú, 447","Tv. Curuzú, 447",,Açaí Do Anderson,Açaí Do Anderson,4.4,https://www.google.com/maps/search/?api=1&query=A%C3%A7a%C3%AD%20Do%20Anderson&query_place_id=ChIJn0SMlK-NpJIRMvFUr22Q7O0,,Monday-Sunday: 6 to 11:30 PM
"Tv. Dom Romualdo de Seixas, 907 A - Umarizal, Belém - PA, 66055-200, Brazil","Tv. Dom Romualdo De Seixas, 907 A - Umarizal, Belém - Pa, 66055-200, Brazil",Restaurant,,,,,,,,,Açaí shop,5.93e+18,Belém,BR,0x92a48f9b9c170343:0x525b28c5073e9529,,,-1.4402334,-48.4851882,,Umarizal,+55 91 98450-3198,5590000000000.0,ChIJQwMXnJuPpJIRKZU-B8UoW1I,66055-200,,29.0,,7.0,7.0,0.0,0.0,0.0,0.0,State of Pará,"Tv. Dom Romualdo de Seixas, 907 A","Tv. Dom Romualdo De Seixas, 907 A",,Açai Premium,Açai Premium,5.0,https://www.google.com/maps/search/?api=1&query=A%C3%A7ai%20Premium&query_place_id=ChIJQwMXnJuPpJIRKZU-B8UoW1I,,
"R. do Úna, 83 - Telégrafo sem fio, Belém - PA, 66050-150, Brazil","R. Do Úna, 83 - Telégrafo Sem Fio, Belém - Pa, 66050-150, Brazil",Restaurant,,,,,,,,,Açaí shop,2.36e+18,Belém,BR,0x92a48f5f8e4e2227:0x20bc9f658989949c,,,-1.4315343,-48.4893983,,Telégrafo,+55 91 98848-2765,5590000000000.0,ChIJJyJOjl-PpJIRnJSJiWWfvCA,66050-150,,20.0,,0.0,,,,,,State of Pará,"R. do Úna, 83","R. Do Úna, 83",,Let's Go Açaí!,Let'S Go Açaí!,,https://www.google.com/maps/search/?api=1&query=Let's%20Go%20A%C3%A7a%C3%AD!&query_place_id=ChIJJyJOjl-PpJIRnJSJiWWfvCA,https://instagram.com/_letsgo.acai?igshid=MzRlODBiNWFlZA==,Monday-Sunday: 8 AM to 7 PM
"R. Osvaldo de Caldas Brito, 621A - Jurunas, Belém - PA, 66025-190, Brazil","R. Osvaldo De Caldas Brito, 621A - Jurunas, Belém - Pa, 66025-190, Brazil",Store,,,,,,,,,Açaí shop,1.59e+19,Belém,BR,0x92a48f4e4cbf7be7:0xdc40f45e08fc3edd,,,-1.4673804,-48.4983118,,Jurunas,+55 91 98210-1334,5590000000000.0,ChIJ53u_TE6PpJIR3T78CF70QNw,66025-190,,123.0,,0.0,,,,,,State of Pará,"R. Osvaldo de Caldas Brito, 621A","R. Osvaldo De Caldas Brito, 621A",,Açaí Oliveira,Açaí Oliveira,,https://www.google.com/maps/search/?api=1&query=A%C3%A7a%C3%AD%20Oliveira&query_place_id=ChIJ53u_TE6PpJIR3T78CF70QNw,,
"prox. ao cruzamento com a Av Senador Lemos, Tv. Magno de Araújo, s/n - Box 07 - Telégrafo, Belém - PA, 66113-055, Brazil","Prox. Ao Cruzamento Com A Av Senador Lemos, Tv. Magno De Araújo, S/N - Box 07 - Telégrafo, Belém - Pa, 66113-055, Brazil",Snack bar,,,,,,,,,Açaí shop,1.98e+17,Belém,BR,0x92a48eacca573b3d:0x2be12898b957c18,,,-1.4304782,-48.4850977,,Telégrafo,+55 91 3087-4246,559000000000.0,ChIJPTtXyqyOpJIRGHyVi4kSvgI,66113-055,,19.0,,2.0,1.0,0.0,0.0,1.0,0.0,State of Pará,"prox. ao cruzamento com a Av Senador Lemos, Tv. Magno de Araújo, s/n - Box 07","Prox. Ao Cruzamento Com A Av Senador Lemos, Tv. Magno De Araújo, S/N - Box 07",,Açaí do Ivanei,Açaí Do Ivanei,4.0,https://www.google.com/maps/search/?api=1&query=A%C3%A7a%C3%AD%20do%20Ivanei&query_place_id=ChIJPTtXyqyOpJIRGHyVi4kSvgI,,
"Av. Pedro Álvares Cabral - Sacramenta, Belém - PA, 66645-745, Brazil","Av. Pedro Álvares Cabral - Sacramenta, Belém - Pa, 66645-745, Brazil",Restaurant,,,,,,,,,Açaí shop,1.04e+19,Belém,BR,0x92a489a752b57053:0x90e96b5ab29bc0e5,,,-1.420146,-48.4827455,,Sacramenta,+55 91 98212-6634,5590000000000.0,ChIJU3C1UqeJpJIR5cCbslpr6ZA,,,17.0,,4.0,4.0,0.0,0.0,0.0,0.0,State of Pará,Av. Pedro Álvares Cabral,Av. Pedro Álvares Cabral,,SAHIQ AÇAÍ,Sahiq Açaí,5.0,https://www.google.com/maps/search/?api=1&query=SAHIQ%20A%C3%87A%C3%8D&query_place_id=ChIJU3C1UqeJpJIR5cCbslpr6ZA,,Monday-Sunday: 8 AM to 10 PM
"Tv. Manoel Evaristo, 625 - Umarizal, Belém - PA, 66050-290, Brazil","Tv. Manoel Evaristo, 625 - Umarizal, Belém - Pa, 66050-290, Brazil",Snack bar,,,,,,,,,Açaí shop,1.79e+19,Belém,BR,0x92a48eae8a7ea8f7:0xf84fbd32b6487289,,,-1.4344894,-48.4868926,,Umarizal,,,ChIJ96h-iq6OpJIRiXJItjK9T_g,66050-290,,16.0,,1.0,1.0,0.0,0.0,0.0,0.0,State of Pará,"Tv. Manoel Evaristo, 625","Tv. Manoel Evaristo, 625",,Açaí Pai D'Egu,Açaí Pai D'Egu,5.0,https://www.google.com/maps/search/?api=1&query=A%C3%A7a%C3%AD%20Pai%20D'Egu&query_place_id=ChIJ96h-iq6OpJIRiXJItjK9T_g,,Monday-Saturday: 8 AM to 8 PM; Sunday: 8 AM to 2 PM
"Tv. Manoel Evaristo, 1264 - Umarizal, Belém - PA, 66050-290, Brazil","Tv. Manoel Evaristo, 1264 - Umarizal, Belém - Pa, 66050-290, Brazil",Restaurant,,,,,,,,,Açaí shop,4.95e+18,Belém,BR,0x92a48ea85922930b:0x44a1e271ce8ded3c,,,-1.4363839,-48.481036,,Umarizal,+55 91 98927-9825,5590000000000.0,ChIJC5MiWaiOpJIRPO2NznHioUQ,66050-290,,12.0,,13.0,13.0,0.0,0.0,0.0,0.0,State of Pará,"Tv. Manoel Evaristo, 1264","Tv. Manoel Evaristo, 1264",,Açaí Umarizal,Açaí Umarizal,5.0,https://www.google.com/maps/search/?api=1&query=A%C3%A7a%C3%AD%20Umarizal&query_place_id=ChIJC5MiWaiOpJIRPO2NznHioUQ,,
"Tv. Cel. Luíz Bentes, 108 - Telégrafo, Belém - PA, 66113-080, Brazil","Tv. Cel. Luíz Bentes, 108 - Telégrafo, Belém - Pa, 66113-080, Brazil",Restaurant,,,,,,,,,Açaí shop,1.24e+19,Belém,BR,0x92a4894d9414de6f:0xac6b6a9f3094f35a,,,-1.4278842,-48.489727,,Telégrafo,+55 91 98157-7871,5590000000000.0,ChIJb94UlE2JpJIRWvOUMJ9qa6w,66113-080,,10.0,,2.0,2.0,0.0,0.0,0.0,0.0,State of Pará,"Tv. Cel. Luíz Bentes, 108","Tv. Cel. Luíz Bentes, 108",,Açaí Do Laudy,Açaí Do Laudy,5.0,https://www.google.com/maps/search/?api=1&query=A%C3%A7a%C3%AD%20Do%20Laudy&query_place_id=ChIJb94UlE2JpJIRWvOUMJ9qa6w,,Monday-Saturday: 8 AM to 7:30 PM; Sunday: 8 AM to 3 PM
"Tv. Barão do Triunfo, 211 - Sacramenta, Belém - PA, 66083-100, Brazil","Tv. Barão Do Triunfo, 211 - Sacramenta, Belém - Pa, 66083-100, Brazil",Restaurant,,,,,,,,,Açaí shop,1.08e+19,Belém,BR,0x92a489593416116b:0x95aa5e587597eb44,,,-1.4193189,-48.4822108,,Sacramenta,+55 91 98327-5130,5590000000000.0,ChIJaxEWNFmJpJIRROuXdVheqpU,66083-100,$,7.0,,13.0,8.0,3.0,0.0,2.0,0.0,State of Pará,"Tv. Barão do Triunfo, 211","Tv. Barão Do Triunfo, 211",,Açaí do Gida,Açaí Do Gida,4.5,https://www.google.com/maps/search/?api=1&query=A%C3%A7a%C3%AD%20do%20Gida&query_place_id=ChIJaxEWNFmJpJIRROuXdVheqpU,,
"Travessa Magno de Araújo 07 Entre Curuçá e, Passagem Isabel - Telégrafo, Belém - PA, 66113-055, Brazil","Travessa Magno De Araújo 07 Entre Curuçá E, Passagem Isabel - Telégrafo, Belém - Pa, 66113-055, Brazil",Restaurant,,,,,,,,,Açaí shop,6.87e+18,Belém,BR,0x92a48e972edb24c5:0x5f65b2c92e500ea2,,,-1.4306843,-48.4843989,,Telégrafo,+55 91 98100-4800,5590000000000.0,ChIJxSTbLpeOpJIRog5QLsmyZV8,66113-055,,6.0,,7.0,6.0,0.0,0.0,0.0,1.0,State of Pará,"Travessa Magno de Araújo 07 Entre Curuçá e, Passagem Isabel","Travessa Magno De Araújo 07 Entre Curuçá E, Passagem Isabel",,Açaí Nutrivida,Açaí Nutrivida,4.6,https://www.google.com/maps/search/?api=1&query=A%C3%A7a%C3%AD%20Nutrivida&query_place_id=ChIJxSTbLpeOpJIRog5QLsmyZV8,,Monday-Saturday: 8 AM to 9 PM; Sunday: 9 AM to 2 PM
"Tv. Magno de Araújo, 13 B - Telégrafo, Belém - PA, 66113-050, Brazil","Tv. Magno De Araújo, 13 B - Telégrafo, Belém - Pa, 66113-050, Brazil",Snack bar,,,,,,,,,Açaí shop,1.92e+18,Belém,BR,0x92a48eacb5eb892b:0x1ab1590f23e4d122,,,-1.4288055,-48.4904895,,Telégrafo,+55 91 98397-5543,5590000000000.0,ChIJK4nrtayOpJIRItHkIw9ZsRo,66113-050,,4.0,,7.0,6.0,0.0,0.0,1.0,0.0,State of Pará,"Tv. Magno de Araújo, 13 B","Tv. Magno De Araújo, 13 B",,Açaí do Orlando,Açaí Do Orlando,4.7,https://www.google.com/maps/search/?api=1&query=A%C3%A7a%C3%AD%20do%20Orlando&query_place_id=ChIJK4nrtayOpJIRItHkIw9ZsRo,,Monday-Sunday: 8 AM to 1:30 PM
"R. Frederico Scheneippe, 235 - Telégrafo, Belém - PA, 66113-080, Brazil","R. Frederico Scheneippe, 235 - Telégrafo, Belém - Pa, 66113-080, Brazil",Restaurant,,,,,,,,,Açaí shop,1.63e+19,Belém,BR,0x92a489d7fa40dcd1:0xe20b3028c9d36353,,,-1.4284746,-48.4861318,,Telégrafo,+55 91 98474-6290,5590000000000.0,ChIJ0dxA-teJpJIRU2PTySgwC-I,66113-080,,2.0,,34.0,28.0,2.0,1.0,2.0,1.0,State of Pará,"R. Frederico Scheneippe, 235","R. Frederico Scheneippe, 235",,Açai da Anitta,Açai Da Anitta,4.6,https://www.google.com/maps/search/?api=1&query=A%C3%A7ai%20da%20Anitta&query_place_id=ChIJ0dxA-teJpJIRU2PTySgwC-I,,Monday-Saturday: 9 AM to 1 PM; Sunday: Closed
"Passagem Grão pará, 4 - Sacramenta, Belém - PA, 66120-700, Brazil","Passagem Grão Pará, 4 - Sacramenta, Belém - Pa, 66120-700, Brazil",Juice shop,,,,,,,,,Açaí shop,1.26e+19,Belém,BR,0x92a4892ef7d89303:0xaebb9f5236d200b0,,,-1.4143558,-48.4800968,,Sacramenta,+55 91 98443-4770,5590000000000.0,ChIJA5PY9y6JpJIRsADSNlKfu64,66120-700,,64.0,,0.0,,,,,,State of Pará,"Passagem Grão pará, 4","Passagem Grão Pará, 4",,Açaí sabor do marajó un sacramenta,Açaí Sabor Do Marajó Un Sacramenta,,https://www.google.com/maps/search/?api=1&query=A%C3%A7a%C3%AD%20sabor%20do%20maraj%C3%B3%20un%20sacramenta&query_place_id=ChIJA5PY9y6JpJIRsADSNlKfu64,,Monday-Sunday: 7 AM to 2 PM
"Telégrafo, Belém - State of Pará, 66113-190, Brazil","Telégrafo, Belém - State Of Pará, 66113-190, Brazil",Restaurant,,,,,,,,,Açaí shop,1.34e+19,Belém,BR,0x92a48eb2ec08aa53:0xb9ba70a333e7caeb,,,-1.4316231,-48.4902449,,Telégrafo,+55 91 98073-0744,5590000000000.0,ChIJU6oI7LKOpJIR68rnM6Nwurk,,,1.0,,2.0,2.0,0.0,0.0,0.0,0.0,State of Pará,,,,Açaí Lavareda,Açaí Lavareda,5.0,https://www.google.com/maps/search/?api=1&query=A%C3%A7a%C3%AD%20Lavareda&query_place_id=ChIJU6oI7LKOpJIR68rnM6Nwurk,,
"Tv. 14 de Março, 581 - Umarizal, Belém - PA, 66823-010, Brazil","Tv. 14 De Março, 581 - Umarizal, Belém - Pa, 66823-010, Brazil",Ice cream shop,,,,,,,,,Açaí shop,1.28e+19,Belém,BR,0x92a48ea7303ec58d:0xb1e862fd020272bc,,,-1.4406888,-48.4805021,,Umarizal,+55 91 3120-4287,559000000000.0,ChIJjcU-MKeOpJIRvHICAv1i6LE,66823-010,$$,63.0,,606.0,450.0,111.0,7.0,30.0,8.0,State of Pará,"Tv. 14 de Março, 581","Tv. 14 De Março, 581",,Blaus 14 de Março - PA,Blaus 14 De Março - Pa,4.6,https://www.google.com/maps/search/?api=1&query=Blaus%2014%20de%20Mar%C3%A7o%20-%20PA&query_place_id=ChIJjcU-MKeOpJIRvHICAv1i6LE,http://blaus.com.br/,Monday-Wednesday: 8 AM to 12 AM; Thursday: Closed; Friday-Sunday: 8 AM to 12 AM
"R. Curuçá, 334 - Box A - Umarizal, Belém - PA, 66050-080, Brazil","R. Curuçá, 334 - Box A - Umarizal, Belém - Pa, 66050-080, Brazil",Health food store,Catering food and drink supplier,,,,,,,,Açaí shop,7.31e+18,Belém,BR,0x92a48ea253c65f05:0x656886db020a21fc,,,-1.4361413,-48.4848008,https://menu.ifood.com.br/53437b9d-9d9e-4f08-b344-b30f0028cda1?utm_source=gpandroid&utm_medium=share&utm_campaign=whatsapp,Umarizal,+55 91 98539-1304,5590000000000.0,ChIJBV_GU6KOpJIR_CEKAtuGaGU,66050-080,,61.0,,5.0,5.0,0.0,0.0,0.0,0.0,State of Pará,"R. Curuçá, 334 - Box A","R. Curuçá, 334 - Box A",,Açai do Bandeira,Açai Do Bandeira,5.0,https://www.google.com/maps/search/?api=1&query=A%C3%A7ai%20do%20Bandeira&query_place_id=ChIJBV_GU6KOpJIR_CEKAtuGaGU,,Monday-Sunday: 9 AM to 5 PM
"R. Eng. Fernando Guilhon, 351 - Jurunas, Belém - PA, 66030-250, Brazil","R. Eng. Fernando Guilhon, 351 - Jurunas, Belém - Pa, 66030-250, Brazil",Liquor store,,,,,,,,,Açaí shop,1e+19,Belém,BR,0x92a48f809cdb8bcd:0x8af8e34417e5e897,,,-1.4730878,-48.492427,,Jurunas,+55 91 98995-4064,5590000000000.0,ChIJzYvbnICPpJIRl-jlF0Tj-Io,66030-250,,119.0,,0.0,,,,,,State of Pará,"R. Eng. Fernando Guilhon, 351","R. Eng. Fernando Guilhon, 351",,Açaí du Ball,Açaí Du Ball,,https://www.google.com/maps/search/?api=1&query=A%C3%A7a%C3%AD%20du%20Ball&query_place_id=ChIJzYvbnICPpJIRl-jlF0Tj-Io,,
"Passagem Batista, 98 - Barreiro, Belém - PA, 66117-080, Brazil","Passagem Batista, 98 - Barreiro, Belém - Pa, 66117-080, Brazil",Ice cream shop,,,,,,,,,Açaí shop,6.07e+18,Belém,BR,0x92a4891ec9706a51:0x543e8cb6082b1faa,,,-1.4172829,-48.4842585,,Barreiro,+55 91 98148-6869,5590000000000.0,ChIJUWpwyR6JpJIRqh8rCLaMPlQ,66117-080,,62.0,,0.0,,,,,,State of Pará,"Passagem Batista, 98","Passagem Batista, 98",,Açaí da Naty,Açaí Da Naty,,https://www.google.com/maps/search/?api=1&query=A%C3%A7a%C3%AD%20da%20Naty&query_place_id=ChIJUWpwyR6JpJIRqh8rCLaMPlQ,,
"Guamar, 23 Passagem sem Deus - Cidade Velha, Belém - PA, 66020-600, Brazil","Guamar, 23 Passagem Sem Deus - Cidade Velha, Belém - Pa, 66020-600, Brazil",Restaurant,,,,,,,,,Açaí shop,7.44e+18,Belém,BR,0x92a48ef6ffffffff:0x672ed7c354f2e26e,,Clínica Diamedical,-1.4557292,-48.4901785,,Cidade Velha,+55 91 98256-7293,5590000000000.0,ChIJ______aOpJIRbuLyVMPXLmc,66020-600,,113.0,,0.0,,,,,,State of Pará,"Guamar, 23 Passagem sem Deus","Guamar, 23 Passagem Sem Deus",,Açaí Pai D'égua,Açaí Pai D'Égua,,https://www.google.com/maps/search/?api=1&query=A%C3%A7a%C3%AD%20Pai%20D'%C3%A9gua&query_place_id=ChIJ______aOpJIRbuLyVMPXLmc,,Monday-Saturday: 9 AM to 11 PM; Sunday: 9 AM to 1 AM
"Passagem Monte Alegre, 48 - Jurunas, Belém - PA, 66030-160, Brazil","Passagem Monte Alegre, 48 - Jurunas, Belém - Pa, 66030-160, Brazil",Restaurant,,,,,,,,,Açaí shop,9.12e+17,Belém,BR,0x92a48fd97e73ea8f:0xca70ce403153a84,,,-1.4755796,-48.490659,,Jurunas,,,ChIJj-pzftmPpJIRhDoVA-QMpww,,,109.0,,5.0,4.0,1.0,0.0,0.0,0.0,State of Pará,"Passagem Monte Alegre, 48","Passagem Monte Alegre, 48",,Açaí do Michell - DEUS PROVERÁ,Açaí Do Michell - Deus Proverá,4.8,https://www.google.com/maps/search/?api=1&query=A%C3%A7a%C3%AD%20do%20Michell%20-%20DEUS%20PROVER%C3%81&query_place_id=ChIJj-pzftmPpJIRhDoVA-QMpww,,Monday-Sunday: 9 AM to 8 PM
"Rua dos também n - Condor, Belém - PA, 66045-480, Brazil","Rua Dos Também N - Condor, Belém - Pa, 66045-480, Brazil",Restaurant,Food manufacturing supply,,,,,,,,Açaí shop,1.56e+19,Belém,BR,0x92a48fec57e9c01d:0xd807ae3bec191518,,,-1.4706196,-48.4790256,,Condor,+55 91 99226-6193,5590000000000.0,ChIJHcDpV-yPpJIRGBUZ7DuuB9g,66045-480,,108.0,,3.0,3.0,0.0,0.0,0.0,0.0,State of Pará,Rua dos também n,Rua Dos Também N,,Açaí da Gê,Açaí Da Gê,5.0,https://www.google.com/maps/search/?api=1&query=A%C3%A7a%C3%AD%20da%20G%C3%AA&query_place_id=ChIJHcDpV-yPpJIRGBUZ7DuuB9g,,Monday-Wednesday: 9 AM to 10 PM; Thursday: 9 AM to 5 PM; Friday-Saturday: 9 AM to 10 PM; Sunday: 9 AM to 3 PM
"R. Óbidos, 315 A - Cidade Velha, Belém - PA, 66020-447, Brazil","R. Óbidos, 315 A - Cidade Velha, Belém - Pa, 66020-447, Brazil",Restaurant,,,,,,,,,Açaí shop,2.21e+18,Belém,BR,0x92a48f4e62788a6b:0x1eaf49adad6541b6,,,-1.4619074,-48.5013333,,Cidade Velha,+55 91 99188-5798,5590000000000.0,ChIJa4p4Yk6PpJIRtkFlra1Jrx4,66020-447,,105.0,,1.0,1.0,0.0,0.0,0.0,0.0,State of Pará,"R. Óbidos, 315 A","R. Óbidos, 315 A",,AÇAÍ DO ANDRE,Açaí Do Andre,5.0,https://www.google.com/maps/search/?api=1&query=A%C3%87A%C3%8D%20DO%20ANDRE&query_place_id=ChIJa4p4Yk6PpJIRtkFlra1Jrx4,,Monday-Sunday: 9 AM to 5 PM
"Tv. Bom Jardim, 1555 - Jurunas, Belém - PA, 66025-184, Brazil","Tv. Bom Jardim, 1555 - Jurunas, Belém - Pa, 66025-184, Brazil",Restaurant,,,,,,,,,Açaí shop,5.83e+18,Belém,BR,0x92a48f07611dd0e1:0x50e5b20214a71a74,,,-1.4703928,-48.4916388,,Jurunas,+55 91 98945-3721,5590000000000.0,ChIJ4dAdYQePpJIRdBqnFAKy5VA,66025-184,,103.0,,4.0,3.0,0.0,1.0,0.0,0.0,State of Pará,"Tv. Bom Jardim, 1555","Tv. Bom Jardim, 1555",,Love Açaí,Love Açaí,4.0,https://www.google.com/maps/search/?api=1&query=Love%20A%C3%A7a%C3%AD&query_place_id=ChIJ4dAdYQePpJIRdBqnFAKy5VA,,Monday-Sunday: 8:30 AM to 8 PM
"Tv. 1º de Março, 378 - Campina, Belém - PA, 66015-053, Brazil","Tv. 1º De Março, 378 - Campina, Belém - Pa, 66015-053, Brazil",Restaurant,,,,,,,,,Açaí shop,1.15e+19,Belém,BR,0x92a48f116f93f535:0xa011a93ede9705b5,,,-1.4517693,-48.4972257,,Campina,+55 91 98519-2458,5590000000000.0,ChIJNfWTbxGPpJIRtQWX3j6pEaA,66015-053,,104.0,,3.0,3.0,0.0,0.0,0.0,0.0,State of Pará,"Tv. 1º de Março, 378","Tv. 1º De Março, 378",,Açaí Vip,Açaí Vip,5.0,https://www.google.com/maps/search/?api=1&query=A%C3%A7a%C3%AD%20Vip&query_place_id=ChIJNfWTbxGPpJIRtQWX3j6pEaA,,Monday-Saturday: 10 AM to 3 PM; Sunday: Closed
"Tv. Monte Alegre, 1617 - Jurunas, Belém - PA, 66030-370, Brazil","Tv. Monte Alegre, 1617 - Jurunas, Belém - Pa, 66030-370, Brazil",Store,,,,,,,,,Açaí shop,7.12e+18,Belém,BR,0x92a48f0069b950b7:0x62c97ac5c5ea66ac,,,-1.4716984,-48.4914108,,Jurunas,,,ChIJt1C5aQCPpJIRrGbqxcV6yWI,66030-370,,101.0,,0.0,,,,,,State of Pará,"Tv. Monte Alegre, 1617","Tv. Monte Alegre, 1617",,Açaí do Zé,Açaí Do Zé,,https://www.google.com/maps/search/?api=1&query=A%C3%A7a%C3%AD%20do%20Z%C3%A9&query_place_id=ChIJt1C5aQCPpJIRrGbqxcV6yWI,,
"Tv. Angustura, 1063 - Pedreira, Belém - PA, 66083-060, Brazil","Tv. Angustura, 1063 - Pedreira, Belém - Pa, 66083-060, Brazil",Açaí shop,,,,,,,,,Açaí shop,2.88e+18,Belém,BR,0x92a48b38c9435221:0x27fc38a11bdca9b7,,,-1.4221663,-48.4752216,,Pedreira,,,ChIJIVJDyTiLpJIRt6ncG6E4_Cc,66083-060,,60.0,,0.0,,,,,,State of Pará,"Tv. Angustura, 1063","Tv. Angustura, 1063",,Açaí do Brisa,Açaí Do Brisa,,https://www.google.com/maps/search/?api=1&query=A%C3%A7a%C3%AD%20do%20Brisa&query_place_id=ChIJIVJDyTiLpJIRt6ncG6E4_Cc,,Monday-Sunday: 9 AM to 2 PM
"Passagem Feliz - Barreiro, Belém - PA, 66117-070, Brazil","Passagem Feliz - Barreiro, Belém - Pa, 66117-070, Brazil",Açaí shop,,,,,,,,,Açaí shop,1.66e+19,Belém,BR,0x92a489a99ab496df:0xe67a8fe26c69ef18,,Chikão Lanches,-1.4127879,-48.4837436,,Barreiro,+55 91 98143-8171,5590000000000.0,ChIJ35a0mqmJpJIRGO9pbOKPeuY,,,57.0,,0.0,,,,,,State of Pará,Passagem Feliz,Passagem Feliz,,Dk-açaí,Dk-Açaí,,https://www.google.com/maps/search/?api=1&query=Dk-a%C3%A7a%C3%AD&query_place_id=ChIJ35a0mqmJpJIRGO9pbOKPeuY,,Monday-Tuesday: 9 AM to 2 PM; Wednesday: 9 AM to 5 PM; Thursday: 9 AM to 2:30 PM; Friday-Sunday: 9 AM to 2 PM
"Passagem Cajú, 418 C - Barreiro, Belém - PA, 66117-100, Brazil","Passagem Cajú, 418 C - Barreiro, Belém - Pa, 66117-100, Brazil",Restaurant,,,,,,,,,Açaí shop,4.46e+18,Belém,BR,0x92a489f427b4b233:0x3dde3f8a805b2fb3,,,-1.4126627,-48.4846518,,Barreiro,,,ChIJM7K0J_SJpJIRsy9bgIo_3j0,66117-100,,59.0,,3.0,3.0,0.0,0.0,0.0,0.0,State of Pará,"Passagem Cajú, 418 C","Passagem Cajú, 418 C",,Açaí da Ilha - D&C,Açaí Da Ilha - D&C,5.0,https://www.google.com/maps/search/?api=1&query=A%C3%A7a%C3%AD%20da%20Ilha%20-%20D%26C&query_place_id=ChIJM7K0J_SJpJIRsy9bgIo_3j0,,
"Tv. Dom Pedro I, 599 - Umarizal, Belém - PA, 66050-100, Brazil","Tv. Dom Pedro I, 599 - Umarizal, Belém - Pa, 66050-100, Brazil",Restaurant,Brewery,Event venue,Fish store,Tapas bar,Tourist attraction,,,,Açaí shop,1.33e+18,Belém,BR,0x92a48ff554c58737:0x126c2bbfc9c81d34,,,-1.4371701,-48.4881991,https://keepo.io/veroacaibelem,Umarizal,+55 91 98431-0601,5590000000000.0,ChIJN4fFVPWPpJIRNB3Iyb8rbBI,66050-100,$$,58.0,,2353.0,1969.0,231.0,41.0,80.0,32.0,State of Pará,"Tv. Dom Pedro I, 599","Tv. Dom Pedro I, 599",,Restaurante Ver O Açaí - Umarizal,Restaurante Ver O Açaí - Umarizal,4.7,https://www.google.com/maps/search/?api=1&query=Restaurante%20Ver%20O%20A%C3%A7a%C3%AD%20-%20Umarizal&query_place_id=ChIJN4fFVPWPpJIRNB3Iyb8rbBI,http://veroacai.com.br/lp,
"Tv. Alferes Costa, 91 - Sacramenta, Belém - PA, 66120-330, Brazil","Tv. Alferes Costa, 91 - Sacramenta, Belém - Pa, 66120-330, Brazil",Açaí shop,,,,,,,,,Açaí shop,1.28e+19,Belém,BR,0x92a48993653547ff:0xb15350dac9023e52,,,-1.4110973,-48.4788031,,Sacramenta,+55 91 98216-5561,5590000000000.0,ChIJ_0c1ZZOJpJIRUj4CydpQU7E,66120-330,,56.0,,0.0,,,,,,State of Pará,"Tv. Alferes Costa, 91","Tv. Alferes Costa, 91",,Açaí Deus Proverá,Açaí Deus Proverá,,https://www.google.com/maps/search/?api=1&query=A%C3%A7a%C3%AD%20Deus%20Prover%C3%A1&query_place_id=ChIJ_0c1ZZOJpJIRUj4CydpQU7E,,
"Av. Arthur Bernardes - Telégrafo, Belém - PA, 66115-000, Brazil","Av. Arthur Bernardes - Telégrafo, Belém - Pa, 66115-000, Brazil",Açaí shop,,,,,,,,,Açaí shop,6.23e+18,Belém,BR,0x92a4890062db23db:0x5672a8000d46d5c7,,,-1.4222049,-48.4896042,,Telégrafo,+55 91 98522-4703,5590000000000.0,ChIJ2yPbYgCJpJIRx9VGDQCoclY,66115-000,,55.0,,0.0,,,,,,State of Pará,Av. Arthur Bernardes,Av. Arthur Bernardes,,AÇAÍ DO ELIAS,Açaí Do Elias,,https://www.google.com/maps/search/?api=1&query=A%C3%87A%C3%8D%20DO%20ELIAS&query_place_id=ChIJ2yPbYgCJpJIRx9VGDQCoclY,,Monday-Saturday: 8 AM to 8 PM; Sunday: Closed
"Tv. Alferes Costa, 350 - Sacramenta, Belém - PA, 66123-030, Brazil","Tv. Alferes Costa, 350 - Sacramenta, Belém - Pa, 66123-030, Brazil",Juice shop,,,,,,,,,Açaí shop,1.66e+19,Belém,BR,0x92a48bfb6a55aba7:0xe63b3118dc42e398,,,-1.4125734,-48.4765978,,Sacramenta,+55 91 98873-1815,5590000000000.0,ChIJp6tVavuLpJIRmONC3BgxO-Y,66123-030,,54.0,,6.0,5.0,0.0,0.0,1.0,0.0,State of Pará,"Tv. Alferes Costa, 350","Tv. Alferes Costa, 350",,Açaí do Cézar,Açaí Do Cézar,4.7,https://www.google.com/maps/search/?api=1&query=A%C3%A7a%C3%AD%20do%20C%C3%A9zar&query_place_id=ChIJp6tVavuLpJIRmONC3BgxO-Y,,
"R. Nova, 225 - Pedreira, Belém - PA, 66083-441, Brazil","R. Nova, 225 - Pedreira, Belém - Pa, 66083-441, Brazil",Dessert shop,,,,,,,,,Açaí shop,9.16e+18,Belém,BR,0x92a4895513a05325:0x7f0fd916cf8d1e5e,,,-1.4290343,-48.4801365,,Pedreira,,,ChIJJVOgE1WJpJIRXh6NzxbZD38,66083-441,,53.0,,3.0,2.0,1.0,0.0,0.0,0.0,State of Pará,"R. Nova, 225","R. Nova, 225",,Açai & Cia,Açai & Cia,4.7,https://www.google.com/maps/search/?api=1&query=A%C3%A7ai%20%26%20Cia&query_place_id=ChIJJVOgE1WJpJIRXh6NzxbZD38,,
"Passagem Santa Maria, 405 - Sacramenta, Belém - PA, 66120-300, Brazil","Passagem Santa Maria, 405 - Sacramenta, Belém - Pa, 66120-300, Brazil",Açaí shop,,,,,,,,,Açaí shop,6.79e+18,Belém,BR,0x92a489d14e2a417b:0x5e355314b16fc6d9,,,-1.413587,-48.4790319,,Sacramenta,+55 91 98031-0966,5590000000000.0,ChIJe0EqTtGJpJIR2cZvsRRTNV4,66120-300,,52.0,,4.0,2.0,1.0,1.0,0.0,0.0,State of Pará,"Passagem Santa Maria, 405","Passagem Santa Maria, 405",,Açai da lena,Açai Da Lena,3.8,https://www.google.com/maps/search/?api=1&query=A%C3%A7ai%20da%20lena&query_place_id=ChIJe0EqTtGJpJIR2cZvsRRTNV4,,
"Passagem Santa Maria - Sacramenta, Belém - PA, 66117-140, Brazil","Passagem Santa Maria - Sacramenta, Belém - Pa, 66117-140, Brazil",Açaí shop,,,,,,,,,Açaí shop,1.36e+19,Belém,BR,0x92a4890218cdaab1:0xbd13fad95c799490,,,-1.4128951,-48.4795715,,Sacramenta,,,ChIJsarNGAKJpJIRkJR5XNn6E70,,,50.0,,0.0,,,,,,State of Pará,Passagem Santa Maria,Passagem Santa Maria,,Açaí do Beto2,Açaí Do Beto2,,https://www.google.com/maps/search/?api=1&query=A%C3%A7a%C3%AD%20do%20Beto2&query_place_id=ChIJsarNGAKJpJIRkJR5XNn6E70,,Monday-Sunday: 8 AM to 2 PM
"Passagem Lobato - Barreiro, Belém - PA, 66117-160, Brazil","Passagem Lobato - Barreiro, Belém - Pa, 66117-160, Brazil",Açaí shop,,,,,,,,,Açaí shop,6.86e+18,Belém,BR,0x92a4893f81a47469:0x5f326ba140e1ac90,,,-1.4120989,-48.484289,,Barreiro,+55 91 98439-4687,5590000000000.0,ChIJaXSkgT-JpJIRkKzhQKFrMl8,66117-160,,49.0,,0.0,,,,,,State of Pará,Passagem Lobato,Passagem Lobato,,Açaí Lobato,Açaí Lobato,,https://www.google.com/maps/search/?api=1&query=A%C3%A7a%C3%AD%20Lobato&query_place_id=ChIJaXSkgT-JpJIRkKzhQKFrMl8,,Monday-Sunday: 8 AM to 2 PM
"Tv. Alm. Wandenkolk, 124 - Umarizal, Belém - PA, 66055-030, Brazil","Tv. Alm. Wandenkolk, 124 - Umarizal, Belém - Pa, 66055-030, Brazil",Açaí shop,Snack bar,,,,,,,,Açaí shop,7.8e+18,Belém,BR,0x92a48ebbb6808a91:0x6c39d1855cc2a648,,,-1.4400509,-48.492413,,Umarizal,+55 91 3230-4002,559000000000.0,ChIJkYqAtruOpJIRSKbCXIXROWw,66055-030,,51.0,,7.0,5.0,1.0,0.0,1.0,0.0,State of Pará,"Tv. Alm. Wandenkolk, 124","Tv. Alm. Wandenkolk, 124",,Açai do Nato,Açai Do Nato,4.6,https://www.google.com/maps/search/?api=1&query=A%C3%A7ai%20do%20Nato&query_place_id=ChIJkYqAtruOpJIRSKbCXIXROWw,,Monday-Sunday: 8 AM to 2 PM
"Tv. Barão do Triunfo, 1045 - Sacramenta, Belém - PA, 66083-100, Brazil","Tv. Barão Do Triunfo, 1045 - Sacramenta, Belém - Pa, 66083-100, Brazil",Açaí shop,,,,,,,,,Açaí shop,1.15e+19,Belém,BR,0x92a48b0012e60ea9:0xa003a8fcc5b8d831,,,-1.4234552,-48.4757696,,Sacramenta,+55 91 99629-0074,5590000000000.0,ChIJqQ7mEgCLpJIRMdi4xfyoA6A,66083-100,,48.0,,3.0,3.0,0.0,0.0,0.0,0.0,State of Pará,"Tv. Barão do Triunfo, 1045","Tv. Barão Do Triunfo, 1045",,Açaí do Amaral,Açaí Do Amaral,5.0,https://www.google.com/maps/search/?api=1&query=A%C3%A7a%C3%AD%20do%20Amaral&query_place_id=ChIJqQ7mEgCLpJIRMdi4xfyoA6A,"https://wa.me/5591996290074?text=Ol%C3%A1,%20gostaria%20de%20fazer%20meu%20pedido%20do%20A%C3%A7a%C3%AD%20do%20Amaral!!%EF%BF%BD%EF%BF%BD%EF%BF%BD%EF%BF%BD",Monday-Sunday: 8 AM to 9 PM
"Tv. Alferes Costa, 14 - Sacramenta, Belém - PA, 66123-030, Brazil","Tv. Alferes Costa, 14 - Sacramenta, Belém - Pa, 66123-030, Brazil",Açaí shop,,,,,,,,,Açaí shop,1.67e+19,Belém,BR,0x92a489005a99f11d:0xe711575f54ddd258,,,-1.4105976,-48.4796499,,Sacramenta,,,ChIJHfGZWgCJpJIRWNLdVF9XEec,66123-030,,46.0,,0.0,,,,,,State of Pará,"Tv. Alferes Costa, 14","Tv. Alferes Costa, 14",,Açaí puro sabor 2 sacramenta,Açaí Puro Sabor 2 Sacramenta,,https://www.google.com/maps/search/?api=1&query=A%C3%A7a%C3%AD%20puro%20sabor%202%20sacramenta&query_place_id=ChIJHfGZWgCJpJIRWNLdVF9XEec,,"Monday-Saturday: 9 AM to 2:30 PM, 6:30 to 10:30 PM; Sunday: 9 AM to 2:30 PM, 6 to 10:30 PM"
"R. Oliveira Belo, 789 B - Umarizal, Belém - PA, 66050-380, Brazil","R. Oliveira Belo, 789 B - Umarizal, Belém - Pa, 66050-380, Brazil",Açaí shop,,,,,,,,,Açaí shop,1.36e+19,Belém,BR,0x92a48d676ff3901f:0xbc71149a6d49c116,,,-1.4400654,-48.4772947,,Umarizal,+55 91 98166-4111,5590000000000.0,ChIJH5Dzb2eNpJIRFsFJbZoUcbw,66050-380,,42.0,,10.0,10.0,0.0,0.0,0.0,0.0,State of Pará,"R. Oliveira Belo, 789 B","R. Oliveira Belo, 789 B",,Amazônia Açaí,Amazônia Açaí,5.0,https://www.google.com/maps/search/?api=1&query=Amaz%C3%B4nia%20A%C3%A7a%C3%AD&query_place_id=ChIJH5Dzb2eNpJIRFsFJbZoUcbw,http://instagram.com/amazonia.acai,
"Av. Sen. Lemos, 3153 - Sacramenta, Belém - PA, 66120-000, Brazil","Av. Sen. Lemos, 3153 - Sacramenta, Belém - Pa, 66120-000, Brazil",Açaí shop,Health food restaurant,Ice cream shop,,,,,,,Açaí shop,3.28e+18,Belém,BR,0x92a48bd069041089:0x2d8038a27be7d96c,,IT Center,-1.4165195,-48.4782135,https://www.ifood.com.br/delivery/belem-pa/acaiman--acaiteria-e-guarana-da-amazonia-sacramenta/4c5cade4-df6c-4576-8802-6a8fdc252e98?utm_medium=share,Sacramenta,+55 91 98206-5017,5590000000000.0,ChIJiRAEadCLpJIRbNnne6I4gC0,66120-000,,47.0,,2.0,1.0,0.0,1.0,0.0,0.0,State of Pará,"Av. Sen. Lemos, 3153","Av. Sen. Lemos, 3153",,Açaiman,Açaiman,3.0,https://www.google.com/maps/search/?api=1&query=A%C3%A7aiman&query_place_id=ChIJiRAEadCLpJIRbNnne6I4gC0,https://acaiman.com.br/,Monday-Sunday: 7 AM to 1 PM
"Entre divina luz é bom Jesus - Tv. São Sebastião, 71 - Sacramenta, Belém - PA, 67123-620, Brazil","Entre Divina Luz É Bom Jesus - Tv. São Sebastião, 71 - Sacramenta, Belém - Pa, 67123-620, Brazil",Açaí shop,,,,,,,,,Açaí shop,2.69e+17,Belém,BR,0x92a489fff2b24fe7:0x3bb518be2cb872c,,,-1.4102424,-48.4790228,,Sacramenta,+55 91 98433-6703,5590000000000.0,ChIJ50-y8v-JpJIRLIfL4otRuwM,67123-620,R$1–20,41.0,,23.0,22.0,0.0,1.0,0.0,0.0,State of Pará,"Entre divina luz é bom Jesus - Tv. São Sebastião, 71","Entre Divina Luz É Bom Jesus - Tv. São Sebastião, 71",,Açaí do Léo,Açaí Do Léo,4.8,https://www.google.com/maps/search/?api=1&query=A%C3%A7a%C3%AD%20do%20L%C3%A9o&query_place_id=ChIJ50-y8v-JpJIRLIfL4otRuwM,,Monday-Sunday: 7 AM to 2 AM
"Av. Conselheiro Furtado, 1716 - Cremação, Belém - PA, 66063-060, Brazil","Av. Conselheiro Furtado, 1716 - Cremação, Belém - Pa, 66063-060, Brazil",Snack bar,Catering food and drink supplier,,,,,,,,Açaí shop,9.12e+18,Belém,BR,0x92a48e8147e16db3:0x7e97e0f0a5e83efa,,,-1.4569891,-48.4830813,,Cremacao,+55 91 99320-0050,5590000000000.0,ChIJs23hR4GOpJIR-j7opfDgl34,66063-060,,98.0,,7.0,5.0,0.0,2.0,0.0,0.0,State of Pará,"Av. Conselheiro Furtado, 1716","Av. Conselheiro Furtado, 1716",,Sabor Do Açaí Pará,Sabor Do Açaí Pará,3.9,https://www.google.com/maps/search/?api=1&query=Sabor%20Do%20A%C3%A7a%C3%AD%20Par%C3%A1&query_place_id=ChIJs23hR4GOpJIR-j7opfDgl34,,
"Tv. 14 de Março, 3162 - Cremação, Belém - PA, 66045-350, Brazil","Tv. 14 De Março, 3162 - Cremação, Belém - Pa, 66045-350, Brazil",Health food restaurant,,,,,,,,,Açaí shop,8.2e+18,Belém,BR,0x92a48fc41c52f707:0x71c8070b817243c9,,,-1.4657549,-48.4795954,,Cremacao,+55 91 98925-4065,5590000000000.0,ChIJB_dSHMSPpJIRyUNygQsHyHE,66045-350,,97.0,,5.0,5.0,0.0,0.0,0.0,0.0,State of Pará,"Tv. 14 de Março, 3162","Tv. 14 De Março, 3162",,Açaí do Rodrigol,Açaí Do Rodrigol,5.0,https://www.google.com/maps/search/?api=1&query=A%C3%A7a%C3%AD%20do%20Rodrigol&query_place_id=ChIJB_dSHMSPpJIRyUNygQsHyHE,,Monday-Sunday: 9 AM to 5 PM
"R. Veiga Cabral, 205 - Cidade Velha, Belém - PA, 66023-630, Brazil","R. Veiga Cabral, 205 - Cidade Velha, Belém - Pa, 66023-630, Brazil",Restaurant,,,,,,,,,Açaí shop,2.76e+17,Belém,BR,0x92a48fa413e46049:0x3d39819324c8522,,,-1.4647857,-48.5005231,,Cidade Velha,+55 91 98929-1445,5590000000000.0,ChIJSWDkE6SPpJIRIoVMMhmY0wM,66023-630,,94.0,,1.0,1.0,0.0,0.0,0.0,0.0,State of Pará,"R. Veiga Cabral, 205","R. Veiga Cabral, 205",,Tavares AÇAÍ,Tavares Açaí,5.0,https://www.google.com/maps/search/?api=1&query=Tavares%20A%C3%87A%C3%8D&query_place_id=ChIJSWDkE6SPpJIRIoVMMhmY0wM,,
"R. Osvaldo de Caldas Brito, 632 - Jurunas, Belém - PA, 66025-190, Brazil","R. Osvaldo De Caldas Brito, 632 - Jurunas, Belém - Pa, 66025-190, Brazil",Restaurant,,,,,,,,,Açaí shop,1.73e+19,Belém,BR,0x92a48e681caaba6d:0xefda187695ae1378,,,-1.4677383,-48.4982325,,Jurunas,+55 91 99643-5016,5590000000000.0,ChIJbbqqHGiOpJIReBOulXYY2u8,66025-190,,93.0,,8.0,8.0,0.0,0.0,0.0,0.0,State of Pará,"R. Osvaldo de Caldas Brito, 632","R. Osvaldo De Caldas Brito, 632",,Açaí do Brazil,Açaí Do Brazil,5.0,https://www.google.com/maps/search/?api=1&query=A%C3%A7a%C3%AD%20do%20Brazil&query_place_id=ChIJbbqqHGiOpJIReBOulXYY2u8,https://www.instagram.com/acaidobrazill/?igshid=MzMyNGUyNmU2YQ==,Monday-Wednesday: 6 AM to 3 PM; Thursday: 6 AM to 3 AM; Friday: 6 AM to 3 PM; Saturday: 6 AM to 2:30 PM; Sunday: 6 AM to 3 PM
"Tv. Três de Maio - São Brás, Belém - PA, 66063-383, Brazil","Tv. Três De Maio - São Brás, Belém - Pa, 66063-383, Brazil",Restaurant,,,,,,,,,Açaí shop,1.46e+19,Belém,BR,0x92a48daabc0aa665:0xcae99eb6e5aed882,,,-1.4458103,-48.474913,,São Brás,+55 91 99968-3599,5590000000000.0,ChIJZaYKvKqNpJIRgtiu5bae6co,66063-383,,90.0,,7.0,5.0,1.0,1.0,0.0,0.0,State of Pará,Tv. Três de Maio,Tv. Três De Maio,,Açaí da Boa Ventura,Açaí Da Boa Ventura,4.3,https://www.google.com/maps/search/?api=1&query=A%C3%A7a%C3%AD%20da%20Boa%20Ventura&query_place_id=ChIJZaYKvKqNpJIRgtiu5bae6co,,
"R. dos Tamoios, 631 - Jurunas, Belém - PA, 66025-540, Brazil","R. Dos Tamoios, 631 - Jurunas, Belém - Pa, 66025-540, Brazil",Restaurant,,,,,,,,,Açaí shop,1.35e+19,Belém,BR,0x92a48f479c83b285:0xbaf07646f8bbad31,,,-1.4675496,-48.4968284,,Jurunas,+55 91 98242-2824,5590000000000.0,ChIJhbKDnEePpJIRMa27-EZ28Lo,66025-540,,87.0,,8.0,7.0,1.0,0.0,0.0,0.0,State of Pará,"R. dos Tamoios, 631","R. Dos Tamoios, 631",,DUDA'S AÇAÍ,Duda'S Açaí,4.9,https://www.google.com/maps/search/?api=1&query=DUDA'S%20A%C3%87A%C3%8D&query_place_id=ChIJhbKDnEePpJIRMa27-EZ28Lo,,Monday-Sunday: 9 AM to 3 PM
"Jurunas, Belém - State of Pará, 68447-000, Brazil","Jurunas, Belém - State Of Pará, 68447-000, Brazil",Restaurant,,,,,,,,,Açaí shop,6.53e+18,Belém,BR,0x92a48e6d9c46edf9:0x5aa0626fe1c69127,,,-1.472414,-48.489568,,Jurunas,+55 91 99239-1432,5590000000000.0,ChIJ-e1GnG2OpJIRJ5HG4W9ioFo,,,88.0,,13.0,10.0,1.0,0.0,2.0,0.0,State of Pará,,,,Açaí Do Regi,Açaí Do Regi,4.6,https://www.google.com/maps/search/?api=1&query=A%C3%A7a%C3%AD%20Do%20Regi&query_place_id=ChIJ-e1GnG2OpJIRJ5HG4W9ioFo,,Monday-Sunday: 8 AM to 2 PM
"Passagem Júlio Paulino - Condor, Belém - PA, 66033-390, Brazil","Passagem Júlio Paulino - Condor, Belém - Pa, 66033-390, Brazil",Fast food restaurant,,,,,,,,,Açaí shop,3.9e+18,Belém,BR,0x92a48ffe10c25cdd:0x3613a08a98bae672,,,-1.4749796,-48.4815152,,Condor,+55 91 98035-2456,5590000000000.0,ChIJ3VzCEP6PpJIRcua6mIqgEzY,66033-390,,86.0,,0.0,,,,,,State of Pará,Passagem Júlio Paulino,Passagem Júlio Paulino,,Açaí do Júnior,Açaí Do Júnior,,https://www.google.com/maps/search/?api=1&query=A%C3%A7a%C3%AD%20do%20J%C3%BAnior&query_place_id=ChIJ3VzCEP6PpJIRcua6mIqgEzY,,Monday-Sunday: 7 AM to 1 PM
"R. João Balbi, 350 - Nazaré, Belém - PA, 66055-280, Brazil","R. João Balbi, 350 - Nazaré, Belém - Pa, 66055-280, Brazil",Restaurant,,,,,,,,,Açaí shop,1.27e+19,Belém,BR,0x92a48feaccf3df75:0xb018ad92e030d497,,,-1.4492602,-48.4847842,,Nazaré,+55 91 98035-0963,5590000000000.0,ChIJdd_zzOqPpJIRl9Qw4JKtGLA,66055-280,,82.0,,23.0,18.0,3.0,1.0,1.0,0.0,State of Pará,"R. João Balbi, 350","R. João Balbi, 350",,Açaí 350 Restô,Açaí 350 Restô,4.6,https://www.google.com/maps/search/?api=1&query=A%C3%A7a%C3%AD%20350%20Rest%C3%B4&query_place_id=ChIJdd_zzOqPpJIRl9Qw4JKtGLA,,Monday-Saturday: 8 AM to 3 PM; Sunday: 8 AM to 2 PM
"Av. Cmte. Brás de Aguiar, 821 - Nazaré, Belém - PA, 66035-395, Brazil","Av. Cmte. Brás De Aguiar, 821 - Nazaré, Belém - Pa, 66035-395, Brazil",Snack bar,,,,,,,,,Açaí shop,1.09e+19,Belém,BR,0x92a48e8463997e0b:0x9726b81d9b077a87,,,-1.4538569,-48.4840861,,Nazaré,+55 91 98909-8888,5590000000000.0,ChIJC36ZY4SOpJIRh3oHmx24Jpc,66035-395,,84.0,,20.0,17.0,3.0,0.0,0.0,0.0,State of Pará,"Av. Cmte. Brás de Aguiar, 821","Av. Cmte. Brás De Aguiar, 821",,Açaí da Braz,Açaí Da Braz,4.9,https://www.google.com/maps/search/?api=1&query=A%C3%A7a%C3%AD%20da%20Braz&query_place_id=ChIJC36ZY4SOpJIRh3oHmx24Jpc,,Monday-Sunday: 9:30 AM to 11 PM
"R. Canal do Galo - Pedreira, Belém - PA, 66113-190, Brazil","R. Canal Do Galo - Pedreira, Belém - Pa, 66113-190, Brazil",Açaí shop,,,,,,,,,Açaí shop,1.52e+19,Belém,BR,0x92a48f4c0699e307:0xd2aea665ec28ae51,,,-1.4326413,-48.4811094,,Pedreira,+55 91 98086-1362,5590000000000.0,ChIJB-OZBkyPpJIRUa4o7GWmrtI,,,40.0,,0.0,,,,,,State of Pará,R. Canal do Galo,R. Canal Do Galo,,Açaí GG,Açaí Gg,,https://www.google.com/maps/search/?api=1&query=A%C3%A7a%C3%AD%20GG&query_place_id=ChIJB-OZBkyPpJIRUa4o7GWmrtI,,Monday-Sunday: 7 AM to 5 PM
"R. dos Tamoios, 800 - Jurunas, Belém - PA, 66025-540, Brazil","R. Dos Tamoios, 800 - Jurunas, Belém - Pa, 66025-540, Brazil",Natural goods store,,,,,,,,,Açaí shop,3.91e+18,Belém,BR,0x92a48e663156654d:0x36372d14dbe9bc77,,,-1.4666062,-48.4958216,,Jurunas,,,ChIJTWVWMWaOpJIRd7zp2xQtNzY,66025-540,,85.0,,26.0,19.0,4.0,0.0,3.0,0.0,State of Pará,"R. dos Tamoios, 800","R. Dos Tamoios, 800",,Magno açaí,Magno Açaí,4.6,https://www.google.com/maps/search/?api=1&query=Magno%20a%C3%A7a%C3%AD&query_place_id=ChIJTWVWMWaOpJIRd7zp2xQtNzY,,Monday-Sunday: 10 AM to 10 PM
"Av. Arthur Bernardes, 544 - Telégrafo, Belém - PA, 66115-000, Brazil","Av. Arthur Bernardes, 544 - Telégrafo, Belém - Pa, 66115-000, Brazil",Juice shop,,,,,,,,,Açaí shop,6.75e+18,Belém,BR,0x92a4894ff800366b:0x5db34dd1c7fb1a07,,,-1.4231329,-48.4893427,,Telégrafo,+55 91 3233-4922,559000000000.0,ChIJazYA-E-JpJIRBxr7x9FNs10,66115-000,,36.0,,8.0,5.0,3.0,0.0,0.0,0.0,State of Pará,"Av. Arthur Bernardes, 544","Av. Arthur Bernardes, 544",,Açaí da Ilha,Açaí Da Ilha,4.6,https://www.google.com/maps/search/?api=1&query=A%C3%A7a%C3%AD%20da%20Ilha&query_place_id=ChIJazYA-E-JpJIRBxr7x9FNs10,,Monday-Wednesday: 9 AM to 3 PM; Thursday: 7 AM to 3 PM; Friday-Sunday: 9 AM to 3 PM
"Av. Sen. Lemos, 2842 - Sacramenta, Belém - PA, 66120-720, Brazil","Av. Sen. Lemos, 2842 - Sacramenta, Belém - Pa, 66120-720, Brazil",Organic food store,,,,,,,,,Açaí shop,9.25e+18,Belém,BR,0x92a489f86624ff15:0x804e0eefc1d1839a,,,-1.4198966,-48.4802096,,Sacramenta,,,ChIJFf8kZviJpJIRmoPRwe8OToA,66120-720,,39.0,,1.0,0.0,0.0,1.0,0.0,0.0,State of Pará,"Av. Sen. Lemos, 2842","Av. Sen. Lemos, 2842",,Sou + Açaí - Unidade Sacramenta,Sou + Açaí - Unidade Sacramenta,1.0,https://www.google.com/maps/search/?api=1&query=Sou%20%2B%20A%C3%A7a%C3%AD%20-%20Unidade%20Sacramenta&query_place_id=ChIJFf8kZviJpJIRmoPRwe8OToA,https://onne.link/soumaisacai,
"R. Nova, 667 - Pedreira, Belém - PA, 66083-442, Brazil","R. Nova, 667 - Pedreira, Belém - Pa, 66083-442, Brazil",Juice shop,,,,,,,,,Açaí shop,1.8e+19,Belém,BR,0x92a48986940e78cf:0xf9d4bdaeedff3a80,,,-1.425813,-48.4779642,,Pedreira,+55 91 98084-4491,5590000000000.0,ChIJz3gOlIaJpJIRgDr_7a691Pk,66083-442,,34.0,,5.0,4.0,1.0,0.0,0.0,0.0,State of Pará,"R. Nova, 667","R. Nova, 667",,Açaí do Michel bigode grosso,Açaí Do Michel Bigode Grosso,4.8,https://www.google.com/maps/search/?api=1&query=A%C3%A7a%C3%AD%20do%20Michel%20bigode%20grosso&query_place_id=ChIJz3gOlIaJpJIRgDr_7a691Pk,,
"Av. Pedro Álvares Cabral, 2755 - Telégrafo, Belém - PA, 66113-190, Brazil","Av. Pedro Álvares Cabral, 2755 - Telégrafo, Belém - Pa, 66113-190, Brazil",Juice shop,,,,,,,,,Açaí shop,4.69e+18,Belém,BR,0x92a4895a78e6fa19:0x41213eec5a1851a5,,,-1.4229501,-48.485922,,Telégrafo,+55 91 98257-7879,5590000000000.0,ChIJGfrmeFqJpJIRpVEYWuw-IUE,66113-190,,28.0,,2.0,2.0,0.0,0.0,0.0,0.0,State of Pará,"Av. Pedro Álvares Cabral, 2755","Av. Pedro Álvares Cabral, 2755",,Açaí Especial da loura,Açaí Especial Da Loura,5.0,https://www.google.com/maps/search/?api=1&query=A%C3%A7a%C3%AD%20Especial%20da%20loura&query_place_id=ChIJGfrmeFqJpJIRpVEYWuw-IUE,,Monday-Sunday: 9 AM to 11 PM
"Super Formosa Umarizal - R. Curuçá, 580 - Telégrafo, Belém - PA, 66050-080, Brazil","Super Formosa Umarizal - R. Curuçá, 580 - Telégrafo, Belém - Pa, 66050-080, Brazil",Organic food store,,,,,,,,,Açaí shop,2.42e+18,Belém,BR,0x92a48f062e11bb05:0x219b640af39af3ce,,Super Formosa Umarizal,-1.4344605,-48.4837996,,Telégrafo,+55 91 99369-6007,5590000000000.0,ChIJBbsRLgaPpJIRzvOa8wpkmyE,66050-080,,20.0,,0.0,,,,,,State of Pará,"Super Formosa Umarizal - R. Curuçá, 580","Super Formosa Umarizal - R. Curuçá, 580",,Sou + Açaí - Unidade Umarizal,Sou + Açaí - Unidade Umarizal,,https://www.google.com/maps/search/?api=1&query=Sou%20%2B%20A%C3%A7a%C3%AD%20-%20Unidade%20Umarizal&query_place_id=ChIJBbsRLgaPpJIRzvOa8wpkmyE,,Monday-Sunday: 10 AM to 3 PM
"Av. Sen. Lemos, 2346 - Telégrafo, Belém - PA, 66113-000, Brazil","Av. Sen. Lemos, 2346 - Telégrafo, Belém - Pa, 66113-000, Brazil",Juice shop,,,,,,,,,Açaí shop,1.06e+19,Belém,BR,0x92a489575b93cb97:0x92eee3c79d879f85,,,-1.4232957,-48.4827822,,Telégrafo,+55 91 3083-0833,559000000000.0,ChIJl8uTW1eJpJIRhZ-Hncfj7pI,66113-000,,29.0,,6.0,4.0,1.0,0.0,1.0,0.0,State of Pará,"Av. Sen. Lemos, 2346","Av. Sen. Lemos, 2346",,Açai Especial do Everaldo,Açai Especial Do Everaldo,4.5,https://www.google.com/maps/search/?api=1&query=A%C3%A7ai%20Especial%20do%20Everaldo&query_place_id=ChIJl8uTW1eJpJIRhZ-Hncfj7pI,,Monday-Sunday: 9 AM to 3 PM
"Tv. Alferes Costa, 1 - Sacramenta, Belém - PA, 66083-109, Brazil","Tv. Alferes Costa, 1 - Sacramenta, Belém - Pa, 66083-109, Brazil",Coffee shop,,,,,,,,,Açaí shop,1.48e+19,Belém,BR,0x92a4890017a55639:0xcce51d4c2cf63122,,,-1.4094201,-48.4814507,,Sacramenta,,,ChIJOValFwCJpJIRIjH2LEwd5cw,66083-109,,17.0,,1.0,1.0,0.0,0.0,0.0,0.0,State of Pará,"Tv. Alferes Costa, 1","Tv. Alferes Costa, 1",,Açaí do arthur,Açaí Do Arthur,5.0,https://www.google.com/maps/search/?api=1&query=A%C3%A7a%C3%AD%20do%20arthur&query_place_id=ChIJOValFwCJpJIRIjH2LEwd5cw,,
"Passagem Mirandinha, 268 - Barreiro, Belém - PA, 66117-435, Brazil","Passagem Mirandinha, 268 - Barreiro, Belém - Pa, 66117-435, Brazil",Açaí shop,,,,,,,,,Açaí shop,1.1e+19,Belém,BR,0x92a489883c0bf543:0x9826ba39b5583fba,,,-1.4153208,-48.4842999,,Barreiro,,,ChIJQ_ULPIiJpJIRuj9YtTm6Jpg,66117-435,,16.0,,1.0,1.0,0.0,0.0,0.0,0.0,State of Pará,"Passagem Mirandinha, 268","Passagem Mirandinha, 268",,Açai da iza,Açai Da Iza,5.0,https://www.google.com/maps/search/?api=1&query=A%C3%A7ai%20da%20iza&query_place_id=ChIJQ_ULPIiJpJIRuj9YtTm6Jpg,,Monday-Sunday: 9 AM to 10 PM
"Tv sabia (Cj, p. Dos passaros, 43 - qd 23, Belém - PA, 66110-124, Brazil","Tv Sabia (Cj, P. Dos Passaros, 43 - Qd 23, Belém - Pa, 66110-124, Brazil",Açaí shop,,,,,,,,,Açaí shop,1.01e+19,Belém,BR,0x92a489b9b3862857:0x8cb2da26bdbcf17b,,,-1.4030542,-48.4839059,,Maracangalha,+55 91 98738-8290,5590000000000.0,ChIJVyiGs7mJpJIRe_G8vSbasow,66110-124,,14.0,,2.0,2.0,0.0,0.0,0.0,0.0,State of Pará,"Tv sabia (Cj, p. Dos passaros, 43 - qd 23","Tv Sabia (Cj, P. Dos Passaros, 43 - Qd 23",,Açaí N&S Vasconcelos,Açaí N&S Vasconcelos,5.0,https://www.google.com/maps/search/?api=1&query=A%C3%A7a%C3%AD%20N%26S%20Vasconcelos&query_place_id=ChIJVyiGs7mJpJIRe_G8vSbasow,,Monday-Saturday: 9 AM to 2 PM; Sunday: 8:30 AM to 2 PM
"R. Antônio Everdosa, 1110 - Pedreira, Belém - PA, 66080-650, Brazil","R. Antônio Everdosa, 1110 - Pedreira, Belém - Pa, 66080-650, Brazil",Juice shop,Snack bar,,,,,,,,Açaí shop,1.09e+18,Belém,BR,0x92a48bfebd505471:0xf30d3edffeb05d9,,,-1.4270022,-48.4750092,,Pedreira,+55 91 3118-1158,559000000000.0,ChIJcVRQvf6LpJIR2QXr_-3TMA8,66080-650,$$,15.0,,45.0,39.0,4.0,1.0,1.0,0.0,State of Pará,"R. Antônio Everdosa, 1110","R. Antônio Everdosa, 1110",,Açaí da Cris,Açaí Da Cris,4.8,https://www.google.com/maps/search/?api=1&query=A%C3%A7a%C3%AD%20da%20Cris&query_place_id=ChIJcVRQvf6LpJIR2QXr_-3TMA8,,Monday-Sunday: 8:30 AM to 1 PM
"R. Canal do Galo - Telégrafo, Belém - PA, 66087-082, Brazil","R. Canal Do Galo - Telégrafo, Belém - Pa, 66087-082, Brazil",Açaí shop,,,,,,,,,Açaí shop,5.62e+18,Belém,BR,0x92a48fe70f592b0f:0x4e060491e70b074f,,,-1.4304498,-48.4813801,,Telégrafo,,,ChIJDytZD-ePpJIRTwcL55EEBk4,66087-082,,13.0,,4.0,3.0,0.0,0.0,0.0,1.0,State of Pará,R. Canal do Galo,R. Canal Do Galo,,Açaí do João,Açaí Do João,4.3,https://www.google.com/maps/search/?api=1&query=A%C3%A7a%C3%AD%20do%20Jo%C3%A3o&query_place_id=ChIJDytZD-ePpJIRTwcL55EEBk4,,"Monday-Sunday: 9 AM to 2 PM, 6 to 9 PM"
"Passagem Garrincha, 320 - Sacramenta, Belém - PA, 66117-090, Brazil","Passagem Garrincha, 320 - Sacramenta, Belém - Pa, 66117-090, Brazil",Organic food store,,,,,,,,,Açaí shop,1.64e+19,Belém,BR,0x92a48bdf17188021:0xe37d5cd7abed7352,,,-1.4094261,-48.482271,,Sacramenta,+55 91 98490-3932,5590000000000.0,ChIJIYAYF9-LpJIRUnPtq9dcfeM,66117-090,,12.0,,2.0,1.0,0.0,0.0,1.0,0.0,State of Pará,"Passagem Garrincha, 320","Passagem Garrincha, 320",,Açaí Deus Proverá,Açaí Deus Proverá,4.0,https://www.google.com/maps/search/?api=1&query=A%C3%A7a%C3%AD%20Deus%20Prover%C3%A1&query_place_id=ChIJIYAYF9-LpJIRUnPtq9dcfeM,,Monday-Tuesday: 9 AM to 3 PM; Wednesday: 9 AM to 5 PM; Thursday-Saturday: 9 AM to 3 PM; Sunday: 10 AM to 1:40 PM
"Avenida Senador Lemos n•, 330 A - Umarizal, Belém - PA, 66050-000, Brazil","Avenida Senador Lemos N•, 330 A - Umarizal, Belém - Pa, 66050-000, Brazil",Açaí shop,,,,,,,,,Açaí shop,5.83e+18,Belém,BR,0x92a48f421a25f1ab:0x50d73bc88bfdda34,,,-1.440297,-48.488947,https://keepo.io/oacaibelem/,Umarizal,+55 91 98556-9305,5590000000000.0,ChIJq_ElGkKPpJIRNNr9i8g711A,66050-000,,11.0,,12.0,11.0,0.0,1.0,0.0,0.0,State of Pará,"Avenida Senador Lemos n•, 330 A","Avenida Senador Lemos N•, 330 A",,Ô Açaí Belém,Ô Açaí Belém,4.7,https://www.google.com/maps/search/?api=1&query=%C3%94%20A%C3%A7a%C3%AD%20Bel%C3%A9m&query_place_id=ChIJq_ElGkKPpJIRNNr9i8g711A,,
"Passagem Stélio Maroja, 878 - Barreiro, Belém - PA, 66117-016, Brazil","Passagem Stélio Maroja, 878 - Barreiro, Belém - Pa, 66117-016, Brazil",Açaí shop,,,,,,,,,Açaí shop,1.39e+19,Belém,BR,0x92a489ae88dc147f:0xc1526a31f87a9fc5,,,-1.4169711,-48.4870775,,Barreiro,,,ChIJfxTciK6JpJIRxZ96-DFqUsE,,,9.0,,3.0,3.0,0.0,0.0,0.0,0.0,State of Pará,"Passagem Stélio Maroja, 878","Passagem Stélio Maroja, 878",,Açai Do Rafa,Açai Do Rafa,5.0,https://www.google.com/maps/search/?api=1&query=A%C3%A7ai%20Do%20Rafa&query_place_id=ChIJfxTciK6JpJIRxZ96-DFqUsE,,
"Passagem Dom João, 145 - Telégrafo, Belém - PA, 66113-430, Brazil","Passagem Dom João, 145 - Telégrafo, Belém - Pa, 66113-430, Brazil",Açaí shop,,,,,,,,,Açaí shop,2.6e+18,Belém,BR,0x92a4890032bc9815:0x241001c68ca1f9f5,,,-1.4252182,-48.4848801,,Telégrafo,+55 91 98025-4131,5590000000000.0,ChIJFZi8MgCJpJIR9fmhjMYBECQ,66113-430,,8.0,,1.0,1.0,0.0,0.0,0.0,0.0,State of Pará,"Passagem Dom João, 145","Passagem Dom João, 145",,Açaí GK,Açaí Gk,5.0,https://www.google.com/maps/search/?api=1&query=A%C3%A7a%C3%AD%20GK&query_place_id=ChIJFZi8MgCJpJIR9fmhjMYBECQ,,Monday-Sunday: 9 AM to 9 PM
"R. Municipalidade, 897 - Reduto, Belém - PA, 66053-180, Brazil","R. Municipalidade, 897 - Reduto, Belém - Pa, 66053-180, Brazil",Açaí shop,,,,,,,,,Açaí shop,9.84e+18,Belém,BR,0x92a48ebba1b5619b:0x88919ab880bb1c62,,,-1.4404894,-48.4914654,,Reduto,+55 91 3085-7229,559000000000.0,ChIJm2G1obuOpJIRYhy7gLiakYg,66053-180,R$40–60,10.0,,875.0,604.0,159.0,25.0,61.0,26.0,State of Pará,"R. Municipalidade, 897","R. Municipalidade, 897",,Point do Açai Umarizal,Point Do Açai Umarizal,4.5,https://www.google.com/maps/search/?api=1&query=Point%20do%20A%C3%A7ai%20Umarizal&query_place_id=ChIJm2G1obuOpJIRYhy7gLiakYg,,Monday-Sunday: 9 AM to 10 PM
"Passagem Santa Maria - Sacramenta, Belém - PA, 66115-160, Brazil","Passagem Santa Maria - Sacramenta, Belém - Pa, 66115-160, Brazil",Açaí shop,,,,,,,,,Açaí shop,7.46e+18,Belém,BR,0x92a489c869f3c8ed:0x677b1a997da5f657,,,-1.4181281,-48.4887437,,Sacramenta,+55 91 98832-2000,5590000000000.0,ChIJ7cjzaciJpJIRV_alfZkae2c,66115-160,,7.0,,1.0,1.0,0.0,0.0,0.0,0.0,State of Pará,Passagem Santa Maria,Passagem Santa Maria,,Açai Bom jesus,Açai Bom Jesus,5.0,https://www.google.com/maps/search/?api=1&query=A%C3%A7ai%20Bom%20jesus&query_place_id=ChIJ7cjzaciJpJIRV_alfZkae2c,,
"Passagem das Flôres - Telégrafo, Belém - PA, 66113, Brazil","Passagem Das Flôres - Telégrafo, Belém - Pa, 66113, Brazil",Açaí shop,,,,,,,,,Açaí shop,8.9e+18,Belém,BR,0x92a489831ebfe855:0x7b8afe82738d1fa7,,,-1.424445,-48.4848838,,Telégrafo,,,ChIJVei_HoOJpJIRpx-Nc4L-ins,66113,,6.0,,3.0,2.0,0.0,0.0,0.0,1.0,State of Pará,Passagem das Flôres,Passagem Das Flôres,,O point do açaí,O Point Do Açaí,4.0,https://www.google.com/maps/search/?api=1&query=O%20point%20do%20a%C3%A7a%C3%AD&query_place_id=ChIJVei_HoOJpJIRpx-Nc4L-ins,,"Monday-Tuesday: 11:30 AM to 4 PM; Wednesday-Saturday: 11:30 AM to 4 PM, 6:30 to 11:45 PM; Sunday: 11 AM to 4 PM"
"Av. Arthur Bernardes, 123 - Telégrafo, Belém - PA, 66115-000, Brazil","Av. Arthur Bernardes, 123 - Telégrafo, Belém - Pa, 66115-000, Brazil",Açaí shop,,,,,,,,,Açaí shop,1.06e+19,Belém,BR,0x92a4890005a0e34b:0x93c55183683baaaa,,,-1.4270845,-48.4887304,,Telégrafo,+55 91 98272-1866,5590000000000.0,ChIJS-OgBQCJpJIRqqo7aINRxZM,66115-000,,5.0,,2.0,2.0,0.0,0.0,0.0,0.0,State of Pará,"Av. Arthur Bernardes, 123","Av. Arthur Bernardes, 123",,Égua do açaí,Égua Do Açaí,5.0,https://www.google.com/maps/search/?api=1&query=%C3%89gua%20do%20a%C3%A7a%C3%AD&query_place_id=ChIJS-OgBQCJpJIRqqo7aINRxZM,,Monday-Saturday: 9 AM to 9:30 PM; Sunday: 9 AM to 3:30 PM
"Tv. Dom Pedro I, 1050 - Umarizal, Belém - PA, 66050-100, Brazil","Tv. Dom Pedro I, 1050 - Umarizal, Belém - Pa, 66050-100, Brazil",Açaí shop,,,,,,,,,Açaí shop,8.55e+18,Belém,BR,0x92a48fc931187b9b:0x76b664444ac97341,,,-1.4394543,-48.4845537,,Umarizal,+55 91 98185-1262,5590000000000.0,ChIJm3sYMcmPpJIRQXPJSkRktnY,66050-100,,4.0,,4.0,4.0,0.0,0.0,0.0,0.0,State of Pará,"Tv. Dom Pedro I, 1050","Tv. Dom Pedro I, 1050",,Açaí Beach Belém,Açaí Beach Belém,5.0,https://www.google.com/maps/search/?api=1&query=A%C3%A7a%C3%AD%20Beach%20Bel%C3%A9m&query_place_id=ChIJm3sYMcmPpJIRQXPJSkRktnY,,Monday-Friday: 8 AM to 2 PM; Saturday: 8 AM to 1:30 PM; Sunday: 9 AM to 1 PM
"Passagem Praiana - Telégrafo, Belém - PA, 66113-150, Brazil","Passagem Praiana - Telégrafo, Belém - Pa, 66113-150, Brazil",Açaí shop,,,,,,,,,Açaí shop,9.61e+18,Belém,BR,0x92a489003ca4fa81:0x856cc128cfdcbd91,,,-1.4291507,-48.4901188,,Telégrafo,+55 91 98928-1775,5590000000000.0,ChIJgfqkPACJpJIRkb3czyjBbIU,66113-150,,3.0,,1.0,1.0,0.0,0.0,0.0,0.0,State of Pará,Passagem Praiana,Passagem Praiana,,Açaí do Angelo,Açaí Do Angelo,5.0,https://www.google.com/maps/search/?api=1&query=A%C3%A7a%C3%AD%20do%20Angelo&query_place_id=ChIJgfqkPACJpJIRkb3czyjBbIU,,"Monday-Friday: 8 AM to 2 PM, 6 to 10 PM; Saturday-Sunday: 8 AM to 2 PM"
"e redenção Ponto de açaí - Travessa do chaco, R. Nova, 875 - Telégrafo, Belém - PA, 66113-085, Brazil","E Redenção Ponto De Açaí - Travessa Do Chaco, R. Nova, 875 - Telégrafo, Belém - Pa, 66113-085, Brazil",Açaí shop,,,,,,,,,Açaí shop,4.47e+18,Belém,BR,0x92a48f6c9cb3b68d:0x3dfa3f4f142e8d3a,,,-1.4309723,-48.4809739,,Telégrafo,+55 91 98503-3389,5590000000000.0,ChIJjbaznGyPpJIROo0uFE8_-j0,66113-085,R$1–20,1.0,,25.0,19.0,1.0,4.0,0.0,1.0,State of Pará,"e redenção Ponto de açaí - Travessa do chaco, R. Nova, 875","E Redenção Ponto De Açaí - Travessa Do Chaco, R. Nova, 875",,Açai do arlen,Açai Do Arlen,4.2,https://www.google.com/maps/search/?api=1&query=A%C3%A7ai%20do%20arlen&query_place_id=ChIJjbaznGyPpJIROo0uFE8_-j0,,"Monday-Saturday: 9 AM to 2 PM, 6 to 10 PM; Sunday: 9 AM to 2 PM"
"R. Eng. Fernando Guilhon, 1269 - Jurunas, Belém - PA, 66033-447, Brazil","R. Eng. Fernando Guilhon, 1269 - Jurunas, Belém - Pa, 66033-447, Brazil",Restaurant,,,,,,,,,Açaí shop,1.11e+19,Belém,BR,0x92a48faa7689d703:0x9a14865d9dd4c3ab,,,-1.4666396,-48.4872748,,Jurunas,+55 91 98227-5286,5590000000000.0,ChIJA9eJdqqPpJIRq8PUnV2GFJo,66033-447,,80.0,,0.0,,,,,,State of Pará,"R. Eng. Fernando Guilhon, 1269","R. Eng. Fernando Guilhon, 1269",,Cabana açaí jurunas,Cabana Açaí Jurunas,,https://www.google.com/maps/search/?api=1&query=Cabana%20a%C3%A7a%C3%AD%20jurunas&query_place_id=ChIJA9eJdqqPpJIRq8PUnV2GFJo,,Monday-Sunday: 9 AM to 2 PM
"R. Osvaldo de Caldas Brito, 52 - Jurunas, Belém - PA, 66025-190, Brazil","R. Osvaldo De Caldas Brito, 52 - Jurunas, Belém - Pa, 66025-190, Brazil",Snack bar,,,,,,,,,Açaí shop,1.15e+19,Belém,BR,0x92a48e4177843e67:0x9f7d7c1f53bb24d3,,,-1.4715118,-48.5012651,,Jurunas,,,ChIJZz6Ed0GOpJIR0yS7Ux98fZ8,66025-190,,79.0,,22.0,19.0,1.0,0.0,2.0,0.0,State of Pará,"R. Osvaldo de Caldas Brito, 52","R. Osvaldo De Caldas Brito, 52",,Açaí da Orla,Açaí Da Orla,4.8,https://www.google.com/maps/search/?api=1&query=A%C3%A7a%C3%AD%20da%20Orla&query_place_id=ChIJZz6Ed0GOpJIR0yS7Ux98fZ8,,Monday-Saturday: 9 AM to 3 PM; Sunday: 10 AM to 1 PM
"Passagem Mercês, 1480 - Cremação, Belém - PA, 66045-640, Brazil","Passagem Mercês, 1480 - Cremação, Belém - Pa, 66045-640, Brazil",Restaurant,,,,,,,,,Açaí shop,8.16e+18,Belém,BR,0x92a48f0061f37c27:0x713fbcf55f80dad8,,,-1.466059,-48.4825427,,Cremacao,,,ChIJJ3zzYQCPpJIR2NqAX_W8P3E,66045-640,,78.0,,0.0,,,,,,State of Pará,"Passagem Mercês, 1480","Passagem Mercês, 1480",,Sabor açaí,Sabor Açaí,,https://www.google.com/maps/search/?api=1&query=Sabor%20a%C3%A7a%C3%AD&query_place_id=ChIJJ3zzYQCPpJIR2NqAX_W8P3E,,Monday-Sunday: 9:30 AM to 11 PM
"R. dos Mundurucus, 538 - Jurunas, Belém - PA, 66025-660, Brazil","R. Dos Mundurucus, 538 - Jurunas, Belém - Pa, 66025-660, Brazil",Restaurant,,,,,,,,,Açaí shop,6.82e+18,Belém,BR,0x92a48e69077dfdc7:0x5eafbde183ae797d,,,-1.4693815,-48.4962195,,Jurunas,,,ChIJx_19B2mOpJIRfXmug-G9r14,66025-660,,77.0,,0.0,,,,,,State of Pará,"R. dos Mundurucus, 538","R. Dos Mundurucus, 538",,Açaí Do Patrick,Açaí Do Patrick,,https://www.google.com/maps/search/?api=1&query=A%C3%A7a%C3%AD%20Do%20Patrick&query_place_id=ChIJx_19B2mOpJIRfXmug-G9r14,,
"c/ villa rios n°34, Av. Bernardo Sayão - Cidade Velha, Belém - PA, 66023-420, Brazil","C/ Villa Rios N°34, Av. Bernardo Sayão - Cidade Velha, Belém - Pa, 66023-420, Brazil",Restaurant,,,,,,,,,Açaí shop,7.06e+18,Belém,BR,0x92a48f3d949aa9bf:0x62051024c76e8789,,,-1.4669534,-48.5022678,,Cidade Velha,+55 91 98110-7902,5590000000000.0,ChIJv6malD2PpJIRiYduxyQQBWI,66023-420,,74.0,,22.0,19.0,2.0,0.0,1.0,0.0,State of Pará,"c/ villa rios n°34, Av. Bernardo Sayão","C/ Villa Rios N°34, Av. Bernardo Sayão",,Açaí do R9 e Assados.,Açaí Do R9 E Assados.,4.8,https://www.google.com/maps/search/?api=1&query=A%C3%A7a%C3%AD%20do%20R9%20e%20Assados.&query_place_id=ChIJv6malD2PpJIRiYduxyQQBWI,,
"Passagem Camapu, 27 - Jurunas, Belém - PA, 66030-160, Brazil","Passagem Camapu, 27 - Jurunas, Belém - Pa, 66030-160, Brazil",Family restaurant,,,,,,,,,Açaí shop,1.68e+19,Belém,BR,0x92a48f00203065e5:0xe9ba61f81ceb3dee,,,-1.4754475,-48.4906878,,Jurunas,,,ChIJ5WUwIACPpJIR7j3rHPhhuuk,66030-160,,71.0,,0.0,,,,,,State of Pará,"Passagem Camapu, 27","Passagem Camapu, 27",,Açaí Do Mauro,Açaí Do Mauro,,https://www.google.com/maps/search/?api=1&query=A%C3%A7a%C3%AD%20Do%20Mauro&query_place_id=ChIJ5WUwIACPpJIR7j3rHPhhuuk,,Monday-Sunday: 9 AM to 12 PM
"R. Eng. Fernando Guilhon, 2374 - Cremação, Belém - PA, 66045-200, Brazil","R. Eng. Fernando Guilhon, 2374 - Cremação, Belém - Pa, 66045-200, Brazil",Restaurant,,,,,,,,,Açaí shop,8.02e+18,Belém,BR,0x92a48ddee4b16421:0x6f5dfc780fb66071,,,-1.463023,-48.478556,,Cremacao,+55 91 98012-4286,5590000000000.0,ChIJIWSx5N6NpJIRcWC2D3j8XW8,66045-200,,70.0,,0.0,,,,,,State of Pará,"R. Eng. Fernando Guilhon, 2374","R. Eng. Fernando Guilhon, 2374",,Açaí Especial FREDSON & MARCOS,Açaí Especial Fredson & Marcos,,https://www.google.com/maps/search/?api=1&query=A%C3%A7a%C3%AD%20Especial%20FREDSON%20%26%20MARCOS&query_place_id=ChIJIWSx5N6NpJIRcWC2D3j8XW8,,Monday: Closed; Tuesday-Sunday: 10 AM to 2 PM
"Blvd. Castilhos França, 744B - Campina, Belém - PA, 66010-020, Brazil","Blvd. Castilhos França, 744B - Campina, Belém - Pa, 66010-020, Brazil",Restaurant,,,,,,,,,Açaí shop,1.32e+19,Belém,BR,0x92a48f5eb46b93af:0xb7c8db552e5c894d,,,-1.4487425,-48.4984606,,Campina,+55 91 98538-7780,5590000000000.0,ChIJr5NrtF6PpJIRTYlcLlXbyLc,66010-020,,64.0,,3.0,1.0,0.0,1.0,1.0,0.0,State of Pará,"Blvd. Castilhos França, 744B","Blvd. Castilhos França, 744B",,Point do Açaí Belle Époque Bar,Point Do Açaí Belle Époque Bar,3.0,https://www.google.com/maps/search/?api=1&query=Point%20do%20A%C3%A7a%C3%AD%20Belle%20%C3%89poque%20Bar&query_place_id=ChIJr5NrtF6PpJIRTYlcLlXbyLc,,
"Tv. dos Apinagés - Condor, Belém - PA, 68447-000, Brazil","Tv. Dos Apinagés - Condor, Belém - Pa, 68447-000, Brazil",Restaurant,,,,,,,,,Açaí shop,1.41e+18,Belém,BR,0x92a48f5b16b3b973:0x139bc30db1de365f,,,-1.4709109,-48.4793039,,Condor,+55 91 99264-0150,5590000000000.0,ChIJc7mzFluPpJIRXzbesQ3DmxM,,,63.0,,2.0,2.0,0.0,0.0,0.0,0.0,State of Pará,Tv. dos Apinagés,Tv. Dos Apinagés,,Açaí do Carlinhos,Açaí Do Carlinhos,5.0,https://www.google.com/maps/search/?api=1&query=A%C3%A7a%C3%AD%20do%20Carlinhos&query_place_id=ChIJc7mzFluPpJIRXzbesQ3DmxM,,Monday-Tuesday: 9 AM to 2 PM; Wednesday: Closed; Thursday-Saturday: 9 AM to 2 PM; Sunday: 8 AM to 2 PM
"R. Eng. Fernando Guilhon, 2446 - Jurunas, Belém - PA, 66033-310, Brazil","R. Eng. Fernando Guilhon, 2446 - Jurunas, Belém - Pa, 66033-310, Brazil",Restaurant,,,,,,,,,Açaí shop,1.56e+19,Belém,BR,0x92a48d2fa81dfd33:0xd9106345c613e09c,,,-1.4629757,-48.477859,,Jurunas,,,ChIJM_0dqC-NpJIRnOATxkVjENk,66033-310,,62.0,,1.0,1.0,0.0,0.0,0.0,0.0,State of Pará,"R. Eng. Fernando Guilhon, 2446","R. Eng. Fernando Guilhon, 2446",,Açaí da Preta,Açaí Da Preta,5.0,https://www.google.com/maps/search/?api=1&query=A%C3%A7a%C3%AD%20da%20Preta&query_place_id=ChIJM_0dqC-NpJIRnOATxkVjENk,,Monday-Friday: 9 AM to 11 PM; Saturday: 9 AM to 6 PM; Sunday: 9 AM to 2 PM
"Tv. 14 de Março, 2629 - Cremação, Belém - PA, 66640-740, Brazil","Tv. 14 De Março, 2629 - Cremação, Belém - Pa, 66640-740, Brazil",Restaurant,,,,,,,,,Açaí shop,1.64e+19,Belém,BR,0x92a48e7f0eb273e5:0xe39ff621571fff00,,,-1.4615681,-48.4802737,,Cremacao,+55 91 98144-0911,5590000000000.0,ChIJ5XOyDn-OpJIRAP8fVyH2n-M,66640-740,,60.0,,4.0,4.0,0.0,0.0,0.0,0.0,State of Pará,"Tv. 14 de Março, 2629","Tv. 14 De Março, 2629",,Açaí do Augusto,Açaí Do Augusto,5.0,https://www.google.com/maps/search/?api=1&query=A%C3%A7a%C3%AD%20do%20Augusto&query_place_id=ChIJ5XOyDn-OpJIRAP8fVyH2n-M,,
"Tv. Padre Eutíquio, 813 - Campina, Belém - PA, 66023-710, Brazil","Tv. Padre Eutíquio, 813 - Campina, Belém - Pa, 66023-710, Brazil",Restaurant,,,,,,,,,Açaí shop,7.71e+18,Belém,BR,0x92a48f2b56b7510f:0x6afd501dd4036396,,,-1.4560272,-48.4966182,,Campina,,,ChIJD1G3ViuPpJIRlmMD1B1Q_Wo,66023-710,,61.0,,1.0,0.0,1.0,0.0,0.0,0.0,State of Pará,"Tv. Padre Eutíquio, 813","Tv. Padre Eutíquio, 813",,Açaí Grill,Açaí Grill,4.0,https://www.google.com/maps/search/?api=1&query=A%C3%A7a%C3%AD%20Grill&query_place_id=ChIJD1G3ViuPpJIRlmMD1B1Q_Wo,,Monday-Tuesday: 8 AM to 2:30 PM; Wednesday: 8:30 AM to 2:30 PM; Thursday-Saturday: 8 AM to 2:30 PM; Sunday: Open 24 hours
"Passagem União, 214 - A - Cremação, Belém - PA, 66045-550, Brazil","Passagem União, 214 - A - Cremação, Belém - Pa, 66045-550, Brazil",Restaurant,,,,,,,,,Açaí shop,5.87e+18,Belém,BR,0x92a48d7c4041df0b:0x517e946d7b6104c1,,,-1.4614098,-48.4778473,,Cremacao,,,ChIJC99BQHyNpJIRwQRhe22UflE,66045-550,,57.0,,2.0,2.0,0.0,0.0,0.0,0.0,State of Pará,"Passagem União, 214 - A","Passagem União, 214 - A",,Açaí do Seu Ronaldo-Açaí 3 M,Açaí Do Seu Ronaldo-Açaí 3 M,5.0,https://www.google.com/maps/search/?api=1&query=A%C3%A7a%C3%AD%20do%20Seu%20Ronaldo-A%C3%A7a%C3%AD%203%20M&query_place_id=ChIJC99BQHyNpJIRwQRhe22UflE,,Monday: Closed; Tuesday-Sunday: 9 AM to 2 PM
"Av. Pres. Vargas, 882 - Campina, Belém - PA, 66010-000, Brazil","Av. Pres. Vargas, 882 - Campina, Belém - Pa, 66010-000, Brazil",Restaurant,,,,,,,,,Açaí shop,1.15e+19,Belém,BR,0x92a48e94c16b6c11:0x9f6aa46d78a75cce,,Hotel Princesa Louçã,-1.4537611,-48.4941974,,Campina,+55 91 4006-7562,559000000000.0,ChIJEWxrwZSOpJIRzlyneG2kap8,66010-000,,56.0,,14.0,8.0,4.0,0.0,1.0,1.0,State of Pará,"Av. Pres. Vargas, 882","Av. Pres. Vargas, 882",,Restaurante Açaí,Restaurante Açaí,4.4,https://www.google.com/maps/search/?api=1&query=Restaurante%20A%C3%A7a%C3%AD&query_place_id=ChIJEWxrwZSOpJIRzlyneG2kap8,,Monday-Sunday: 9 AM to 11 PM
"Av. Conselheiro Furtado, 2233 - Nazaré, Belém - PA, 66040-105, Brazil","Av. Conselheiro Furtado, 2233 - Nazaré, Belém - Pa, 66040-105, Brazil",Takeout Restaurant,Restaurant,,,,,,,,Açaí shop,5.18e+18,Belém,BR,0x92a48f30e7608027:0x47ebca3bb5a50569,,,-1.4563267,-48.4788966,,Nazaré,+55 91 99397-5346,5590000000000.0,ChIJJ4Bg5zCPpJIRaQWltTvK60c,66040-105,,55.0,,0.0,,,,,,State of Pará,"Av. Conselheiro Furtado, 2233","Av. Conselheiro Furtado, 2233",,Seu Açaí da Conselheiro,Seu Açaí Da Conselheiro,,https://www.google.com/maps/search/?api=1&query=Seu%20A%C3%A7a%C3%AD%20da%20Conselheiro&query_place_id=ChIJJ4Bg5zCPpJIRaQWltTvK60c,https://instagram.com/seuacaidaconselheiro,"Monday-Saturday: 10 AM to 3 PM, 7 to 10:30 PM; Sunday: Closed"
"Viela Santos, Av. Bernardo Sayão - Jurunas, Belém - PA, 66025-480, Brazil","Viela Santos, Av. Bernardo Sayão - Jurunas, Belém - Pa, 66025-480, Brazil",Restaurant,,,,,,,,,Açaí shop,1.34e+19,Belém,BR,0x92a48fdd8fa853c9:0xb94573ea74215324,,,-1.4704298,-48.5016272,,Jurunas,+55 91 99181-8673,5590000000000.0,ChIJyVOoj92PpJIRJFMhdOpzRbk,66025-480,,54.0,,1.0,1.0,0.0,0.0,0.0,0.0,State of Pará,"Viela Santos, Av. Bernardo Sayão","Viela Santos, Av. Bernardo Sayão",,I like açaí,I Like Açaí,5.0,https://www.google.com/maps/search/?api=1&query=I%20like%20a%C3%A7a%C3%AD&query_place_id=ChIJyVOoj92PpJIRJFMhdOpzRbk,,"Monday-Friday: 9 AM to 3 PM, 5 to 11 PM; Saturday: 9 AM to 3 PM, 5 to 10 PM; Sunday: 9 AM to 12 AM"
"Av. Roberto Camelier, 729 - Jurunas, Belém - PA, 66033-420, Brazil","Av. Roberto Camelier, 729 - Jurunas, Belém - Pa, 66033-420, Brazil",Store,,,,,,,,,Açaí shop,1.82e+19,Belém,BR,0x92a48e6542371b71:0xfd1208a858f01ab8,,,-1.4667968,-48.4894005,,Jurunas,+55 91 3121-1415,559000000000.0,ChIJcRs3QmWOpJIRuBrwWKgIEv0,66033-420,,52.0,,1.0,0.0,1.0,0.0,0.0,0.0,State of Pará,"Av. Roberto Camelier, 729","Av. Roberto Camelier, 729",,Açaí Do Bruno,Açaí Do Bruno,4.0,https://www.google.com/maps/search/?api=1&query=A%C3%A7a%C3%AD%20Do%20Bruno&query_place_id=ChIJcRs3QmWOpJIRuBrwWKgIEv0,,Monday-Sunday: 9 AM to 12 AM
"R. dos Pariquis, 806 - Jurunas, Belém - PA, 66045-645, Brazil","R. Dos Pariquis, 806 - Jurunas, Belém - Pa, 66045-645, Brazil",Restaurant,,,,,,,,,Açaí shop,1.01e+19,Belém,BR,0x92a48fce7bca9135:0x8b7983b62ab94c55,,,-1.468217,-48.4934961,,Jurunas,+55 91 98116-3939,5590000000000.0,ChIJNZHKe86PpJIRVUy5KraDeYs,66045-645,,51.0,,2.0,2.0,0.0,0.0,0.0,0.0,State of Pará,"R. dos Pariquis, 806","R. Dos Pariquis, 806",,Açaí Do Nazareno,Açaí Do Nazareno,5.0,https://www.google.com/maps/search/?api=1&query=A%C3%A7a%C3%AD%20Do%20Nazareno&query_place_id=ChIJNZHKe86PpJIRVUy5KraDeYs,,Monday-Sunday: 9 AM to 11 PM
"R. São Miguel, 214 - Jurunas, Belém - PA, 66033-015, Brazil","R. São Miguel, 214 - Jurunas, Belém - Pa, 66033-015, Brazil",Restaurant,,,,,,,,,Açaí shop,6.94e+18,Belém,BR,0x92a48e71e96339d5:0x6058e7ed4592e633,,,-1.46995,-48.487764,,Jurunas,,,ChIJ1Tlj6XGOpJIRM-aSRe3nWGA,66033-015,,50.0,,4.0,3.0,0.0,1.0,0.0,0.0,State of Pará,"R. São Miguel, 214","R. São Miguel, 214",,Açaí Nobre,Açaí Nobre,4.0,https://www.google.com/maps/search/?api=1&query=A%C3%A7a%C3%AD%20Nobre&query_place_id=ChIJ1Tlj6XGOpJIRM-aSRe3nWGA,,Monday-Saturday: 9 AM to 11 PM; Sunday: 9 AM to 2 PM
"R. Osvaldo de Caldas Brito, 123 - Jurunas, Belém - PA, 66025-190, Brazil","R. Osvaldo De Caldas Brito, 123 - Jurunas, Belém - Pa, 66025-190, Brazil",Restaurant,,,,,,,,,Açaí shop,2.11e+18,Belém,BR,0x92a48e422bce9723:0x1d4fe5926771cee0,,,-1.4707813,-48.5010342,,Jurunas,+55 91 98397-7695,5590000000000.0,ChIJI5fOK0KOpJIR4M5xZ5LlTx0,66025-190,,49.0,,2.0,2.0,0.0,0.0,0.0,0.0,State of Pará,"R. Osvaldo de Caldas Brito, 123","R. Osvaldo De Caldas Brito, 123",,Açaí Gabriel,Açaí Gabriel,5.0,https://www.google.com/maps/search/?api=1&query=A%C3%A7a%C3%AD%20Gabriel&query_place_id=ChIJI5fOK0KOpJIR4M5xZ5LlTx0,,Monday-Saturday: 8 AM to 2 PM; Sunday: Closed
"Tv. Padre Eutíquio, 2273 - Batista Campos, Belém - PA, 66033-726, Brazil","Tv. Padre Eutíquio, 2273 - Batista Campos, Belém - Pa, 66033-726, Brazil",Fast food restaurant,,,,,,,,,Açaí shop,3.75e+18,Belém,BR,0x92a48f2984d4712d:0x33fa7321916668f9,,,-1.463841,-48.4860923,,Batista Campos,+55 91 98888-5012,5590000000000.0,ChIJLXHUhCmPpJIR-WhmkSFz-jM,66033-726,,47.0,,8.0,7.0,1.0,0.0,0.0,0.0,State of Pará,"Tv. Padre Eutíquio, 2273","Tv. Padre Eutíquio, 2273",,Açaí da Ilha do Combu,Açaí Da Ilha Do Combu,4.9,https://www.google.com/maps/search/?api=1&query=A%C3%A7a%C3%AD%20da%20Ilha%20do%20Combu&query_place_id=ChIJLXHUhCmPpJIR-WhmkSFz-jM,,Monday: Closed; Tuesday-Friday: 10:30 AM to 3 PM; Saturday: Closed; Sunday: 10:30 AM to 3 PM
"Tv. Nove de Janeiro, 2421 - Fátima, Belém - PA, 66060-585, Brazil","Tv. Nove De Janeiro, 2421 - Fátima, Belém - Pa, 66060-585, Brazil",Restaurant,,,,,,,,,Açaí shop,1.22e+17,Belém,BR,0x92a48dd272b5d03d:0x1b21877ec028cb0,,,-1.4612829,-48.4751821,,Fátima,+55 91 99255-0809,5590000000000.0,ChIJPdC1ctKNpJIRsIwC7HcYsgE,66060-585,,39.0,,7.0,7.0,0.0,0.0,0.0,0.0,State of Pará,"Tv. Nove de Janeiro, 2421","Tv. Nove De Janeiro, 2421",,Açaí amazônico,Açaí Amazônico,5.0,https://www.google.com/maps/search/?api=1&query=A%C3%A7a%C3%AD%20amaz%C3%B4nico&query_place_id=ChIJPdC1ctKNpJIRsIwC7HcYsgE,,Monday: Closed; Tuesday-Sunday: 9 AM to 3 PM
"R. Lauro Malcher, 81 - Condor, Belém - PA, 66033-410, Brazil","R. Lauro Malcher, 81 - Condor, Belém - Pa, 66033-410, Brazil",Restaurant,,,,,,,,,Açaí shop,3.35e+18,Belém,BR,0x92a48fb2f052c8cd:0x2e7f4e14419b1af6,,,-1.4735913,-48.4797043,,Condor,+55 91 99268-4637,5590000000000.0,ChIJzchS8LKPpJIR9hqbQRROfy4,66033-410,,33.0,,18.0,12.0,6.0,0.0,0.0,0.0,State of Pará,"R. Lauro Malcher, 81","R. Lauro Malcher, 81",,Açaí do Mateus,Açaí Do Mateus,4.7,https://www.google.com/maps/search/?api=1&query=A%C3%A7a%C3%AD%20do%20Mateus&query_place_id=ChIJzchS8LKPpJIR9hqbQRROfy4,,"Monday-Saturday: 7 AM to 1 PM, 3 to 9 PM; Sunday: 8 AM to 1 PM"
"R. Domingos Marreiros, 848 - Umarizal, Belém - PA, 66055-210, Brazil","R. Domingos Marreiros, 848 - Umarizal, Belém - Pa, 66055-210, Brazil",Health food restaurant,,,,,,,,,Açaí shop,1.21e+19,Belém,BR,0x92a48e9f8c4710f7:0xa78588b80da1eec8,,,-1.445206,-48.480238,,Umarizal,+55 91 3355-5502,559000000000.0,ChIJ9xBHjJ-OpJIRyO6hDbiIhac,66055-210,,32.0,,7.0,4.0,2.0,0.0,1.0,0.0,State of Pará,"R. Domingos Marreiros, 848","R. Domingos Marreiros, 848",,Açaí com Tudo,Açaí Com Tudo,4.4,https://www.google.com/maps/search/?api=1&query=A%C3%A7a%C3%AD%20com%20Tudo&query_place_id=ChIJ9xBHjJ-OpJIRyO6hDbiIhac,,"Monday-Saturday: 8:30 AM to 3 PM, 5:30 to 10 PM; Sunday: 8:30 AM to 3 PM"
"Passagem Mucajás, 363 - Condor, Belém - PA, 66065-203, Brazil","Passagem Mucajás, 363 - Condor, Belém - Pa, 66065-203, Brazil",Restaurant,,,,,,,,,Açaí shop,3.15e+18,Belém,BR,0x92a48d32aeef11bf:0x2bb72dfeb7690e2e,,,-1.4674997,-48.4753899,,Condor,+55 91 98916-8550,5590000000000.0,ChIJvxHvrjKNpJIRLg5pt_4ttys,66065-203,,26.0,,26.0,24.0,1.0,0.0,1.0,0.0,State of Pará,"Passagem Mucajás, 363","Passagem Mucajás, 363",,Açaí pai d'égua,Açaí Pai D'Égua,4.9,https://www.google.com/maps/search/?api=1&query=A%C3%A7a%C3%AD%20pai%20d'%C3%A9gua&query_place_id=ChIJvxHvrjKNpJIRLg5pt_4ttys,,Monday-Friday: 8 AM to 6 PM; Saturday: 8 AM to 12 PM; Sunday: Closed
"Av. Alcindo Cacela, 1298 - São Brás, Belém - PA, 66060-000, Brazil","Av. Alcindo Cacela, 1298 - São Brás, Belém - Pa, 66060-000, Brazil",Restaurant,,,,,,,,,Açaí shop,1.82e+19,Belém,BR,0x92a48c274f249c2b:0xfcf1eb9dff6f2e04,,,-1.4481454,-48.4780149,,São Brás,+55 91 3266-0283,559000000000.0,ChIJK5wkTyeMpJIRBC5v_53r8fw,66060-000,R$20–40,22.0,,142.0,93.0,20.0,14.0,10.0,5.0,State of Pará,"Av. Alcindo Cacela, 1298","Av. Alcindo Cacela, 1298",,Açaí do Francisco,Açaí Do Francisco,4.2,https://www.google.com/maps/search/?api=1&query=A%C3%A7a%C3%AD%20do%20Francisco&query_place_id=ChIJK5wkTyeMpJIRBC5v_53r8fw,,Monday-Sunday: 8 AM to 4:16 PM
"R. dos Caripunas, 312 - Jurunas, Belém - PA, 66045-143, Brazil","R. Dos Caripunas, 312 - Jurunas, Belém - Pa, 66045-143, Brazil",Restaurant,,,,,,,,,Açaí shop,1.57e+19,Belém,BR,0x92a48f0018e517af:0xda202a4f6fbf2172,,,-1.4721009,-48.4949092,,Jurunas,+55 91 98746-0592,5590000000000.0,ChIJrxflGACPpJIRciG_b08qINo,66045-143,,20.0,,1.0,1.0,0.0,0.0,0.0,0.0,State of Pará,"R. dos Caripunas, 312","R. Dos Caripunas, 312",,Açaí da cissa,Açaí Da Cissa,5.0,https://www.google.com/maps/search/?api=1&query=A%C3%A7a%C3%AD%20da%20cissa&query_place_id=ChIJrxflGACPpJIRciG_b08qINo,,Monday-Saturday: 8 AM to 7:30 PM; Sunday: 8 AM to 3 PM
"Av. Roberto Camelier, 422 - Jurunas, Belém - PA, 66033-420, Brazil","Av. Roberto Camelier, 422 - Jurunas, Belém - Pa, 66033-420, Brazil",Store,,,,,,,,,Açaí shop,1.57e+19,Belém,BR,0x92a48e64531f0091:0xda68bf77b92df0e4,,,-1.4652621,-48.4916693,,Jurunas,+55 91 3031-3174,559000000000.0,ChIJkQAfU2SOpJIR5PAtuXe_aNo,66033-420,,19.0,,8.0,7.0,1.0,0.0,0.0,0.0,State of Pará,"Av. Roberto Camelier, 422","Av. Roberto Camelier, 422",,Açaí Delicia,Açaí Delicia,4.9,https://www.google.com/maps/search/?api=1&query=A%C3%A7a%C3%AD%20Delicia&query_place_id=ChIJkQAfU2SOpJIR5PAtuXe_aNo,,Monday-Sunday: 8 AM to 1:30 PM
"R. Eng. Fernando Guilhon, 1973 - Cremação, Belém - PA, 67105-165, Brazil","R. Eng. Fernando Guilhon, 1973 - Cremação, Belém - Pa, 67105-165, Brazil",Restaurant,,,,,,,,,Açaí shop,5.22e+17,Belém,BR,0x92a48f36080aa257:0x73e389395d07730,,,-1.4630854,-48.4821133,,Cremacao,+55 91 98236-5771,5590000000000.0,ChIJV6IKCDaPpJIRMHfQlZM4Pgc,67105-165,,18.0,,5.0,4.0,0.0,1.0,0.0,0.0,State of Pará,"R. Eng. Fernando Guilhon, 1973","R. Eng. Fernando Guilhon, 1973",,Açaí Da Zaira,Açaí Da Zaira,4.2,https://www.google.com/maps/search/?api=1&query=A%C3%A7a%C3%AD%20Da%20Zaira&query_place_id=ChIJV6IKCDaPpJIRMHfQlZM4Pgc,,Monday-Sunday: 8 AM to 2 PM
"Ver-o-peso - Umarizal, Belém - PA, 66053-150, Brazil","Ver-O-Peso - Umarizal, Belém - Pa, 66053-150, Brazil",Family restaurant,,,,,,,,,Açaí shop,1.67e+18,Belém,BR,0x92a48f0001f2aa79:0x1727326bdfcf9b7a,,,-1.4510577,-48.502697,,Umarizal,+55 91 99212-5465,5590000000000.0,ChIJearyAQCPpJIRepvP32syJxc,66053-150,,17.0,,1.0,1.0,0.0,0.0,0.0,0.0,State of Pará,Ver-o-peso,Ver-O-Peso,,Pororoca Açaí,Pororoca Açaí,5.0,https://www.google.com/maps/search/?api=1&query=Pororoca%20A%C3%A7a%C3%AD&query_place_id=ChIJearyAQCPpJIRepvP32syJxc,,Monday-Saturday: 8 AM to 7:30 PM; Sunday: 8 AM to 3 PM
"Vila Martins, 159 - Cidade Velha, Belém - PA, 66023-300, Brazil","Vila Martins, 159 - Cidade Velha, Belém - Pa, 66023-300, Brazil",Restaurant,,,,,,,,,Açaí shop,8.33e+18,Belém,BR,0x92a48e4357f1b34f:0x739296f93a95eae4,,,-1.4678232,-48.5036716,,Cidade Velha,+55 91 98371-5665,5590000000000.0,ChIJT7PxV0OOpJIR5OqVOvmWknM,66023-300,,15.0,,7.0,6.0,0.0,0.0,1.0,0.0,State of Pará,"Vila Martins, 159","Vila Martins, 159",,Açaí do Biro,Açaí Do Biro,4.7,https://www.google.com/maps/search/?api=1&query=A%C3%A7a%C3%AD%20do%20Biro&query_place_id=ChIJT7PxV0OOpJIR5OqVOvmWknM,,Monday-Friday: 8 AM to 2 PM; Saturday-Sunday: Closed
"Mercado de Jurunas - R. dos Pariquis, 1212 - Loja 09 - Jurunas, Belém - PA, 66033-640, Brazil","Mercado De Jurunas - R. Dos Pariquis, 1212 - Loja 09 - Jurunas, Belém - Pa, 66033-640, Brazil",Snack bar,,,,,,,,,Açaí shop,1.01e+19,Belém,BR,0x92a48e6501d7957d:0x8bb0792117b51728,,,-1.4652406,-48.4916614,,Jurunas,+55 91 3083-1200,559000000000.0,ChIJfZXXAWWOpJIRKBe1FyF5sIs,66033-640,,14.0,,1.0,1.0,0.0,0.0,0.0,0.0,State of Pará,"Mercado de Jurunas - R. dos Pariquis, 1212 - Loja 09","Mercado De Jurunas - R. Dos Pariquis, 1212 - Loja 09",,Açaí do Afonso,Açaí Do Afonso,5.0,https://www.google.com/maps/search/?api=1&query=A%C3%A7a%C3%AD%20do%20Afonso&query_place_id=ChIJfZXXAWWOpJIRKBe1FyF5sIs,,
"Av. Roberto Camelier, 580 - Jurunas, Belém - PA, 66033-420, Brazil","Av. Roberto Camelier, 580 - Jurunas, Belém - Pa, 66033-420, Brazil",General store,,,,,,,,,Açaí shop,1.53e+19,Belém,BR,0x92a48f7fd5c535fb:0xd45230c748bdaa76,,,-1.4661914,-48.4905455,,Jurunas,+55 91 99146-0202,5590000000000.0,ChIJ-zXF1X-PpJIRdqq9SMcwUtQ,66033-420,,13.0,,1.0,1.0,0.0,0.0,0.0,0.0,State of Pará,"Av. Roberto Camelier, 580","Av. Roberto Camelier, 580",,Açaí D'Arena,Açaí D'Arena,5.0,https://www.google.com/maps/search/?api=1&query=A%C3%A7a%C3%AD%20D'Arena&query_place_id=ChIJ-zXF1X-PpJIRdqq9SMcwUtQ,,Monday-Sunday: 8:30 AM to 1 AM
"66055-050, R. Antônio Barreto, 821 - Umarizal, Belém - PA, 66055-050, Brazil","66055-050, R. Antônio Barreto, 821 - Umarizal, Belém - Pa, 66055-050, Brazil",Food manufacturing supply,,,,,,,,,Açaí shop,9.17e+18,Belém,BR,0x92a48ea04b3d3535:0x7f426f1ed225f72c,,,-1.4438472,-48.4811519,,Umarizal,+55 91 3224-4105,559000000000.0,ChIJNTU9S6COpJIRLPcl0h5vQn8,66055-050,$$,11.0,,194.0,126.0,28.0,29.0,8.0,3.0,State of Pará,"66055-050, R. Antônio Barreto, 821","66055-050, R. Antônio Barreto, 821",,Açaí Iaçá Belém,Açaí Iaçá Belém,4.1,https://www.google.com/maps/search/?api=1&query=A%C3%A7a%C3%AD%20Ia%C3%A7%C3%A1%20Bel%C3%A9m&query_place_id=ChIJNTU9S6COpJIRLPcl0h5vQn8,,
"R. Aristides Lobo, 172 - Campina, Belém - PA, 66053-020, Brazil","R. Aristides Lobo, 172 - Campina, Belém - Pa, 66053-020, Brazil",Snack bar,,,,,,,,,Açaí shop,1.44e+19,Belém,BR,0x92a48e8d4417237f:0xc7dafc3657f3dd8f,,,-1.4531962,-48.4978216,,Campina,+55 91 98737-7192,5590000000000.0,ChIJfyMXRI2OpJIRj93zVzb82sc,66053-020,,10.0,,7.0,6.0,0.0,0.0,1.0,0.0,State of Pará,"R. Aristides Lobo, 172","R. Aristides Lobo, 172",,Açai Do Junior,Açai Do Junior,4.7,https://www.google.com/maps/search/?api=1&query=A%C3%A7ai%20Do%20Junior&query_place_id=ChIJfyMXRI2OpJIRj93zVzb82sc,,Monday-Friday: 8 AM to 2 PM; Saturday-Sunday: 7:30 AM to 2 PM
"R. Carlos Gomes, 193 - Campina, Belém - PA, 66017-080, Brazil","R. Carlos Gomes, 193 - Campina, Belém - Pa, 66017-080, Brazil",Restaurant,,,,,,,,,Açaí shop,1.7e+19,Belém,BR,0x92a48fb1796143a3:0xebf6663d512e9574,,,-1.4544658,-48.4956635,,Campina,+55 91 98355-8989,5590000000000.0,ChIJo0NhebGPpJIRdJUuUT1m9us,66017-080,,8.0,,18.0,11.0,6.0,0.0,0.0,1.0,State of Pará,"R. Carlos Gomes, 193","R. Carlos Gomes, 193",,Açaí do Cascaes,Açaí Do Cascaes,4.5,https://www.google.com/maps/search/?api=1&query=A%C3%A7a%C3%AD%20do%20Cascaes&query_place_id=ChIJo0NhebGPpJIRdJUuUT1m9us,,Monday: Closed; Tuesday: 8:30 AM to 5 PM; Wednesday-Sunday: 8 AM to 5 PM
"Tv. Bom Jardim, 1758 - Jurunas, Belém - PA, 66025-184, Brazil","Tv. Bom Jardim, 1758 - Jurunas, Belém - Pa, 66025-184, Brazil",Restaurant,,,,,,,,,Açaí shop,4.01e+18,Belém,BR,0x92a48f775cfab30b:0x379e554ee85d9972,,,-1.4716231,-48.490446,,Jurunas,+55 91 99201-7154,5590000000000.0,ChIJC7P6XHePpJIRcpld6E5Vnjc,66025-184,,7.0,,11.0,8.0,1.0,0.0,1.0,1.0,State of Pará,"Tv. Bom Jardim, 1758","Tv. Bom Jardim, 1758",,Ponto do Açaí,Ponto Do Açaí,4.5,https://www.google.com/maps/search/?api=1&query=Ponto%20do%20A%C3%A7a%C3%AD&query_place_id=ChIJC7P6XHePpJIRcpld6E5Vnjc,,Monday-Saturday: 8 AM to 1 PM; Sunday: Closed
"Tv. Benjamin Constant, 1064 - Reduto, Belém - PA, 66053-040, Brazil","Tv. Benjamin Constant, 1064 - Reduto, Belém - Pa, 66053-040, Brazil",Native American restaurant,Restaurant,,,,,,,,Açaí shop,1.55e+19,Belém,BR,0x92a48e906a816cff:0xd7c275614bec5f6b,,,-1.45164,-48.489898,,Reduto,+55 91 3087-6216,559000000000.0,ChIJ_2yBapCOpJIRa1_sS2F1wtc,66053-040,R$20–40,6.0,,51.0,37.0,8.0,3.0,2.0,1.0,State of Pará,"Tv. Benjamin Constant, 1064","Tv. Benjamin Constant, 1064",,AÇAÍ DA BENJAMIM,Açaí Da Benjamim,4.5,https://www.google.com/maps/search/?api=1&query=A%C3%87A%C3%8D%20DA%20BENJAMIM&query_place_id=ChIJ_2yBapCOpJIRa1_sS2F1wtc,https://www.instagram.com/acaidabenjamin/profilecard/?igsh=MXV2ZzRrN2RzOG5ucw==,Monday-Sunday: 8 AM to 2 PM
"Av. Pres. Vargas, 560 - loja 19 - Campina, Belém - PA, 66017-000, Brazil","Av. Pres. Vargas, 560 - Loja 19 - Campina, Belém - Pa, 66017-000, Brazil",Restaurant,Courier service,Delivery Restaurant,,,,,,,Açaí shop,6.66e+18,Belém,BR,0x92a48f095c3fb90d:0x5c63e58143b3b070,,Galeria Alberto Lopes,-1.4520426,-48.4964749,,Campina,+55 91 98536-5122,5590000000000.0,ChIJDbk_XAmPpJIRcLCzQ4HlY1w,66017-000,,4.0,,3.0,3.0,0.0,0.0,0.0,0.0,State of Pará,"Av. Pres. Vargas, 560 - loja 19","Av. Pres. Vargas, 560 - Loja 19",,Açaí da galeria ( açaí do papito),Açaí Da Galeria ( Açaí Do Papito),5.0,https://www.google.com/maps/search/?api=1&query=A%C3%A7a%C3%AD%20da%20galeria%20(%20a%C3%A7a%C3%AD%20do%20papito)&query_place_id=ChIJDbk_XAmPpJIRcLCzQ4HlY1w,,Monday: 8:30 AM to 2:30 PM; Tuesday: Closed; Wednesday-Sunday: 8:30 AM to 2:30 PM
"Conjunto jardim sevilha, blc 24A box 01 - Parque Verde, Belém - PA, 66635-210, Brazil","Conjunto Jardim Sevilha, Blc 24A Box 01 - Parque Verde, Belém - Pa, 66635-210, Brazil",Restaurant,,,,,,,,,Açaí shop,9.11e+18,Belém,BR,0x92a46101c5f9c5f1:0x7e651208ff310690,,,-1.3530107,-48.4486217,,Parque Verde,,,ChIJ8cX5xQFhpJIRkAYx_wgSZX4,66635-210,,95.0,,7.0,7.0,0.0,0.0,0.0,0.0,State of Pará,"Conjunto jardim sevilha, blc 24A box 01","Conjunto Jardim Sevilha, Blc 24A Box 01",,Cozinha do Vanca ‍,Cozinha Do Vanca ‍,5.0,https://www.google.com/maps/search/?api=1&query=Cozinha%20do%20Vanca%20%F0%9F%8F%BB%E2%80%8D&query_place_id=ChIJ8cX5xQFhpJIRkAYx_wgSZX4,,Monday-Saturday: 9 AM to 9:30 PM; Sunday: 9 AM to 3:30 PM
"R. Sol Nascente, 65 - Castanheira, Belém - PA, 66645-060, Brazil","R. Sol Nascente, 65 - Castanheira, Belém - Pa, 66645-060, Brazil",Açaí shop,,,,,,,,,Açaí shop,1.39e+19,Belém,BR,0x92a48bdfa4ed680f:0xc18e926fd720eb0c,,,-1.4049625,-48.4261819,,Castanheira,,,ChIJD2jtpN-LpJIRDOsg12-SjsE,66645-060,,81.0,,1.0,1.0,0.0,0.0,0.0,0.0,State of Pará,"R. Sol Nascente, 65","R. Sol Nascente, 65",,Açaí Moraes ltda.,Açaí Moraes Ltda.,5.0,https://www.google.com/maps/search/?api=1&query=A%C3%A7a%C3%AD%20Moraes%20ltda.&query_place_id=ChIJD2jtpN-LpJIRDOsg12-SjsE,,Monday-Friday: 8 AM to 2 PM; Saturday: 8 AM to 1:30 PM; Sunday: 9 AM to 1 PM
"R. Raul Soares, 92 - Marambaia, Belém - PA, 66623-230, Brazil","R. Raul Soares, 92 - Marambaia, Belém - Pa, 66623-230, Brazil",Snack bar,,,,,,,,,Açaí shop,1.81e+19,Belém,BR,0x92a48bc35e2ce187:0xfba257874f35802b,,,-1.3981356,-48.4406599,,Marambaia,+55 91 98223-4851,5590000000000.0,ChIJh-EsXsOLpJIRK4A1T4dXovs,66623-230,,60.0,,2.0,2.0,0.0,0.0,0.0,0.0,State of Pará,"R. Raul Soares, 92","R. Raul Soares, 92",,Açaí do Jackson,Açaí Do Jackson,5.0,https://www.google.com/maps/search/?api=1&query=A%C3%A7a%C3%AD%20do%20Jackson&query_place_id=ChIJh-EsXsOLpJIRK4A1T4dXovs,,"Monday-Friday: 8 AM to 2 PM, 6 to 10 PM; Saturday-Sunday: 8 AM to 2 PM"
"R. J, 21 - Cj - Atalaia, Ananindeua - PA, 67013-290, Brazil","R. J, 21 - Cj - Atalaia, Ananindeua - Pa, 67013-290, Brazil",Natural goods store,,,,,,,,,Açaí shop,1.13e+19,Ananindeua,BR,0x92a48bb57bd44c4f:0x9cbb97996e6edf7b,,,-1.3901577,-48.4291302,,Atalaia,+55 91 99811-7287,5590000000000.0,ChIJT0zUe7WLpJIRe99ubpmXu5w,67013-290,,120.0,,0.0,,,,,,State of Pará,"R. J, 21 - Cj","R. J, 21 - Cj",,Açaí da Nany,Açaí Da Nany,,https://www.google.com/maps/search/?api=1&query=A%C3%A7a%C3%AD%20da%20Nany&query_place_id=ChIJT0zUe7WLpJIRe99ubpmXu5w,,Monday-Saturday: 9 AM to 3 PM; Sunday: Closed
"Passagem Santa Luzia, no 90 - Coqueiro, Ananindeua - PA, 67000-000, Brazil","Passagem Santa Luzia, No 90 - Coqueiro, Ananindeua - Pa, 67000-000, Brazil",Restaurant,,,,,,,,,Açaí shop,8.24e+18,Ananindeua,BR,0x92a48b001134adab:0x7257d39816dc6851,,Casa da película e acessórios automotivo em geral,-1.3802159,-48.4141367,,Coqueiro,,,ChIJq600EQCLpJIRUWjcFpjTV3I,,,119.0,,0.0,,,,,,State of Pará,"Passagem Santa Luzia, no 90","Passagem Santa Luzia, No 90",,Açaí kiprest,Açaí Kiprest,,https://www.google.com/maps/search/?api=1&query=A%C3%A7a%C3%AD%20kiprest&query_place_id=ChIJq600EQCLpJIRUWjcFpjTV3I,,
"R. G, 32 - Atalaia, Ananindeua - PA, 67013-380, Brazil","R. G, 32 - Atalaia, Ananindeua - Pa, 67013-380, Brazil",Catering food and drink supplier,,,,,,,,,Açaí shop,6.76e+18,Ananindeua,BR,0x92a48b2edb301533:0x5dcaa27031e4bc56,,,-1.3874814,-48.427673,,Atalaia,+55 91 98500-0921,5590000000000.0,ChIJMxUw2y6LpJIRVrzkMXCiyl0,67013-380,,118.0,,0.0,,,,,,State of Pará,"R. G, 32","R. G, 32",,Açaí da G,Açaí Da G,,https://www.google.com/maps/search/?api=1&query=A%C3%A7a%C3%AD%20da%20G&query_place_id=ChIJMxUw2y6LpJIRVrzkMXCiyl0,,
"Passagem Nova, 465 - Marambaia, Belém - PA, 66921-100, Brazil","Passagem Nova, 465 - Marambaia, Belém - Pa, 66921-100, Brazil",Natural goods store,,,,,,,,,Açaí shop,4.13e+18,Belém,BR,0x92a48bdc1667c355:0x3946fe4ddbac1fe7,,,-1.3989552,-48.4462439,,Marambaia,+55 91 98542-4354,5590000000000.0,ChIJVcNnFtyLpJIR5x-s203-Rjk,66921-100,,116.0,,0.0,,,,,,State of Pará,"Passagem Nova, 465","Passagem Nova, 465",,Açaí do PH - Marambaia,Açaí Do Ph - Marambaia,,https://www.google.com/maps/search/?api=1&query=A%C3%A7a%C3%AD%20do%20PH%20-%20Marambaia&query_place_id=ChIJVcNnFtyLpJIR5x-s203-Rjk,,Monday-Sunday: 8 AM to 4 PM
"R. Esperanto, 527 B - Marambaia, Belém - PA, 66615-015, Brazil","R. Esperanto, 527 B - Marambaia, Belém - Pa, 66615-015, Brazil",Restaurant,,,,,,,,,Açaí shop,1.3e+19,Belém,BR,0x92a48b499bd9e7ff:0xb4f4b50de8749d8e,,,-1.4046523,-48.4472816,,Marambaia,+55 91 98086-1743,5590000000000.0,ChIJ_-fZm0mLpJIRjp106A219LQ,66615-015,,112.0,,0.0,,,,,,State of Pará,"R. Esperanto, 527 B","R. Esperanto, 527 B",,Açaí Altas Horas,Açaí Altas Horas,,https://www.google.com/maps/search/?api=1&query=A%C3%A7a%C3%AD%20Altas%20Horas&query_place_id=ChIJ_-fZm0mLpJIRjp106A219LQ,,Monday-Sunday: 8 AM to 5 PM
"Av. Cel. Brito, 11 - Mangueirão, Belém - PA, 66630-150, Brazil","Av. Cel. Brito, 11 - Mangueirão, Belém - Pa, 66630-150, Brazil",Restaurant,,,,,,,,,Açaí shop,1.04e+19,Belém,BR,0x92a48b697e4f1bc9:0x904fcc1c3208ed99,,,-1.3797066,-48.4578444,,Mangueirão,+55 91 99354-8771,5590000000000.0,ChIJyRtPfmmLpJIRme0IMhzMT5A,66630-150,,110.0,,0.0,,,,,,State of Pará,"Av. Cel. Brito, 11","Av. Cel. Brito, 11",,Açaí Açaizeiro,Açaí Açaizeiro,,https://www.google.com/maps/search/?api=1&query=A%C3%A7a%C3%AD%20A%C3%A7aizeiro&query_place_id=ChIJyRtPfmmLpJIRme0IMhzMT5A,,
"Passagem Carlos Magno, 47 - Marambaia, Belém - PA, 66615-370, Brazil","Passagem Carlos Magno, 47 - Marambaia, Belém - Pa, 66615-370, Brazil",Restaurant,,,,,,,,,Açaí shop,1.36e+19,Belém,BR,0x92a48b5599a5983b:0xbc934f4117c5216f,,,-1.4030728,-48.4613338,,Marambaia,+55 91 98247-2211,5590000000000.0,ChIJO5ilmVWLpJIRbyHFF0FPk7w,66615-370,,107.0,,1.0,0.0,1.0,0.0,0.0,0.0,State of Pará,"Passagem Carlos Magno, 47","Passagem Carlos Magno, 47",,REI DO AÇAÍ MARAMBAIA (FELIPE),Rei Do Açaí Marambaia (Felipe),4.0,https://www.google.com/maps/search/?api=1&query=REI%20DO%20A%C3%87A%C3%8D%20MARAMBAIA%20(FELIPE)&query_place_id=ChIJO5ilmVWLpJIRbyHFF0FPk7w,,Monday-Sunday: 10 AM to 11 PM
"R. Liberdade, 113B - Guanabara, Ananindeua - PA, 67010-250, Brazil","R. Liberdade, 113B - Guanabara, Ananindeua - Pa, 67010-250, Brazil",Restaurant,,,,,,,,,Açaí shop,1.92e+18,Ananindeua,BR,0x92a48ba4ecf0b599:0x1a9bdf81f44838e4,,,-1.4043227,-48.4211165,,Guanabara,+55 91 98527-8068,5590000000000.0,ChIJmbXw7KSLpJIR5DhI9IHfmxo,67010-250,,103.0,,1.0,1.0,0.0,0.0,0.0,0.0,State of Pará,"R. Liberdade, 113B","R. Liberdade, 113B",,Açaí do isaac,Açaí Do Isaac,5.0,https://www.google.com/maps/search/?api=1&query=A%C3%A7a%C3%AD%20do%20isaac&query_place_id=ChIJmbXw7KSLpJIR5DhI9IHfmxo,,Monday-Sunday: 8 AM to 3 PM
"R. da Mata, 2 - Marambaia, Belém - PA, 66615-420, Brazil","R. Da Mata, 2 - Marambaia, Belém - Pa, 66615-420, Brazil",Hawker center,Hawker stall,,,,,,,,Açaí shop,6.48e+18,Belém,BR,0x92a48be5c8b42b1d:0x59de477a196c8d56,,,-1.4019326,-48.4555955,,Marambaia,+55 91 98533-7270,5590000000000.0,ChIJHSu0yOWLpJIRVo1sGXpH3lk,66615-420,,104.0,,1.0,1.0,0.0,0.0,0.0,0.0,State of Pará,"R. da Mata, 2","R. Da Mata, 2",,Açaí Do Nilson,Açaí Do Nilson,5.0,https://www.google.com/maps/search/?api=1&query=A%C3%A7a%C3%AD%20Do%20Nilson&query_place_id=ChIJHSu0yOWLpJIRVo1sGXpH3lk,,
"R. Rosa Vermelha, 254 - Guanabara, Ananindeua - PA, 67010-320, Brazil","R. Rosa Vermelha, 254 - Guanabara, Ananindeua - Pa, 67010-320, Brazil",Snack bar,,,,,,,,,Açaí shop,2.05e+18,Ananindeua,BR,0x92a48bdad654550f:0x1c674f419f722200,,,-1.3959599,-48.4191143,,Guanabara,+55 91 98379-1029,5590000000000.0,ChIJD1VU1tqLpJIRACJyn0FPZxw,67010-320,,101.0,,3.0,3.0,0.0,0.0,0.0,0.0,State of Pará,"R. Rosa Vermelha, 254","R. Rosa Vermelha, 254",,Açaí Salutar Delivery,Açaí Salutar Delivery,5.0,https://www.google.com/maps/search/?api=1&query=A%C3%A7a%C3%AD%20Salutar%20Delivery&query_place_id=ChIJD1VU1tqLpJIRACJyn0FPZxw,,Monday-Sunday: 8 AM to 9 PM
"Tv. Seis, 01 - Mangueirão, Belém - PA, 66640-310, Brazil","Tv. Seis, 01 - Mangueirão, Belém - Pa, 66640-310, Brazil",Restaurant,,,,,,,,,Açaí shop,1.65e+19,Belém,BR,0x92a48b5a4affde95:0xe4a5c9f4184dc65e,,,-1.3819521,-48.4596111,,Mangueirão,,,ChIJld7_SlqLpJIRXsZNGPTJpeQ,66640-310,,94.0,,14.0,12.0,1.0,0.0,0.0,1.0,State of Pará,"Tv. Seis, 01","Tv. Seis, 01",,Açaí do Rocha,Açaí Do Rocha,4.7,https://www.google.com/maps/search/?api=1&query=A%C3%A7a%C3%AD%20do%20Rocha&query_place_id=ChIJld7_SlqLpJIRXsZNGPTJpeQ,,Monday-Sunday: 8 AM to 10 PM
"R. Oséias Silva, 305 - Guanabara, Ananindeua - PA, 67010-510, Brazil","R. Oséias Silva, 305 - Guanabara, Ananindeua - Pa, 67010-510, Brazil",Grocery store,,,,,,,,,Açaí shop,2.75e+18,Ananindeua,BR,0x92a48b5cfc9c883f:0x2628d663b4aeacaa,,,-1.3959024,-48.4158934,,Guanabara,,,ChIJP4ic_FyLpJIRqqyutGPWKCY,67010-510,,92.0,,2.0,2.0,0.0,0.0,0.0,0.0,State of Pará,"R. Oséias Silva, 305","R. Oséias Silva, 305",,Gil Frango e Açaí,Gil Frango E Açaí,5.0,https://www.google.com/maps/search/?api=1&query=Gil%20Frango%20e%20A%C3%A7a%C3%AD&query_place_id=ChIJP4ic_FyLpJIRqqyutGPWKCY,,
"R. Roberto Regateiro, 78 - Mangueirão, Belém - PA, 66640-405, Brazil","R. Roberto Regateiro, 78 - Mangueirão, Belém - Pa, 66640-405, Brazil",Restaurant,,,,,,,,,Açaí shop,1.39e+19,Belém,BR,0x92a48b41da6af533:0xc0536f35b1fc14b8,,,-1.381003,-48.43629,,Mangueirão,,,ChIJM_Vq2kGLpJIRuBT8sTVvU8A,66640-405,,91.0,,10.0,10.0,0.0,0.0,0.0,0.0,State of Pará,"R. Roberto Regateiro, 78","R. Roberto Regateiro, 78",,Açaí do Irmão (Carmelândia),Açaí Do Irmão (Carmelândia),5.0,https://www.google.com/maps/search/?api=1&query=A%C3%A7a%C3%AD%20do%20Irm%C3%A3o%20(Carmel%C3%A2ndia)&query_place_id=ChIJM_Vq2kGLpJIRuBT8sTVvU8A,,Monday-Sunday: 9 AM to 10:30 PM
"R. Maravalho Belo, 161 - Marambaia, Belém - PA, 66623-240, Brazil","R. Maravalho Belo, 161 - Marambaia, Belém - Pa, 66623-240, Brazil",Snack bar,,,,,,,,,Açaí shop,2.71e+17,Belém,BR,0x92a48a56402efa5f:0x3c2ebf36c94dac9,,,-1.3956129,-48.4402125,,Marambaia,,,ChIJX_ouQFaKpJIRydqUbPPrwgM,66623-240,,93.0,,28.0,19.0,5.0,0.0,3.0,1.0,State of Pará,"R. Maravalho Belo, 161","R. Maravalho Belo, 161",,Açaí do Daniel,Açaí Do Daniel,4.5,https://www.google.com/maps/search/?api=1&query=A%C3%A7a%C3%AD%20do%20Daniel&query_place_id=ChIJX_ouQFaKpJIRydqUbPPrwgM,,
"R. da Providência - Coqueiro, Ananindeua - PA, 67000-000, Brazil","R. Da Providência - Coqueiro, Ananindeua - Pa, 67000-000, Brazil",Restaurant,,,,,,,,,Açaí shop,1.78e+19,Ananindeua,BR,0x92a48be340a95cd5:0xf722ef2c9b7ac2d8,,,-1.3782493,-48.4088211,,Coqueiro,+55 91 99614-9773,5590000000000.0,ChIJ1VypQOOLpJIR2MJ6myzvIvc,,,90.0,,8.0,8.0,0.0,0.0,0.0,0.0,State of Pará,R. da Providência,R. Da Providência,,Açaí Da Cléo,Açaí Da Cléo,5.0,https://www.google.com/maps/search/?api=1&query=A%C3%A7a%C3%AD%20Da%20Cl%C3%A9o&query_place_id=ChIJ1VypQOOLpJIR2MJ6myzvIvc,,Monday-Sunday: Open 24 hours
"Passagem São Francisco - Marambaia, Belém - PA, 66615-020, Brazil","Passagem São Francisco - Marambaia, Belém - Pa, 66615-020, Brazil",Takeout Restaurant,,,,,,,,,Açaí shop,1.31e+19,Belém,BR,0x92a48b89d8e6441b:0xb6073d4adf0b45f2,,,-1.4049686,-48.446658,,Marambaia,+55 91 98405-9814,5590000000000.0,ChIJG0Tm2ImLpJIR8kUL30o9B7Y,66615-020,,89.0,,1.0,1.0,0.0,0.0,0.0,0.0,State of Pará,Passagem São Francisco,Passagem São Francisco,,Açaí Sabor da fruta & Cia,Açaí Sabor Da Fruta & Cia,5.0,https://www.google.com/maps/search/?api=1&query=A%C3%A7a%C3%AD%20Sabor%20da%20fruta%20%26%20Cia&query_place_id=ChIJG0Tm2ImLpJIR8kUL30o9B7Y,,
"R. Betânia, 17 - Mangueirão, Belém - PA, 66630-140, Brazil","R. Betânia, 17 - Mangueirão, Belém - Pa, 66630-140, Brazil",Family restaurant,,,,,,,,,Açaí shop,1.5e+19,Belém,BR,0x92a48b71227e61d3:0xd0aed5db0cf5de20,,,-1.3787336,-48.4507666,,Mangueirão,+55 91 98489-9642,5590000000000.0,ChIJ02F-InGLpJIRIN71DNvVrtA,66630-140,,87.0,,2.0,2.0,0.0,0.0,0.0,0.0,State of Pará,"R. Betânia, 17","R. Betânia, 17",,AÇAI MIX,Açai Mix,5.0,https://www.google.com/maps/search/?api=1&query=A%C3%87AI%20MIX&query_place_id=ChIJ02F-InGLpJIRIN71DNvVrtA,,"Monday: 9 AM to 2 PM; Tuesday-Saturday: 9 AM to 2 PM, 6 to 9:30 PM; Sunday: 9 AM to 2 PM"
"Atalaia, Ananindeua - State of Pará, 67013-560, Brazil","Atalaia, Ananindeua - State Of Pará, 67013-560, Brazil",Restaurant,,,,,,,,,Açaí shop,6.63e+18,Ananindeua,BR,0x92a48b79ef23809d:0x5c12214bdc460bfc,,,-1.394333,-48.4260097,,Atalaia,+55 91 98427-7585,5590000000000.0,ChIJnYAj73mLpJIR_AtG3EshElw,,,88.0,,0.0,,,,,,State of Pará,,,,Açaí Do tokinho,Açaí Do Tokinho,,https://www.google.com/maps/search/?api=1&query=A%C3%A7a%C3%AD%20Do%20tokinho&query_place_id=ChIJnYAj73mLpJIR_AtG3EshElw,,
"Passagem São José - Atalaia, Ananindeua - PA, 67013-000, Brazil","Passagem São José - Atalaia, Ananindeua - Pa, 67013-000, Brazil",Store,,,,,,,,,Açaí shop,1.17e+18,Ananindeua,BR,0x92a48b5f7d52ca2f:0x102e799eee49bdd2,,,-1.3833994,-48.4297372,,Atalaia,,,ChIJL8pSfV-LpJIR0r1J7p55LhA,67013-000,,86.0,,1.0,0.0,0.0,1.0,0.0,0.0,State of Pará,Passagem São José,Passagem São José,,Açaí da miria,Açaí Da Miria,1.0,https://www.google.com/maps/search/?api=1&query=A%C3%A7a%C3%AD%20da%20miria&query_place_id=ChIJL8pSfV-LpJIR0r1J7p55LhA,,Monday-Sunday: 8 AM to 9 PM
"R. Benfica, 15 - Marambaia, Belém - PA, 66620-090, Brazil","R. Benfica, 15 - Marambaia, Belém - Pa, 66620-090, Brazil",Restaurant,,,,,,,,,Açaí shop,7.73e+18,Belém,BR,0x92a48b007a864301:0x6b44da30f49a6229,,,-1.3972106,-48.4589265,,Marambaia,+55 91 98525-4263,5590000000000.0,ChIJAUOGegCLpJIRKWKa9DDaRGs,66620-090,,85.0,,0.0,,,,,,State of Pará,"R. Benfica, 15","R. Benfica, 15",,Açaí do Medicí,Açaí Do Medicí,,https://www.google.com/maps/search/?api=1&query=A%C3%A7a%C3%AD%20do%20Medic%C3%AD&query_place_id=ChIJAUOGegCLpJIRKWKa9DDaRGs,,Monday: 8 AM to 4 PM; Tuesday-Saturday: 8 AM to 11 PM; Sunday: 8 AM to 4:30 PM
"R. São Bento, 1914 - Benguí, Belém - PA, 66630-030, Brazil","R. São Bento, 1914 - Benguí, Belém - Pa, 66630-030, Brazil",Restaurant,Delivery Restaurant,,,,,,,,Açaí shop,5.66e+18,Belém,BR,0x92a48b46a6c885d9:0x4e926bdcd02a09fc,,,-1.3781513,-48.4498148,https://cutt.ly/acai_delivery,Benguí,+55 91 98934-7170,5590000000000.0,ChIJ2YXIpkaLpJIR_Akq0Nxrkk4,66630-030,,82.0,,2.0,2.0,0.0,0.0,0.0,0.0,State of Pará,"R. São Bento, 1914","R. São Bento, 1914",,AÇAÍ SAÚDE - O melhor açaí do Bengui,Açaí Saúde - O Melhor Açaí Do Bengui,5.0,https://www.google.com/maps/search/?api=1&query=A%C3%87A%C3%8D%20SA%C3%9ADE%20-%20O%20melhor%20a%C3%A7a%C3%AD%20do%20Bengui&query_place_id=ChIJ2YXIpkaLpJIR_Akq0Nxrkk4,https://cutt.ly/acai_delivery,
"Passagem Sto Antônio - Marambaia, Belém - PA, 66615-105, Brazil","Passagem Sto Antônio - Marambaia, Belém - Pa, 66615-105, Brazil",Frozen food store,,,,,,,,,Açaí shop,1.78e+19,Belém,BR,0x92a48b08517b850f:0xf6d235a6b35320f6,,,-1.403285,-48.4592384,,Marambaia,+55 91 98202-4705,5590000000000.0,ChIJD4V7UQiLpJIR9iBTs6Y10vY,66615-105,,81.0,,0.0,,,,,,State of Pará,Passagem Sto Antônio,Passagem Sto Antônio,,AÇAÍ DO CABRAL,Açaí Do Cabral,,https://www.google.com/maps/search/?api=1&query=A%C3%87A%C3%8D%20DO%20CABRAL&query_place_id=ChIJD4V7UQiLpJIR9iBTs6Y10vY,,
"Passagem Liberdade, 26 - Mangueirão, Belém - PA, 66640-150, Brazil","Passagem Liberdade, 26 - Mangueirão, Belém - Pa, 66640-150, Brazil",Restaurant,,,,,,,,,Açaí shop,2.94e+18,Belém,BR,0x92a48a6faa4565cd:0x28c5ce896eea88d3,,,-1.3801419,-48.4509552,,Mangueirão,,,ChIJzWVFqm-KpJIR04jqbonOxSg,66640-150,,84.0,,0.0,,,,,,State of Pará,"Passagem Liberdade, 26","Passagem Liberdade, 26",,Açaí Do Aleff,Açaí Do Aleff,,https://www.google.com/maps/search/?api=1&query=A%C3%A7a%C3%AD%20Do%20Aleff&query_place_id=ChIJzWVFqm-KpJIR04jqbonOxSg,,
"Av. Centenário, 33 - Mangueirão, Belém - PA, 66640-840, Brazil","Av. Centenário, 33 - Mangueirão, Belém - Pa, 66640-840, Brazil",Restaurant,,,,,,,,,Açaí shop,8.56e+18,Belém,BR,0x92a48a6e7f2d80dd:0x76c0ce49cff2868a,,,-1.3800935,-48.4536248,,Mangueirão,,,ChIJ3YAtf26KpJIRiobyz0nOwHY,66640-840,,76.0,,0.0,,,,,,State of Pará,"Av. Centenário, 33","Av. Centenário, 33",,Açaí O Vermelhão,Açaí O Vermelhão,,https://www.google.com/maps/search/?api=1&query=A%C3%A7a%C3%AD%20O%20Vermelh%C3%A3o&query_place_id=ChIJ3YAtf26KpJIRiobyz0nOwHY,,Monday: Closed; Tuesday-Sunday: 9 AM to 2 PM
"Av. Rodolfo Chermont, 420 - Marambaia, Belém - PA, 66623-316, Brazil","Av. Rodolfo Chermont, 420 - Marambaia, Belém - Pa, 66623-316, Brazil",Restaurant,,,,,,,,,Açaí shop,1.51e+19,Belém,BR,0x92a48b49e2d119d1:0xd20c5ed9cbbee271,,,-1.4059223,-48.4530492,,Marambaia,+55 94 99252-9753,5590000000000.0,ChIJ0RnR4kmLpJIRceK-y9leDNI,66623-316,,75.0,,28.0,16.0,7.0,0.0,4.0,1.0,State of Pará,"Av. Rodolfo Chermont, 420","Av. Rodolfo Chermont, 420",,Soul açaí,Soul Açaí,4.4,https://www.google.com/maps/search/?api=1&query=Soul%20a%C3%A7a%C3%AD&query_place_id=ChIJ0RnR4kmLpJIRceK-y9leDNI,,
"Passagem Iracema, 45 - Marambaia, Belém - PA, 66623-140, Brazil","Passagem Iracema, 45 - Marambaia, Belém - Pa, 66623-140, Brazil",Restaurant,,,,,,,,,Açaí shop,1.07e+19,Belém,BR,0x92a48b002dcdd7a9:0x94609ef0a8a8fc60,,,-1.4033764,-48.4480153,,Marambaia,+55 91 98641-2723,5590000000000.0,ChIJqdfNLQCLpJIRYPyoqPCeYJQ,66623-140,,71.0,,0.0,,,,,,State of Pará,"Passagem Iracema, 45","Passagem Iracema, 45",,Açaí Hk,Açaí Hk,,https://www.google.com/maps/search/?api=1&query=A%C3%A7a%C3%AD%20Hk&query_place_id=ChIJqdfNLQCLpJIRYPyoqPCeYJQ,,
"Passagem Santa Teresinha, 149 - Coqueiro, Ananindeua - PA, 67120-340, Brazil","Passagem Santa Teresinha, 149 - Coqueiro, Ananindeua - Pa, 67120-340, Brazil",Restaurant,,,,,,,,,Açaí shop,5.87e+18,Ananindeua,BR,0x92a48b8f5dce6af7:0x516996c34273c122,,,-1.380511,-48.4172769,,Coqueiro,+55 91 98119-4269,5590000000000.0,ChIJ92rOXY-LpJIRIsFzQsOWaVE,67120-340,,69.0,,0.0,,,,,,State of Pará,"Passagem Santa Teresinha, 149","Passagem Santa Teresinha, 149",,Açaí do Imperador,Açaí Do Imperador,,https://www.google.com/maps/search/?api=1&query=A%C3%A7a%C3%AD%20do%20Imperador&query_place_id=ChIJ92rOXY-LpJIRIsFzQsOWaVE,,Monday-Sunday: 4:30 AM to 11 PM
"Passagem Benfica - Benguí, Belém - PA, 66630-170, Brazil","Passagem Benfica - Benguí, Belém - Pa, 66630-170, Brazil",Restaurant,,,,,,,,,Açaí shop,1.75e+19,Belém,BR,0x92a48a7b175c43df:0xf2904af18f891020,,,-1.3772128,-48.4455468,,Benguí,,,ChIJ30NcF3uKpJIRIBCJj_FKkPI,66630-170,,67.0,,1.0,1.0,0.0,0.0,0.0,0.0,State of Pará,Passagem Benfica,Passagem Benfica,,Açaí Do Letti,Açaí Do Letti,5.0,https://www.google.com/maps/search/?api=1&query=A%C3%A7a%C3%AD%20Do%20Letti&query_place_id=ChIJ30NcF3uKpJIRIBCJj_FKkPI,,Monday-Sunday: 8 AM to 5 PM
"R. K, 103 - Marambaia, Belém - PA, 66615-700, Brazil","R. K, 103 - Marambaia, Belém - Pa, 66615-700, Brazil",Fast food restaurant,,,,,,,,,Açaí shop,1.04e+19,Belém,BR,0x92a48b8493c7ef8d:0x9006b6faf8dfe6de,,,-1.4032207,-48.4542625,,Marambaia,+55 91 99995-0213,5590000000000.0,ChIJje_Hk4SLpJIR3ubf-Pq2BpA,66615-700,,66.0,,0.0,,,,,,State of Pará,"R. K, 103","R. K, 103",,Açaí Mendara,Açaí Mendara,,https://www.google.com/maps/search/?api=1&query=A%C3%A7a%C3%AD%20Mendara&query_place_id=ChIJje_Hk4SLpJIR3ubf-Pq2BpA,,
"R. Nossa Sra. de Fátima, 720 - Marambaia, Belém - PA, 66615-140, Brazil","R. Nossa Sra. De Fátima, 720 - Marambaia, Belém - Pa, 66615-140, Brazil",Snack bar,,,,,,,,,Açaí shop,1.34e+19,Belém,BR,0x92a48ba9b50d6a93:0xba9390336fd3e49d,,,-1.4055064,-48.4400895,,Marambaia,+55 91 99816-7463,5590000000000.0,ChIJk2oNtamLpJIRneTTbzOQk7o,66615-140,,65.0,,4.0,4.0,0.0,0.0,0.0,0.0,State of Pará,"R. Nossa Sra. de Fátima, 720","R. Nossa Sra. De Fátima, 720",,Açai Club,Açai Club,5.0,https://www.google.com/maps/search/?api=1&query=A%C3%A7ai%20Club&query_place_id=ChIJk2oNtamLpJIRneTTbzOQk7o,,Monday-Sunday: 9:30 AM to 9 PM
"Passagem Batista, 718 - Marambaia, Belém - PA, 66623-010, Brazil","Passagem Batista, 718 - Marambaia, Belém - Pa, 66623-010, Brazil",Restaurant,,,,,,,,,Açaí shop,6.73e+18,Belém,BR,0x92a48a51853110c7:0x5d5c91f9c721e502,,,-1.3960669,-48.4467325,,Marambaia,,,ChIJxxAxhVGKpJIRAuUhx_mRXF0,66623-010,,64.0,,2.0,2.0,0.0,0.0,0.0,0.0,State of Pará,"Passagem Batista, 718","Passagem Batista, 718",,Açaí Do Dui,Açaí Do Dui,5.0,https://www.google.com/maps/search/?api=1&query=A%C3%A7a%C3%AD%20Do%20Dui&query_place_id=ChIJxxAxhVGKpJIRAuUhx_mRXF0,,Monday-Friday: 8 AM to 5 PM; Saturday: 8 AM to 3 PM; Sunday: 11 AM to 1 PM
"Passagem Iracema, 224 - Marambaia, Belém - PA, 66623-140, Brazil","Passagem Iracema, 224 - Marambaia, Belém - Pa, 66623-140, Brazil",Frozen food store,,,,,,,,,Açaí shop,1.06e+19,Belém,BR,0x92a48baf21719063:0x934691eb0746897f,,,-1.4014095,-48.44783,,Marambaia,+55 91 98441-6637,5590000000000.0,ChIJY5BxIa-LpJIRf4lGB-uRRpM,66623-140,,63.0,,0.0,,,,,,State of Pará,"Passagem Iracema, 224","Passagem Iracema, 224",,Ws açaí.,Ws Açaí.,,https://www.google.com/maps/search/?api=1&query=Ws%20a%C3%A7a%C3%AD.&query_place_id=ChIJY5BxIa-LpJIRf4lGB-uRRpM,,Monday-Sunday: 8 AM to 2 PM
"R. Ajax de Oliveira, 126 - Benguí, Belém - PA, 66630-000, Brazil","R. Ajax De Oliveira, 126 - Benguí, Belém - Pa, 66630-000, Brazil",Restaurant,,,,,,,,,Açaí shop,6.68e+18,Belém,BR,0x92a48b80e1796837:0x5caaced3ad4f328e,,,-1.3765232,-48.4574989,,Benguí,+55 91 98514-9608,5590000000000.0,ChIJN2h54YCLpJIRjjJPrdPOqlw,66630-000,,59.0,,1.0,1.0,0.0,0.0,0.0,0.0,State of Pará,"R. Ajax de Oliveira, 126","R. Ajax De Oliveira, 126",,Rota do Açaí,Rota Do Açaí,5.0,https://www.google.com/maps/search/?api=1&query=Rota%20do%20A%C3%A7a%C3%AD&query_place_id=ChIJN2h54YCLpJIRjjJPrdPOqlw,,
"R. Betânia, 64 - Benguí, Belém - PA, 66630-140, Brazil","R. Betânia, 64 - Benguí, Belém - Pa, 66630-140, Brazil",Restaurant,,,,,,,,,Açaí shop,8.18e+18,Belém,BR,0x92a48b64b5200cb3:0x718d79285021a907,,,-1.3748376,-48.4503842,,Benguí,+55 91 98211-4058,5590000000000.0,ChIJswwgtWSLpJIRB6khUCh5jXE,66630-140,,57.0,,2.0,2.0,0.0,0.0,0.0,0.0,State of Pará,"R. Betânia, 64","R. Betânia, 64",,Açaí do rafa,Açaí Do Rafa,5.0,https://www.google.com/maps/search/?api=1&query=A%C3%A7a%C3%AD%20do%20rafa&query_place_id=ChIJswwgtWSLpJIRB6khUCh5jXE,,
"Passagem Iracema, 208 - Marambaia, Belém - PA, 66623-140, Brazil","Passagem Iracema, 208 - Marambaia, Belém - Pa, 66623-140, Brazil",Fast food restaurant,,,,,,,,,Açaí shop,3.08e+18,Belém,BR,0x92a48b007cd2f335:0x2ab06c96d19edd77,,,-1.4018534,-48.4479864,,Marambaia,,,ChIJNfPSfACLpJIRd92e0ZZssCo,66623-140,,56.0,,1.0,1.0,0.0,0.0,0.0,0.0,State of Pará,"Passagem Iracema, 208","Passagem Iracema, 208",,Açaí do Irmão,Açaí Do Irmão,5.0,https://www.google.com/maps/search/?api=1&query=A%C3%A7a%C3%AD%20do%20Irm%C3%A3o&query_place_id=ChIJNfPSfACLpJIRd92e0ZZssCo,,Monday-Sunday: 6 AM to 2 PM
"Cabanagem, Belém - State of Pará, 67013-000, Brazil","Cabanagem, Belém - State Of Pará, 67013-000, Brazil",Restaurant,,,,,,,,,Açaí shop,1.64e+19,Belém,BR,0x92a48a8f1a0a5bdf:0xe32a5705346f9a07,,,-1.3793318,-48.4319695,,Cabanagem,,,ChIJ31sKGo-KpJIRB5pvNAVXKuM,,,51.0,,3.0,3.0,0.0,0.0,0.0,0.0,State of Pará,,,,Ponto Do Açaí,Ponto Do Açaí,5.0,https://www.google.com/maps/search/?api=1&query=Ponto%20Do%20A%C3%A7a%C3%AD&query_place_id=ChIJ31sKGo-KpJIRB5pvNAVXKuM,,
"#302A, R. do Fio - Guanabara, Belém - PA, 67010-550, Brazil","#302A, R. Do Fio - Guanabara, Belém - Pa, 67010-550, Brazil",Health food restaurant,,,,,,,,,Açaí shop,1.61e+19,Belém,BR,0x92a48bb9450581c3:0xdf54ce942d742e9f,,,-1.3941188,-48.4184628,,Guanabara,+55 91 98129-0722,5590000000000.0,ChIJw4EFRbmLpJIRny50LZTOVN8,67010-550,,47.0,,2.0,2.0,0.0,0.0,0.0,0.0,State of Pará,"#302A, R. do Fio","#302A, R. Do Fio",,Açaí paì D'egua,Açaí Paì D'Egua,5.0,https://www.google.com/maps/search/?api=1&query=A%C3%A7a%C3%AD%20pa%C3%AC%20D'egua&query_place_id=ChIJw4EFRbmLpJIRny50LZTOVN8,,Monday-Sunday: 8 AM to 2 PM
"Viela Cel. Artur, 126 - Marambaia, Belém - PA, 66615-200, Brazil","Viela Cel. Artur, 126 - Marambaia, Belém - Pa, 66615-200, Brazil",Fast food restaurant,,,,,,,,,Açaí shop,3.6e+18,Belém,BR,0x92a48b0072cee87f:0x31fe4fbfedb80b8e,,,-1.3980391,-48.4508503,,Marambaia,,,ChIJf-jOcgCLpJIRjgu47b9P_jE,,,44.0,,1.0,1.0,0.0,0.0,0.0,0.0,State of Pará,"Viela Cel. Artur, 126","Viela Cel. Artur, 126",,Toca do açaí,Toca Do Açaí,5.0,https://www.google.com/maps/search/?api=1&query=Toca%20do%20a%C3%A7a%C3%AD&query_place_id=ChIJf-jOcgCLpJIRjgu47b9P_jE,,Monday-Saturday: 7 AM to 11:30 PM; Sunday: 8:30 AM to 11:30 PM
"Rod. Augusto Montenegro, 96 - Mangueirão, Belém - PA, 66640-405, Brazil","Rod. Augusto Montenegro, 96 - Mangueirão, Belém - Pa, 66640-405, Brazil",Snack bar,,,,,,,,,Açaí shop,6.1e+18,Belém,BR,0x92a48a8a047f64a7:0x54b39f9af7717c12,,,-1.3820417,-48.4383019,,Mangueirão,,,ChIJp2R_BIqKpJIREnxx95qfs1Q,66640-405,$,46.0,,51.0,26.0,6.0,9.0,9.0,1.0,State of Pará,"Rod. Augusto Montenegro, 96","Rod. Augusto Montenegro, 96",,Açai & Restaurante do Gil,Açai & Restaurante Do Gil,3.8,https://www.google.com/maps/search/?api=1&query=A%C3%A7ai%20%26%20Restaurante%20do%20Gil&query_place_id=ChIJp2R_BIqKpJIREnxx95qfs1Q,,Monday-Saturday: 8 AM to 3 PM; Sunday: Closed
"Mangueirão, Belém - State of Pará, 66640-255, Brazil","Mangueirão, Belém - State Of Pará, 66640-255, Brazil",Takoyaki restaurant,,,,,,,,,Açaí shop,3.79e+18,Belém,BR,0x92a48a86feeca7e3:0x348c626a6594f686,,,-1.3760903,-48.436032,,Mangueirão,+55 91 98452-6457,5590000000000.0,ChIJ46fs_oaKpJIRhvaUZWpijDQ,,,43.0,,0.0,,,,,,State of Pará,,,,Açai Ary,Açai Ary,,https://www.google.com/maps/search/?api=1&query=A%C3%A7ai%20Ary&query_place_id=ChIJ46fs_oaKpJIRhvaUZWpijDQ,,Monday-Sunday: 8 AM to 11:30 PM
"R. Nova Jerusalém - Mangueirão, Belém - PA, 66640-030, Brazil","R. Nova Jerusalém - Mangueirão, Belém - Pa, 66640-030, Brazil",Restaurant,,,,,,,,,Açaí shop,1.22e+19,Belém,BR,0x92a48b289f3307b9:0xa918ff20460ed8f4,,,-1.383104,-48.4520501,,Mangueirão,,,ChIJuQcznyiLpJIR9NgORiD_GKk,66640-030,,41.0,,1.0,1.0,0.0,0.0,0.0,0.0,State of Pará,R. Nova Jerusalém,R. Nova Jerusalém,,Açaí da Lene,Açaí Da Lene,5.0,https://www.google.com/maps/search/?api=1&query=A%C3%A7a%C3%AD%20da%20Lene&query_place_id=ChIJuQcznyiLpJIR9NgORiD_GKk,,Monday-Friday: 8 AM to 6 PM; Saturday: 8 AM to 4 PM; Sunday: 8 AM to 2 PM
"Rua 7, Qd 08, 152 - Maracangalha, Belém - PA, 66110-101, Brazil","Rua 7, Qd 08, 152 - Maracangalha, Belém - Pa, 66110-101, Brazil",Açaí shop,,,,,,,,,Açaí shop,1.59e+19,Belém,BR,0x92a48b00380e12e7:0xdcd2cfd45e3e0565,,,-1.398736,-48.4772979,,Maracangalha,+55 91 98500-2193,5590000000000.0,ChIJ5xIOOACLpJIRZQU-XtTP0tw,66110-101,,17.0,,6.0,6.0,0.0,0.0,0.0,0.0,State of Pará,"Rua 7, Qd 08, 152","Rua 7, Qd 08, 152",,AÇAÍ DA LIA - Maracangalha,Açaí Da Lia - Maracangalha,5.0,https://www.google.com/maps/search/?api=1&query=A%C3%87A%C3%8D%20DA%20LIA%20-%20Maracangalha&query_place_id=ChIJ5xIOOACLpJIRZQU-XtTP0tw,,Monday-Sunday: Open 24 hours
"R. Vinte e Três, 211 - Maracangalha, Belém - PA, 66110-014, Brazil","R. Vinte E Três, 211 - Maracangalha, Belém - Pa, 66110-014, Brazil",Açaí shop,Food manufacturing supply,,,,,,,,Açaí shop,5.19e+18,Belém,BR,0x92a48981eee985b5:0x47f6c7a92d154a0c,,,-1.4004274,-48.4828727,,Maracangalha,+55 91 98187-3477,5590000000000.0,ChIJtYXp7oGJpJIRDEoVLanH9kc,66110-014,,9.0,,12.0,10.0,1.0,0.0,0.0,1.0,State of Pará,"R. Vinte e Três, 211","R. Vinte E Três, 211",,Açaí Do Cadu,Açaí Do Cadu,4.7,https://www.google.com/maps/search/?api=1&query=A%C3%A7a%C3%AD%20Do%20Cadu&query_place_id=ChIJtYXp7oGJpJIRDEoVLanH9kc,,Monday-Saturday: 8 AM to 3 PM; Sunday: 9 AM to 1 PM
"Tv. Lomas Valentinas, 1547 - Pedreira, Belém - PA, 66087-441, Brazil","Tv. Lomas Valentinas, 1547 - Pedreira, Belém - Pa, 66087-441, Brazil",Açaí shop,Natural goods store,Restaurant,,,,,,,Açaí shop,1.49e+19,Belém,BR,0x92a48c0a1107faa9:0xceb90fda3ccfcbbe,,,-1.4290935,-48.4621221,http://wa.me/559185647550,Pedreira,+55 91 98564-7550,5590000000000.0,ChIJqfoHEQqMpJIRvsvPPNoPuc4,66087-441,R$20–40,8.0,,43.0,41.0,2.0,0.0,0.0,0.0,State of Pará,"Tv. Lomas Valentinas, 1547","Tv. Lomas Valentinas, 1547",,Fã de Açaí,Fã De Açaí,5.0,https://www.google.com/maps/search/?api=1&query=F%C3%A3%20de%20A%C3%A7a%C3%AD&query_place_id=ChIJqfoHEQqMpJIRvsvPPNoPuc4,,Monday-Friday: 8 AM to 8 PM; Saturday: 8 AM to 3 AM; Sunday: 8 AM to 8 PM
"Rua Ricardo Borges, Alameda Argentina Henrique, Ananindeua - PA, 67110-294, Brazil","Rua Ricardo Borges, Alameda Argentina Henrique, Ananindeua - Pa, 67110-294, Brazil",Lunch restaurant,,,,,,,,,Açaí shop,1.08e+19,Ananindeua,BR,0x92a48b1597bc8e15:0x95d60957463b1143,,,-1.396763,-48.4081705,,Guanabara,+55 91 98177-4680,5590000000000.0,ChIJFY68lxWLpJIRQxE7RlcJ1pU,67110294,,38.0,,3.0,3.0,0.0,0.0,0.0,0.0,State of Pará,"Rua Ricardo Borges, Alameda Argentina Henrique","Rua Ricardo Borges, Alameda Argentina Henrique",,Açaí duas irmãs Rayanne e aryella,Açaí Duas Irmãs Rayanne E Aryella,5.0,https://www.google.com/maps/search/?api=1&query=A%C3%A7a%C3%AD%20duas%20irm%C3%A3s%20Rayanne%20e%20aryella&query_place_id=ChIJFY68lxWLpJIRQxE7RlcJ1pU,https://whatsapp.com/dl/.,Monday-Friday: 8 AM to 5 PM; Saturday: 7 AM to 5 PM; Sunday: Closed
"Rod. Transcoqueiro - Coqueiro, Ananindeua - PA, 67113-345, Brazil","Rod. Transcoqueiro - Coqueiro, Ananindeua - Pa, 67113-345, Brazil",Restaurant,,,,,,,,,Açaí shop,7.67e+18,Ananindeua,BR,0x92a48a9c00e052d9:0x6a823f3224130c70,,,-1.3740989,-48.4240022,,Coqueiro,,,ChIJ2VLgAJyKpJIRcAwTJDI_gmo,,,36.0,,1.0,1.0,0.0,0.0,0.0,0.0,State of Pará,Rod. Transcoqueiro,Rod. Transcoqueiro,,Açai Sabor Divino,Açai Sabor Divino,5.0,https://www.google.com/maps/search/?api=1&query=A%C3%A7ai%20Sabor%20Divino&query_place_id=ChIJ2VLgAJyKpJIRcAwTJDI_gmo,,"Monday-Saturday: 7 AM to 2 PM, 4:30 to 11 PM; Sunday: 7 AM to 2 PM, 6 to 11 PM"
"Av. Mário Covas, 5 - Coqueiro, Ananindeua - PA, 67113-330, Brazil","Av. Mário Covas, 5 - Coqueiro, Ananindeua - Pa, 67113-330, Brazil",Restaurant,,,,,,,,,Açaí shop,1.38e+19,Ananindeua,BR,0x92a46105d1809a83:0xbee48a739a61a3be,,,-1.3849123,-48.4110767,,Coqueiro,+55 91 99316-1426,5590000000000.0,ChIJg5qA0QVhpJIRvqNhmnOK5L4,67113-330,R$20–40,35.0,,9.0,9.0,0.0,0.0,0.0,0.0,State of Pará,"Av. Mário Covas, 5","Av. Mário Covas, 5",,Açaí Metrópole,Açaí Metrópole,5.0,https://www.google.com/maps/search/?api=1&query=A%C3%A7a%C3%AD%20Metr%C3%B3pole&query_place_id=ChIJg5qA0QVhpJIRvqNhmnOK5L4,https://acaimetropole.com.br/,Monday-Saturday: 7 AM to 1 PM; Sunday: Closed
"R. Santa Marta, 38 - Coqueiro, Ananindeua - PA, 67000-000, Brazil","R. Santa Marta, 38 - Coqueiro, Ananindeua - Pa, 67000-000, Brazil",Snack bar,,,,,,,,,Açaí shop,3.35e+18,Ananindeua,BR,0x92a48abc67e75875:0x2e81ab36d1210758,,,-1.379911,-48.4149351,,Coqueiro,+55 91 98854-3944,5590000000000.0,ChIJdVjnZ7yKpJIRWAch0TargS4,,,19.0,,10.0,7.0,2.0,0.0,1.0,0.0,State of Pará,"R. Santa Marta, 38","R. Santa Marta, 38",,Açaí do Marmitão,Açaí Do Marmitão,4.6,https://www.google.com/maps/search/?api=1&query=A%C3%A7a%C3%AD%20do%20Marmit%C3%A3o&query_place_id=ChIJdVjnZ7yKpJIRWAch0TargS4,,
"Passagem São Pedro, 110 - Coqueiro, Ananindeua - PA, 67013-710, Brazil","Passagem São Pedro, 110 - Coqueiro, Ananindeua - Pa, 67013-710, Brazil",Restaurant,,,,,,,,,Açaí shop,1.71e+18,Ananindeua,BR,0x92a48b0030f4e581:0x17c529254f52dd7f,,,-1.3838449,-48.419762,,Coqueiro,+55 91 99353-6237,5590000000000.0,ChIJgeX0MACLpJIRf91STyUpxRc,,R$1–20,18.0,,16.0,16.0,0.0,0.0,0.0,0.0,State of Pará,"Passagem São Pedro, 110","Passagem São Pedro, 110",,Açaí Ananin,Açaí Ananin,5.0,https://www.google.com/maps/search/?api=1&query=A%C3%A7a%C3%AD%20Ananin&query_place_id=ChIJgeX0MACLpJIRf91STyUpxRc,,Monday-Friday: 8 AM to 5 PM; Saturday-Sunday: 8 AM to 2 PM
"Passagem Dalva, 152 - Marambaia, Belém - PA, 66623-610, Brazil","Passagem Dalva, 152 - Marambaia, Belém - Pa, 66623-610, Brazil",Restaurant,,,,,,,,,Açaí shop,7.88e+18,Belém,BR,0x92a48b625ceeb7a7:0x6d6ba5fec4051888,,,-1.4038344,-48.4476767,,Marambaia,+55 91 99227-3418,5590000000000.0,ChIJp7fuXGKLpJIRiBgFxP6la20,66623-610,,16.0,,7.0,5.0,1.0,0.0,1.0,0.0,State of Pará,"Passagem Dalva, 152","Passagem Dalva, 152",,Açaí do Alexandre,Açaí Do Alexandre,4.6,https://www.google.com/maps/search/?api=1&query=A%C3%A7a%C3%AD%20do%20Alexandre&query_place_id=ChIJp7fuXGKLpJIRiBgFxP6la20,,Monday-Friday: 8 AM to 3 PM; Saturday: 7 AM to 2 PM; Sunday: Closed
"R. Anchieta, 293 - Terreo - Marambaia, Belém - PA, 66615-030, Brazil","R. Anchieta, 293 - Terreo - Marambaia, Belém - Pa, 66615-030, Brazil",Restaurant,,,,,,,,,Açaí shop,1.63e+19,Belém,BR,0x92a48b3a51d3c08f:0xe1bf8c387cbf89c8,,,-1.4040859,-48.444499,,Marambaia,+55 91 98212-1417,5590000000000.0,ChIJj8DTUTqLpJIRyIm_fDiMv-E,66615-030,,15.0,,2.0,2.0,0.0,0.0,0.0,0.0,State of Pará,"R. Anchieta, 293 - Terreo","R. Anchieta, 293 - Terreo",,Açai Marambaia,Açai Marambaia,5.0,https://www.google.com/maps/search/?api=1&query=A%C3%A7ai%20Marambaia&query_place_id=ChIJj8DTUTqLpJIRyIm_fDiMv-E,https://linktr.ee/Acaimarambaia,Monday-Saturday: 8 AM to 2 PM; Sunday: Closed
"Tv. We 09 B, 72 - Cidade Nova, Ananindeua - PA, 67130-100, Brazil","Tv. We 09 B, 72 - Cidade Nova, Ananindeua - Pa, 67130-100, Brazil",Delivery Restaurant,Restaurant,,,,,,,,Açaí shop,1.66e+19,Ananindeua,BR,0x92a48b821aed7e9d:0xe60239855baf38ee,,,-1.3718737,-48.4090419,,Cidade Nova,+55 91 98086-1300,5590000000000.0,ChIJnX7tGoKLpJIR7jivW4U5AuY,67130-100,,14.0,,20.0,19.0,1.0,0.0,0.0,0.0,State of Pará,"Tv. We 09 B, 72","Tv. We 09 B, 72",,Açaí Av. 3 Corações,Açaí Av. 3 Corações,5.0,https://www.google.com/maps/search/?api=1&query=A%C3%A7a%C3%AD%20Av.%203%20Cora%C3%A7%C3%B5es&query_place_id=ChIJnX7tGoKLpJIR7jivW4U5AuY,,Monday-Sunday: Open 24 hours
"Passagem São Paulo, 27 - Coqueiro, Ananindeua - PA, 67113-630, Brazil","Passagem São Paulo, 27 - Coqueiro, Ananindeua - Pa, 67113-630, Brazil",Açaí shop,,,,,,,,,Açaí shop,1.15e+19,Ananindeua,BR,0x92a48bb7706ca047:0x9fb6b7b03ba398ef,,,-1.3799122,-48.4170985,,Coqueiro,+55 91 99614-9773,5590000000000.0,ChIJR6BscLeLpJIR75ijO7C3tp8,67113-630,,13.0,,5.0,3.0,1.0,0.0,1.0,0.0,State of Pará,"Passagem São Paulo, 27","Passagem São Paulo, 27",,Açaí da Cléo,Açaí Da Cléo,4.4,https://www.google.com/maps/search/?api=1&query=A%C3%A7a%C3%AD%20da%20Cl%C3%A9o&query_place_id=ChIJR6BscLeLpJIR75ijO7C3tp8,,Monday-Sunday: Open 24 hours
"Vila, Passagem Jarbas Passarinho, 7a - Jaderlandia, Ananindeua - PA, 66652-030, Brazil","Vila, Passagem Jarbas Passarinho, 7A - Jaderlandia, Ananindeua - Pa, 66652-030, Brazil",Restaurant,,,,,,,,,Açaí shop,3.99e+18,Ananindeua,BR,0x92a48b788ce97b9b:0x3750955c24f1ff7b,,,-1.3808074,-48.4270743,,Jaderlândia,+55 91 98022-5072,5590000000000.0,ChIJm3vpjHiLpJIRe__xJFyVUDc,66652-030,,10.0,,20.0,17.0,1.0,2.0,0.0,0.0,State of Pará,"Vila, Passagem Jarbas Passarinho, 7a","Vila, Passagem Jarbas Passarinho, 7A",,Açaí Vitória,Açaí Vitória,4.6,https://www.google.com/maps/search/?api=1&query=A%C3%A7a%C3%AD%20Vit%C3%B3ria&query_place_id=ChIJm3vpjHiLpJIRe__xJFyVUDc,,
"R. Lameira Bittencourt, 1129 - Benguí, Belém - PA, 66630-010, Brazil","R. Lameira Bittencourt, 1129 - Benguí, Belém - Pa, 66630-010, Brazil",Restaurant,,,,,,,,,Açaí shop,1.01e+19,Belém,BR,0x92a48bc8f752c71f:0x8ca0a0c76259e453,,,-1.3767828,-48.4498752,,Benguí,+55 91 98081-9681,5590000000000.0,ChIJH8dS98iLpJIRU-RZYsegoIw,66630-010,,9.0,,12.0,10.0,2.0,0.0,0.0,0.0,State of Pará,"R. Lameira Bittencourt, 1129","R. Lameira Bittencourt, 1129",,NOSSO AÇAÍ,Nosso Açaí,4.8,https://www.google.com/maps/search/?api=1&query=NOSSO%20A%C3%87A%C3%8D&query_place_id=ChIJH8dS98iLpJIRU-RZYsegoIw,http://nossoacai.com.br/,Monday-Saturday: 8 AM to 7:30 PM; Sunday: 8 AM to 4 PM
"Tv. São Pedro, 204 - Benguí, Belém - PA, 66630-130, Brazil","Tv. São Pedro, 204 - Benguí, Belém - Pa, 66630-130, Brazil",Restaurant,,,,,,,,,Açaí shop,1.69e+19,Belém,BR,0x92a48a726f09287b:0xeaa5772c1d9ca6ab,,,-1.3779448,-48.4555089,,Benguí,+55 91 98907-5043,5590000000000.0,ChIJeygJb3KKpJIRq6acHSx3peo,66630-130,,7.0,,24.0,18.0,2.0,0.0,4.0,0.0,State of Pará,"Tv. São Pedro, 204","Tv. São Pedro, 204",,Bengui Açai,Bengui Açai,4.6,https://www.google.com/maps/search/?api=1&query=Bengui%20A%C3%A7ai&query_place_id=ChIJeygJb3KKpJIRq6acHSx3peo,,Monday-Saturday: 8:30 AM to 2 PM; Sunday: 9 AM to 2 PM
"R. Anchieta, 357 - Marambaia, Belém - PA, 66615-030, Brazil","R. Anchieta, 357 - Marambaia, Belém - Pa, 66615-030, Brazil",Restaurant,,,,,,,,,Açaí shop,7.32e+18,Belém,BR,0x92a48baeb08495f7:0x65997947f8e539c3,,,-1.4024433,-48.444884,,Marambaia,+55 91 98994-5424,5590000000000.0,ChIJ95WEsK6LpJIRwznl-Ed5mWU,66615-030,,5.0,,21.0,12.0,4.0,1.0,3.0,1.0,State of Pará,"R. Anchieta, 357","R. Anchieta, 357",,ACAI DO ZECA LOJA 2,Acai Do Zeca Loja 2,4.2,https://www.google.com/maps/search/?api=1&query=ACAI%20DO%20ZECA%20LOJA%202&query_place_id=ChIJ95WEsK6LpJIRwznl-Ed5mWU,,Monday-Sunday: 9 AM to 9 PM
"Tv. Dois, 232A - Castanheira, Belém - PA, 66645-830, Brazil","Tv. Dois, 232A - Castanheira, Belém - Pa, 66645-830, Brazil",Diner,,,,,,,,,Açaí shop,5.85e+18,Belém,BR,0x92a48afe0cf0c7c1:0x5124cc93c3a341bb,,,-1.399162,-48.4341816,,Castanheira,+55 91 3033-5977,559000000000.0,ChIJwcfwDP6KpJIRu0Gjw5PMJFE,66645-830,,6.0,,18.0,13.0,3.0,1.0,1.0,0.0,State of Pará,"Tv. Dois, 232A","Tv. Dois, 232A",,Sabor do Açaí,Sabor Do Açaí,4.5,https://www.google.com/maps/search/?api=1&query=Sabor%20do%20A%C3%A7a%C3%AD&query_place_id=ChIJwcfwDP6KpJIRu0Gjw5PMJFE,,Monday-Saturday: 8 AM to 3 PM; Sunday: Closed
"Conj. Panorama XXI, Belém - State of Pará, 66640-155, Brazil","Conj. Panorama Xxi, Belém - State Of Pará, 66640-155, Brazil",Restaurant,,,,,,,,,Açaí shop,1.37e+19,Belém,BR,0x92a48bd9e6bc332d:0xbdf55ddbacf33ad5,,,-1.3788234,-48.4393193,,Conjunto Panorama XXI,+55 91 99808-6588,5590000000000.0,ChIJLTO85tmLpJIR1TrzrNtd9b0,,,4.0,,16.0,15.0,0.0,0.0,1.0,0.0,State of Pará,,,,Sr. Açaí,Sr. Açaí,4.9,https://www.google.com/maps/search/?api=1&query=Sr.%20A%C3%A7a%C3%AD&query_place_id=ChIJLTO85tmLpJIR1TrzrNtd9b0,,Monday-Friday: 8 AM to 6 PM; Saturday: 8 AM to 5 PM; Sunday: Closed
"R. We-5, 516 - Marambaia, Belém - PA, 66623-285, Brazil","R. We-5, 516 - Marambaia, Belém - Pa, 66623-285, Brazil",Snack bar,,,,,,,,,Açaí shop,8.28e+18,Belém,BR,0x92a48aff29024dcb:0x72f5fbc001acbee6,,,-1.3966786,-48.4364742,,Marambaia,+55 91 98478-5878,5590000000000.0,ChIJy00CKf-KpJIR5r6sAcD79XI,66623-285,$,1.0,,43.0,41.0,0.0,0.0,2.0,0.0,State of Pará,"R. We-5, 516","R. We-5, 516",,AÇAÍ D+,Açaí D+,4.9,https://www.google.com/maps/search/?api=1&query=A%C3%87A%C3%8D%20D%2B&query_place_id=ChIJy00CKf-KpJIR5r6sAcD79XI,,
"Passagem Cajuí - Marambaia, Belém - PA, 66623-580, Brazil","Passagem Cajuí - Marambaia, Belém - Pa, 66623-580, Brazil",Natural goods store,,,,,,,,,Açaí shop,6.7e+18,Belém,BR,0x92a48b0123c1ec29:0x5d04fc0366f3e385,,,-1.4029182,-48.4358566,,Marambaia,+55 32382733,,ChIJKezBIwGLpJIRhePzZgP8BF0,,,2.0,,22.0,18.0,3.0,1.0,0.0,0.0,State of Pará,Passagem Cajuí,Passagem Cajuí,,Esquina do Açaí - Luiz Carlos,Esquina Do Açaí - Luiz Carlos,4.7,https://www.google.com/maps/search/?api=1&query=Esquina%20do%20A%C3%A7a%C3%AD%20-%20Luiz%20Carlos&query_place_id=ChIJKezBIwGLpJIRhePzZgP8BF0,,
"R. A, casa 133b - Coqueiro, Belém - PA, 66670-030, Brazil","R. A, Casa 133B - Coqueiro, Belém - Pa, 66670-030, Brazil",Food producer,,,,,,,,,Açaí shop,7.17e+18,Belém,BR,0x92a461715f41675b:0x6370f4e46601c61c,,,-1.3526599,-48.4448568,,Coqueiro,+55 91 98341-6434,5590000000000.0,ChIJW2dBX3FhpJIRHMYBZuT0cGM,66670-030,,93.0,,0.0,,,,,,State of Pará,"R. A, casa 133b","R. A, Casa 133B",,Muaná Açaí,Muaná Açaí,,https://www.google.com/maps/search/?api=1&query=Muan%C3%A1%20A%C3%A7a%C3%AD&query_place_id=ChIJW2dBX3FhpJIRHMYBZuT0cGM,,
"R. São Clemente, 06 - Tapanã, Belém - PA, 66830-720, Brazil","R. São Clemente, 06 - Tapanã, Belém - Pa, 66830-720, Brazil",Restaurant,Natural goods store,,,,,,,,Açaí shop,5.22e+18,Belém,BR,0x92a46121b01ff125:0x486379ac61e637b3,,,-1.3542966,-48.4660911,,Tapanã,+55 91 98598-1465,5590000000000.0,ChIJJfEfsCFhpJIRszfmYax5Y0g,66830-720,,92.0,,0.0,,,,,,State of Pará,"R. São Clemente, 06","R. São Clemente, 06",,JS Açaí Natural,Js Açaí Natural,,https://www.google.com/maps/search/?api=1&query=JS%20A%C3%A7a%C3%AD%20Natural&query_place_id=ChIJJfEfsCFhpJIRszfmYax5Y0g,,Monday-Sunday: 9 AM to 2:30 PM
"R. Dois, 63b - Coqueiro, Belém - PA, 66670-330, Brazil","R. Dois, 63B - Coqueiro, Belém - Pa, 66670-330, Brazil",Restaurant,,,,,,,,,Açaí shop,1.72e+19,Belém,BR,0x92a46171ff6f892d:0xef294c2840e19493,,Pracinha do Conjunto Pedro Teixeira,-1.3503213,-48.4482447,,Coqueiro,+55 91 98235-4102,5590000000000.0,ChIJLYlv_3FhpJIRk5ThQChMKe8,,,91.0,,0.0,,,,,,State of Pará,"R. Dois, 63b","R. Dois, 63B",,Açaí e Galeteria Diplonata,Açaí E Galeteria Diplonata,,https://www.google.com/maps/search/?api=1&query=A%C3%A7a%C3%AD%20e%20Galeteria%20Diplonata&query_place_id=ChIJLYlv_3FhpJIRk5ThQChMKe8,,Monday-Saturday: 9 AM to 8 PM; Sunday: Closed
"Tv. Um, 43 - Tapanã, Belém - PA, 66633-020, Brazil","Tv. Um, 43 - Tapanã, Belém - Pa, 66633-020, Brazil",Supermarket,,,,,,,,,Açaí shop,1.38e+19,Belém,BR,0x92a461ebc8d899f7:0xbf186cf5f9bb7fc6,,,-1.3596809,-48.4617066,,Tapanã,,,ChIJ95nYyOthpJIRxn-7-fVsGL8,,,90.0,,3.0,3.0,0.0,0.0,0.0,0.0,State of Pará,"Tv. Um, 43","Tv. Um, 43",,Açaí da Sônia,Açaí Da Sônia,5.0,https://www.google.com/maps/search/?api=1&query=A%C3%A7a%C3%AD%20da%20S%C3%B4nia&query_place_id=ChIJ95nYyOthpJIRxn-7-fVsGL8,,Monday-Friday: 8 AM to 3 PM; Saturday: 8 AM to 2 PM; Sunday: Closed
"Passagem John Engelhard, 22b - Pratinha, Belém - PA, 66816-030, Brazil","Passagem John Engelhard, 22B - Pratinha, Belém - Pa, 66816-030, Brazil",Natural goods store,,,,,,,,,Açaí shop,6.27e+18,Belém,BR,0x92a461c4443ffc61:0x56f9066bddd851b2,,,-1.3612116,-48.4667334,,Pratinha,+55 91 98396-1763,5590000000000.0,ChIJYfw_RMRhpJIRslHY3WsG-VY,66816-030,,89.0,,2.0,1.0,0.0,0.0,1.0,0.0,State of Pará,"Passagem John Engelhard, 22b","Passagem John Engelhard, 22B",,Açaí do Gil,Açaí Do Gil,4.0,https://www.google.com/maps/search/?api=1&query=A%C3%A7a%C3%AD%20do%20Gil&query_place_id=ChIJYfw_RMRhpJIRslHY3WsG-VY,,Monday-Sunday: 8 AM to 4 PM
"Al. Dezesseis de Agosto, 58 - Parque Verde, Belém - PA, 66635-295, Brazil","Al. Dezesseis De Agosto, 58 - Parque Verde, Belém - Pa, 66635-295, Brazil",Restaurant,,,,,,,,,Açaí shop,8.02e+18,Belém,BR,0x92a46170c17ff947:0x6f5147b4c3013372,,,-1.3567796,-48.455104,,Parque Verde,+55 91 98112-2739,5590000000000.0,ChIJR_l_wXBhpJIRcjMBw7RHUW8,,,87.0,,0.0,,,,,,State of Pará,"Al. Dezesseis de Agosto, 58","Al. Dezesseis De Agosto, 58",,Açaí imperial,Açaí Imperial,,https://www.google.com/maps/search/?api=1&query=A%C3%A7a%C3%AD%20imperial&query_place_id=ChIJR_l_wXBhpJIRcjMBw7RHUW8,,Monday-Sunday: 11 AM to 8 PM
"Tapanã, Belém - State of Pará, 66916-310, Brazil","Tapanã, Belém - State Of Pará, 66916-310, Brazil",Restaurant,,,,,,,,,Açaí shop,1.1e+19,Belém,BR,0x92a461006540ab85:0x9867f3ad3a7e73a0,,,-1.3520619,-48.4753463,,Tapanã,,,ChIJhatAZQBhpJIRoHN-Oq3zZ5g,66916-310,,81.0,,0.0,,,,,,State of Pará,,,,Açaí do Carlinhos(mancha),Açaí Do Carlinhos(Mancha),,https://www.google.com/maps/search/?api=1&query=A%C3%A7a%C3%AD%20do%20Carlinhos(mancha)&query_place_id=ChIJhatAZQBhpJIRoHN-Oq3zZ5g,,Monday: Closed; Tuesday-Sunday: 10 AM to 2 PM
"R. Alm. Tamandaré, 9 - Tapanã, Belém - PA, 66025-620, Brazil","R. Alm. Tamandaré, 9 - Tapanã, Belém - Pa, 66025-620, Brazil",Supermarket,,,,,,,,,Açaí shop,1.26e+19,Belém,BR,0x92a461d650c15379:0xaf54798f2197587f,,,-1.3479921,-48.4685288,,Tapanã,+55 91 98386-0328,5590000000000.0,ChIJeVPBUNZhpJIRf1iXIY95VK8,66025-620,,83.0,,8.0,6.0,2.0,0.0,0.0,0.0,State of Pará,"R. Alm. Tamandaré, 9","R. Alm. Tamandaré, 9",,Açai do Raelcio,Açai Do Raelcio,4.8,https://www.google.com/maps/search/?api=1&query=A%C3%A7ai%20do%20Raelcio&query_place_id=ChIJeVPBUNZhpJIRf1iXIY95VK8,,Monday-Saturday: 9 AM to 3:30 PM; Sunday: 9 AM to 3 PM
"Al. Aquariquara, 33 - Tapanã, Belém - PA, 66830-630, Brazil","Al. Aquariquara, 33 - Tapanã, Belém - Pa, 66830-630, Brazil",Restaurant,,,,,,,,,Açaí shop,1.83e+18,Belém,BR,0x92a4612dbd44f68b:0x197550636ba2c4f8,,,-1.3581998,-48.4637719,,Tapanã,,,ChIJi_ZEvS1hpJIR-MSia2NQdRk,66830-630,,82.0,,8.0,8.0,0.0,0.0,0.0,0.0,State of Pará,"Al. Aquariquara, 33","Al. Aquariquara, 33",,Açai do branco,Açai Do Branco,5.0,https://www.google.com/maps/search/?api=1&query=A%C3%A7ai%20do%20branco&query_place_id=ChIJi_ZEvS1hpJIR-MSia2NQdRk,,Monday-Sunday: 9 AM to 11:30 PM
"R. Bom Jesus, 50 - Una, Belém - PA, 66652-020, Brazil","R. Bom Jesus, 50 - Una, Belém - Pa, 66652-020, Brazil",Organic food store,,,,,,,,,Açaí shop,6.25e+18,Belém,BR,0x92a46131008d6be5:0x56c40d6a1fcc0506,,,-1.3769158,-48.4289462,,Una,+55 91 98193-9042,5590000000000.0,ChIJ5WuNADFhpJIRBgXMH2oNxFY,66652-020,,79.0,,0.0,,,,,,State of Pará,"R. Bom Jesus, 50","R. Bom Jesus, 50",,Engenheiros do Açaí 2,Engenheiros Do Açaí 2,,https://www.google.com/maps/search/?api=1&query=Engenheiros%20do%20A%C3%A7a%C3%AD%202&query_place_id=ChIJ5WuNADFhpJIRBgXMH2oNxFY,,Monday-Friday: Closed; Saturday: 8:30 AM to 10 PM; Sunday: Closed
"Viela Cel. Artur, 45 - Marambaia, Belém - PA, 66620-580, Brazil","Viela Cel. Artur, 45 - Marambaia, Belém - Pa, 66620-580, Brazil",Coffee shop,,,,,,,,,Açaí shop,1.19e+19,Belém,BR,0x92a48b0066b3f4c3:0xa4a10ad1b5d3442d,,,-1.3980777,-48.4515198,,Marambaia,,,ChIJw_SzZgCLpJIRLUTTtdEKoaQ,66620-580,,77.0,,0.0,,,,,,State of Pará,"Viela Cel. Artur, 45","Viela Cel. Artur, 45",,casa do açaí,Casa Do Açaí,,https://www.google.com/maps/search/?api=1&query=casa%20do%20a%C3%A7a%C3%AD&query_place_id=ChIJw_SzZgCLpJIRLUTTtdEKoaQ,,Monday: Closed; Tuesday-Sunday: 9 AM to 2 PM
"R. do Fio - Cabanagem, Belém - PA, 66640-600, Brazil","R. Do Fio - Cabanagem, Belém - Pa, 66640-600, Brazil",Store,,,,,,,,,Açaí shop,1.59e+19,Belém,BR,0x92a48b0038afab61:0xdc6e2cc59ed1ac62,,Esquina Mix,-1.3744013,-48.4263499,,Cabanagem,,,ChIJYauvOACLpJIRYqzRnsUsbtw,,,78.0,,0.0,,,,,,State of Pará,R. do Fio,R. Do Fio,,Açaí N e D,Açaí N E D,,https://www.google.com/maps/search/?api=1&query=A%C3%A7a%C3%AD%20N%20e%20D&query_place_id=ChIJYauvOACLpJIRYqzRnsUsbtw,,Monday-Sunday: 9 AM to 1 PM
"R. 10 de Maio, 170 - Mangueirão, Belém - PA, 67013-000, Brazil","R. 10 De Maio, 170 - Mangueirão, Belém - Pa, 67013-000, Brazil",Açaí shop,,,,,,,,,Açaí shop,2.12e+18,Belém,BR,0x92a48b0046c882a3:0x1d61188e273a39a9,,,-1.3867431,-48.4335986,,Mangueirão,,,ChIJo4LIRgCLpJIRqTk6J44YYR0,67013-000,,76.0,,0.0,,,,,,State of Pará,"R. 10 de Maio, 170","R. 10 De Maio, 170",,Ananindeua,Ananindeua,,https://www.google.com/maps/search/?api=1&query=Ananindeua&query_place_id=ChIJo4LIRgCLpJIRqTk6J44YYR0,,
"Av. Dalva, 266 - Marambaia, Belém - PA, 66615-850, Brazil","Av. Dalva, 266 - Marambaia, Belém - Pa, 66615-850, Brazil",Store,,,,,,,,,Açaí shop,3.73e+18,Belém,BR,0x92a48bb3e16c7c51:0x33d1308bd5ccd97d,,,-1.40382,-48.4420844,,Marambaia,+55 91 98461-1005,5590000000000.0,ChIJUXxs4bOLpJIRfdnM1Ysw0TM,66615-850,,75.0,,6.0,6.0,0.0,0.0,0.0,0.0,State of Pará,"Av. Dalva, 266","Av. Dalva, 266",,Açaí do Vulcão,Açaí Do Vulcão,5.0,https://www.google.com/maps/search/?api=1&query=A%C3%A7a%C3%AD%20do%20Vulc%C3%A3o&query_place_id=ChIJUXxs4bOLpJIRfdnM1Ysw0TM,,Monday: 9 AM to 1 PM; Tuesday-Saturday: 9 AM to 8 PM; Sunday: 9 AM to 6 PM
"R. Nova, 601 - Coqueiro, Ananindeua - PA, 67113-160, Brazil","R. Nova, 601 - Coqueiro, Ananindeua - Pa, 67113-160, Brazil",Açaí shop,,,,,,,,,Açaí shop,9.69e+18,Ananindeua,BR,0x92a48b003ddd0917:0x8668f6a9fcef161e,,,-1.3893361,-48.4135614,,Coqueiro,+55 91 98467-2313,5590000000000.0,ChIJFwndPQCLpJIRHhbv_Kn2aIY,67113-160,,73.0,,0.0,,,,,,State of Pará,"R. Nova, 601","R. Nova, 601",,Açaí da Amazônia,Açaí Da Amazônia,,https://www.google.com/maps/search/?api=1&query=A%C3%A7a%C3%AD%20da%20Amaz%C3%B4nia&query_place_id=ChIJFwndPQCLpJIRHhbv_Kn2aIY,https://www.instagram.com/acai.damazonia?igsh=aHduMHo2aG95Zmxw,Monday-Saturday: 9 AM to 2 PM; Sunday: Closed
"Estr. do Benjamin, 23 - Mangueirão, Belém - PA, 66652-150, Brazil","Estr. Do Benjamin, 23 - Mangueirão, Belém - Pa, 66652-150, Brazil",Açaí shop,,,,,,,,,Açaí shop,1.2e+19,Belém,BR,0x92a48bfc39cbb83b:0xa713b395626d14a1,,,-1.3772529,-48.4300714,,Mangueirão,,,ChIJO7jLOfyLpJIRoRRtYpWzE6c,66652-150,,72.0,,0.0,,,,,,State of Pará,"Estr. do Benjamin, 23","Estr. Do Benjamin, 23",,Loukos por Açaí,Loukos Por Açaí,,https://www.google.com/maps/search/?api=1&query=Loukos%20por%20A%C3%A7a%C3%AD&query_place_id=ChIJO7jLOfyLpJIRoRRtYpWzE6c,,Monday-Saturday: 9:30 AM to 2:30 PM; Sunday: 9:30 AM to 3 PM
"Av. Rodolfo Chermont, 418 - Marambaia, Belém - PA, 66615-181, Brazil","Av. Rodolfo Chermont, 418 - Marambaia, Belém - Pa, 66615-181, Brazil",Juice shop,,,,,,,,,Açaí shop,4.38e+17,Belém,BR,0x92a48b845f66b4db:0x612b38fe0198cc0,,Conjunto Residencial Ipuã,-1.4055852,-48.4530568,,Marambaia,+55 91 98985-3837,5590000000000.0,ChIJ27RmX4SLpJIRwIwZ4I-zEgY,,,71.0,,14.0,7.0,3.0,3.0,0.0,1.0,State of Pará,"Av. Rodolfo Chermont, 418","Av. Rodolfo Chermont, 418",,Açaí do Alexandre,Açaí Do Alexandre,3.7,https://www.google.com/maps/search/?api=1&query=A%C3%A7a%C3%AD%20do%20Alexandre&query_place_id=ChIJ27RmX4SLpJIRwIwZ4I-zEgY,,Monday-Saturday: 9 AM to 11 PM; Sunday: 9 AM to 6 PM
"Av. Maj. Aviador Seda - Mangueirão, Belém - PA, 66040-210, Brazil","Av. Maj. Aviador Seda - Mangueirão, Belém - Pa, 66040-210, Brazil",Açaí shop,,,,,,,,,Açaí shop,1.25e+19,Belém,BR,0x92a48b77341ab735:0xad1267a56d12b31e,,,-1.3820011,-48.4555211,,Mangueirão,+55 91 98275-4510,5590000000000.0,ChIJNbcaNHeLpJIRHrMSbaVnEq0,66040-210,,70.0,,0.0,,,,,,State of Pará,Av. Maj. Aviador Seda,Av. Maj. Aviador Seda,,Açaí Parazão,Açaí Parazão,,https://www.google.com/maps/search/?api=1&query=A%C3%A7a%C3%AD%20Paraz%C3%A3o&query_place_id=ChIJNbcaNHeLpJIRHrMSbaVnEq0,,Monday: Closed; Tuesday-Sunday: 9 AM to 3 PM
"Vila Lameira Bitencourt - Atalaia, Ananindeua - PA, 67013-445, Brazil","Vila Lameira Bitencourt - Atalaia, Ananindeua - Pa, 67013-445, Brazil",Açaí shop,,,,,,,,,Açaí shop,1.26e+19,Ananindeua,BR,0x92a48b00142f5fed:0xae2e5390fbdddc35,,Escola E. F. M. Princesa Izabel,-1.3920601,-48.4282087,,Atalaia,,,ChIJ7V8vFACLpJIRNdzd-5BTLq4,67013-445,,69.0,,0.0,,,,,,State of Pará,Vila Lameira Bitencourt,Vila Lameira Bitencourt,,Papaçai,Papaçai,,https://www.google.com/maps/search/?api=1&query=Papa%C3%A7ai&query_place_id=ChIJ7V8vFACLpJIRNdzd-5BTLq4,,
"Passagem Jarbas Passarinho, 29 - Una, Belém - PA, 66652-030, Brazil","Passagem Jarbas Passarinho, 29 - Una, Belém - Pa, 66652-030, Brazil",Açaí shop,,,,,,,,,Açaí shop,1.45e+19,Belém,BR,0x92a48b6133ee61a3:0xc9c0f133ce438584,,,-1.3785406,-48.4286727,https://wa.me/c/559180287843,Una,+55 91 98028-7843,5590000000000.0,ChIJo2HuM2GLpJIRhIVDzjPxwMk,66652-030,,68.0,,0.0,,,,,,State of Pará,"Passagem Jarbas Passarinho, 29","Passagem Jarbas Passarinho, 29",,CASA DO AÇAÍ JESUS,Casa Do Açaí Jesus,,https://www.google.com/maps/search/?api=1&query=CASA%20DO%20A%C3%87A%C3%8D%20JESUS&query_place_id=ChIJo2HuM2GLpJIRhIVDzjPxwMk,,
"Coqueiro, Ananindeua - State of Pará, Brazil","Coqueiro, Ananindeua - State Of Pará, Brazil",Açaí shop,,,,,,,,,Açaí shop,3.34e+18,Ananindeua,BR,0x92a48b006891f077:0x2e5f161328b9ff69,,Metrópole Ananindeua Mall,-1.3857402,-48.4092503,,Coqueiro,,,ChIJd_CRaACLpJIRaf-5KBMWXy4,,,67.0,,0.0,,,,,,State of Pará,,,,Açaíman,Açaíman,,https://www.google.com/maps/search/?api=1&query=A%C3%A7a%C3%ADman&query_place_id=ChIJd_CRaACLpJIRaf-5KBMWXy4,https://www.instagram.com/acaimanbr?igsh=a2dxaXA2NjYzZzRi,Monday: Closed; Tuesday-Sunday: 6:50 AM to 4 PM
"R. 7 de Setembro, 30 - Coqueiro, Ananindeua - PA, 67113-374, Brazil","R. 7 De Setembro, 30 - Coqueiro, Ananindeua - Pa, 67113-374, Brazil",Ice cream shop,,,,,,,,,Açaí shop,1.03e+19,Ananindeua,BR,0x92a48b044ec20d33:0x8f7ffb62f92411ed,,,-1.3767303,-48.4197128,,Coqueiro,+55 91 98468-9476,5590000000000.0,ChIJMw3CTgSLpJIR7REk-WL7f48,67113-374,,66.0,,1.0,1.0,0.0,0.0,0.0,0.0,State of Pará,"R. 7 de Setembro, 30","R. 7 De Setembro, 30",,Fernando Açaíteria,Fernando Açaíteria,5.0,https://www.google.com/maps/search/?api=1&query=Fernando%20A%C3%A7a%C3%ADteria&query_place_id=ChIJMw3CTgSLpJIR7REk-WL7f48,,Monday-Saturday: 9 AM to 9 PM; Sunday: 9 AM to 2 PM
"R. do Fio, 618 - Guanabara, Ananindeua - PA, 67010-550, Brazil","R. Do Fio, 618 - Guanabara, Ananindeua - Pa, 67010-550, Brazil",Açaí shop,,,,,,,,,Açaí shop,6.17e+18,Ananindeua,BR,0x92a48b9892a1f3f9:0x55a98ff35511b4e8,,,-1.3978175,-48.4185711,,Guanabara,+55 91 98354-3306,5590000000000.0,ChIJ-fOhkpiLpJIR6LQRVfOPqVU,67010-550,,64.0,,4.0,2.0,0.0,2.0,0.0,0.0,State of Pará,"R. do Fio, 618","R. Do Fio, 618",,Açaí do Borges,Açaí Do Borges,3.0,https://www.google.com/maps/search/?api=1&query=A%C3%A7a%C3%AD%20do%20Borges&query_place_id=ChIJ-fOhkpiLpJIR6LQRVfOPqVU,,Monday-Sunday: 8 AM to 2 PM
"R. Esperanto, 527 - Marambaia, Belém - PA, 66615-017, Brazil","R. Esperanto, 527 - Marambaia, Belém - Pa, 66615-017, Brazil",Açaí shop,,,,,,,,,Açaí shop,1.1e+19,Belém,BR,0x92a48b53be613d85:0x97fc6a89b5e7fba6,,,-1.4046525,-48.4472816,,Marambaia,+55 91 99907-3337,5590000000000.0,ChIJhT1hvlOLpJIRpvvntYlq_Jc,66615-017,,65.0,,0.0,,,,,,State of Pará,"R. Esperanto, 527","R. Esperanto, 527",,Açaí Elite,Açaí Elite,,https://www.google.com/maps/search/?api=1&query=A%C3%A7a%C3%AD%20Elite&query_place_id=ChIJhT1hvlOLpJIRpvvntYlq_Jc,,
"Rod. Bernardo Sayão, 2348 - Castanheira, Belém - PA, 67033-000, Brazil","Rod. Bernardo Sayão, 2348 - Castanheira, Belém - Pa, 67033-000, Brazil",Ice cream shop,,,,,,,,,Açaí shop,1.24e+19,Belém,BR,0x92a48b10e04a0037:0xac8a89baa2fc487f,,Castanheira Mall,-1.4033077,-48.4304535,,Castanheira,+55 99 98511-9834,5600000000000.0,ChIJNwBK4BCLpJIRf0j8orqJiqw,67033-000,,63.0,,11.0,7.0,2.0,0.0,1.0,1.0,State of Pará,"Rod. Bernardo Sayão, 2348","Rod. Bernardo Sayão, 2348",,Milk Shake Mix - Sorvetes e Açaí,Milk Shake Mix - Sorvetes E Açaí,4.4,https://www.google.com/maps/search/?api=1&query=Milk%20Shake%20Mix%20-%20Sorvetes%20e%20A%C3%A7a%C3%AD&query_place_id=ChIJNwBK4BCLpJIRf0j8orqJiqw,,
"Passagem Nossa Sra. do Perpétuo Socorro, 80 - Benguí, Belém - PA, 66630-220, Brazil","Passagem Nossa Sra. Do Perpétuo Socorro, 80 - Benguí, Belém - Pa, 66630-220, Brazil",Açaí shop,,,,,,,,,Açaí shop,3.48e+18,Belém,BR,0x92a48b006dcd9b03:0x3057665644cdd7c5,,,-1.3760662,-48.4641653,,Benguí,,,ChIJA5vNbQCLpJIRxdfNRFZmVzA,66630-220,,61.0,,0.0,,,,,,State of Pará,"Passagem Nossa Sra. do Perpétuo Socorro, 80","Passagem Nossa Sra. Do Perpétuo Socorro, 80",,Nalva Açaí Bengui 29,Nalva Açaí Bengui 29,,https://www.google.com/maps/search/?api=1&query=Nalva%20A%C3%A7a%C3%AD%20Bengui%2029&query_place_id=ChIJA5vNbQCLpJIRxdfNRFZmVzA,,Monday: Closed; Tuesday-Sunday: 3 to 10 PM
"R. C (Jaderlândia Um), 48 - Jaderlândia, Ananindeua - PA, 67013-280, Brazil","R. C (Jaderlândia Um), 48 - Jaderlândia, Ananindeua - Pa, 67013-280, Brazil",Açaí shop,,,,,,,,,Açaí shop,1.74e+19,Ananindeua,BR,0x92a48bcff9fa0707:0xf0d67f9549f4be54,,,-1.3910483,-48.4223242,,Jaderlândia,+55 91 99358-7178,5590000000000.0,ChIJBwf6-c-LpJIRVL70SZV_1vA,67013-280,,62.0,,0.0,,,,,,State of Pará,"R. C (Jaderlândia Um), 48","R. C (Jaderlândia Um), 48",,La Casa de Açaí,La Casa De Açaí,,https://www.google.com/maps/search/?api=1&query=La%20Casa%20de%20A%C3%A7a%C3%AD&query_place_id=ChIJBwf6-c-LpJIRVL70SZV_1vA,,Monday-Sunday: 8 AM to 11 PM
"R. Bragança, 32 - Parque Verde, Belém - PA, 66633-520, Brazil","R. Bragança, 32 - Parque Verde, Belém - Pa, 66633-520, Brazil",Snack bar,,,,,,,,,Açaí shop,6.36e+18,Belém,BR,0x92a48a7c317ff67b:0x584927a14a101360,,,-1.3711068,-48.442707,,Parque Verde,+55 91 98412-4998,5590000000000.0,ChIJe_Z_MXyKpJIRYBMQSqEnSVg,66633-520,,80.0,,7.0,3.0,2.0,1.0,0.0,1.0,State of Pará,"R. Bragança, 32","R. Bragança, 32",,Açaí da Dalva,Açaí Da Dalva,3.7,https://www.google.com/maps/search/?api=1&query=A%C3%A7a%C3%AD%20da%20Dalva&query_place_id=ChIJe_Z_MXyKpJIRYBMQSqEnSVg,,Monday-Sunday: 8 AM to 3 PM
"Rua Marcos Pinheiro - Tapanã, Belém - PA, 66823-060, Brazil","Rua Marcos Pinheiro - Tapanã, Belém - Pa, 66823-060, Brazil",Store,,,,,,,,,Açaí shop,1.6e+18,Belém,BR,0x92a4610015024b99:0x163586ad12f303d4,,,-1.3464543,-48.4757653,,Tapanã,,,ChIJmUsCFQBhpJIR1APzEq2GNRY,,,79.0,,0.0,,,,,,State of Pará,Rua Marcos Pinheiro,Rua Marcos Pinheiro,,Açaí do sasá,Açaí Do Sasá,,https://www.google.com/maps/search/?api=1&query=A%C3%A7a%C3%AD%20do%20sas%C3%A1&query_place_id=ChIJmUsCFQBhpJIR1APzEq2GNRY,,
"Rod. Augusto Montenegro, 8166-8222 - Parque Verde, Belém - PA, 66823-060, Brazil","Rod. Augusto Montenegro, 8166-8222 - Parque Verde, Belém - Pa, 66823-060, Brazil",Restaurant,,,,,,,,,Açaí shop,2.47e+18,Belém,BR,0x92a46184a29265c3:0x225514d468478b18,,,-1.3554766,-48.4537898,,Parque Verde,+55 91 98159-4726,5590000000000.0,ChIJw2WSooRhpJIRGItHaNQUVSI,66823-060,,77.0,,6.0,4.0,2.0,0.0,0.0,0.0,State of Pará,"Rod. Augusto Montenegro, 8166-8222","Rod. Augusto Montenegro, 8166-8222",,Barão do Açaí,Barão Do Açaí,4.7,https://www.google.com/maps/search/?api=1&query=Bar%C3%A3o%20do%20A%C3%A7a%C3%AD&query_place_id=ChIJw2WSooRhpJIRGItHaNQUVSI,,
"Av. Perimetral, 285b - Tapanã, Belém - PA, 66830-360, Brazil","Av. Perimetral, 285B - Tapanã, Belém - Pa, 66830-360, Brazil",Restaurant,,,,,,,,,Açaí shop,7.29e+18,Belém,BR,0x92a46164e61b9601:0x6534a7f93ce4a3b8,,,-1.348375,-48.4645705,,Tapanã,+55 91 98243-1390,5590000000000.0,ChIJAZYb5mRhpJIRuKPkPPmnNGU,66830-360,,75.0,,5.0,4.0,0.0,0.0,1.0,0.0,State of Pará,"Av. Perimetral, 285b","Av. Perimetral, 285B",,Barões do Açaí,Barões Do Açaí,4.6,https://www.google.com/maps/search/?api=1&query=Bar%C3%B5es%20do%20A%C3%A7a%C3%AD&query_place_id=ChIJAZYb5mRhpJIRuKPkPPmnNGU,,
"R. Acapú - Tapanã, Belém - PA, 66830-670, Brazil","R. Acapú - Tapanã, Belém - Pa, 66830-670, Brazil",Restaurant,,,,,,,,,Açaí shop,3.76e+18,Belém,BR,0x92a461378297e31d:0x343da3542ea201fb,,,-1.3572297,-48.4647644,,Tapanã,,,ChIJHeOXgjdhpJIR-wGiLlSjPTQ,66830-670,,74.0,,11.0,6.0,3.0,0.0,2.0,0.0,State of Pará,R. Acapú,R. Acapú,,Papa açai,Papa Açai,4.4,https://www.google.com/maps/search/?api=1&query=Papa%20a%C3%A7ai&query_place_id=ChIJHeOXgjdhpJIR-wGiLlSjPTQ,,
"R. São Clemente - Tapanã, Belém - PA, 66643-290, Brazil","R. São Clemente - Tapanã, Belém - Pa, 66643-290, Brazil",Restaurant,,,,,,,,,Açaí shop,1.1e+18,Belém,BR,0x92a461268870170d:0xf51792358dd9465,,,-1.3575351,-48.4657706,,Tapanã,+55 91 98078-5276,5590000000000.0,ChIJDRdwiCZhpJIRZZTdWCN5UQ8,,,73.0,,3.0,3.0,0.0,0.0,0.0,0.0,State of Pará,R. São Clemente,R. São Clemente,,Açaí Sabor Marajoara,Açaí Sabor Marajoara,5.0,https://www.google.com/maps/search/?api=1&query=A%C3%A7a%C3%AD%20Sabor%20Marajoara&query_place_id=ChIJDRdwiCZhpJIRZZTdWCN5UQ8,,Monday: 9 AM to 2 PM; Tuesday-Sunday: 7 AM to 2 PM
"Av. Perimetral III, 205 - Tapanã, Belém - PA, 66833-881, Brazil","Av. Perimetral Iii, 205 - Tapanã, Belém - Pa, 66833-881, Brazil",Restaurant,,,,,,,,,Açaí shop,4.75e+18,Belém,BR,0x92a461a77841000f:0x41f42e6b3d029ed3,,,-1.3485036,-48.4637987,,Tapanã,+55 91 98884-7612,5590000000000.0,ChIJDwBBeKdhpJIR054CPWsu9EE,66833-881,,72.0,,1.0,1.0,0.0,0.0,0.0,0.0,State of Pará,"Av. Perimetral III, 205","Av. Perimetral Iii, 205",,Açaí Nutri +,Açaí Nutri +,5.0,https://www.google.com/maps/search/?api=1&query=A%C3%A7a%C3%AD%20Nutri%20%2B&query_place_id=ChIJDwBBeKdhpJIR054CPWsu9EE,https://www.facebook.com/acainutrimais/,
"R. Bolonha - Tapanã, Belém - PA, 66833-370, Brazil","R. Bolonha - Tapanã, Belém - Pa, 66833-370, Brazil",Pharmacy,,,,,,,,,Açaí shop,1.21e+19,Belém,BR,0x92a461a043e5db09:0xa7fe099020f3f4c9,,,-1.3432096,-48.4570965,,Tapanã,,,ChIJCdvlQ6BhpJIRyfTzIJAJ_qc,,,71.0,,1.0,0.0,1.0,0.0,0.0,0.0,State of Pará,R. Bolonha,R. Bolonha,,Açaí Tapajós,Açaí Tapajós,4.0,https://www.google.com/maps/search/?api=1&query=A%C3%A7a%C3%AD%20Tapaj%C3%B3s&query_place_id=ChIJCdvlQ6BhpJIRyfTzIJAJ_qc,,
"Tv. We-8, 595 - Coqueiro, Belém - PA, 66670-220, Brazil","Tv. We-8, 595 - Coqueiro, Belém - Pa, 66670-220, Brazil",Restaurant,,,,,,,,,Açaí shop,1.31e+19,Belém,BR,0x92a461cedcbfc41b:0xb5956c27b70dd637,,,-1.3410291,-48.4438962,,Coqueiro,+55 91 98313-0104,5590000000000.0,ChIJG8S_3M5hpJIRN9YNtydslbU,66670-220,,70.0,,15.0,12.0,0.0,3.0,0.0,0.0,State of Pará,"Tv. We-8, 595","Tv. We-8, 595",,Açaí e Assados Salmo 23,Açaí E Assados Salmo 23,4.2,https://www.google.com/maps/search/?api=1&query=A%C3%A7a%C3%AD%20e%20Assados%20Salmo%2023&query_place_id=ChIJG8S_3M5hpJIRN9YNtydslbU,,Monday-Saturday: 9 AM to 3 PM; Sunday: Closed
"Rod. Augusto Montenegro, 14 - Castanheira, Belém - PA, 66645-001, Brazil","Rod. Augusto Montenegro, 14 - Castanheira, Belém - Pa, 66645-001, Brazil",Restaurant,,,,,,,,,Açaí shop,1.5e+19,Belém,BR,0x92a46109cb4a13a5:0xd0adfd0c400b16d7,,,-1.3411656,-48.4512503,,Castanheira,,,ChIJpRNKywlhpJIR1xYLQAz9rdA,,,69.0,,0.0,,,,,,State of Pará,"Rod. Augusto Montenegro, 14","Rod. Augusto Montenegro, 14",,Açaí Do Rogério,Açaí Do Rogério,,https://www.google.com/maps/search/?api=1&query=A%C3%A7a%C3%AD%20Do%20Rog%C3%A9rio&query_place_id=ChIJpRNKywlhpJIR1xYLQAz9rdA,,
"R. Bolonha - Tapanã, Belém - PA, 66833-530, Brazil","R. Bolonha - Tapanã, Belém - Pa, 66833-530, Brazil",Restaurant,,,,,,,,,Açaí shop,1.16e+19,Belém,BR,0x92a4610a906378f9:0xa10a7f387379f059,,,-1.3415652,-48.4570164,,Tapanã,,,ChIJ-XhjkAphpJIRWfB5czh_CqE,66833-530,,66.0,,0.0,,,,,,State of Pará,R. Bolonha,R. Bolonha,,Açaí Balão,Açaí Balão,,https://www.google.com/maps/search/?api=1&query=A%C3%A7a%C3%AD%20Bal%C3%A3o&query_place_id=ChIJ-XhjkAphpJIRWfB5czh_CqE,,
"R. Pres. Castelo Branco, 126 - Tapanã, Belém - PA, 66825-070, Brazil","R. Pres. Castelo Branco, 126 - Tapanã, Belém - Pa, 66825-070, Brazil",Natural goods store,,,,,,,,,Açaí shop,1.23e+19,Belém,BR,0x92a4617f56512607:0xab3d6e1774cf0759,,,-1.3472839,-48.4723181,,Tapanã,+55 91 98322-0232,5590000000000.0,ChIJByZRVn9hpJIRWQfPdBduPas,66825-070,,64.0,,0.0,,,,,,State of Pará,"R. Pres. Castelo Branco, 126","R. Pres. Castelo Branco, 126",,Açaí Figueiredos,Açaí Figueiredos,,https://www.google.com/maps/search/?api=1&query=A%C3%A7a%C3%AD%20Figueiredos&query_place_id=ChIJByZRVn9hpJIRWQfPdBduPas,,
"Conjunto pedro Teixeira - R. B - Coqueiro, Belém - PA, 66823-060, Brazil","Conjunto Pedro Teixeira - R. B - Coqueiro, Belém - Pa, 66823-060, Brazil",Restaurant,,,,,,,,,Açaí shop,3.27e+18,Belém,BR,0x92a461b5124b9e81:0x2d5b7ff10fa6783c,,,-1.3467695,-48.4496533,https://pedido.anota.ai/loja/galeteria-ki-delicia?f=msa,Coqueiro,+55 91 98449-7864,5590000000000.0,ChIJgZ5LErVhpJIRPHimD_F_Wy0,66823-060,,65.0,,9.0,9.0,0.0,0.0,0.0,0.0,State of Pará,Conjunto pedro Teixeira - R. B,Conjunto Pedro Teixeira - R. B,,Açaí Ki-Delícia,Açaí Ki-Delícia,5.0,https://www.google.com/maps/search/?api=1&query=A%C3%A7a%C3%AD%20Ki-Del%C3%ADcia&query_place_id=ChIJgZ5LErVhpJIRPHimD_F_Wy0,,
"Tv. We-8, 144 - Conjunto Satelite, Belém - PA, 66670-220, Brazil","Tv. We-8, 144 - Conjunto Satelite, Belém - Pa, 66670-220, Brazil",Restaurant,,,,,,,,,Açaí shop,9.85e+18,Belém,BR,0x92a46107f63b7375:0x88b53c695d62fd02,,,-1.3419401,-48.4478915,,Conjunto Satelite,+55 91 3288-3698,559000000000.0,ChIJdXM79gdhpJIRAv1iXWk8tYg,66670-220,R$20–40,62.0,,47.0,45.0,1.0,0.0,1.0,0.0,State of Pará,"Tv. We-8, 144","Tv. We-8, 144",,Açaí Mano A Mano,Açaí Mano A Mano,4.9,https://www.google.com/maps/search/?api=1&query=A%C3%A7a%C3%AD%20Mano%20A%20Mano&query_place_id=ChIJdXM79gdhpJIRAv1iXWk8tYg,,Monday-Sunday: 7 AM to 10 PM
"Passagem Santa Inês - Atalaia, Ananindeua - PA, 67013-550, Brazil","Passagem Santa Inês - Atalaia, Ananindeua - Pa, 67013-550, Brazil",Ice cream shop,,,,,,,,,Açaí shop,1.03e+19,Ananindeua,BR,0x92a48b572666056d:0x8ed780ecb62299ab,,,-1.3850143,-48.4324628,,Atalaia,+55 91 98120-3287,5590000000000.0,ChIJbQVmJleLpJIRq5kituyA144,67013-550,,60.0,,0.0,,,,,,State of Pará,Passagem Santa Inês,Passagem Santa Inês,,Açai do Japa,Açai Do Japa,,https://www.google.com/maps/search/?api=1&query=A%C3%A7ai%20do%20Japa&query_place_id=ChIJbQVmJleLpJIRq5kituyA144,,"Monday-Sunday: 8 AM to 2 PM, 6 to 9 PM"
"Passagem Haroldo Veloso, 62 - Marambaia, Belém - PA, 66615-390, Brazil","Passagem Haroldo Veloso, 62 - Marambaia, Belém - Pa, 66615-390, Brazil",Ice cream shop,,,,,,,,,Açaí shop,5.07e+18,Belém,BR,0x92a48bc2aea92bbb:0x4664117b169559b0,,,-1.4043427,-48.4610738,,Marambaia,+55 91 3231-4176,559000000000.0,ChIJuyuprsKLpJIRsFmVFnsRZEY,66615-390,,59.0,,1.0,1.0,0.0,0.0,0.0,0.0,State of Pará,"Passagem Haroldo Veloso, 62","Passagem Haroldo Veloso, 62",,Açaí da ivanice,Açaí Da Ivanice,5.0,https://www.google.com/maps/search/?api=1&query=A%C3%A7a%C3%AD%20da%20ivanice&query_place_id=ChIJuyuprsKLpJIRsFmVFnsRZEY,,Monday-Sunday: Open 24 hours
"R. da Mata - Marambaia, Belém - PA, 68447-000, Brazil","R. Da Mata - Marambaia, Belém - Pa, 68447-000, Brazil",Ice cream shop,,,,,,,,,Açaí shop,1.69e+19,Belém,BR,0x92a48b0009b1a0b9:0xea9d1b982835a453,,,-1.401472,-48.46092,,Marambaia,,,ChIJuaCxCQCLpJIRU6Q1KJgbneo,68447-000,,58.0,,5.0,4.0,0.0,1.0,0.0,0.0,State of Pará,R. da Mata,R. Da Mata,,Top Açaí Sorvetes,Top Açaí Sorvetes,4.2,https://www.google.com/maps/search/?api=1&query=Top%20A%C3%A7a%C3%AD%20Sorvetes&query_place_id=ChIJuaCxCQCLpJIRU6Q1KJgbneo,,
"Passagem Santa Lúcia, 65A - Coqueiro, Ananindeua - PA, 67113-240, Brazil","Passagem Santa Lúcia, 65A - Coqueiro, Ananindeua - Pa, 67113-240, Brazil",Açaí shop,,,,,,,,,Açaí shop,6.26e+18,Ananindeua,BR,0x92a48bcf54e3b2ef:0x56e18f4bf97f9da5,,,-1.3802083,-48.414044,,Coqueiro,,,ChIJ77LjVM-LpJIRpZ1_-UuP4VY,67113-240,,57.0,,4.0,3.0,0.0,0.0,1.0,0.0,State of Pará,"Passagem Santa Lúcia, 65A","Passagem Santa Lúcia, 65A",,Açai Prime,Açai Prime,4.5,https://www.google.com/maps/search/?api=1&query=A%C3%A7ai%20Prime&query_place_id=ChIJ77LjVM-LpJIRpZ1_-UuP4VY,,
"Passagem Emília Ribeiro - Guanabara, Ananindeua - PA, 67010-150, Brazil","Passagem Emília Ribeiro - Guanabara, Ananindeua - Pa, 67010-150, Brazil",Organic food store,,,,,,,,,Açaí shop,8.72e+18,Ananindeua,BR,0x92a48bdb7d85263b:0x78f370afcfebd0b8,,,-1.4038335,-48.4189096,,Guanabara,+55 91 98557-5396,5590000000000.0,ChIJOyaFfduLpJIRuNDrz69w83g,67010-150,,56.0,,0.0,,,,,,State of Pará,Passagem Emília Ribeiro,Passagem Emília Ribeiro,,Açai Bélem,Açai Bélem,,https://www.google.com/maps/search/?api=1&query=A%C3%A7ai%20B%C3%A9lem&query_place_id=ChIJOyaFfduLpJIRuNDrz69w83g,,Monday-Friday: 8 AM to 5 PM; Saturday-Sunday: 8 AM to 3 PM
"Quase ao lado do Manolito - R. Ajax de Oliveira, 50 - H - Benguí, Belém - PA, 66630-000, Brazil","Quase Ao Lado Do Manolito - R. Ajax De Oliveira, 50 - H - Benguí, Belém - Pa, 66630-000, Brazil",Açaí shop,,,,,,,,,Açaí shop,1.09e+19,Belém,BR,0x92a48bc0ae2e2cf5:0x96d70a6b56bdff2b,,,-1.3763713,-48.4516416,,Benguí,+55 91 99614-9922,5590000000000.0,ChIJ9SwursCLpJIRK_-9VmsK15Y,66630-000,,55.0,,0.0,,,,,,State of Pará,"Quase ao lado do Manolito - R. Ajax de Oliveira, 50 - H","Quase Ao Lado Do Manolito - R. Ajax De Oliveira, 50 - H",,Açaí da salmo 23,Açaí Da Salmo 23,,https://www.google.com/maps/search/?api=1&query=A%C3%A7a%C3%AD%20da%20salmo%2023&query_place_id=ChIJ9SwursCLpJIRK_-9VmsK15Y,,Monday-Sunday: Open 24 hours
"Tv. Santa Rita de Cássia, 127 - Mangueirão, Belém - PA, 66630-850, Brazil","Tv. Santa Rita De Cássia, 127 - Mangueirão, Belém - Pa, 66630-850, Brazil",Açaí shop,,,,,,,,,Açaí shop,9.78e+18,Belém,BR,0x92a48bed237c9201:0x87bd0a16d747dece,,,-1.3804595,-48.4485329,,Mangueirão,+55 91 98728-3419,5590000000000.0,ChIJAZJ8I-2LpJIRzt5H1xYKvYc,66630850,,53.0,,0.0,,,,,,State of Pará,"Tv. Santa Rita de Cássia, 127","Tv. Santa Rita De Cássia, 127",,Açaí da Nath Mangueirão,Açaí Da Nath Mangueirão,,https://www.google.com/maps/search/?api=1&query=A%C3%A7a%C3%AD%20da%20Nath%20Mangueir%C3%A3o&query_place_id=ChIJAZJ8I-2LpJIRzt5H1xYKvYc,,Monday: Closed; Tuesday-Sunday: 8 AM to 9 PM
"Av. Rodolfo Chermont, 1596 - Marambaia, Belém - PA, 66620-430, Brazil","Av. Rodolfo Chermont, 1596 - Marambaia, Belém - Pa, 66620-430, Brazil",Juice shop,,,,,,,,,Açaí shop,1.24e+19,Belém,BR,0x92a48a4ed3384471:0xac3124eaa168e006,,,-1.3952174,-48.4536986,,Marambaia,+55 91 98199-0650,5590000000000.0,ChIJcUQ4006KpJIRBuBooeokMaw,66620-430,$,52.0,,38.0,26.0,7.0,3.0,0.0,2.0,State of Pará,"Av. Rodolfo Chermont, 1596","Av. Rodolfo Chermont, 1596",,Açaí do Zeca 1,Açaí Do Zeca 1,4.3,https://www.google.com/maps/search/?api=1&query=A%C3%A7a%C3%AD%20do%20Zeca%201&query_place_id=ChIJcUQ4006KpJIRBuBooeokMaw,,Monday: Closed; Tuesday-Sunday: 8 AM to 3 PM
"R. São Clemente - Benguí, Belém - PA, 66630-080, Brazil","R. São Clemente - Benguí, Belém - Pa, 66630-080, Brazil",Açaí shop,,,,,,,,,Açaí shop,1.82e+18,Belém,BR,0x92a48b0006d25c41:0x194e5d007313f9f4,,,-1.3772434,-48.462929,,Benguí,,,ChIJQVzSBgCLpJIR9PkTcwBdThk,66630-080,,54.0,,0.0,,,,,,State of Pará,R. São Clemente,R. São Clemente,,Açaí do Betinho,Açaí Do Betinho,,https://www.google.com/maps/search/?api=1&query=A%C3%A7a%C3%AD%20do%20Betinho&query_place_id=ChIJQVzSBgCLpJIR9PkTcwBdThk,,
"antiga - Av. Padre Bruno Sechi, N° 40 - Benguí, Belém - PA, 66833-605, Brazil","Antiga - Av. Padre Bruno Sechi, N° 40 - Benguí, Belém - Pa, 66833-605, Brazil",Açaí shop,,,,,,,,,Açaí shop,1.3e+19,Belém,BR,0x92a48b1424db61fb:0xb480c44f79496c41,,,-1.3764028,-48.4606265,,Benguí,,,ChIJ-2HbJBSLpJIRQWxJeU_EgLQ,66833-605,,51.0,,0.0,,,,,,State of Pará,"antiga - Av. Padre Bruno Sechi, N° 40","Antiga - Av. Padre Bruno Sechi, N° 40",,ROTA DO AÇAÍ,Rota Do Açaí,,https://www.google.com/maps/search/?api=1&query=ROTA%20DO%20A%C3%87A%C3%8D&query_place_id=ChIJ-2HbJBSLpJIRQWxJeU_EgLQ,,
"R. das Jaqueiras, 144 - Mangueirão, Belém - PA, 66640-650, Brazil","R. Das Jaqueiras, 144 - Mangueirão, Belém - Pa, 66640-650, Brazil",Açaí shop,,,,,,,,,Açaí shop,2.32e+18,Belém,BR,0x92a48be437e00e05:0x2038d93472ef3005,,,-1.3835886,-48.4499849,,Mangueirão,+55 91 98309-1562,5590000000000.0,ChIJBQ7gN-SLpJIRBTDvcjTZOCA,66640-650,,50.0,,7.0,7.0,0.0,0.0,0.0,0.0,State of Pará,"R. das Jaqueiras, 144","R. Das Jaqueiras, 144",,Açaí do Filé,Açaí Do Filé,5.0,https://www.google.com/maps/search/?api=1&query=A%C3%A7a%C3%AD%20do%20Fil%C3%A9&query_place_id=ChIJBQ7gN-SLpJIRBTDvcjTZOCA,,Monday-Sunday: 8 AM to 2:30 PM
"Passagem Ferreira Filho, 48 - Benguí, Belém - PA, 66630-200, Brazil","Passagem Ferreira Filho, 48 - Benguí, Belém - Pa, 66630-200, Brazil",Ice cream shop,,,,,,,,,Açaí shop,7.59e+17,Belém,BR,0x92a48bac40aef9dd:0xa882ed07b805aec,,,-1.3744376,-48.4529899,,Benguí,+55 91 99171-1015,5590000000000.0,ChIJ3fmuQKyLpJIR7FqAe9AuiAo,66630-200,,49.0,,10.0,7.0,3.0,0.0,0.0,0.0,State of Pará,"Passagem Ferreira Filho, 48","Passagem Ferreira Filho, 48",,Garagem do açaí gourmet,Garagem Do Açaí Gourmet,4.7,https://www.google.com/maps/search/?api=1&query=Garagem%20do%20a%C3%A7a%C3%AD%20gourmet&query_place_id=ChIJ3fmuQKyLpJIR7FqAe9AuiAo,,Monday-Tuesday: 9 AM to 2 PM; Wednesday: 9 AM to 3:30 PM; Thursday-Friday: 9 AM to 5 PM; Saturday: 9 AM to 2 PM; Sunday: 11 AM to 1 PM
"R. São Bento, 795-675 - Benguí, Belém - PA, 66630-030, Brazil","R. São Bento, 795-675 - Benguí, Belém - Pa, 66630-030, Brazil",Açaí shop,,,,,,,,,Açaí shop,1.08e+19,Belém,BR,0x92a48b5d01a4b383:0x95fad0cb7c186490,,,-1.3780004,-48.4555182,,Benguí,,,ChIJg7OkAV2LpJIRkGQYfMvQ-pU,66630-030,R$20–40,48.0,,3.0,1.0,0.0,2.0,0.0,0.0,State of Pará,"R. São Bento, 795-675","R. São Bento, 795-675",,Sabor Açaí,Sabor Açaí,2.3,https://www.google.com/maps/search/?api=1&query=Sabor%20A%C3%A7a%C3%AD&query_place_id=ChIJg7OkAV2LpJIRkGQYfMvQ-pU,,Monday: 8:30 AM to 5:05 PM; Tuesday-Saturday: 8:35 AM to 5:15 PM; Sunday: Closed
"Av. Três Corações, 01 - Coqueiro, Ananindeua - PA, 67015-160, Brazil","Av. Três Corações, 01 - Coqueiro, Ananindeua - Pa, 67015-160, Brazil",Restaurant,Açaí shop,Barbecue restaurant,Delivery Restaurant,Takeout Restaurant,,,,,Açaí shop,1.44e+19,Ananindeua,BR,0x92a48aa48384f843:0xc750405cd32f2485,,,-1.3764961,-48.4137057,https://wa.me/c/559181573405,Coqueiro,+55 91 98157-3405,5590000000000.0,ChIJQ_iEg6SKpJIRhSQv01xAUMc,67015-160,R$20–40,47.0,,252.0,154.0,54.0,8.0,28.0,8.0,State of Pará,"Av. Três Corações, 01","Av. Três Corações, 01",,Restô e Açaí Carimbó,Restô E Açaí Carimbó,4.3,https://www.google.com/maps/search/?api=1&query=Rest%C3%B4%20e%20A%C3%A7a%C3%AD%20Carimb%C3%B3&query_place_id=ChIJQ_iEg6SKpJIRhSQv01xAUMc,https://www.instagram.com/restoacai.carimbo,Monday-Sunday: 8 AM to 2:30 PM
"Benguí, Belém - State of Pará, 66630-001, Brazil","Benguí, Belém - State Of Pará, 66630-001, Brazil",Açaí shop,,,,,,,,,Açaí shop,1.38e+18,Belém,BR,0x92a48b363b256b81:0x131d230e3b891a77,,,-1.3779688,-48.4641721,,Benguí,,,ChIJgWslOzaLpJIRdxqJOw4jHRM,,,42.0,,3.0,3.0,0.0,0.0,0.0,0.0,State of Pará,,,,Açai do bilu,Açai Do Bilu,5.0,https://www.google.com/maps/search/?api=1&query=A%C3%A7ai%20do%20bilu&query_place_id=ChIJgWslOzaLpJIRdxqJOw4jHRM,,
"R. Roberto Regateiro, Q 21 - casa 140 - Mangueirão, Belém - PA, 66640-405, Brazil","R. Roberto Regateiro, Q 21 - Casa 140 - Mangueirão, Belém - Pa, 66640-405, Brazil",Catering food and drink supplier,,,,,,,,,Açaí shop,3.95e+18,Belém,BR,0x92a48b60b350cbbd:0x36cd671b16fc0e56,,,-1.380382,-48.4357168,,Mangueirão,+55 91 98167-0675,5590000000000.0,ChIJvctQs2CLpJIRVg78FhtnzTY,66640-405,,43.0,,28.0,26.0,2.0,0.0,0.0,0.0,State of Pará,"R. Roberto Regateiro, Q 21 - casa 140","R. Roberto Regateiro, Q 21 - Casa 140",,Açaí Bem Estar7,Açaí Bem Estar7,4.9,https://www.google.com/maps/search/?api=1&query=A%C3%A7a%C3%AD%20Bem%20Estar7&query_place_id=ChIJvctQs2CLpJIRVg78FhtnzTY,,
"R. Péricles Guedes de Oliveira, 190 - 435517- Castanheira","Whatssap:(91)991, R. Péricles Guedes De Oliveira, 190 - 435517___ - Castanheira, Belém - Pa, 66645-290, Brazil",Açaí shop,Restaurant,,,,,,,,Açaí shop,9.03e+18,Belém,BR,0x92a48b61fbb3f77d:0x7d3fc0693f3cf364,,,-1.4019155,-48.4319984,,Castanheira,+55 91 99915-7135,5590000000000.0,ChIJffez-2GLpJIRZPM8P2nAP30,66645-290,R$1–40,46.0,,19.0,12.0,2.0,1.0,2.0,2.0,State of Pará,"Whatssap:(91)991, R. Péricles Guedes de Oliveira, 190 - 435517___","Whatssap:(91)991, R. Péricles Guedes De Oliveira, 190 - 435517___",,Açaítería Mister,Açaítería Mister,4.2,https://www.google.com/maps/search/?api=1&query=A%C3%A7a%C3%ADter%C3%ADa%20Mister&query_place_id=ChIJffez-2GLpJIRZPM8P2nAP30,,Monday-Saturday: 8 AM to 3 PM; Sunday: 8 AM to 2 PM
"Passagem Nossa Sra. do Perpétuo Socorro, 304 - Atalaia, Ananindeua - PA, 67013-130, Brazil","Passagem Nossa Sra. Do Perpétuo Socorro, 304 - Atalaia, Ananindeua - Pa, 67013-130, Brazil",Açaí shop,,,,,,,,,Açaí shop,4.47e+18,Ananindeua,BR,0x92a48b647efd9ae9:0x3e12ceb906bd7a16,,,-1.3921621,-48.4231374,https://wa.me/message/BZVR5GFFEO6EM1,Atalaia,+55 91 98157-0622,5590000000000.0,ChIJ6Zr9fmSLpJIRFnq9BrnOEj4,67013-130,,41.0,,0.0,,,,,,State of Pará,"Passagem Nossa Sra. do Perpétuo Socorro, 304","Passagem Nossa Sra. Do Perpétuo Socorro, 304",,Açaí dos Reis,Açaí Dos Reis,,https://www.google.com/maps/search/?api=1&query=A%C3%A7a%C3%AD%20dos%20Reis&query_place_id=ChIJ6Zr9fmSLpJIRFnq9BrnOEj4,https://instagram.com/acaidreis?igshid=YmMyMTA2M2Y=,"Monday-Sunday: 8 AM to 3 PM, 5 to 10:30 PM"
"Passagem Hélio Pinheiro de Almeida, 100 - Parque Verde, Belém - PA, 66635-040, Brazil","Passagem Hélio Pinheiro De Almeida, 100 - Parque Verde, Belém - Pa, 66635-040, Brazil",Restaurant,,,,,,,,,Açaí shop,1.05e+19,Belém,BR,0x92a4610052b8359f:0x9261379726e6b331,,,-1.3660824,-48.451972,,Parque Verde,,,ChIJnzW4UgBhpJIRMbPmJpc3YZI,66635-040,,55.0,,0.0,,,,,,State of Pará,"Passagem Hélio Pinheiro de Almeida, 100","Passagem Hélio Pinheiro De Almeida, 100",,Açaí marajoara,Açaí Marajoara,,https://www.google.com/maps/search/?api=1&query=A%C3%A7a%C3%AD%20marajoara&query_place_id=ChIJnzW4UgBhpJIRMbPmJpc3YZI,,Monday: 8:30 AM to 2 PM; Tuesday-Sunday: 8 AM to 2 PM
"Próximo a - Passagem São Vicente, 477-371 - Pratinha, Belém - PA, 66816-010, Brazil","Próximo A - Passagem São Vicente, 477-371 - Pratinha, Belém - Pa, 66816-010, Brazil",Grocery store,,,,,,,,,Açaí shop,3.6e+18,Belém,BR,0x92a4610038a0f8fd:0x31fd488a5e070df9,,,-1.3575635,-48.4706336,,Pratinha,,,ChIJ_figOABhpJIR-Q0HXopI_TE,66816-010,,57.0,,0.0,,,,,,State of Pará,"Próximo a - Passagem São Vicente, 477-371","Próximo A - Passagem São Vicente, 477-371",,Açaí do baixinho,Açaí Do Baixinho,,https://www.google.com/maps/search/?api=1&query=A%C3%A7a%C3%AD%20do%20baixinho&query_place_id=ChIJ_figOABhpJIR-Q0HXopI_TE,,"Monday-Saturday: 8 AM to 2 PM, 6 to 9 PM; Sunday: 8 AM to 2 PM"
"Tv. We-8, 5 - Conjunto Satelite, Belém - PA, 66670-220, Brazil","Tv. We-8, 5 - Conjunto Satelite, Belém - Pa, 66670-220, Brazil",Açaí shop,,,,,,,,,Açaí shop,1.53e+19,Belém,BR,0x92a461007802a33b:0xd4d76776f1d348b8,,,-1.3407365,-48.4436074,,Conjunto Satelite,+55 91 98624-7405,5590000000000.0,ChIJO6MCeABhpJIRuEjT8XZn19Q,66670-220,,52.0,,0.0,,,,,,State of Pará,"Tv. We-8, 5","Tv. We-8, 5",,PONTO DO AÇAÍ,Ponto Do Açaí,,https://www.google.com/maps/search/?api=1&query=PONTO%20DO%20A%C3%87A%C3%8D&query_place_id=ChIJO6MCeABhpJIRuEjT8XZn19Q,,Monday: Closed; Tuesday-Sunday: 8 AM to 2 PM
"Parque Verde, Belém - State of Pará, 66635-557, Brazil","Parque Verde, Belém - State Of Pará, 66635-557, Brazil",Restaurant,,,,,,,,,Açaí shop,1.54e+19,Belém,BR,0x92a461bfe076773d:0xd57bdcf014ad8008,,,-1.3557816,-48.4586437,,Parque Verde,,,ChIJPXd24L9hpJIRCICtFPDce9U,,,49.0,,0.0,,,,,,State of Pará,,,,Açaí Vip,Açaí Vip,,https://www.google.com/maps/search/?api=1&query=A%C3%A7a%C3%AD%20Vip&query_place_id=ChIJPXd24L9hpJIRCICtFPDce9U,,Monday-Sunday: 8 AM to 2:30 PM
"Tv. We 9 Cj Satelite, 656 - Coqueiro, Belém - PA, 66670-230, Brazil","Tv. We 9 Cj Satelite, 656 - Coqueiro, Belém - Pa, 66670-230, Brazil",Restaurant,,,,,,,,,Açaí shop,6.96e+17,Belém,BR,0x92a461928f071e4b:0x9a87ee266864e52,,,-1.3407305,-48.4434117,,Coqueiro,,,ChIJSx4Hj5JhpJIRUk6GZuJ-qAk,66670-230,,46.0,,2.0,1.0,0.0,0.0,1.0,0.0,State of Pará,"Tv. We 9 Cj Satelite, 656","Tv. We 9 Cj Satelite, 656",,Açaí do Abraão,Açaí Do Abraão,4.0,https://www.google.com/maps/search/?api=1&query=A%C3%A7a%C3%AD%20do%20Abra%C3%A3o&query_place_id=ChIJSx4Hj5JhpJIRUk6GZuJ-qAk,,Monday-Thursday: 9 AM to 2 PM; Friday-Saturday: Closed; Sunday: 9 AM to 2 PM
"Passagem Astronauta II - Parque Verde, Belém - PA, 66635-207, Brazil","Passagem Astronauta Ii - Parque Verde, Belém - Pa, 66635-207, Brazil",Supermarket,,,,,,,,,Açaí shop,3.34e+18,Belém,BR,0x92a4610c80eddacf:0x2e5a97c84c599364,,,-1.3585294,-48.4525422,,Parque Verde,,,ChIJz9rtgAxhpJIRZJNZTMiXWi4,66635-207,,45.0,,3.0,3.0,0.0,0.0,0.0,0.0,State of Pará,Passagem Astronauta II,Passagem Astronauta Ii,,Açaí do Louro,Açaí Do Louro,5.0,https://www.google.com/maps/search/?api=1&query=A%C3%A7a%C3%AD%20do%20Louro&query_place_id=ChIJz9rtgAxhpJIRZJNZTMiXWi4,,Monday-Sunday: 8 AM to 2 PM
"Al. Sucupira, 34 - quadra e - Tapanã, Belém - PA, 66830-680, Brazil","Al. Sucupira, 34 - Quadra E - Tapanã, Belém - Pa, 66830-680, Brazil",Restaurant,,,,,,,,,Açaí shop,1.26e+19,Belém,BR,0x92a4615355292321:0xae7435884a3d8c9c,,,-1.3575993,-48.4643698,,Tapanã,,,ChIJISMpVVNhpJIRnIw9Sog1dK4,66830-680,,43.0,,1.0,1.0,0.0,0.0,0.0,0.0,State of Pará,"Al. Sucupira, 34 - quadra e","Al. Sucupira, 34 - Quadra E",,Açai do Fred,Açai Do Fred,5.0,https://www.google.com/maps/search/?api=1&query=A%C3%A7ai%20do%20Fred&query_place_id=ChIJISMpVVNhpJIRnIw9Sog1dK4,,Monday-Sunday: 8 AM to 2 PM
"Tv. Abaetetuba, 4 - Marambaia, Belém - PA, 66620-030, Brazil","Tv. Abaetetuba, 4 - Marambaia, Belém - Pa, 66620-030, Brazil",Juice shop,,,,,,,,,Açaí shop,1.24e+19,Belém,BR,0x92a48bccac582473:0xacb001db6b45155c,,,-1.4005774,-48.4600251,,Marambaia,+55 91 99306-1721,5590000000000.0,ChIJcyRYrMyLpJIRXBVFa9sBsKw,66620-030,,39.0,,14.0,8.0,0.0,1.0,4.0,1.0,State of Pará,"Tv. Abaetetuba, 4","Tv. Abaetetuba, 4",,Açaí Diplomata,Açaí Diplomata,3.9,https://www.google.com/maps/search/?api=1&query=A%C3%A7a%C3%AD%20Diplomata&query_place_id=ChIJcyRYrMyLpJIRXBVFa9sBsKw,,Monday-Wednesday: 10 AM to 8 PM; Thursday: 12 AM to 8 PM; Friday: 11 AM to 8 PM; Saturday: 10 AM to 8 PM; Sunday: 11 AM to 5 PM
"Av. Centenário, 1052 - Val-de-Cães, Belém - PA, 66640-655, Brazil","Av. Centenário, 1052 - Val-De-Cães, Belém - Pa, 66640-655, Brazil",Açaí shop,,,,,,,,,Açaí shop,6.38e+18,Belém,BR,0x92a48bc8d0c2a675:0x58791aeebff3bc34,,Shopping Bosque Grão-Pará,-1.3889979,-48.4646712,,Val-de-Cães,,,ChIJdabC0MiLpJIRNLzzv-4aeVg,66640-655,,38.0,,1.0,1.0,0.0,0.0,0.0,0.0,State of Pará,"Av. Centenário, 1052","Av. Centenário, 1052",,Deguce Açaí Grao Para,Deguce Açaí Grao Para,5.0,https://www.google.com/maps/search/?api=1&query=Deguce%20A%C3%A7a%C3%AD%20Grao%20Para&query_place_id=ChIJdabC0MiLpJIRNLzzv-4aeVg,,Monday: 7 AM to 5 PM; Tuesday-Saturday: Closed; Sunday: 7 AM to 2 PM
"Posto Ananin - Est. da Providência, 601 - Cidade Nova, Ananindeua - PA, 67040-790, Brazil","Posto Ananin - Est. Da Providência, 601 - Cidade Nova, Ananindeua - Pa, 67040-790, Brazil",Açaí shop,,,,,,,,,Açaí shop,1.8e+19,Ananindeua,BR,0x92a48b91bf96b017:0xfa5af6bbeccaa44d,,,-1.3749697,-48.4088517,,Cidade Nova,+55 91 98648-6868,5590000000000.0,ChIJF7CWv5GLpJIRTaTK7Lv2Wvo,67040-790,,32.0,,3.0,3.0,0.0,0.0,0.0,0.0,State of Pará,"Posto Ananin - Est. da Providência, 601","Posto Ananin - Est. Da Providência, 601",,Açai De Juda,Açai De Juda,5.0,https://www.google.com/maps/search/?api=1&query=A%C3%A7ai%20De%20Juda&query_place_id=ChIJF7CWv5GLpJIRTaTK7Lv2Wvo,,Monday-Sunday: 10 AM to 3 PM
"Tv. We Três -A, 91 - Cidade Nova I, Ananindeua - PA, 67130-030, Brazil","Tv. We Três -A, 91 - Cidade Nova I, Ananindeua - Pa, 67130-030, Brazil",Juice shop,,,,,,,,,Açaí shop,1.75e+19,Ananindeua,BR,0x92a48aa597ad3749:0xf2f60d603fcd7031,,,-1.3750995,-48.4100046,,Cidade Nova I,+55 91 98243-9501,5590000000000.0,ChIJSTetl6WKpJIRMXDNP2AN9vI,67130-030,$,27.0,,31.0,22.0,5.0,0.0,2.0,2.0,State of Pará,"Tv. We Três -A, 91","Tv. We Três -A, 91",,Açaí Sem Mistura,Açaí Sem Mistura,4.5,https://www.google.com/maps/search/?api=1&query=A%C3%A7a%C3%AD%20Sem%20Mistura&query_place_id=ChIJSTetl6WKpJIRMXDNP2AN9vI,,Monday-Saturday: 10 AM to 2 PM; Sunday: 9:30 AM to 2 PM
"Av. Independência - Parque Verde, Belém - PA, 66633-570, Brazil","Av. Independência - Parque Verde, Belém - Pa, 66633-570, Brazil",Restaurant,,,,,,,,,Açaí shop,7.42e+18,Belém,BR,0x92a461d581e0f169:0x66eda388f46372dd,,,-1.3706766,-48.4414022,,Parque Verde,+55 91 98400-4573,5590000000000.0,ChIJafHggdVhpJIR3XJj9Iij7WY,66633-570,,24.0,,6.0,6.0,0.0,0.0,0.0,0.0,State of Pará,Av. Independência,Av. Independência,,Açai Sabor da Região,Açai Sabor Da Região,5.0,https://www.google.com/maps/search/?api=1&query=A%C3%A7ai%20Sabor%20da%20Regi%C3%A3o&query_place_id=ChIJafHggdVhpJIR3XJj9Iij7WY,,Monday-Saturday: 9 AM to 3 PM; Sunday: 9 AM to 2 PM
"Passagem Iracema, 302 - Marambaia, Belém - PA, 66623-140, Brazil","Passagem Iracema, 302 - Marambaia, Belém - Pa, 66623-140, Brazil",Açaí shop,,,,,,,,,Açaí shop,6.34e+18,Belém,BR,0x92a48b5a8331876b:0x580b0725cff32637,,,-1.399138,-48.4475425,,Marambaia,+55 91 99907-3337,5590000000000.0,ChIJa4cxg1qLpJIRNybzzyUHC1g,66623-140,,18.0,,0.0,,,,,,State of Pará,"Passagem Iracema, 302","Passagem Iracema, 302",,Açaí Elite,Açaí Elite,,https://www.google.com/maps/search/?api=1&query=A%C3%A7a%C3%AD%20Elite&query_place_id=ChIJa4cxg1qLpJIRNybzzyUHC1g,,Monday-Sunday: 9 AM to 2 PM
"R. We-3, 532 - Marambaia, Belém - PA, 66623-283, Brazil","R. We-3, 532 - Marambaia, Belém - Pa, 66623-283, Brazil",Açaí shop,,,,,,,,,Açaí shop,5.89e+18,Belém,BR,0x92a48affab533cc1:0x51cae4ac88f31daa,,,-1.3990153,-48.4372174,,Marambaia,+55 91 98899-4203,5590000000000.0,ChIJwTxTq_-KpJIRqh3ziKzkylE,66623-283,,19.0,,42.0,29.0,7.0,2.0,2.0,2.0,State of Pará,"R. We-3, 532","R. We-3, 532",,Açaí do Cowboy,Açaí Do Cowboy,4.4,https://www.google.com/maps/search/?api=1&query=A%C3%A7a%C3%AD%20do%20Cowboy&query_place_id=ChIJwTxTq_-KpJIRqh3ziKzkylE,http://acaidocowboy.blogspot.com.br/,
"Rod. Bernardo Sayão, 1171 - Entroncamento, Ananindeua - PA, 66645-003, Brazil","Rod. Bernardo Sayão, 1171 - Entroncamento, Ananindeua - Pa, 66645-003, Brazil",Açaí shop,,,,,,,,,Açaí shop,9.85e+18,Ananindeua,BR,0x92a48bf46e83b2c5:0x88c35a9b40ff7349,,Castanheira Mall,-1.4030219,-48.4304595,,Entroncamento,,,ChIJxbKDbvSLpJIRSXP_QJtaw4g,66645-003,,20.0,,1.0,1.0,0.0,0.0,0.0,0.0,State of Pará,"Rod. Bernardo Sayão, 1171","Rod. Bernardo Sayão, 1171",,Açaí no Grau Belém Pará,Açaí No Grau Belém Pará,5.0,https://www.google.com/maps/search/?api=1&query=A%C3%A7a%C3%AD%20no%20Grau%20Bel%C3%A9m%20Par%C3%A1&query_place_id=ChIJxbKDbvSLpJIRSXP_QJtaw4g,http://www.instagram.com/acainograubelem,Monday: 9 AM to 7 PM; Tuesday-Saturday: 9 AM to 8:30 PM; Sunday: 9 AM to 7 PM
"Av. Dalva, 724 - Marambaia, Belém - PA, 66615-850, Brazil","Av. Dalva, 724 - Marambaia, Belém - Pa, 66615-850, Brazil",Açaí shop,,,,,,,,,Açaí shop,1.59e+18,Belém,BR,0x92a48b020fb16a49:0x160d9ffb1abb6c8c,,,-1.4056876,-48.4388371,,Marambaia,+55 91 98900-2039,5590000000000.0,ChIJSWqxDwKLpJIRjGy7GvufDRY,66615-850,,17.0,,3.0,1.0,1.0,1.0,0.0,0.0,State of Pará,"Av. Dalva, 724","Av. Dalva, 724",,Açaí da D'alva,Açaí Da D'Alva,3.3,https://www.google.com/maps/search/?api=1&query=A%C3%A7a%C3%AD%20da%20D'alva&query_place_id=ChIJSWqxDwKLpJIRjGy7GvufDRY,,Monday-Sunday: 9 AM to 9 PM
"Vila Gabriela, Belém - State of Pará, 66623-710, Brazil","Vila Gabriela, Belém - State Of Pará, 66623-710, Brazil",Açaí shop,,,,,,,,,Açaí shop,6.5e+18,Belém,BR,0x92a48be4e1900581:0x5a31d4c1c75faade,,,-1.4018369,-48.4508906,,Vila Gabriela,+55 91 99293-8249,5590000000000.0,ChIJgQWQ4eSLpJIR3qpfx8HUMVo,66623-710,,16.0,,2.0,2.0,0.0,0.0,0.0,0.0,State of Pará,,,,Açaí do Teco,Açaí Do Teco,5.0,https://www.google.com/maps/search/?api=1&query=A%C3%A7a%C3%AD%20do%20Teco&query_place_id=ChIJgQWQ4eSLpJIR3qpfx8HUMVo,,Monday-Sunday: 11 AM to 10 PM
"Esquina com a Tiradentes - R. do Fio, 398 - Guanabara, Ananindeua - PA, 67010-550, Brazil","Esquina Com A Tiradentes - R. Do Fio, 398 - Guanabara, Ananindeua - Pa, 67010-550, Brazil",Food manufacturing supply,Açaí shop,,,,,,,,Açaí shop,4.43e+18,Ananindeua,BR,0x92a48bb08513c29b:0x3d840e05bb5af009,,,-1.3977753,-48.4186534,,Guanabara,,,ChIJm8IThbCLpJIRCfBauwUOhD0,67010-550,,15.0,,2.0,2.0,0.0,0.0,0.0,0.0,State of Pará,"Esquina com a Tiradentes - R. do Fio, 398","Esquina Com A Tiradentes - R. Do Fio, 398",,Elias Açaí,Elias Açaí,5.0,https://www.google.com/maps/search/?api=1&query=Elias%20A%C3%A7a%C3%AD&query_place_id=ChIJm8IThbCLpJIRCfBauwUOhD0,,
"R. I, 48 - Jaderlandia, Ananindeua - PA, 66017-970, Brazil","R. I, 48 - Jaderlandia, Ananindeua - Pa, 66017-970, Brazil",Açaí shop,,,,,,,,,Açaí shop,1.06e+19,Ananindeua,BR,0x92a48b21ba807db9:0x939c75d5db185088,,,-1.3880273,-48.4285323,,Jaderlândia,+55 91 99358-7178,5590000000000.0,ChIJuX2AuiGLpJIRiFAY29V1nJM,66017-970,,14.0,,1.0,1.0,0.0,0.0,0.0,0.0,State of Pará,"R. I, 48","R. I, 48",,La Casa de Açaí,La Casa De Açaí,5.0,https://www.google.com/maps/search/?api=1&query=La%20Casa%20de%20A%C3%A7a%C3%AD&query_place_id=ChIJuX2AuiGLpJIRiFAY29V1nJM,,
"Passagem Liberdade, 157 - Mangueirão, Belém - PA, 66640-150, Brazil","Passagem Liberdade, 157 - Mangueirão, Belém - Pa, 66640-150, Brazil",Açaí shop,,,,,,,,,Açaí shop,1.77e+19,Belém,BR,0x92a48b642d08b7ff:0xf60b8f5409e6e3a1,,,-1.3795999,-48.4513436,,Mangueirão,+55 91 98120-3061,5590000000000.0,ChIJ_7cILWSLpJIRoePmCVSPC_Y,66640-150,,13.0,,2.0,2.0,0.0,0.0,0.0,0.0,State of Pará,"Passagem Liberdade, 157","Passagem Liberdade, 157",,Açaí do JOSÉ,Açaí Do José,5.0,https://www.google.com/maps/search/?api=1&query=A%C3%A7a%C3%AD%20do%20JOS%C3%89&query_place_id=ChIJ_7cILWSLpJIRoePmCVSPC_Y,,
"Passagem Santa Teresinha, b39 - Coqueiro, Ananindeua - PA, 67113-260, Brazil","Passagem Santa Teresinha, B39 - Coqueiro, Ananindeua - Pa, 67113-260, Brazil",Açaí shop,,,,,,,,,Açaí shop,1.29e+19,Ananindeua,BR,0x92a48b0fcad70029:0xb31c3dfc88e55411,,,-1.3798559,-48.4157328,,Coqueiro,+55 91 98951-1815,5590000000000.0,ChIJKQDXyg-LpJIREVTliPw9HLM,67113-260,,12.0,,6.0,4.0,0.0,1.0,1.0,0.0,State of Pará,"Passagem Santa Teresinha, b39","Passagem Santa Teresinha, B39",,Açaí da Susy,Açaí Da Susy,4.0,https://www.google.com/maps/search/?api=1&query=A%C3%A7a%C3%AD%20da%20Susy&query_place_id=ChIJKQDXyg-LpJIREVTliPw9HLM,,Monday-Sunday: 9 AM to 3 PM
"Passagem Três de Novembro, 69 - Castanheira, Belém - PA, 66645-455, Brazil","Passagem Três De Novembro, 69 - Castanheira, Belém - Pa, 66645-455, Brazil",Açaí shop,,,,,,,,,Açaí shop,1.12e+19,Belém,BR,0x92a48bc248756f7d:0x9be6cb15d35ee32f,,,-1.4079984,-48.4324942,,Castanheira,+55 91 98190-7569,5590000000000.0,ChIJfW91SMKLpJIRL-Ne0xXL5ps,66645-455,,11.0,,6.0,6.0,0.0,0.0,0.0,0.0,State of Pará,"Passagem Três de Novembro, 69","Passagem Três De Novembro, 69",,AÇAÍ DO ZÉ - Desde 1978,Açaí Do Zé - Desde 1978,5.0,https://www.google.com/maps/search/?api=1&query=A%C3%87A%C3%8D%20DO%20Z%C3%89%20-%20Desde%201978&query_place_id=ChIJfW91SMKLpJIRL-Ne0xXL5ps,,Monday-Thursday: 9 AM to 3 PM; Friday: 9 AM to 5 PM; Saturday: 9 AM to 3 PM; Sunday: Closed
"Av. Rodolfo Chermont, 1072 - Marambaia, Belém - PA, 66600-000, Brazil","Av. Rodolfo Chermont, 1072 - Marambaia, Belém - Pa, 66600-000, Brazil",Açaí shop,,,,,,,,,Açaí shop,4.29e+18,Belém,BR,0x92a48bbbb3335ae5:0x3b81582f95d565bc,,,-1.399985,-48.453398,,Marambaia,+55 91 98341-7156,5590000000000.0,ChIJ5Vozs7uLpJIRvGXVlS9YgTs,66600-000,,9.0,,2.0,2.0,0.0,0.0,0.0,0.0,State of Pará,"Av. Rodolfo Chermont, 1072","Av. Rodolfo Chermont, 1072",,Casa do açaí do seu simeão,Casa Do Açaí Do Seu Simeão,5.0,https://www.google.com/maps/search/?api=1&query=Casa%20do%20a%C3%A7a%C3%AD%20do%20seu%20sime%C3%A3o&query_place_id=ChIJ5Vozs7uLpJIRvGXVlS9YgTs,,Monday-Sunday: 9 AM to 2:30 PM
"Passagem Santa Teresinha - Coqueiro, Ananindeua - PA, 67000-000, Brazil","Passagem Santa Teresinha - Coqueiro, Ananindeua - Pa, 67000-000, Brazil",Açaí shop,,,,,,,,,Açaí shop,3.53e+18,Ananindeua,BR,0x92a48bc6a9d43851:0x3106f59ce321b9e3,,,-1.380388,-48.4169406,,Coqueiro,,,ChIJUTjUqcaLpJIR47kh45z1BjE,,,8.0,,7.0,7.0,0.0,0.0,0.0,0.0,State of Pará,Passagem Santa Teresinha,Passagem Santa Teresinha,,Açaí do Yuri,Açaí Do Yuri,5.0,https://www.google.com/maps/search/?api=1&query=A%C3%A7a%C3%AD%20do%20Yuri&query_place_id=ChIJUTjUqcaLpJIR47kh45z1BjE,,Monday-Sunday: 8 AM to 2:30 PM
"Av. Dalva, 304 - Marambaia, Belém - PA, 66615-850, Brazil","Av. Dalva, 304 - Marambaia, Belém - Pa, 66615-850, Brazil",Açaí shop,,,,,,,,,Açaí shop,8.54e+18,Belém,BR,0x92a48babd42d479f:0x7673a63b63924950,,,-1.4038945,-48.4417281,https://pedido.anota.ai/loja/acai-bis?f=msa,Marambaia,+55 91 98182-3499,5590000000000.0,ChIJn0ct1KuLpJIRUEmSYzumc3Y,66615-850,,6.0,,153.0,89.0,25.0,21.0,13.0,5.0,State of Pará,"Av. Dalva, 304","Av. Dalva, 304",,Açai Bis,Açai Bis,4.0,https://www.google.com/maps/search/?api=1&query=A%C3%A7ai%20Bis&query_place_id=ChIJn0ct1KuLpJIRUEmSYzumc3Y,https://pedido.anota.ai/loja/acai-bis?f=msa,Monday-Tuesday: 9 AM to 2 PM; Wednesday: 9 AM to 3:30 PM; Thursday-Friday: 9 AM to 5 PM; Saturday: 9 AM to 2 PM; Sunday: 11 AM to 1 PM
"Av. Pan Americana - Coqueiro, Ananindeua - PA, 67113-370, Brazil","Av. Pan Americana - Coqueiro, Ananindeua - Pa, 67113-370, Brazil",Açaí shop,,,,,,,,,Açaí shop,5.18e+18,Ananindeua,BR,0x92a48b817a520757:0x47f085d179d24a3f,,,-1.3740713,-48.4206738,,Coqueiro,+55 91 98848-4578,5590000000000.0,ChIJVwdSeoGLpJIRP0rSedGF8Ec,67113-370,,7.0,,3.0,2.0,1.0,0.0,0.0,0.0,State of Pará,Av. Pan Americana,Av. Pan Americana,,Açaí no Ponto,Açaí No Ponto,4.7,https://www.google.com/maps/search/?api=1&query=A%C3%A7a%C3%AD%20no%20Ponto&query_place_id=ChIJVwdSeoGLpJIRP0rSedGF8Ec,,Monday: Closed; Tuesday-Sunday: 9 AM to 12 PM
"R. Anchieta, 42 - Marambaia, Belém - PA, 66615-030, Brazil","R. Anchieta, 42 - Marambaia, Belém - Pa, 66615-030, Brazil",Juice shop,Seafood restaurant,,,,,,,,Açaí shop,1.22e+18,Belém,BR,0x92a48baf366c3a9f:0x10e4b67daf472990,,,-1.4065271,-48.4441156,,Marambaia,+55 91 3238-4500,559000000000.0,ChIJnzpsNq-LpJIRkClHr3225BA,66615-030,,5.0,,17.0,15.0,1.0,0.0,0.0,1.0,State of Pará,"R. Anchieta, 42","R. Anchieta, 42",,Açai da Verena,Açai Da Verena,4.8,https://www.google.com/maps/search/?api=1&query=A%C3%A7ai%20da%20Verena&query_place_id=ChIJnzpsNq-LpJIRkClHr3225BA,,Monday-Sunday: Open 24 hours
"R. Nova Jerusalém, 19 - Mangueirão, Belém - PA, 66640-030, Brazil","R. Nova Jerusalém, 19 - Mangueirão, Belém - Pa, 66640-030, Brazil",Açaí shop,,,,,,,,,Açaí shop,1.36e+19,Belém,BR,0x92a48b7c28415f83:0xbca9c2fc3e509bba,,,-1.3828421,-48.4537619,,Mangueirão,+55 91 99393-4632,5590000000000.0,ChIJg19BKHyLpJIRuptQPvzCqbw,66640-030,,4.0,,5.0,5.0,0.0,0.0,0.0,0.0,State of Pará,"R. Nova Jerusalém, 19","R. Nova Jerusalém, 19",,Açaí Sabore Premium,Açaí Sabore Premium,5.0,https://www.google.com/maps/search/?api=1&query=A%C3%A7a%C3%AD%20Sabore%20Premium&query_place_id=ChIJg19BKHyLpJIRuptQPvzCqbw,,Monday-Friday: 9 AM to 10 PM; Saturday: 9 AM to 8 PM; Sunday: 9 AM to 3 PM
"Av. Dalva, 9 - Marambaia, Belém - PA, 66615-850, Brazil","Av. Dalva, 9 - Marambaia, Belém - Pa, 66615-850, Brazil",Açaí shop,,,,,,,,,Açaí shop,5.21e+18,Belém,BR,0x92a48be8d03ea879:0x4851aede19eda3a4,,,-1.4036836,-48.4414719,,Marambaia,+55 91 98937-0986,5590000000000.0,ChIJeag-0OiLpJIRpKPtGd6uUUg,66615-850,,3.0,,10.0,9.0,0.0,1.0,0.0,0.0,State of Pará,"Av. Dalva, 9","Av. Dalva, 9",,Açaí Gabriel,Açaí Gabriel,4.6,https://www.google.com/maps/search/?api=1&query=A%C3%A7a%C3%AD%20Gabriel&query_place_id=ChIJeag-0OiLpJIRpKPtGd6uUUg,,
"R. We-3, 362 - Marambaia, Belém - PA, 66623-283, Brazil","R. We-3, 362 - Marambaia, Belém - Pa, 66623-283, Brazil",Açaí shop,,,,,,,,,Açaí shop,3.4e+18,Belém,BR,0x92a48b6a6df51a85:0x2f40b1a4d1ba343a,,,-1.3991545,-48.4357633,,Marambaia,+55 91 98499-0881,5590000000000.0,ChIJhRr1bWqLpJIROjS60aSxQC8,66623-283,,2.0,,10.0,9.0,1.0,0.0,0.0,0.0,State of Pará,"R. We-3, 362","R. We-3, 362",,NOSSO AÇAI,Nosso Açai,4.9,https://www.google.com/maps/search/?api=1&query=NOSSO%20A%C3%87AI&query_place_id=ChIJhRr1bWqLpJIROjS60aSxQC8,,Monday-Sunday: 7 to 11 PM
"Passagem São Luís 158, R. Álvaro Adolfo, 210 - Castanheira, Belém - PA, 66645-300, Brazil","Passagem São Luís 158, R. Álvaro Adolfo, 210 - Castanheira, Belém - Pa, 66645-300, Brazil",Food court,Açaí shop,Health food restaurant,Organic food store,Restaurant,,,,,Açaí shop,2.38e+18,Belém,BR,0x92a48b00b699145f:0x2108ffeeb0416dd5,,,-1.4024082,-48.4315161,,Castanheira,+55 91 98618-4555,5590000000000.0,ChIJXxSZtgCLpJIR1W1BsO7_CCE,66645-300,R$1–20,1.0,,13.0,13.0,0.0,0.0,0.0,0.0,State of Pará,"Passagem São Luís 158, R. Álvaro Adolfo, 210","Passagem São Luís 158, R. Álvaro Adolfo, 210",,Açai da Larinha,Açai Da Larinha,5.0,https://www.google.com/maps/search/?api=1&query=A%C3%A7ai%20da%20Larinha&query_place_id=ChIJXxSZtgCLpJIR1W1BsO7_CCE,https://wa.me/message/WS2SO5OZXG3YN1,Monday: 10:30 AM to 3 PM; Tuesday-Wednesday: 10:30 AM to 3:30 PM; Thursday-Sunday: 10:30 AM to 3 PM
"Pratinha, Belém - State of Pará, 66825-205, Brazil","Pratinha, Belém - State Of Pará, 66825-205, Brazil",Restaurant,,,,,,,,,Açaí shop,9.57e+18,Belém,BR,0x92a4618a2c7f95d5:0x84d245d31f95b1e2,,,-1.3536409,-48.4763901,,Pratinha,,,ChIJ1ZV_LIphpJIR4rGVH9NF0oQ,,,18.0,,3.0,3.0,0.0,0.0,0.0,0.0,State of Pará,,,,Açaí Da Lú,Açaí Da Lú,5.0,https://www.google.com/maps/search/?api=1&query=A%C3%A7a%C3%AD%20Da%20L%C3%BA&query_place_id=ChIJ1ZV_LIphpJIR4rGVH9NF0oQ,,Monday-Saturday: 9 AM to 10 PM; Sunday: 9 AM to 5 PM
"Passagem Santa Bárbara, 38 - Tapanã, Belém - PA, 66833-610, Brazil","Passagem Santa Bárbara, 38 - Tapanã, Belém - Pa, 66833-610, Brazil",Restaurant,,,,,,,,,Açaí shop,1.04e+19,Belém,BR,0x92a4610ee8c4179b:0x909053d5fa6c9750,,,-1.3500364,-48.459915,,Tapanã,+55 91 98841-2091,5590000000000.0,ChIJmxfE6A5hpJIRUJds-tVTkJA,66833-610,,17.0,,4.0,3.0,0.0,1.0,0.0,0.0,State of Pará,"Passagem Santa Bárbara, 38","Passagem Santa Bárbara, 38",,Açaí Pai D'égua,Açaí Pai D'Égua,4.0,https://www.google.com/maps/search/?api=1&query=A%C3%A7a%C3%AD%20Pai%20D'%C3%A9gua&query_place_id=ChIJmxfE6A5hpJIRUJds-tVTkJA,,Monday-Saturday: 7 AM to 10 PM; Sunday: 8 AM to 3 PM
"Tapanã, Belém - State of Pará, 66635-557, Brazil","Tapanã, Belém - State Of Pará, 66635-557, Brazil",Restaurant,,,,,,,,,Açaí shop,2.95e+18,Belém,BR,0x92a46195f375cd99:0x28f51acf2bc2d975,,,-1.3538537,-48.4591117,,Tapanã,,,ChIJmc1185VhpJIRddnCK88a9Sg,,,16.0,,1.0,1.0,0.0,0.0,0.0,0.0,State of Pará,,,,Mania Do Açaí,Mania Do Açaí,5.0,https://www.google.com/maps/search/?api=1&query=Mania%20Do%20A%C3%A7a%C3%AD&query_place_id=ChIJmc1185VhpJIRddnCK88a9Sg,,Monday-Saturday: 9 AM to 9:30 PM; Sunday: 2 to 8 PM
"Av. Padre Bruno Sechi, 3928 - São Clemente, Belém - PA, 66635-008, Brazil","Av. Padre Bruno Sechi, 3928 - São Clemente, Belém - Pa, 66635-008, Brazil",Restaurant,,,,,,,,,Açaí shop,1.83e+19,Belém,BR,0x92a461b4332d515f:0xfe18b1dec0c15d8e,,,-1.3677791,-48.4586273,,São Clemente,+55 99 2359-1723,560000000000.0,ChIJX1EtM7RhpJIRjl3BwN6xGP4,66635-008,,15.0,,3.0,3.0,0.0,0.0,0.0,0.0,State of Pará,"Av. Padre Bruno Sechi, 3928","Av. Padre Bruno Sechi, 3928",,Açaí Alexandrino,Açaí Alexandrino,5.0,https://www.google.com/maps/search/?api=1&query=A%C3%A7a%C3%AD%20Alexandrino&query_place_id=ChIJX1EtM7RhpJIRjl3BwN6xGP4,,
"Av. Mário Covas - Coqueiro, Belém - PA, 66815-860, Brazil","Av. Mário Covas - Coqueiro, Belém - Pa, 66815-860, Brazil",Restaurant,,,,,,,,,Açaí shop,1.48e+19,Belém,BR,0x92a46178d5e05d89:0xcd104aad819b7821,,,-1.3461045,-48.4490556,,Coqueiro,+55 91 98973-4664,5590000000000.0,ChIJiV3g1XhhpJIRIXibga1KEM0,,,14.0,,6.0,3.0,0.0,3.0,0.0,0.0,State of Pará,Av. Mário Covas,Av. Mário Covas,,Açai Queiroz,Açai Queiroz,3.0,https://www.google.com/maps/search/?api=1&query=A%C3%A7ai%20Queiroz&query_place_id=ChIJiV3g1XhhpJIRIXibga1KEM0,,
"Passagem Benfica - Benguí, Belém - PA, 66630-895, Brazil","Passagem Benfica - Benguí, Belém - Pa, 66630-895, Brazil",Food manufacturer,Restaurant,,,,,,,,Açaí shop,1.06e+19,Belém,BR,0x92a48b962b081119:0x933aa8fb30781c6a,,,-1.3752944,-48.4505549,,Benguí,+55 91 98479-5839,5590000000000.0,ChIJGREIK5aLpJIRahx4MPuoOpM,66630-895,,11.0,,2.0,2.0,0.0,0.0,0.0,0.0,State of Pará,Passagem Benfica,Passagem Benfica,,Açaí Sabor Da Ilha,Açaí Sabor Da Ilha,5.0,https://www.google.com/maps/search/?api=1&query=A%C3%A7a%C3%AD%20Sabor%20Da%20Ilha&query_place_id=ChIJGREIK5aLpJIRahx4MPuoOpM,,Monday: Open 24 hours; Tuesday-Thursday: 6 AM to 10 PM; Friday: 6 AM to 10:30 PM; Saturday: Open 24 hours; Sunday: 6 AM to 10 PM
"R. Bolonha - Tapanã, Belém - PA, 66823-060, Brazil","R. Bolonha - Tapanã, Belém - Pa, 66823-060, Brazil",Restaurant,,,,,,,,,Açaí shop,1.06e+19,Belém,BR,0x92a4618d5694425b:0x927d43bbacb5ef7b,,,-1.343447,-48.457201,,Tapanã,+55 91 98979-9434,5590000000000.0,ChIJW0KUVo1hpJIRe--1rLtDfZI,,,7.0,,2.0,1.0,1.0,0.0,0.0,0.0,State of Pará,R. Bolonha,R. Bolonha,,Açaí Moriá,Açaí Moriá,4.5,https://www.google.com/maps/search/?api=1&query=A%C3%A7a%C3%AD%20Mori%C3%A1&query_place_id=ChIJW0KUVo1hpJIRe--1rLtDfZI,,Monday-Saturday: 9 AM to 2 PM; Sunday: 9 AM to 12 PM
"Av. Padre Bruno Sechi, 1977 - Tapanã, Belém - PA, 66630-420, Brazil","Av. Padre Bruno Sechi, 1977 - Tapanã, Belém - Pa, 66630-420, Brazil",Restaurant,,,,,,,,,Açaí shop,8.93e+18,Belém,BR,0x92a4619dfc505af3:0x7bfaca723e61aa4b,,,-1.3612369,-48.4584369,,Tapanã,+55 91 99268-1421,5590000000000.0,ChIJ81pQ_J1hpJIRS6phPnLK-ns,66630-420,,9.0,,14.0,13.0,1.0,0.0,0.0,0.0,State of Pará,"Av. Padre Bruno Sechi, 1977","Av. Padre Bruno Sechi, 1977",,Canto do açaí,Canto Do Açaí,4.9,https://www.google.com/maps/search/?api=1&query=Canto%20do%20a%C3%A7a%C3%AD&query_place_id=ChIJ81pQ_J1hpJIRS6phPnLK-ns,,
"Pratinha, Belém - State of Pará, 66816-640, Brazil","Pratinha, Belém - State Of Pará, 66816-640, Brazil",Restaurant,,,,,,,,,Açaí shop,1.54e+19,Belém,BR,0x92a461ed9c5e3cc5:0xd61cf4e3b7934bed,,,-1.3588773,-48.4679369,,Pratinha,,,ChIJxTxenO1hpJIR7UuTt-P0HNY,,,5.0,,1.0,1.0,0.0,0.0,0.0,0.0,State of Pará,,,,Açai 2 Irmãos,Açai 2 Irmãos,5.0,https://www.google.com/maps/search/?api=1&query=A%C3%A7ai%202%20Irm%C3%A3os&query_place_id=ChIJxTxenO1hpJIR7UuTt-P0HNY,,Monday-Saturday: 9 AM to 3 PM; Sunday: 11 AM to 2 PM
"Passagem João de Deus, 136 - Guamá, Belém - PA, 66075-385, Brazil","Passagem João De Deus, 136 - Guamá, Belém - Pa, 66075-385, Brazil",Snack bar,Brazilian restaurant,,,,,,,,Açaí shop,1.7e+19,Belém,BR,0x92a48dc6b2b1af9b:0xebb974342647ac21,,,-1.4686406,-48.4647852,,Guamá,+55 91 98357-8874,5590000000000.0,ChIJm6-xssaNpJIRIaxHJjR0ues,66075-385,,7.0,,18.0,10.0,2.0,2.0,3.0,1.0,State of Pará,"Passagem João de Deus, 136","Passagem João De Deus, 136",,Papa Açaí,Papa Açaí,3.9,https://www.google.com/maps/search/?api=1&query=Papa%20A%C3%A7a%C3%AD&query_place_id=ChIJm6-xssaNpJIRIaxHJjR0ues,,Monday-Sunday: 9 AM to 3 PM
"Guamá, Belém - State of Pará, 66065-010, Brazil","Guamá, Belém - State Of Pará, 66065-010, Brazil",Restaurant,,,,,,,,,Açaí shop,5.16e+18,Belém,BR,0x92a48dc32adce971:0x479a321a810a5ede,,,-1.4720008,-48.4686662,,Guamá,,,ChIJcencKsONpJIR3l4KgRoymkc,,,15.0,,1.0,1.0,0.0,0.0,0.0,0.0,State of Pará,,,,Açaí Da Cláudia,Açaí Da Cláudia,5.0,https://www.google.com/maps/search/?api=1&query=A%C3%A7a%C3%AD%20Da%20Cl%C3%A1udia&query_place_id=ChIJcencKsONpJIR3l4KgRoymkc,,Monday-Sunday: 9:30 AM to 10 PM
"R. Antônio Everdosa, 1541 - Pedreira, Belém - PA, 66085-755, Brazil","R. Antônio Everdosa, 1541 - Pedreira, Belém - Pa, 66085-755, Brazil",Restaurant,,,,,,,,,Açaí shop,1.68e+19,Belém,BR,0x92a48bfb5b7dd3cb:0xe96f14b75dc74bc4,,,-1.4234877,-48.4732834,,Pedreira,+55 91 98342-3206,5590000000000.0,ChIJy9N9W_uLpJIRxEvHXbcUb-k,66085-755,,13.0,,12.0,10.0,1.0,0.0,1.0,0.0,State of Pará,"R. Antônio Everdosa, 1541","R. Antônio Everdosa, 1541",,Açaí Da Hilma,Açaí Da Hilma,4.8,https://www.google.com/maps/search/?api=1&query=A%C3%A7a%C3%AD%20Da%20Hilma&query_place_id=ChIJy9N9W_uLpJIRxEvHXbcUb-k,,Monday-Saturday: 9 AM to 11:15 PM; Sunday: 8 AM to 10 PM
"Rod. Augusto Montenegro, 4100 - Sala 103 N - Parque Verde, Belém - PA, 66635-110, Brazil","Rod. Augusto Montenegro, 4100 - Sala 103 N - Parque Verde, Belém - Pa, 66635-110, Brazil",Açaí shop,,,,,,,,,Açaí shop,1.55e+19,Belém,BR,0x92a461995ae5decb:0xd72c538879d6fd89,,,-1.3270819,-48.4497083,,Parque Verde,+55 91 98498-6915,5590000000000.0,ChIJy97lWplhpJIRif3WeYhTLNc,66635-110,,38.0,,0.0,,,,,,State of Pará,"Rod. Augusto Montenegro, 4100 - Sala 103 N","Rod. Augusto Montenegro, 4100 - Sala 103 N",,Hora do Açaí,Hora Do Açaí,,https://www.google.com/maps/search/?api=1&query=Hora%20do%20A%C3%A7a%C3%AD&query_place_id=ChIJy97lWplhpJIRif3WeYhTLNc,https://hora-do-acai-15.ola.click/products,Monday-Sunday: 9 AM to 2 PM
"R. Olga Silva - Parque Guajará, Belém - PA, 66825-280, Brazil","R. Olga Silva - Parque Guajará, Belém - Pa, 66825-280, Brazil",Açaí shop,,,,,,,,,Açaí shop,5.22e+18,Belém,BR,0x92a461266b6fa0d3:0x48638f2daa29648f,,,-1.3250917,-48.4624445,,Parque Guajará,+55 91 98445-4365,5590000000000.0,ChIJ06BvayZhpJIRj2Qpqi2PY0g,66825-280,,37.0,,1.0,0.0,0.0,1.0,0.0,0.0,State of Pará,R. Olga Silva,R. Olga Silva,,AÇAÍ RENASCER,Açaí Renascer,1.0,https://www.google.com/maps/search/?api=1&query=A%C3%87A%C3%8D%20RENASCER&query_place_id=ChIJ06BvayZhpJIRj2Qpqi2PY0g,,
"em frente ao Condomínio Viver Primavera - Rua do Ranario.3 box1 - Tapanã, Belém - PA, 66825-440, Brazil","Em Frente Ao Condomínio Viver Primavera - Rua Do Ranario.3 Box1 - Tapanã, Belém - Pa, 66825-440, Brazil",Açaí shop,,,,,,,,,Açaí shop,1.2e+19,Belém,BR,0x92a461231a27544d:0xa6a0ed713c9d1947,,,-1.3253546,-48.4646751,,Tapanã,+55 91 98602-1148,5590000000000.0,ChIJTVQnGiNhpJIRRxmdPHHtoKY,66825-440,,35.0,,0.0,,,,,,State of Pará,em frente ao Condomínio Viver Primavera - Rua do Ranario.3 box1,Em Frente Ao Condomínio Viver Primavera - Rua Do Ranario.3 Box1,,Açaí Deus Proverá Primavera,Açaí Deus Proverá Primavera,,https://www.google.com/maps/search/?api=1&query=A%C3%A7a%C3%AD%20Deus%20Prover%C3%A1%20Primavera&query_place_id=ChIJTVQnGiNhpJIRRxmdPHHtoKY,,Monday-Wednesday: 9 AM to 3 PM; Thursday: 9 AM to 4 PM; Friday-Sunday: 9 AM to 3 PM
"Lt nova Esperança - R. Ayrton Senna, 1284 - Coqueiro, Ananindeua - PA, 67140-825, Brazil","Lt Nova Esperança - R. Ayrton Senna, 1284 - Coqueiro, Ananindeua - Pa, 67140-825, Brazil",Açaí shop,Natural goods store,,,,,,,,Açaí shop,1.24e+19,Ananindeua,BR,0x92a48bed3ad3b367:0xac764acdde3f71eb,,,-1.3472713,-48.4155762,,Coqueiro,+55 91 98747-4078,5590000000000.0,ChIJZ7PTOu2LpJIR63E_3s1Kdqw,67140-825,,18.0,,3.0,2.0,0.0,1.0,0.0,0.0,State of Pará,"Lt nova Esperança - R. Ayrton Senna, 1284","Lt Nova Esperança - R. Ayrton Senna, 1284",,AÇAÍ Do ADIEL,Açaí Do Adiel,3.7,https://www.google.com/maps/search/?api=1&query=A%C3%87A%C3%8D%20Do%20ADIEL&query_place_id=ChIJZ7PTOu2LpJIR63E_3s1Kdqw,,
"Tenoné, Belém - State of Pará, 66820-020, Brazil","Tenoné, Belém - State Of Pará, 66820-020, Brazil",Açaí shop,,,,,,,,,Açaí shop,2.22e+18,Belém,BR,0x92a4617272a7a18f:0x1ed657c384038242,,,-1.3189469,-48.4410356,,Tenoné,,,ChIJj6GncnJhpJIRQoIDhMNX1h4,66820-020,,33.0,,3.0,1.0,1.0,1.0,0.0,0.0,State of Pará,,,,Açaí do Porto,Açaí Do Porto,3.3,https://www.google.com/maps/search/?api=1&query=A%C3%A7a%C3%AD%20do%20Porto&query_place_id=ChIJj6GncnJhpJIRQoIDhMNX1h4,,
"Passagem Santa Luzia - Quarenta Horas (Coqueiro), Ananindeua - PA, 67120-630, Brazil","Passagem Santa Luzia - Quarenta Horas (Coqueiro), Ananindeua - Pa, 67120-630, Brazil",Açaí shop,Restaurant,,,,,,,,Açaí shop,1.59e+19,Ananindeua,BR,0x92a461197a795829:0xdcdd5550e79c4410,,,-1.3438241,-48.4269825,,Quarenta Horas (Coqueiro),+55 91 98263-9836,5590000000000.0,ChIJKVh5ehlhpJIREESc51BV3dw,67120-630,,17.0,,2.0,0.0,2.0,0.0,0.0,0.0,State of Pará,Passagem Santa Luzia,Passagem Santa Luzia,Açaí da Adriane,Adriane's Açaí,Adriane'S Açaí,4.0,https://www.google.com/maps/search/?api=1&query=Adriane's%20A%C3%A7a%C3%AD&query_place_id=ChIJKVh5ehlhpJIREESc51BV3dw,,Monday-Saturday: 8 AM to 10 PM; Sunday: 11 AM to 4 PM
"Número 200 Box B entre alameda 8 e 9 - Coqueiro, Belém - PA, 66823-095, Brazil","Número 200 Box B Entre Alameda 8 E 9 - Coqueiro, Belém - Pa, 66823-095, Brazil",Organic food store,,,,,,,,,Açaí shop,1.43e+19,Belém,BR,0x92a4612c10a87cf5:0xc64c285fdfe6d6ad,,,-1.3309238,-48.4454243,,Coqueiro,+55 91 98273-9755,5590000000000.0,ChIJ9XyoECxhpJIRrdbm318oTMY,66823-095,,16.0,,1.0,0.0,0.0,1.0,0.0,0.0,State of Pará,Número 200 Box B entre alameda 8 e 9,Número 200 Box B Entre Alameda 8 E 9,,Açai da principal,Açai Da Principal,1.0,https://www.google.com/maps/search/?api=1&query=A%C3%A7ai%20da%20principal&query_place_id=ChIJ9XyoECxhpJIRrdbm318oTMY,,Monday-Friday: 9 AM to 3 PM; Saturday: 8:30 AM to 3 PM; Sunday: 9 AM to 3 PM
"Estr. do Icuí Guajará II, 1308-1410 - Icuí-Guajará, Ananindeua - PA, 67125-024, Brazil","Estr. Do Icuí Guajará Ii, 1308-1410 - Icuí-Guajará, Ananindeua - Pa, 67125-024, Brazil",Açaí shop,Restaurant,,,,,,,,Açaí shop,1.07e+19,Ananindeua,BR,0x92a4618f53e1bdcd:0x94ab46d6e63fe3aa,,,-1.3425574,-48.4202554,,Icuí-Guajará,+55 91 98460-2697,5590000000000.0,ChIJzb3hU49hpJIRquM_5tZGq5Q,67125-024,,14.0,,12.0,9.0,2.0,1.0,0.0,0.0,State of Pará,"Estr. do Icuí Guajará II, 1308-1410","Estr. Do Icuí Guajará Ii, 1308-1410",Açaí do Tom,Tom's Açaí,Tom'S Açaí,4.5,https://www.google.com/maps/search/?api=1&query=Tom's%20A%C3%A7a%C3%AD&query_place_id=ChIJzb3hU49hpJIRquM_5tZGq5Q,,Monday: 9:30 AM to 3 PM; Tuesday: Closed; Wednesday-Friday: 9:30 AM to 3 PM; Saturday: 8 AM to 4 PM; Sunday: 8 AM to 1 PM
"Tv. Carlos Gomes Lot Cordolina, Tv. Paulo Freire Lot. Cordolina Fontele, 8 - Tenoné, Belém - PA, 66820-160, Brazil","Tv. Carlos Gomes Lot Cordolina, Tv. Paulo Freire Lot. Cordolina Fontele, 8 - Tenoné, Belém - Pa, 66820-160, Brazil",Açaí shop,,,,,,,,,Açaí shop,1.62e+19,Belém,BR,0x92a461d5b110cf63:0xe0aad0f8344af1e8,,,-1.3215892,-48.4441149,,Tenoné,,,ChIJY88QsdVhpJIR6PFKNPjQquA,66820-160,,13.0,,0.0,,,,,,State of Pará,"Tv. Carlos Gomes Lot Cordolina, Tv. Paulo Freire Lot. Cordolina Fontele, 8","Tv. Carlos Gomes Lot Cordolina, Tv. Paulo Freire Lot. Cordolina Fontele, 8",,Açaí do Janni,Açaí Do Janni,,https://www.google.com/maps/search/?api=1&query=A%C3%A7a%C3%AD%20do%20Janni&query_place_id=ChIJY88QsdVhpJIR6PFKNPjQquA,,
"Av. Principal, 74c - Coqueiro, Belém - PA, 66823-095, Brazil","Av. Principal, 74C - Coqueiro, Belém - Pa, 66823-095, Brazil",Açaí shop,,,,,,,,,Açaí shop,1.49e+18,Belém,BR,0x92a46182e4ad6e2b:0x14accf9bb6e1217a,,,-1.3313912,-48.4419931,,Coqueiro,+55 91 98917-7312,5590000000000.0,ChIJK26t5IJhpJIReiHhtpvPrBQ,66823-095,R$20–40,15.0,,5.0,5.0,0.0,0.0,0.0,0.0,State of Pará,"Av. Principal, 74c","Av. Principal, 74C",,Açaí do Pateta,Açaí Do Pateta,5.0,https://www.google.com/maps/search/?api=1&query=A%C3%A7a%C3%AD%20do%20Pateta&query_place_id=ChIJK26t5IJhpJIReiHhtpvPrBQ,,Monday-Friday: Closed; Saturday: 9 AM to 1:30 PM; Sunday: Closed
"R. Rui Barbosa, 52 - Tocantins, Belém - PA, 66640-040, Brazil","R. Rui Barbosa, 52 - Tocantins, Belém - Pa, 66640-040, Brazil",Açaí shop,,,,,,,,,Açaí shop,7.23e+18,Belém,BR,0x92a461955573d7f9:0x6453492c6552aa2b,,,-1.3292944,-48.4511764,,Tocantins,+55 91 98096-4784,5590000000000.0,ChIJ-ddzVZVhpJIRK6pSZSxJU2Q,66640040,,12.0,,0.0,,,,,,State of Pará,"R. Rui Barbosa, 52","R. Rui Barbosa, 52",,Açaí da samara,Açaí Da Samara,,https://www.google.com/maps/search/?api=1&query=A%C3%A7a%C3%AD%20da%20samara&query_place_id=ChIJ-ddzVZVhpJIRK6pSZSxJU2Q,https://www.acai.samara.com/,Monday-Sunday: 4 to 11 PM
"Av. Secundária - Ariramba, Belém - PA, Brazil","Av. Secundária - Ariramba, Belém - Pa, Brazil",Açaí shop,,,,,,,,,Açaí shop,1.1e+19,Belém,BR,0x92a461005bbde5c7:0x986f87ee6760e9a5,,borges auto capas,-1.3324254,-48.4435796,,Ariramba,+55 91 98480-7452,5590000000000.0,ChIJx-W9WwBhpJIRpelgZ-6Hb5g,,,11.0,,0.0,,,,,,State of Pará,Av. Secundária,Av. Secundária,,Açaí do Rogério,Açaí Do Rogério,,https://www.google.com/maps/search/?api=1&query=A%C3%A7a%C3%AD%20do%20Rog%C3%A9rio&query_place_id=ChIJx-W9WwBhpJIRpelgZ-6Hb5g,,Monday-Sunday: 4:30 to 10:30 PM
"R. Alacid Nunes, 208 - Tenoné, Belém - PA, 66040-310, Brazil","R. Alacid Nunes, 208 - Tenoné, Belém - Pa, 66040-310, Brazil",Açaí shop,,,,,,,,,Açaí shop,1.51e+19,Belém,BR,0x92a46183fe6d8cd5:0xd1da8f2722cc56d5,,,-1.3259383,-48.4389498,,Tenoné,+55 91 98829-5754,5590000000000.0,ChIJ1Yxt_oNhpJIR1VbMIieP2tE,66040-310,,9.0,,0.0,,,,,,State of Pará,"R. Alacid Nunes, 208","R. Alacid Nunes, 208",,Açaí Da Torre,Açaí Da Torre,,https://www.google.com/maps/search/?api=1&query=A%C3%A7a%C3%AD%20Da%20Torre&query_place_id=ChIJ1Yxt_oNhpJIR1VbMIieP2tE,,Monday-Sunday: 9 AM to 2 PM
"Quadra J, 13 - Jibóia Branca, Ananindeua - PA, 67120-760, Brazil","Quadra J, 13 - Jibóia Branca, Ananindeua - Pa, 67120-760, Brazil",Açaí shop,Juice shop,,,,,,,,Açaí shop,7.94e+18,Ananindeua,BR,0x92a4618b0f104121:0x6e28faa93abf32dc,,,-1.3405653,-48.4275148,,Jibóia Branca,+55 91 98215-2307,5590000000000.0,ChIJIUEQD4thpJIR3DK_Oqn6KG4,67120-760,,10.0,,3.0,2.0,0.0,0.0,1.0,0.0,State of Pará,"Quadra J, 13","Quadra J, 13",O Rei do Açaí,The Açaí King,The Açaí King,4.3,https://www.google.com/maps/search/?api=1&query=The%20A%C3%A7a%C3%AD%20King&query_place_id=ChIJIUEQD4thpJIR3DK_Oqn6KG4,,
"Quinta - R. Santa Isabel, 10b - Tenoné, Belém - PA, 66820-860, Brazil","Quinta - R. Santa Isabel, 10B - Tenoné, Belém - Pa, 66820-860, Brazil",Organic food store,Restaurant,,,,,,,,Açaí shop,1.1e+19,Belém,BR,0x92a461cb64c5898f:0x98d6b93494f75074,,,-1.3187042,-48.4412459,,Tenoné,,,ChIJj4nFZMthpJIRdFD3lDS51pg,66820-860,,8.0,,0.0,,,,,,State of Pará,"Quinta - R. Santa Isabel, 10b","Quinta - R. Santa Isabel, 10B",,Nunes Açaí e Assados,Nunes Açaí E Assados,,https://www.google.com/maps/search/?api=1&query=Nunes%20A%C3%A7a%C3%AD%20e%20Assados&query_place_id=ChIJj4nFZMthpJIRdFD3lDS51pg,,
"R. Paulo Paixão, 132 - Icuí-Laranjeira, Ananindeua - PA, 67125-230, Brazil","R. Paulo Paixão, 132 - Icuí-Laranjeira, Ananindeua - Pa, 67125-230, Brazil",Açaí shop,,,,,,,,,Açaí shop,1.55e+19,Ananindeua,BR,0x92a46100132fbf55:0xd6c19ad06eb9a41a,,,-1.3281212,-48.4128727,,Icuí-Laranjeira,,,ChIJVb8vEwBhpJIRGqS5btCawdY,67125-230,,7.0,,2.0,2.0,0.0,0.0,0.0,0.0,State of Pará,"R. Paulo Paixão, 132","R. Paulo Paixão, 132",,Point do açaí,Point Do Açaí,5.0,https://www.google.com/maps/search/?api=1&query=Point%20do%20a%C3%A7a%C3%AD&query_place_id=ChIJVb8vEwBhpJIRGqS5btCawdY,,
"Estr. do Icuí Guajará II, 143 - Icuí-Guajará, Ananindeua - PA, 67125-000, Brazil","Estr. Do Icuí Guajará Ii, 143 - Icuí-Guajará, Ananindeua - Pa, 67125-000, Brazil",Açaí shop,Restaurant,,,,,,,,Açaí shop,1.44e+19,Ananindeua,BR,0x92a460899eb43585:0xc8452a70e252fee7,,,-1.3395121,-48.4127328,,Icuí-Guajará,+55 91 98891-6919,5590000000000.0,ChIJhTW0nolgpJIR5_5S4nAqRcg,67125-000,,6.0,,4.0,4.0,0.0,0.0,0.0,0.0,State of Pará,"Estr. do Icuí Guajará II, 143","Estr. Do Icuí Guajará Ii, 143",Casa do açaí,Island's Açaí,Island'S Açaí,5.0,https://www.google.com/maps/search/?api=1&query=Island's%20A%C3%A7a%C3%AD&query_place_id=ChIJhTW0nolgpJIR5_5S4nAqRcg,,Monday-Sunday: 9 AM to 2 PM
"Enfrente residencial nazareno, R. Alacid Nunes - Tenoné, Belém - PA, 66820-020, Brazil","Enfrente Residencial Nazareno, R. Alacid Nunes - Tenoné, Belém - Pa, 66820-020, Brazil",Açaí shop,,,,,,,,,Açaí shop,9.44e+17,Belém,BR,0x92a461240c52ffb9:0xd1addbe5345b88d,,,-1.3211358,-48.4441446,,Tenoné,+55 91 98401-9488,5590000000000.0,ChIJuf9SDCRhpJIRjbhFU77dGg0,66820-020,,5.0,,4.0,4.0,0.0,0.0,0.0,0.0,State of Pará,"Enfrente residencial nazareno, R. Alacid Nunes","Enfrente Residencial Nazareno, R. Alacid Nunes",,Açai da Drika,Açai Da Drika,5.0,https://www.google.com/maps/search/?api=1&query=A%C3%A7ai%20da%20Drika&query_place_id=ChIJuf9SDCRhpJIRjbhFU77dGg0,,
"Quarenta Horas, Ananindeua - State of Pará, 67125-160, Brazil","Quarenta Horas, Ananindeua - State Of Pará, 67125-160, Brazil",Açaí shop,Snack bar,,,,,,,,Açaí shop,1.02e+19,Ananindeua,BR,0x92a460f9d888a713:0x8d83a82b639b5f5d,,,-1.3389347,-48.4286876,,Quarenta Horas,+55 91 98194-9604,5590000000000.0,ChIJE6eI2PlgpJIRXV-bYyuog40,,,4.0,,25.0,18.0,3.0,2.0,2.0,0.0,State of Pará,,,,Ponto do Açaí,Ponto Do Açaí,4.4,https://www.google.com/maps/search/?api=1&query=Ponto%20do%20A%C3%A7a%C3%AD&query_place_id=ChIJE6eI2PlgpJIRXV-bYyuog40,,
"Monte serratb1296 B - Guamá, Belém - PA, 66075-500, Brazil","Monte Serratb1296 B - Guamá, Belém - Pa, 66075-500, Brazil",Açaí shop,,,,,,,,,Açaí shop,1.48e+19,Belém,BR,0x92a48dcc7fe61cc1:0xccd9d3d7fe7d015e,,,-1.470521,-48.4663904,,Guamá,+55 91 98484-0963,5590000000000.0,ChIJwRzmf8yNpJIRXgF9_tfT2cw,66075-500,,18.0,,0.0,,,,,,State of Pará,Monte serratb1296 B,Monte Serratb1296 B,,Açaí_do_misa,Açaí_Do_Misa,,https://www.google.com/maps/search/?api=1&query=A%C3%A7a%C3%AD_do_misa&query_place_id=ChIJwRzmf8yNpJIRXgF9_tfT2cw,,Monday-Sunday: 10 AM to 11 PM
"Estrada do Icui Guajará II - Icuí-Guajará, Ananindeua - PA, Brazil","Estrada Do Icui Guajará Ii - Icuí-Guajará, Ananindeua - Pa, Brazil",Açaí shop,,,,,,,,,Açaí shop,8.03e+18,Ananindeua,BR,0x92a461bc969a7121:0x6f676a86275f1eaa,,,-1.3275823,-48.4175236,,Icuí-Guajará,+55 91 99140-8549,5590000000000.0,ChIJIXGalrxhpJIRqh5fJ4ZqZ28,,,1.0,,3.0,3.0,0.0,0.0,0.0,0.0,State of Pará,Estrada do Icui Guajará II,Estrada Do Icui Guajará Ii,,Açaí Do Vincente,Açaí Do Vincente,5.0,https://www.google.com/maps/search/?api=1&query=A%C3%A7a%C3%AD%20Do%20Vincente&query_place_id=ChIJIXGalrxhpJIRqh5fJ4ZqZ28,,Monday-Sunday: 7 to 10 PM
"Av. Conselheiro Furtado, 2698 - Cremação, Belém - PA, 66040-100, Brazil","Av. Conselheiro Furtado, 2698 - Cremação, Belém - Pa, 66040-100, Brazil",Açaí shop,Juice shop,,,,,,,,Açaí shop,1.19e+19,Belém,BR,0x92a48c2bfd405c5b:0xa4c2ce565dcffce0,,,-1.456619,-48.474346,,Cremacao,+55 91 3229-0972,559000000000.0,ChIJW1xA_SuMpJIR4PzPXVbOwqQ,66040-100,,19.0,,49.0,31.0,6.0,8.0,1.0,3.0,State of Pará,"Av. Conselheiro Furtado, 2698","Av. Conselheiro Furtado, 2698",Casa do Açaí,House of Acai,House Of Acai,4.0,https://www.google.com/maps/search/?api=1&query=House%20of%20Acai&query_place_id=ChIJW1xA_SuMpJIR4PzPXVbOwqQ,,Monday-Friday: 10 AM to 3:30 PM; Saturday: 10 AM to 12:30 PM; Sunday: Closed
"Av. José Bonifácio, 31 - São Brás, Belém - PA, 66090-363, Brazil","Av. José Bonifácio, 31 - São Brás, Belém - Pa, 66090-363, Brazil",Juice shop,Fish store,,,,,,,,Açaí shop,4470000000000000.0,Belém,BR,0x92a48c232e73975b:0xfe1463b06a872,,,-1.4465704,-48.4689212,,São Brás,+55 91 3226-8764,559000000000.0,ChIJW5dzLiOMpJIRcqgGO0bhDwA,66090-363,R$20–40,12.0,,57.0,42.0,11.0,0.0,2.0,2.0,State of Pará,"Av. José Bonifácio, 31","Av. José Bonifácio, 31",,Açaí Mania Você e Sua Mania,Açaí Mania Você E Sua Mania,4.6,https://www.google.com/maps/search/?api=1&query=A%C3%A7a%C3%AD%20Mania%20Voc%C3%AA%20e%20Sua%20Mania&query_place_id=ChIJW5dzLiOMpJIRcqgGO0bhDwA,,
"Passagem Monte Serrat, 288-520 - Guamá, Belém - PA, 66075-500, Brazil","Passagem Monte Serrat, 288-520 - Guamá, Belém - Pa, 66075-500, Brazil",Açaí shop,,,,,,,,,Açaí shop,1.09e+19,Belém,BR,0x92a48dafe41d3a49:0x973bde9bb6f0962b,,,-1.4745452,-48.466556,,Guamá,,,ChIJSTod5K-NpJIRK5bwtpveO5c,66075-500,,8.0,,2.0,1.0,0.0,0.0,0.0,1.0,State of Pará,"Passagem Monte Serrat, 288-520","Passagem Monte Serrat, 288-520",,Açai Bool,Açai Bool,3.5,https://www.google.com/maps/search/?api=1&query=A%C3%A7ai%20Bool&query_place_id=ChIJSTod5K-NpJIRK5bwtpveO5c,,
"Al. Mamoré, 1692 - Guamá, Belém - PA, 66075-425, Brazil","Al. Mamoré, 1692 - Guamá, Belém - Pa, 66075-425, Brazil",Açaí shop,,,,,,,,,Açaí shop,9.1e+18,Belém,BR,0x92a48df6085e4ec3:0x7e3bfd2dbe8281ee,,,-1.4679471,-48.4658009,,Guamá,+55 91 98108-3421,5590000000000.0,ChIJw05eCPaNpJIR7oGCvi39O34,66075-425,,4.0,,4.0,3.0,0.0,0.0,1.0,0.0,State of Pará,"Al. Mamoré, 1692","Al. Mamoré, 1692",,Açaí do louro,Açaí Do Louro,4.5,https://www.google.com/maps/search/?api=1&query=A%C3%A7a%C3%AD%20do%20louro&query_place_id=ChIJw05eCPaNpJIR7oGCvi39O34,,Monday-Saturday: 11 AM to 3 PM; Sunday: Closed
"Passagem Santo Amaro, 31 - Maracangalha, Belém - PA, 66110-210, Brazil","Passagem Santo Amaro, 31 - Maracangalha, Belém - Pa, 66110-210, Brazil",Restaurant,,,,,,,,,Açaí shop,1.82e+19,Belém,BR,0x92a48bd4fbe26199:0xfcd6327f86cac437,,,-1.4024081,-48.4758362,,Maracangalha,+55 992045535,,ChIJmWHi-9SLpJIRN8TKhn8y1vw,66110-210,,10.0,,17.0,14.0,1.0,1.0,1.0,0.0,State of Pará,"Passagem Santo Amaro, 31","Passagem Santo Amaro, 31",,Açaí da Gilde,Açaí Da Gilde,4.6,https://www.google.com/maps/search/?api=1&query=A%C3%A7a%C3%AD%20da%20Gilde&query_place_id=ChIJmWHi-9SLpJIRN8TKhn8y1vw,,
"R. 15A, 92 - Maracangalha, Belém - PA, 66110-060, Brazil","R. 15A, 92 - Maracangalha, Belém - Pa, 66110-060, Brazil",Restaurant,,,,,,,,,Açaí shop,1.19e+19,Belém,BR,0x92a4896201f288df:0xa479a72c6989d600,,,-1.3975506,-48.4802307,,Maracangalha,+55 91 3257-1779,559000000000.0,ChIJ34jyAWKJpJIRANaJaSyneaQ,66110-060,R$1–20,2.0,,24.0,19.0,4.0,0.0,1.0,0.0,State of Pará,"R. 15A, 92","R. 15A, 92",,Açaí da PP,Açaí Da Pp,4.8,https://www.google.com/maps/search/?api=1&query=A%C3%A7a%C3%AD%20da%20PP&query_place_id=ChIJ34jyAWKJpJIRANaJaSyneaQ,,Monday: Closed; Tuesday: 8 AM to 9:08 PM; Wednesday-Saturday: 8 AM to 9 PM; Sunday: 8 AM to 1 PM
"R. Turmalina - Quarenta Horas (Coqueiro), Ananindeua - PA, 67120-620, Brazil","R. Turmalina - Quarenta Horas (Coqueiro), Ananindeua - Pa, 67120-620, Brazil",Restaurant,,,,,,,,,Açaí shop,4.36e+18,Ananindeua,BR,0x92a46058bbd97791:0x3c8e1597f0adb3fb,,,-1.3420577,-48.4246065,,Quarenta Horas (Coqueiro),+55 91 99162-5982,5590000000000.0,ChIJkXfZu1hgpJIR-7Ot8JcVjjw,,,18.0,,12.0,12.0,0.0,0.0,0.0,0.0,State of Pará,R. Turmalina,R. Turmalina,,Açaí Cristal,Açaí Cristal,5.0,https://www.google.com/maps/search/?api=1&query=A%C3%A7a%C3%AD%20Cristal&query_place_id=ChIJkXfZu1hgpJIR-7Ot8JcVjjw,,Monday-Saturday: 10 AM to 9 PM; Sunday: Closed
"Estr. Icuí-Guajará, 108 - Icuí-Guajará, Ananindeua - PA, 67125-000, Brazil","Estr. Icuí-Guajará, 108 - Icuí-Guajará, Ananindeua - Pa, 67125-000, Brazil",Store,Diner,,,,,,,,Açaí shop,1.24e+18,Ananindeua,BR,0x92a46169c459d281:0x112b8b9b11da636f,,,-1.3294309,-48.4145841,,Icuí-Guajará,+55 91 98465-9613,5590000000000.0,ChIJgdJZxGlhpJIRb2PaEZuLKxE,67125-000,,59.0,,2.0,1.0,0.0,1.0,0.0,0.0,State of Pará,"Estr. Icuí-Guajará, 108","Estr. Icuí-Guajará, 108",,Açaí & Cia - Pará,Açaí & Cia - Pará,3.0,https://www.google.com/maps/search/?api=1&query=A%C3%A7a%C3%AD%20%26%20Cia%20-%20Par%C3%A1&query_place_id=ChIJgdJZxGlhpJIRb2PaEZuLKxE,,Monday: 9 AM to 8 PM; Tuesday: 9:30 AM to 8 PM; Wednesday: 8:30 AM to 8 PM; Thursday-Saturday: 9:30 AM to 8 PM; Sunday: 9:30 AM to 3 PM
"Av. Marquês de Herval, 2598 - Pedreira, Belém - PA, 66087-320, Brazil","Av. Marquês De Herval, 2598 - Pedreira, Belém - Pa, 66087-320, Brazil",Snack bar,Food store,Health food restaurant,,,,,,,Açaí shop,5.9e+18,Belém,BR,0x92a48bedc2ea6d07:0x51d6f47f890e640c,,,-1.4190928,-48.4622078,,Pedreira,+55 91 99327-7472,5590000000000.0,ChIJB23qwu2LpJIRDGQOiX_01lE,66087-320,,20.0,,51.0,41.0,4.0,2.0,4.0,0.0,State of Pará,"Av. Marquês de Herval, 2598","Av. Marquês De Herval, 2598",,Açaí do Neco,Açaí Do Neco,4.6,https://www.google.com/maps/search/?api=1&query=A%C3%A7a%C3%AD%20do%20Neco&query_place_id=ChIJB23qwu2LpJIRDGQOiX_01lE,,
"Av. João Paulo II - Guanabara, Belém - PA, 66645-057, Brazil","Av. João Paulo Ii - Guanabara, Belém - Pa, 66645-057, Brazil",Restaurant,,,,,,,,,Açaí shop,8.71e+18,Belém,BR,0x92a48b11458d9d07:0x78eed679255145ff,,,-1.410115,-48.4244373,,Guanabara,+55 91 99227-0714,5590000000000.0,ChIJB52NRRGLpJIR_0VRJXnW7ng,66645-057,,18.0,,14.0,10.0,0.0,3.0,1.0,0.0,State of Pará,Av. João Paulo II,Av. João Paulo Ii,,Açaí Du Bom,Açaí Du Bom,4.0,https://www.google.com/maps/search/?api=1&query=A%C3%A7a%C3%AD%20Du%20Bom&query_place_id=ChIJB52NRRGLpJIR_0VRJXnW7ng,,Monday-Sunday: Open 24 hours
"Passagem Tôrres, 05 - Curió-Utinga, Belém - PA, 66610-730, Brazil","Passagem Tôrres, 05 - Curió-Utinga, Belém - Pa, 66610-730, Brazil",Natural goods store,Restaurant,,,,,,,,Açaí shop,8.28e+18,Belém,BR,0x92a48c79d0cecef7:0x72ee1caedb64145e,,,-1.4317501,-48.448397,,Curió-Utinga,,,ChIJ987O0HmMpJIRXhRk264c7nI,66610-730,,13.0,,4.0,2.0,1.0,0.0,1.0,0.0,State of Pará,"Passagem Tôrres, 05","Passagem Tôrres, 05",,Açaí das Castanheiras I,Açaí Das Castanheiras I,4.3,https://www.google.com/maps/search/?api=1&query=A%C3%A7a%C3%AD%20das%20Castanheiras%20I&query_place_id=ChIJ987O0HmMpJIRXhRk264c7nI,,Monday-Sunday: 8 AM to 2 PM
"Alameda Walter Putz, 15 - Souza, Belém - PA, 66613-085, Brazil","Alameda Walter Putz, 15 - Souza, Belém - Pa, 66613-085, Brazil",Restaurant,,,,,,,,,Açaí shop,1.83e+19,Belém,BR,0x92a48ba0c27abccb:0xfdcdd521f667e6b8,,,-1.4119877,-48.4404492,,Souza,,,ChIJy7x6wqCLpJIRuOZn9iHVzf0,66613-085,,11.0,,1.0,1.0,0.0,0.0,0.0,0.0,State of Pará,"Alameda Walter Putz, 15","Alameda Walter Putz, 15",,Casa Do Açaí,Casa Do Açaí,5.0,https://www.google.com/maps/search/?api=1&query=Casa%20Do%20A%C3%A7a%C3%AD&query_place_id=ChIJy7x6wqCLpJIRuOZn9iHVzf0,,Monday-Tuesday: 9 AM to 3 PM; Wednesday: 9 AM to 5 PM; Thursday-Saturday: 9 AM to 3 PM; Sunday: 10 AM to 1:40 PM
"Av.Osvaldo Orlando Costa, 48 - Águas Lindas, Belém - PA, 66690-400, Brazil","Av.Osvaldo Orlando Costa, 48 - Águas Lindas, Belém - Pa, 66690-400, Brazil",Restaurant,,,,,,,,,Açaí shop,6.28e+18,Belém,BR,0x92a4f58c1e46e55b:0x572a891689ec67f6,,,-1.4062693,-48.3918425,,Águas Lindas,,,ChIJW-VGHoz1pJIR9mfsiRaJKlc,66690-400,,12.0,,13.0,11.0,0.0,1.0,1.0,0.0,State of Pará,"Av.Osvaldo Orlando Costa, 48","Av.Osvaldo Orlando Costa, 48",,Açaí do irmão Hailton,Açaí Do Irmão Hailton,4.5,https://www.google.com/maps/search/?api=1&query=A%C3%A7a%C3%AD%20do%20irm%C3%A3o%20Hailton&query_place_id=ChIJW-VGHoz1pJIR9mfsiRaJKlc,,
"Passagem Getúlio Vargas, 29 - Souza, Belém - PA, 66613-070, Brazil","Passagem Getúlio Vargas, 29 - Souza, Belém - Pa, 66613-070, Brazil",Takeout Restaurant,,,,,,,,,Açaí shop,8.6e+18,Belém,BR,0x92a48b977d543e8b:0x7756aa9ae32d31dd,,,-1.4175366,-48.4488056,,Souza,+55 91 3243-8144,559000000000.0,ChIJiz5UfZeLpJIR3TEt45qqVnc,66613-070,$$,9.0,,53.0,35.0,10.0,2.0,6.0,0.0,State of Pará,"Passagem Getúlio Vargas, 29","Passagem Getúlio Vargas, 29",,Açaí da Tia,Açaí Da Tia,4.4,https://www.google.com/maps/search/?api=1&query=A%C3%A7a%C3%AD%20da%20Tia&query_place_id=ChIJiz5UfZeLpJIR3TEt45qqVnc,,
"Tv. WE12, 1506 - Maracangalha, Belém - PA, 66110-053, Brazil","Tv. We12, 1506 - Maracangalha, Belém - Pa, 66110-053, Brazil",Restaurant,,,,,,,,,Açaí shop,3.3e+18,Belém,BR,0x92a461001c740a87:0x2dc8177dd95c2fe8,,,-1.3377412,-48.4357189,,Maracangalha,+55 91 98879-1045,5590000000000.0,ChIJhwp0HABhpJIR6C9c2X0XyC0,66110-053,,75.0,,0.0,,,,,,State of Pará,"Tv. WE12, 1506","Tv. We12, 1506",,Império do açaí,Império Do Açaí,,https://www.google.com/maps/search/?api=1&query=Imp%C3%A9rio%20do%20a%C3%A7a%C3%AD&query_place_id=ChIJhwp0HABhpJIR6C9c2X0XyC0,https://www.instagram.com/imperiodoacaipa_?igsh=aGg0MG8zb3NuNXk2&utm_source=qr,
"R. São Jorge, 30 - Quarenta Horas, Ananindeua - PA, 67125-085, Brazil","R. São Jorge, 30 - Quarenta Horas, Ananindeua - Pa, 67125-085, Brazil",Deli,,,,,,,,,Açaí shop,8.92e+18,Ananindeua,BR,0x92a461d329bb78f7:0x7bca41f2b164d78e,,,-1.3367903,-48.4204206,,Quarenta Horas,+55 91 99807-8582,5590000000000.0,ChIJ93i7KdNhpJIRjtdksfJByns,67125-085,,74.0,,0.0,,,,,,State of Pará,"R. São Jorge, 30","R. São Jorge, 30",,Açai do Pará,Açai Do Pará,,https://www.google.com/maps/search/?api=1&query=A%C3%A7ai%20do%20Par%C3%A1&query_place_id=ChIJ93i7KdNhpJIRjtdksfJByns,,
"Tenoné, Belém - State of Pará, 66820-170, Brazil","Tenoné, Belém - State Of Pará, 66820-170, Brazil",,,,,,,,,,Açaí shop,3.53e+18,Belém,BR,0x92a460de5287d15b:0x30fb33015df80bf1,,,-1.3256467,-48.436113,,Tenoné,,,ChIJW9GHUt5gpJIR8Qv4XQEz-zA,,,70.0,,0.0,,,,,,State of Pará,,,,AÇAÍ DO LÉO,Açaí Do Léo,,https://www.google.com/maps/search/?api=1&query=A%C3%87A%C3%8D%20DO%20L%C3%89O&query_place_id=ChIJW9GHUt5gpJIR8Qv4XQEz-zA,,Monday: Closed; Tuesday-Sunday: 7:30 AM to 2 PM
"R. João Canuto, 156 - Parque Guajará, Belém - PA, 66821-405, Brazil","R. João Canuto, 156 - Parque Guajará, Belém - Pa, 66821-405, Brazil",Food processing equipment,,,,,,,,,Açaí shop,1.13e+19,Belém,BR,0x92a4612c81a4f1c3:0x9c9d5d9ecd6615aa,,,-1.3261169,-48.4527946,,Parque Guajará,+55 91 99224-2653,5590000000000.0,ChIJw_GkgSxhpJIRqhVmzZ5dnZw,66821-405,,72.0,,0.0,,,,,,State of Pará,"R. João Canuto, 156","R. João Canuto, 156",,Açaí salmo 91,Açaí Salmo 91,,https://www.google.com/maps/search/?api=1&query=A%C3%A7a%C3%AD%20salmo%2091&query_place_id=ChIJw_GkgSxhpJIRqhVmzZ5dnZw,,
"Rod. Augusto Montenegro - Parque Guajará, Belém - PA, 66821-000, Brazil","Rod. Augusto Montenegro - Parque Guajará, Belém - Pa, 66821-000, Brazil",Frozen food store,,,,,,,,,Açaí shop,5.08e+18,Belém,BR,0x92a461d6e8ae3ef9:0x467303b3b1c27dcc,,,-1.3277068,-48.4494065,,Parque Guajará,+55 91 99120-3749,5590000000000.0,ChIJ-T6u6NZhpJIRzH3CsbMDc0Y,66821-000,,69.0,,0.0,,,,,,State of Pará,Rod. Augusto Montenegro,Rod. Augusto Montenegro,,Maná Açaí Fruit,Maná Açaí Fruit,,https://www.google.com/maps/search/?api=1&query=Man%C3%A1%20A%C3%A7a%C3%AD%20Fruit&query_place_id=ChIJ-T6u6NZhpJIRzH3CsbMDc0Y,,"Monday: 8 AM to 6 PM; Tuesday: 8 AM to 12 AM; Wednesday-Thursday: 12 to 6 AM, 8 AM to 12 AM; Friday: 12 to 6 AM, 8 AM to 6 PM; Saturday: 8 AM to 6 PM; Sunday: Closed"
"R. Alacid Nunes - Tenoné, Belém - PA, 66820-020, Brazil","R. Alacid Nunes - Tenoné, Belém - Pa, 66820-020, Brazil",Food products supplier,,,,,,,,,Açaí shop,7.55e+18,Belém,BR,0x92a461e88c0d43c7:0x68d62f5ea08998c9,,,-1.3257268,-48.4348475,,Tenoné,+55 91 98215-5967,5590000000000.0,ChIJx0MNjOhhpJIRyZiJoF4v1mg,66820-020,,68.0,,0.0,,,,,,State of Pará,R. Alacid Nunes,R. Alacid Nunes,,Açaí do Jair,Açaí Do Jair,,https://www.google.com/maps/search/?api=1&query=A%C3%A7a%C3%AD%20do%20Jair&query_place_id=ChIJx0MNjOhhpJIRyZiJoF4v1mg,https://instagram.com/acai_jair?igshid=YmMyMTA2M2Y=,Monday-Saturday: 8 AM to 10 PM; Sunday: Closed
"Conj Porto Laranjeira, Q15 N490 - Tenoné, Belém - PA, Brazil","Conj Porto Laranjeira, Q15 N490 - Tenoné, Belém - Pa, Brazil",Restaurant,,,,,,,,,Açaí shop,1.47e+19,Belém,BR,0x92a46153eb2155cb:0xcc0feb75f8a423f5,,,-1.3261793,-48.4314189,,Tenoné,+55 91 98112-8727,5590000000000.0,ChIJy1Uh61NhpJIR9SOk-HXrD8w,,,67.0,,3.0,2.0,1.0,0.0,0.0,0.0,State of Pará,"Conj Porto Laranjeira, Q15 N490","Conj Porto Laranjeira, Q15 N490",,Açaí CASA DO PÃO,Açaí Casa Do Pão,4.7,https://www.google.com/maps/search/?api=1&query=A%C3%A7a%C3%AD%20CASA%20DO%20P%C3%83O&query_place_id=ChIJy1Uh61NhpJIR9SOk-HXrD8w,,Monday-Sunday: 7:30 AM to 7 PM
"Rod. Augusto Montenegro, 3377 - Loja 1 - Tenoné, Belém - PA, 66820-000, Brazil","Rod. Augusto Montenegro, 3377 - Loja 1 - Tenoné, Belém - Pa, 66820-000, Brazil",Restaurant,,,,,,,,,Açaí shop,1.63e+18,Belém,BR,0x92a4610eef379e2d:0x169a1914bd93fc37,,,-1.323635,-48.4491335,https://app.anota.ai/m/G2D6FML2w,Tenoné,+55 91 99355-8393,5590000000000.0,ChIJLZ437w5hpJIRN_yTvRQZmhY,66820-000,,65.0,,4.0,3.0,0.0,0.0,0.0,1.0,State of Pará,"Rod. Augusto Montenegro, 3377 - Loja 1","Rod. Augusto Montenegro, 3377 - Loja 1",,"Rota do Açaí - Restaurante, Açaí Natural e Hamburgueria","Rota Do Açaí - Restaurante, Açaí Natural E Hamburgueria",4.3,https://www.google.com/maps/search/?api=1&query=Rota%20do%20A%C3%A7a%C3%AD%20-%20Restaurante%2C%20A%C3%A7a%C3%AD%20Natural%20e%20Hamburgueria&query_place_id=ChIJLZ437w5hpJIRN_yTvRQZmhY,https://www.instagram.com/rotadoacaibelem?igsh=NDR6YjFmazliaWk5,Monday-Saturday: 9 AM to 10 PM; Sunday: 9 AM to 5 PM
"R. GUAJARA LT PQ, R. Laranjeira, 4 - BOX - Icuí-Guajará, Ananindeua - PA, 67145-470, Brazil","R. Guajara Lt Pq, R. Laranjeira, 4 - Box - Icuí-Guajará, Ananindeua - Pa, 67145-470, Brazil",Food court,,,,,,,,,Açaí shop,1.31e+19,Ananindeua,BR,0x92a461997dbfd71b:0xb54765c425015c7c,,,-1.3288598,-48.4166071,,Icuí-Guajará,+55 91 98600-3975,5590000000000.0,ChIJG9e_fZlhpJIRfFwBJcRlR7U,67145-470,,53.0,,0.0,,,,,,State of Pará,"R. GUAJARA LT PQ, R. Laranjeira, 4 - BOX","R. Guajara Lt Pq, R. Laranjeira, 4 - Box",,Açaí do marajó,Açaí Do Marajó,,https://www.google.com/maps/search/?api=1&query=A%C3%A7a%C3%AD%20do%20maraj%C3%B3&query_place_id=ChIJG9e_fZlhpJIRfFwBJcRlR7U,,Monday-Saturday: 7 AM to 10 PM; Sunday: 8 AM to 3 PM
"Estr. Icuí-Guajará, 39 - Icuí-Guajará, Ananindeua - PA, 67125-000, Brazil","Estr. Icuí-Guajará, 39 - Icuí-Guajará, Ananindeua - Pa, 67125-000, Brazil",Restaurant,,,,,,,,,Açaí shop,4.93e+18,Ananindeua,BR,0x92a4612f99bb4fbb:0x4459acf7c9c85021,,,-1.3281554,-48.4179363,,Icuí-Guajará,+55 91 98806-1740,5590000000000.0,ChIJu0-7mS9hpJIRIVDIyfesWUQ,67125-000,,55.0,,0.0,,,,,,State of Pará,"Estr. Icuí-Guajará, 39","Estr. Icuí-Guajará, 39",,Açai do Naldo icui,Açai Do Naldo Icui,,https://www.google.com/maps/search/?api=1&query=A%C3%A7ai%20do%20Naldo%20icui&query_place_id=ChIJu0-7mS9hpJIRIVDIyfesWUQ,https://www.instagram.com/acaidonaldoicui/,Monday-Saturday: 10 AM to 9 PM; Sunday: 10 AM to 3 PM
"R. Das Orquideas Cj Jardim Girassol, 110 - Tenoné, Belém - PA, 66820-705, Brazil","R. Das Orquideas Cj Jardim Girassol, 110 - Tenoné, Belém - Pa, 66820-705, Brazil",Restaurant,,,,,,,,,Açaí shop,5.9e+18,Belém,BR,0x92a460dc6434c279:0x51ecca10fb7a64f9,,,-1.3239435,-48.4317309,,Tenoné,,,ChIJecI0ZNxgpJIR-WR6-xDK7FE,66820-705,,51.0,,0.0,,,,,,State of Pará,"R. Das Orquideas Cj Jardim Girassol, 110","R. Das Orquideas Cj Jardim Girassol, 110",,R&R Açaí Expresso,R&R Açaí Expresso,,https://www.google.com/maps/search/?api=1&query=R%26R%20A%C3%A7a%C3%AD%20Expresso&query_place_id=ChIJecI0ZNxgpJIR-WR6-xDK7FE,,Monday-Wednesday: 10 AM to 10 PM; Thursday: 9 AM to 5 PM; Friday-Saturday: 10 AM to 10 PM; Sunday: 12 to 10 PM
"Passagem Bagani, 09a - Quarenta Horas, Ananindeua - PA, 67120-580, Brazil","Passagem Bagani, 09A - Quarenta Horas, Ananindeua - Pa, 67120-580, Brazil",Restaurant,,,,,,,,,Açaí shop,1.57e+19,Ananindeua,BR,0x92a461e6caedc5a7:0xd943d47d9c9caae2,,,-1.3338353,-48.4218446,,Quarenta Horas,+55 91 98473-7467,5590000000000.0,ChIJp8XtyuZhpJIR4qqcnH3UQ9k,67120-580,,49.0,,0.0,,,,,,State of Pará,"Passagem Bagani, 09a","Passagem Bagani, 09A",,Açaí do Brunão,Açaí Do Brunão,,https://www.google.com/maps/search/?api=1&query=A%C3%A7a%C3%AD%20do%20Brun%C3%A3o&query_place_id=ChIJp8XtyuZhpJIR4qqcnH3UQ9k,,Monday: Closed; Tuesday-Sunday: Open 24 hours
"Q. Vinte e Um - Icuí-Guajará, Ananindeua - PA, 67125-000, Brazil","Q. Vinte E Um - Icuí-Guajará, Ananindeua - Pa, 67125-000, Brazil",Restaurant,,,,,,,,,Açaí shop,3.64e+18,Ananindeua,BR,0x92a461286ca1ee29:0x328351f5cef63685,,,-1.3337753,-48.412109,,Icuí-Guajará,+55 91 98958-4006,5590000000000.0,ChIJKe6hbChhpJIRhTb2zvVRgzI,,,48.0,,0.0,,,,,,State of Pará,Q. Vinte e Um,Q. Vinte E Um,,Açaí do Eloi,Açaí Do Eloi,,https://www.google.com/maps/search/?api=1&query=A%C3%A7a%C3%AD%20do%20Eloi&query_place_id=ChIJKe6hbChhpJIRhTb2zvVRgzI,,
"Av. Helio da Mota, Av. Gov. Hélio Gueiros, 288 - 40hs - Coqueiro, Ananindeua - PA, 67120-370, Brazil","Av. Helio Da Mota, Av. Gov. Hélio Gueiros, 288 - 40Hs - Coqueiro, Ananindeua - Pa, 67120-370, Brazil",Manufacturer,,,,,,,,,Açaí shop,1.65e+19,Ananindeua,BR,0x92a461ad42437afb:0xe47ded668d169307,,,-1.3318764,-48.4251089,,Coqueiro,+55 91 98111-6040,5590000000000.0,ChIJ-3pDQq1hpJIRB5MWjWbtfeQ,67120-370,,47.0,,1.0,1.0,0.0,0.0,0.0,0.0,State of Pará,"Av. Helio da Mota, Av. Gov. Hélio Gueiros, 288 - 40hs","Av. Helio Da Mota, Av. Gov. Hélio Gueiros, 288 - 40Hs",,Açaí do Porto Industria de Polpas,Açaí Do Porto Industria De Polpas,5.0,https://www.google.com/maps/search/?api=1&query=A%C3%A7a%C3%AD%20do%20Porto%20Industria%20de%20Polpas&query_place_id=ChIJ-3pDQq1hpJIRB5MWjWbtfeQ,,Monday-Sunday: 8 AM to 2 PM
"Passagem 5º Linha Conjunto Celso Daniel Nº 02 - Tenoné, Belém - PA, 66820-160, Brazil","Passagem 5º Linha Conjunto Celso Daniel Nº 02 - Tenoné, Belém - Pa, 66820-160, Brazil",Restaurant,,,,,,,,,Açaí shop,1.71e+19,Belém,BR,0x92a4612524e6408d:0xedd04503081b1ffd,,,-1.3227438,-48.4407228,,Tenoné,+55 91 98248-9426,5590000000000.0,ChIJjUDmJCVhpJIR_R8bCANF0O0,66820-160,,45.0,,2.0,1.0,0.0,1.0,0.0,0.0,State of Pará,Passagem 5º Linha Conjunto Celso Daniel Nº 02,Passagem 5º Linha Conjunto Celso Daniel Nº 02,,Açai do Abraão,Açai Do Abraão,3.0,https://www.google.com/maps/search/?api=1&query=A%C3%A7ai%20do%20Abra%C3%A3o&query_place_id=ChIJjUDmJCVhpJIR_R8bCANF0O0,,
"Passagem Sexta Linha - Tenoné, Belém - PA, 66820-170, Brazil","Passagem Sexta Linha - Tenoné, Belém - Pa, 66820-170, Brazil",Eatery,,,,,,,,,Açaí shop,7.99e+18,Belém,BR,0x92a460d91cde1c75:0x6ed6934483391c51,,,-1.3220848,-48.4360884,,Tenoné,,,ChIJdRzeHNlgpJIRURw5g0ST1m4,,,44.0,,1.0,1.0,0.0,0.0,0.0,0.0,State of Pará,Passagem Sexta Linha,Passagem Sexta Linha,,Ahmed Açaí,Ahmed Açaí,5.0,https://www.google.com/maps/search/?api=1&query=Ahmed%20A%C3%A7a%C3%AD&query_place_id=ChIJdRzeHNlgpJIRURw5g0ST1m4,,Monday: Open 24 hours; Tuesday-Thursday: 6 AM to 10 PM; Friday: 6 AM to 10:30 PM; Saturday: Open 24 hours; Sunday: 6 AM to 10 PM
"R. Sta de Virgem, 84 - Tenoné, Belém - PA, 66820-720, Brazil","R. Sta De Virgem, 84 - Tenoné, Belém - Pa, 66820-720, Brazil",Restaurant,,,,,,,,,Açaí shop,4.71e+18,Belém,BR,0x92a461ad595bb413:0x415d014a9f11821b,,,-1.3207826,-48.4363965,,Tenoné,+55 91 98847-1035,5590000000000.0,ChIJE7RbWa1hpJIRG4IRn0oBXUE,66820-720,,42.0,,0.0,,,,,,State of Pará,"R. Sta de Virgem, 84","R. Sta De Virgem, 84",,Açaí Pará,Açaí Pará,,https://www.google.com/maps/search/?api=1&query=A%C3%A7a%C3%AD%20Par%C3%A1&query_place_id=ChIJE7RbWa1hpJIRG4IRn0oBXUE,,Monday-Sunday: 8:30 AM to 2 PM
"R. Frei Tito, 4 - Águas Lindas, Belém - PA, 66690-340, Brazil","R. Frei Tito, 4 - Águas Lindas, Belém - Pa, 66690-340, Brazil",Açaí shop,,,,,,,,,Açaí shop,1.75e+19,Belém,BR,0x92a4f5c38f9a5d7d:0xf2c3f8ea728bc1dd,,,-1.4066024,-48.3930613,,Águas Lindas,+55 91 98631-9614,5590000000000.0,ChIJfV2aj8P1pJIR3cGLcur4w_I,66690-340,R$1–20,16.0,,7.0,7.0,0.0,0.0,0.0,0.0,State of Pará,"R. Frei Tito, 4","R. Frei Tito, 4",,AÇAÍ OLIVEIRA (Águas lindas Olga Benário),Açaí Oliveira (Águas Lindas Olga Benário),5.0,https://www.google.com/maps/search/?api=1&query=A%C3%87A%C3%8D%20OLIVEIRA%20(%C3%81guas%20lindas%20Olga%20Ben%C3%A1rio)&query_place_id=ChIJfV2aj8P1pJIR3cGLcur4w_I,,Monday-Sunday: Open 24 hours
"Alameda Camélias - Águas Brancas, Ananindeua - PA, 67033-027, Brazil","Alameda Camélias - Águas Brancas, Ananindeua - Pa, 67033-027, Brazil",Açaí shop,,,,,,,,,Açaí shop,1.63e+18,Ananindeua,BR,0x92a4f54fa11fa2fb:0x169b198143075326,,,-1.3988189,-48.367541,,Águas Brancas,+55 91 98549-0728,5590000000000.0,ChIJ-6IfoU_1pJIRJlMHQ4EZmxY,67033-027,,8.0,,7.0,7.0,0.0,0.0,0.0,0.0,State of Pará,Alameda Camélias,Alameda Camélias,,AçaíRR,Açaírr,5.0,https://www.google.com/maps/search/?api=1&query=A%C3%A7a%C3%ADRR&query_place_id=ChIJ-6IfoU_1pJIRJlMHQ4EZmxY,,Monday-Saturday: 7:30 AM to 5 PM; Sunday: 7:30 AM to 3 PM
"Recanto da Volta, Parque do Utinga - Curió-Utinga, Belém - PA, 66610-770, Brazil","Recanto Da Volta, Parque Do Utinga - Curió-Utinga, Belém - Pa, 66610-770, Brazil",Ice cream shop,,,,,,,,,Açaí shop,9.09e+18,Belém,BR,0x92a48df6a139f16f:0x7e1eb0abb63168b0,,,-1.431511,-48.4129843,,Curió-Utinga,+55 91 99203-0019,5590000000000.0,ChIJb_E5ofaNpJIRsGgxtquwHn4,66610-770,,6.0,,2.0,0.0,0.0,1.0,1.0,0.0,State of Pará,"Recanto da Volta, Parque do Utinga","Recanto Da Volta, Parque Do Utinga",,Vida Açaí - Açaí Gourmet,Vida Açaí - Açaí Gourmet,2.0,https://www.google.com/maps/search/?api=1&query=Vida%20A%C3%A7a%C3%AD%20-%20A%C3%A7a%C3%AD%20Gourmet&query_place_id=ChIJb_E5ofaNpJIRsGgxtquwHn4,https://www.instagram.com/vidaacaibel,
"Passagem Q.ta Linha - Tenoné, Belém - PA, 66820-160, Brazil","Passagem Q.Ta Linha - Tenoné, Belém - Pa, 66820-160, Brazil",Restaurant,,,,,,,,,Açaí shop,1.78e+19,Belém,BR,0x92a4611e4c9c7529:0xf74366b61ccf721d,,,-1.3290777,-48.4403608,,Tenoné,,,ChIJKXWcTB5hpJIRHXLPHLZmQ_c,,,39.0,,2.0,2.0,0.0,0.0,0.0,0.0,State of Pará,Passagem Q.ta Linha,Passagem Q.Ta Linha,,Açai Altas Horas,Açai Altas Horas,5.0,https://www.google.com/maps/search/?api=1&query=A%C3%A7ai%20Altas%20Horas&query_place_id=ChIJKXWcTB5hpJIRHXLPHLZmQ_c,,
"Q. Quatro, 11 - Icuí-Guajará, Ananindeua - PA, 67125-000, Brazil","Q. Quatro, 11 - Icuí-Guajará, Ananindeua - Pa, 67125-000, Brazil",Restaurant,,,,,,,,,Açaí shop,1.55e+19,Ananindeua,BR,0x92a461908da9dc0d:0xd71b2c80265c864e,,,-1.3355336,-48.4108924,,Icuí-Guajará,,,ChIJDdypjZBhpJIRToZcJoAsG9c,67125-000,,33.0,,2.0,2.0,0.0,0.0,0.0,0.0,State of Pará,"Q. Quatro, 11","Q. Quatro, 11",,Açaí top mania,Açaí Top Mania,5.0,https://www.google.com/maps/search/?api=1&query=A%C3%A7a%C3%AD%20top%20mania&query_place_id=ChIJDdypjZBhpJIRToZcJoAsG9c,,Monday-Saturday: 7 AM to 10 PM; Sunday: 7 AM to 3 PM
"R. Rui Barbosa, 165-155 - Parque Guajará, Belém - PA, 66821-040, Brazil","R. Rui Barbosa, 165-155 - Parque Guajará, Belém - Pa, 66821-040, Brazil",Cocktail bar,,,,,,,,,Açaí shop,1.36e+19,Belém,BR,0x92a461ecbd79c4ff:0xbc744e81e370cfa2,,,-1.329773,-48.4564906,,Parque Guajará,,,ChIJ_8R5vexhpJIRos9w44FOdLw,66821-040,,28.0,,19.0,13.0,4.0,1.0,1.0,0.0,State of Pará,"R. Rui Barbosa, 165-155","R. Rui Barbosa, 165-155",,Açaí do Lica,Açaí Do Lica,4.5,https://www.google.com/maps/search/?api=1&query=A%C3%A7a%C3%AD%20do%20Lica&query_place_id=ChIJ_8R5vexhpJIRos9w44FOdLw,,"Monday-Saturday: 9 AM to 2:30 PM, 6 to 9 PM; Sunday: 9 AM to 2:30 PM"
"Avenida principal do conjunto, Av. Principal - Coqueiro, Belém - PA, 66823-093, Brazil","Avenida Principal Do Conjunto, Av. Principal - Coqueiro, Belém - Pa, 66823-093, Brazil",Restaurant,,,,,,,,,Açaí shop,4.91e+18,Belém,BR,0x92a4614c1f84ee5f:0x4414da3599e9384d,,,-1.3306395,-48.4382876,,Coqueiro,+55 91 99211-2245,5590000000000.0,ChIJX-6EH0xhpJIRTTjpmTXaFEQ,66823-093,,17.0,,1.0,0.0,0.0,0.0,1.0,0.0,State of Pará,"Avenida principal do conjunto, Av. Principal","Avenida Principal Do Conjunto, Av. Principal",,Açaí d+,Açaí D+,3.0,https://www.google.com/maps/search/?api=1&query=A%C3%A7a%C3%AD%20d%2B&query_place_id=ChIJX-6EH0xhpJIRTTjpmTXaFEQ,,
"R. Rui Barbosa, 129-121 - Parque Guajará, Belém - PA, 66821-040, Brazil","R. Rui Barbosa, 129-121 - Parque Guajará, Belém - Pa, 66821-040, Brazil",Snack bar,,,,,,,,,Açaí shop,2.8e+18,Belém,BR,0x92a461142e26dc7d:0x26e353db8b645ef5,,,-1.3295456,-48.4545656,,Parque Guajará,+55 91 98163-8171,5590000000000.0,ChIJfdwmLhRhpJIR9V5ki9tT4yY,66821-040,,16.0,,6.0,3.0,2.0,1.0,0.0,0.0,State of Pará,"R. Rui Barbosa, 129-121","R. Rui Barbosa, 129-121",,Ponto Do açaí,Ponto Do Açaí,4.0,https://www.google.com/maps/search/?api=1&query=Ponto%20Do%20a%C3%A7a%C3%AD&query_place_id=ChIJfdwmLhRhpJIR9V5ki9tT4yY,,Monday-Sunday: 7 AM to 10:30 PM
"Tv. Paulo Freire Lot. Cordolina Fontele, 44 a - Tenoné, Belém - PA, 66820-000, Brazil","Tv. Paulo Freire Lot. Cordolina Fontele, 44 A - Tenoné, Belém - Pa, 66820-000, Brazil",Family restaurant,,,,,,,,,Açaí shop,1.19e+19,Belém,BR,0x92a4612417e74609:0xa4e35578f4afe2ed,,,-1.3215295,-48.4415994,,Tenoné,,,ChIJCUbnFyRhpJIR7eKv9HhV46Q,66820-000,,12.0,,2.0,2.0,0.0,0.0,0.0,0.0,State of Pará,"Tv. Paulo Freire Lot. Cordolina Fontele, 44 a","Tv. Paulo Freire Lot. Cordolina Fontele, 44 A",,Ponto de açaí,Ponto De Açaí,5.0,https://www.google.com/maps/search/?api=1&query=Ponto%20de%20a%C3%A7a%C3%AD&query_place_id=ChIJCUbnFyRhpJIR7eKv9HhV46Q,,Monday-Sunday: 8 AM to 2 PM
"Coqueiro, Belém - State of Pará, 66823-072, Brazil","Coqueiro, Belém - State Of Pará, 66823-072, Brazil",Restaurant,,,,,,,,,Açaí shop,8.56e+17,Belém,BR,0x92a461118109b50b:0xbe24345b6e5a87b,,,-1.3302646,-48.4372758,,Coqueiro,+55 91 98960-2259,5590000000000.0,ChIJC7UJgRFhpJIRe6jltkVD4gs,,,10.0,,5.0,2.0,2.0,0.0,1.0,0.0,State of Pará,,,,Açaí Ouro Do Pará,Açaí Ouro Do Pará,4.2,https://www.google.com/maps/search/?api=1&query=A%C3%A7a%C3%AD%20Ouro%20Do%20Par%C3%A1&query_place_id=ChIJC7UJgRFhpJIRe6jltkVD4gs,https://instagram.com/acai_ouro_do_para_?utm_source=ig_profile_share&igshid=1cb40x4fju04e,
"Av. Principal - Coqueiro, Belém - PA, Brazil","Av. Principal - Coqueiro, Belém - Pa, Brazil",Restaurant,,,,,,,,,Açaí shop,1.53e+19,Belém,BR,0x92a4611de31ffaef:0xd47337a5a922762f,,,-1.3309152,-48.439456,,Coqueiro,,,ChIJ7_of4x1hpJIRL3YiqaU3c9Q,,,9.0,,2.0,2.0,0.0,0.0,0.0,0.0,State of Pará,Av. Principal,Av. Principal,,Açaí Real,Açaí Real,5.0,https://www.google.com/maps/search/?api=1&query=A%C3%A7a%C3%AD%20Real&query_place_id=ChIJ7_of4x1hpJIRL3YiqaU3c9Q,,Monday-Sunday: 6 AM to 2 PM
"Av. Principal - Coqueiro, Belém - PA, 66823-072, Brazil","Av. Principal - Coqueiro, Belém - Pa, 66823-072, Brazil",Restaurant,,,,,,,,,Açaí shop,1.13e+19,Belém,BR,0x92a460e18f088a59:0x9c5e3fd3ecc21c6b,,,-1.3303792,-48.4370432,,Coqueiro,+55 91 99354-6521,5590000000000.0,ChIJWYoIj-FgpJIRaxzC7NM_Xpw,66823-072,,7.0,,1.0,1.0,0.0,0.0,0.0,0.0,State of Pará,Av. Principal,Av. Principal,,Açaí do Juruba,Açaí Do Juruba,5.0,https://www.google.com/maps/search/?api=1&query=A%C3%A7a%C3%AD%20do%20Juruba&query_place_id=ChIJWYoIj-FgpJIRaxzC7NM_Xpw,,Monday-Sunday: Open 24 hours
"Rua We Um, Tv. Sn-3, 17 - Tenoné, Belém - PA, 66820-060, Brazil","Rua We Um, Tv. Sn-3, 17 - Tenoné, Belém - Pa, 66820-060, Brazil",Restaurant,,,,,,,,,Açaí shop,1.57e+19,Belém,BR,0x92a461aa38bc7de7:0xd969673590ccf768,,,-1.3221054,-48.4348044,,Tenoné,+55 91 98248-5858,5590000000000.0,ChIJ5328OKphpJIRaPfMkDVnadk,66820-060,R$1–20,2.0,,30.0,23.0,5.0,2.0,0.0,0.0,State of Pará,"Rua We Um, Tv. Sn-3, 17","Rua We Um, Tv. Sn-3, 17",,Império Do Açaí,Império Do Açaí,4.6,https://www.google.com/maps/search/?api=1&query=Imp%C3%A9rio%20Do%20A%C3%A7a%C3%AD&query_place_id=ChIJ5328OKphpJIRaPfMkDVnadk,,Monday-Sunday: Open 24 hours
"Av. Principal, 134-196 - Coqueiro, Belém - PA, 66823-072, Brazil","Av. Principal, 134-196 - Coqueiro, Belém - Pa, 66823-072, Brazil",Snack bar,,,,,,,,,Açaí shop,9.89e+18,Belém,BR,0x92a4611a0eafaddd:0x894faa62d44c6732,,,-1.3316354,-48.4484721,http://partiupedido.com.br/menu-acai-piramide,Coqueiro,+55 91 3278-1325,559000000000.0,ChIJ3a2vDhphpJIRMmdM1GKqT4k,66823-072,R$20–40,1.0,,261.0,184.0,48.0,6.0,15.0,8.0,State of Pará,"Av. Principal, 134-196","Av. Principal, 134-196",,Açaí Pirâmide,Açaí Pirâmide,4.5,https://www.google.com/maps/search/?api=1&query=A%C3%A7a%C3%AD%20Pir%C3%A2mide&query_place_id=ChIJ3a2vDhphpJIRMmdM1GKqT4k,,
"Passagem Uberaba, 71 - Tapanã, Belém - PA, 66825-779, Brazil","Passagem Uberaba, 71 - Tapanã, Belém - Pa, 66825-779, Brazil",Açaí shop,,,,,,,,,Açaí shop,2.62e+18,Belém,BR,0x92a4611f397a777d:0x24605b3f9e4cfa77,,,-1.3356162,-48.4746038,,Tapanã,+55 91 98306-3748,5590000000000.0,ChIJfXd6OR9hpJIRd_pMnj9bYCQ,66825-779,,2.0,,0.0,,,,,,State of Pará,"Passagem Uberaba, 71","Passagem Uberaba, 71",,Shopping do açaí,Shopping Do Açaí,,https://www.google.com/maps/search/?api=1&query=Shopping%20do%20a%C3%A7a%C3%AD&query_place_id=ChIJfXd6OR9hpJIRd_pMnj9bYCQ,,Monday-Sunday: 10 AM to 3 PM
"R. Pres. Costa e Silva, 423 - Tapanã, Belém - PA, 66830-080, Brazil","R. Pres. Costa E Silva, 423 - Tapanã, Belém - Pa, 66830-080, Brazil",Food producer,Açaí shop,Frozen food manufacturer,,,,,,,Açaí shop,1.46e+19,Belém,BR,0x92a46164bbf153ab:0xca10ffec7c57f171,,,-1.3343465,-48.4728507,,Tapanã,+55 91 98556-2433,5590000000000.0,ChIJq1Pxu2RhpJIRcfFXfOz_EMo,66830-080,,38.0,,15.0,14.0,0.0,1.0,0.0,0.0,State of Pará,"R. Pres. Costa e Silva, 423","R. Pres. Costa E Silva, 423",,Amazon Fruits,Amazon Fruits,4.7,https://www.google.com/maps/search/?api=1&query=Amazon%20Fruits&query_place_id=ChIJq1Pxu2RhpJIRcfFXfOz_EMo,,Monday-Sunday: 9 AM to 3 PM
"R. do Ranário, 96a - Tapanã, Belém - PA, 66825-440, Brazil","R. Do Ranário, 96A - Tapanã, Belém - Pa, 66825-440, Brazil",Food manufacturing supply,,,,,,,,,Açaí shop,4.59e+18,Belém,BR,0x92a461dfdfacf4e5:0x3fb416d77da3e488,,,-1.3265344,-48.4683966,,Tapanã,+55 91 99347-1585,5590000000000.0,ChIJ5fSs399hpJIRiOSjfdcWtD8,66825-440,,36.0,,6.0,4.0,1.0,1.0,0.0,0.0,State of Pará,"R. do Ranário, 96a","R. Do Ranário, 96A",,Açaí Do Itamar,Açaí Do Itamar ,4.2,https://www.google.com/maps/search/?api=1&query=A%C3%A7a%C3%AD%20Do%20Itamar%20%7C%20O%20MELHOR%20DA%20REGI%C3%83O&query_place_id=ChIJ5fSs399hpJIRiOSjfdcWtD8,,
"R. Alm. Tamandaré, 705 - Tapanã, Belém - PA, 66825-230, Brazil","R. Alm. Tamandaré, 705 - Tapanã, Belém - Pa, 66825-230, Brazil",Restaurant,,,,,,,,,Açaí shop,9.26e+18,Belém,BR,0x92a461db6cedf517:0x8075b664ce3f767a,,,-1.334268,-48.4710544,,Tapanã,,,ChIJF_XtbNthpJIRenY_zmS2dYA,66825-230,,84.0,,0.0,,,,,,State of Pará,"R. Alm. Tamandaré, 705","R. Alm. Tamandaré, 705",,Canto do açaí,Canto Do Açaí,,https://www.google.com/maps/search/?api=1&query=Canto%20do%20a%C3%A7a%C3%AD&query_place_id=ChIJF_XtbNthpJIRenY_zmS2dYA,,
"Tapanã, Belém - State of Pará, 66825-640, Brazil","Tapanã, Belém - State Of Pará, 66825-640, Brazil",,,,,,,,,,Açaí shop,1.19e+19,Belém,BR,0x92a4616606ddbde3:0xa505338d96c07a01,,,-1.3312329,-48.4691164,,Tapanã,,,ChIJ473dBmZhpJIRAXrAlo0zBaU,,,76.0,,0.0,,,,,,State of Pará,,,,Açaí Do Luis,Açaí Do Luis,,https://www.google.com/maps/search/?api=1&query=A%C3%A7a%C3%AD%20Do%20Luis&query_place_id=ChIJ473dBmZhpJIRAXrAlo0zBaU,,
"R. do Ranário, 137 - Tapanã, Belém - PA, 66825-440, Brazil","R. Do Ranário, 137 - Tapanã, Belém - Pa, 66825-440, Brazil",Food broker,,,,,,,,,Açaí shop,8.86e+18,Belém,BR,0x92a46104e80717af:0x7aefc220ccf4f77b,,,-1.3297164,-48.4685945,,Tapanã,+55 91 98949-1000,5590000000000.0,ChIJrxcH6ARhpJIRe_f0zCDC73o,66825-440,,83.0,,0.0,,,,,,State of Pará,"R. do Ranário, 137","R. Do Ranário, 137",,RUGAL AÇAÍ,Rugal Açaí,,https://www.google.com/maps/search/?api=1&query=RUGAL%20A%C3%87A%C3%8D&query_place_id=ChIJrxcH6ARhpJIRe_f0zCDC73o,,Monday-Sunday: 8 AM to 3 PM
"Estr. da Piçarreira, 11 - Tapanã, Belém - PA, 66825-410, Brazil","Estr. Da Piçarreira, 11 - Tapanã, Belém - Pa, 66825-410, Brazil",Restaurant,,,,,,,,,Açaí shop,8e+18,Belém,BR,0x92a4618765d3ea01:0x6f0143def3d9df04,,,-1.3315494,-48.4688705,,Tapanã,+55 91 98322-8862,5590000000000.0,ChIJAerTZYdhpJIRBN_Z895DAW8,66825-410,,72.0,,6.0,1.0,0.0,0.0,5.0,0.0,State of Pará,"Estr. da Piçarreira, 11","Estr. Da Piçarreira, 11",,Jp açaí,Jp Açaí,3.3,https://www.google.com/maps/search/?api=1&query=Jp%20a%C3%A7a%C3%AD&query_place_id=ChIJAerTZYdhpJIRBN_Z895DAW8,,Monday-Saturday: 8 AM to 8:30 PM; Sunday: 7 AM to 2:30 PM
"R. Pres. Costa e Silva, S/N - Tapanã, Belém - PA, 66825-080, Brazil","R. Pres. Costa E Silva, S/N - Tapanã, Belém - Pa, 66825-080, Brazil",Food manufacturing supply,,,,,,,,,Açaí shop,5.13e+18,Belém,BR,0x92a461d4f48d5087:0x4730ac2d52db8887,,,-1.337132,-48.4724719,,Tapanã,+55 91 99808-1433,5590000000000.0,ChIJh1CN9NRhpJIRh4jbUi2sMEc,66825-080,,61.0,,1.0,1.0,0.0,0.0,0.0,0.0,State of Pará,"R. Pres. Costa e Silva, S/N","R. Pres. Costa E Silva, S/N",,Fabrica de polpa de açaí,Fabrica De Polpa De Açaí,5.0,https://www.google.com/maps/search/?api=1&query=Fabrica%20de%20polpa%20de%20a%C3%A7a%C3%AD&query_place_id=ChIJh1CN9NRhpJIRh4jbUi2sMEc,,Monday-Sunday: 8 AM to 8:30 PM
"Estr. da Piçarreira - Tapanã, Belém - PA, 66825-410, Brazil","Estr. Da Piçarreira - Tapanã, Belém - Pa, 66825-410, Brazil",Restaurant,,,,,,,,,Açaí shop,1.36e+19,Belém,BR,0x92a461642f511e7d:0xbd194c2a2dcb87af,,,-1.3323589,-48.4672988,,Tapanã,+55 91 98052-0304,5590000000000.0,ChIJfR5RL2RhpJIRr4fLLSpMGb0,66825-410,,58.0,,2.0,2.0,0.0,0.0,0.0,0.0,State of Pará,Estr. da Piçarreira,Estr. Da Piçarreira,,AÇAI DA ILHA,Açai Da Ilha,5.0,https://www.google.com/maps/search/?api=1&query=A%C3%87AI%20DA%20ILHA&query_place_id=ChIJfR5RL2RhpJIRr4fLLSpMGb0,,
"R. Idália - Coqueiro, Belém - PA, 66823-395, Brazil","R. Idália - Coqueiro, Belém - Pa, 66823-395, Brazil",Market,,,,,,,,,Açaí shop,1.49e+19,Belém,BR,0x92a4615d7db7be6d:0xcea764ed14de13f7,,,-1.3339027,-48.4493628,,Coqueiro,+55 91 98170-4623,5590000000000.0,ChIJbb63fV1hpJIR9xPeFO1kp84,66823-395,,34.0,,20.0,12.0,6.0,1.0,1.0,0.0,State of Pará,R. Idália,R. Idália,,Açaí e Mercadinho da Mari,Açaí E Mercadinho Da Mari,4.4,https://www.google.com/maps/search/?api=1&query=A%C3%A7a%C3%AD%20e%20Mercadinho%20da%20Mari&query_place_id=ChIJbb63fV1hpJIR9xPeFO1kp84,,
"R. Santos dos Santos, n°28 - Tapanã, Belém - PA, 66825-620, Brazil","R. Santos Dos Santos, N°28 - Tapanã, Belém - Pa, 66825-620, Brazil",Restaurant,,,,,,,,,Açaí shop,9.46e+18,Belém,BR,0x92a461da5d717e9b:0x8358495baf0f1928,,,-1.3299885,-48.4678575,,Tapanã,+55 91 98053-8486,5590000000000.0,ChIJm35xXdphpJIRKBkPr1tJWIM,66825-620,,57.0,,1.0,1.0,0.0,0.0,0.0,0.0,State of Pará,"R. Santos dos Santos, n°28","R. Santos Dos Santos, N°28",,Açaí Dos Irmãos,Açaí Dos Irmãos,5.0,https://www.google.com/maps/search/?api=1&query=A%C3%A7a%C3%AD%20Dos%20Irm%C3%A3os&query_place_id=ChIJm35xXdphpJIRKBkPr1tJWIM,,Monday-Sunday: Open 24 hours
"Av. Rômulo Maiorana, 1073 - São Brás, Belém - PA, 66093-673, Brazil","Av. Rômulo Maiorana, 1073 - São Brás, Belém - Pa, 66093-673, Brazil",Juice shop,,,,,,,,,Açaí shop,1.82e+19,Belém,BR,0x92a48da3c5076875:0xfcba556f2241b72f,,,-1.4377014,-48.4635541,,São Brás,+55 91 98570-4024,5590000000000.0,ChIJdWgHxaONpJIRL7dBIm9Vuvw,66093-673,,37.0,,2.0,2.0,0.0,0.0,0.0,0.0,State of Pará,"Av. Rômulo Maiorana, 1073","Av. Rômulo Maiorana, 1073",,Égua du açaí - Unidade Timbó,Égua Du Açaí - Unidade Timbó,5.0,https://www.google.com/maps/search/?api=1&query=%C3%89gua%20du%20a%C3%A7a%C3%AD%20-%20Unidade%20Timb%C3%B3&query_place_id=ChIJdWgHxaONpJIRL7dBIm9Vuvw,,Monday-Friday: 8:30 AM to 10 PM; Saturday: 8:30 AM to 2:30 PM; Sunday: 8:30 AM to 1 PM
"Av. Duque de Caxias, 1135 - Marco, Belém - PA, 60093-671, Brazil","Av. Duque De Caxias, 1135 - Marco, Belém - Pa, 60093-671, Brazil",Juice shop,,,,,,,,,Açaí shop,1.23e+19,Belém,BR,0x92a48c0a73e35dfd:0xab4ec097c60ba7c3,,,-1.430013,-48.4623194,,Marco,+55 91 99129-2430,5590000000000.0,ChIJ_V3jcwqMpJIRw6cLxpfATqs,60093-671,,36.0,,19.0,15.0,3.0,1.0,0.0,0.0,State of Pará,"Av. Duque de Caxias, 1135","Av. Duque De Caxias, 1135",,Açai Duque,Açai Duque,4.6,https://www.google.com/maps/search/?api=1&query=A%C3%A7ai%20Duque&query_place_id=ChIJ_V3jcwqMpJIRw6cLxpfATqs,,Monday-Saturday: 8 AM to 3 PM; Sunday: Closed
"Av. Rômulo Maiorana, 1514A - Marco, Belém - PA, 66093-000, Brazil","Av. Rômulo Maiorana, 1514A - Marco, Belém - Pa, 66093-000, Brazil",Juice shop,,,,,,,,,Açaí shop,2.15e+18,Belém,BR,0x92a48c0cf30845e3:0x1dc49b6c225008aa,,,-1.4344997,-48.4608149,,Marco,+55 91 3228-1432,559000000000.0,ChIJ40UI8wyMpJIRqghQImybxB0,66093-000,,23.0,,35.0,23.0,3.0,4.0,5.0,0.0,State of Pará,"Av. Rômulo Maiorana, 1514A","Av. Rômulo Maiorana, 1514A",,Tropical Açai,Tropical Açai,4.2,https://www.google.com/maps/search/?api=1&query=Tropical%20A%C3%A7ai&query_place_id=ChIJ40UI8wyMpJIRqghQImybxB0,,
"Tv. Humaitá, 2338 - Marco, Belém - PA, 66093-047, Brazil","Tv. Humaitá, 2338 - Marco, Belém - Pa, 66093-047, Brazil",Juice shop,,,,,,,,,Açaí shop,1.6e+18,Belém,BR,0x92a48d676a223ad7:0x16339b4121e30774,,,-1.4411746,-48.4635196,,Marco,+55 91 98745-8977,5590000000000.0,ChIJ1zoiameNpJIRdAfjIUGbMxY,66093-047,,35.0,,15.0,14.0,1.0,0.0,0.0,0.0,State of Pará,"Tv. Humaitá, 2338","Tv. Humaitá, 2338",,Açaí Do Japa,Açaí Do Japa,4.9,https://www.google.com/maps/search/?api=1&query=A%C3%A7a%C3%AD%20Do%20Japa&query_place_id=ChIJ1zoiameNpJIRdAfjIUGbMxY,,Monday-Friday: 8:30 AM to 11 PM; Saturday-Sunday: 8:30 AM to 2 PM
"R. Bosque Araguaia - Tapanã, Belém - PA, 66825-539, Brazil","R. Bosque Araguaia - Tapanã, Belém - Pa, 66825-539, Brazil",Family restaurant,,,,,,,,,Açaí shop,1.42e+19,Belém,BR,0x92a46100706413b3:0xc574930789a30e6a,,Bosque Araguaia,-1.3251483,-48.4775261,,Tapanã,+55 91 98933-6304,5590000000000.0,ChIJsxNkcABhpJIRag6jiQeTdMU,,,19.0,,0.0,,,,,,State of Pará,R. Bosque Araguaia,R. Bosque Araguaia,,Cantinho do açaí,Cantinho Do Açaí,,https://www.google.com/maps/search/?api=1&query=Cantinho%20do%20a%C3%A7a%C3%AD&query_place_id=ChIJsxNkcABhpJIRag6jiQeTdMU,,Monday-Sunday: 9:30 AM to 2:30 PM
"Tv. Angustura, 2734 - Pedreira, Belém - PA, 66093-040, Brazil","Tv. Angustura, 2734 - Pedreira, Belém - Pa, 66093-040, Brazil",Organic food store,,,,,,,,,Açaí shop,6.57e+18,Belém,BR,0x92a48d8ee116c309:0x5b348036cfc783d5,,,-1.4311705,-48.4622506,,Pedreira,+55 91 99368-0240,5590000000000.0,ChIJCcMW4Y6NpJIR1YPHzzaANFs,66093-040,,61.0,,0.0,,,,,,State of Pará,"Tv. Angustura, 2734","Tv. Angustura, 2734",,Açaí DiCasa 2734,Açaí Dicasa 2734,,https://www.google.com/maps/search/?api=1&query=A%C3%A7a%C3%AD%20DiCasa%202734&query_place_id=ChIJCcMW4Y6NpJIR1YPHzzaANFs,,Monday-Sunday: 9 AM to 9 PM
"Alameda M Bosque Araguaia, 445 - Tapanã, Belém - PA, 66825-543, Brazil","Alameda M Bosque Araguaia, 445 - Tapanã, Belém - Pa, 66825-543, Brazil",Snack bar,,,,,,,,,Açaí shop,5.8e+18,Belém,BR,0x92a461e507f41eb7:0x50803b3b1ea5d5d1,,Bosque Araguaia,-1.3238568,-48.4774208,,Tapanã,+55 91 98469-4947,5590000000000.0,ChIJtx70B-VhpJIR0dWlHjs7gFA,66825-543,,8.0,,13.0,9.0,0.0,1.0,3.0,0.0,State of Pará,"Alameda M Bosque Araguaia, 445","Alameda M Bosque Araguaia, 445",,Açai Do Bosque,Açai Do Bosque,4.2,https://www.google.com/maps/search/?api=1&query=A%C3%A7ai%20Do%20Bosque&query_place_id=ChIJtx70B-VhpJIR0dWlHjs7gFA,,
"Tv. Pirajá, 2911 - Marco, Belém - PA, 66085-632, Brazil","Tv. Pirajá, 2911 - Marco, Belém - Pa, 66085-632, Brazil",Natural goods store,,,,,,,,,Açaí shop,3.21e+18,Belém,BR,0x92a48b000ce793f5:0x2c952216eb8b55c3,,,-1.4266878,-48.4610883,,Marco,+55 91 98234-7513,5590000000000.0,ChIJ9ZPnDACLpJIRw1WL6xYilSw,66085-632,,60.0,,0.0,,,,,,State of Pará,"Tv. Pirajá, 2911","Tv. Pirajá, 2911",,Açaí & Cia,Açaí & Cia,,https://www.google.com/maps/search/?api=1&query=A%C3%A7a%C3%AD%20%26%20Cia&query_place_id=ChIJ9ZPnDACLpJIRw1WL6xYilSw,,Monday-Saturday: 7 AM to 3 PM; Sunday: Closed
"Estr. da Piçarreira, 159 - Tapanã, Belém - PA, 66821, Brazil","Estr. Da Piçarreira, 159 - Tapanã, Belém - Pa, 66821, Brazil",Restaurant,,,,,,,,,Açaí shop,1.64e+19,Belém,BR,0x92a461be4244d57d:0xe37cb814bafa509c,,,-1.331429,-48.4688731,,Tapanã,+55 91 98352-4552,5590000000000.0,ChIJfdVEQr5hpJIRnFD6uhS4fOM,66821,,11.0,,3.0,3.0,0.0,0.0,0.0,0.0,State of Pará,"Estr. da Piçarreira, 159","Estr. Da Piçarreira, 159",,Açaí Salmo 23,Açaí Salmo 23,5.0,https://www.google.com/maps/search/?api=1&query=A%C3%A7a%C3%AD%20Salmo%2023&query_place_id=ChIJfdVEQr5hpJIRnFD6uhS4fOM,,Monday-Sunday: 9 AM to 3 PM
"R. Euclides da Cunha, 126 - Castanheira, Belém - PA, 66645-130, Brazil","R. Euclides Da Cunha, 126 - Castanheira, Belém - Pa, 66645-130, Brazil",Açaí shop,,,,,,,,,Açaí shop,5.19e+18,Belém,BR,0x92a48bba4468324d:0x480c50ec9e3e42e2,,,-1.4089287,-48.4285612,,Castanheira,,,ChIJTTJoRLqLpJIR4kI-nuxQDEg,66645-130,,58.0,,0.0,,,,,,State of Pará,"R. Euclides da Cunha, 126","R. Euclides Da Cunha, 126",,Cantinho do açaí,Cantinho Do Açaí,,https://www.google.com/maps/search/?api=1&query=Cantinho%20do%20a%C3%A7a%C3%AD&query_place_id=ChIJTTJoRLqLpJIR4kI-nuxQDEg,,"Monday-Sunday: 8 AM to 1:30 PM, 5 to 8 PM"
"Passagem Cosme e Damião, 130 - Curió-Utinga, Belém - PA, 66610-130, Brazil","Passagem Cosme E Damião, 130 - Curió-Utinga, Belém - Pa, 66610-130, Brazil",Restaurant,,,,,,,,,Açaí shop,9.83e+18,Belém,BR,0x92a48db12b97b197:0x886220e9af180f0f,,,-1.4306743,-48.4498911,,Curió-Utinga,+55 91 98200-3954,5590000000000.0,ChIJl7GXK7GNpJIRDw8Yr-kgYog,66610-130,,57.0,,4.0,2.0,2.0,0.0,0.0,0.0,State of Pará,"Passagem Cosme e Damião, 130","Passagem Cosme E Damião, 130",,Açai do Val,Açai Do Val,4.5,https://www.google.com/maps/search/?api=1&query=A%C3%A7ai%20do%20Val&query_place_id=ChIJl7GXK7GNpJIRDw8Yr-kgYog,,
"Av. Alm. Barroso - Marco, Belém - PA, 66093-020, Brazil","Av. Alm. Barroso - Marco, Belém - Pa, 66093-020, Brazil",Restaurant,,,,,,,,,Açaí shop,8.69e+18,Belém,BR,0x92a4f54a696d1c07:0x7893c07db5fc4e73,,,-1.4243992,-48.4504384,,Marco,,,ChIJBxxtaUr1pJIRc078tX3Ak3g,66093-020,,56.0,,1.0,1.0,0.0,0.0,0.0,0.0,State of Pará,Av. Alm. Barroso,Av. Alm. Barroso,,Ponto do Açai,Ponto Do Açai,5.0,https://www.google.com/maps/search/?api=1&query=Ponto%20do%20A%C3%A7ai&query_place_id=ChIJBxxtaUr1pJIRc078tX3Ak3g,,Monday-Saturday: 8 AM to 9 PM; Sunday: 8 AM to 3 PM
"Passagem Valdir Acatauassú Nunes, 305 - Marco, Belém - PA, 66095-020, Brazil","Passagem Valdir Acatauassú Nunes, 305 - Marco, Belém - Pa, 66095-020, Brazil",Restaurant,,,,,,,,,Açaí shop,1.26e+19,Belém,BR,0x92a48d34f66264b9:0xaf8d30017990a854,,,-1.4395955,-48.4500934,,Marco,+55 91 98813-4269,5590000000000.0,ChIJuWRi9jSNpJIRVKiQeQEwja8,66095-020,,59.0,,0.0,,,,,,State of Pará,"Passagem Valdir Acatauassú Nunes, 305","Passagem Valdir Acatauassú Nunes, 305",,Açaí do Viola,Açaí Do Viola,,https://www.google.com/maps/search/?api=1&query=A%C3%A7a%C3%AD%20do%20Viola&query_place_id=ChIJuWRi9jSNpJIRVKiQeQEwja8,,
"Av. Marquês de Herval, 2763 - Pedreira, Belém - PA, 66087-320, Brazil","Av. Marquês De Herval, 2763 - Pedreira, Belém - Pa, 66087-320, Brazil",Restaurant,,,,,,,,,Açaí shop,1.68e+19,Belém,BR,0x92a48b002f06f4d9:0xe9a10f958dc5a8fd,,,-1.4187954,-48.4623886,,Pedreira,+55 91 99166-5992,5590000000000.0,ChIJ2fQGLwCLpJIR_ajFjZUPoek,66087-320,,54.0,,3.0,3.0,0.0,0.0,0.0,0.0,State of Pará,"Av. Marquês de Herval, 2763","Av. Marquês De Herval, 2763",,Açaí Amazon,Açaí Amazon,5.0,https://www.google.com/maps/search/?api=1&query=A%C3%A7a%C3%AD%20Amazon&query_place_id=ChIJ2fQGLwCLpJIR_ajFjZUPoek,https://www.instagram.com/acaiamazonbelem?igsh=MWtxbnN0NnJreTBxNw==,Monday-Sunday: 9 AM to 2:30 PM
"Av. Marquês de Herval, 2452 - Pedreira, Belém - PA, 66085-311, Brazil","Av. Marquês De Herval, 2452 - Pedreira, Belém - Pa, 66085-311, Brazil",Snack bar,Abbey,Natural goods store,,,,,,,Açaí shop,1.02e+19,Belém,BR,0x92a48bec3032ccc1:0x8dafd609a99c4ef1,,,-1.4202981,-48.4629972,,Pedreira,+55 91 98803-3714,5590000000000.0,ChIJwcwyMOyLpJIR8U6cqQnWr40,66085-311,,53.0,,2.0,1.0,1.0,0.0,0.0,0.0,State of Pará,"Av. Marquês de Herval, 2452","Av. Marquês De Herval, 2452",,Açaí do Ligeirinho,Açaí Do Ligeirinho,4.5,https://www.google.com/maps/search/?api=1&query=A%C3%A7a%C3%AD%20do%20Ligeirinho&query_place_id=ChIJwcwyMOyLpJIR8U6cqQnWr40,,
"Av. Tavares Bastos, 459 - Souza, Belém - PA, 66615-005, Brazil","Av. Tavares Bastos, 459 - Souza, Belém - Pa, 66615-005, Brazil",Ice cream shop,,,,,,,,,Açaí shop,7.18e+18,Belém,BR,0x92a48bf521732e5f:0x6397c82151eca147,,,-1.4089011,-48.4452622,,Souza,+55 91 98184-4523,5590000000000.0,ChIJXy5zIfWLpJIRR6HsUSHIl2M,66615-005,,52.0,,3.0,3.0,0.0,0.0,0.0,0.0,State of Pará,"Av. Tavares Bastos, 459","Av. Tavares Bastos, 459",,Açaí ta on!,Açaí Ta On!,5.0,https://www.google.com/maps/search/?api=1&query=A%C3%A7a%C3%AD%20ta%20on!&query_place_id=ChIJXy5zIfWLpJIRR6HsUSHIl2M,,"Monday: Closed; Tuesday-Sunday: 8 AM to 2:30 PM, 6 to 10 PM"
"Tv. Mauriti, 3990 - Marco, Belém - PA, 66093-682, Brazil","Tv. Mauriti, 3990 - Marco, Belém - Pa, 66093-682, Brazil",Store,,,,,,,,,Açaí shop,1.52e+19,Belém,BR,0x92a48d40718a861f:0xd2e0086a824b7114,,,-1.440959,-48.4530464,,Marco,+55 91 98387-5252,5590000000000.0,ChIJH4aKcUCNpJIRFHFLgmoI4NI,66093-682,,55.0,,1.0,1.0,0.0,0.0,0.0,0.0,State of Pará,"Tv. Mauriti, 3990","Tv. Mauriti, 3990",,Açaí do Augusto,Açaí Do Augusto,5.0,https://www.google.com/maps/search/?api=1&query=A%C3%A7a%C3%AD%20do%20Augusto&query_place_id=ChIJH4aKcUCNpJIRFHFLgmoI4NI,,Monday-Sunday: 8 AM to 5 PM
"Tv. Angustura, 2648 - Pedreira, Belém - PA, 66087-710, Brazil","Tv. Angustura, 2648 - Pedreira, Belém - Pa, 66087-710, Brazil",Restaurant,,,,,,,,,Açaí shop,9.86e+18,Belém,BR,0x92a48dc7f122d62b:0x88d945acba0b2a8b,,,-1.4307223,-48.4629457,,Pedreira,,,ChIJK9Yi8ceNpJIRiyoLuqxF2Yg,66087-710,,51.0,,18.0,10.0,2.0,6.0,0.0,0.0,State of Pará,"Tv. Angustura, 2648","Tv. Angustura, 2648",,Point do Açaí Express - Marco,Point Do Açaí Express - Marco,3.6,https://www.google.com/maps/search/?api=1&query=Point%20do%20A%C3%A7a%C3%AD%20Express%20-%20Marco&query_place_id=ChIJK9Yi8ceNpJIRiyoLuqxF2Yg,,
"Av. João Paulo II, 1288 - Marco, Belém - PA, 66095-493, Brazil","Av. João Paulo Ii, 1288 - Marco, Belém - Pa, 66095-493, Brazil",Restaurant,,,,,,,,,Açaí shop,9.71e+18,Belém,BR,0x92a48c6d97b382f3:0x86b51efbe7e1c78e,,,-1.4378659,-48.4554661,,Marco,+55 91 3246-7195,559000000000.0,ChIJ84Kzl22MpJIRjsfh5_setYY,66095-493,$$,50.0,,724.0,476.0,159.0,24.0,53.0,12.0,State of Pará,"Av. João Paulo II, 1288","Av. João Paulo Ii, 1288",,Ouronato Açaí Restô,Ouronato Açaí Restô,4.5,https://www.google.com/maps/search/?api=1&query=Ouronato%20A%C3%A7a%C3%AD%20Rest%C3%B4&query_place_id=ChIJ84Kzl22MpJIRjsfh5_setYY,https://www.facebook.com/pages/Ouronato-A%C3%A7a%C3%AD-Resto/246030038885989?ref=br_rs,Monday: Closed; Tuesday-Sunday: 7 AM to 2 PM
"Tv. Angustura, 2521 - Sacramenta, Belém - PA, 66087-710, Brazil","Tv. Angustura, 2521 - Sacramenta, Belém - Pa, 66087-710, Brazil",Restaurant,,,,,,,,,Açaí shop,1.18e+19,Belém,BR,0x92a48bf604649473:0xa34640683f994c0b,,,-1.4296336,-48.464182,,Sacramenta,,,ChIJc5RkBPaLpJIRC0yZP2hARqM,66087-710,,48.0,,0.0,,,,,,State of Pará,"Tv. Angustura, 2521","Tv. Angustura, 2521",,Açaí Do Bom,Açaí Do Bom,,https://www.google.com/maps/search/?api=1&query=A%C3%A7a%C3%AD%20Do%20Bom&query_place_id=ChIJc5RkBPaLpJIRC0yZP2hARqM,,
"Passagem Getúlio Vargas, 537-501 - Souza, Belém - PA, 66613-080, Brazil","Passagem Getúlio Vargas, 537-501 - Souza, Belém - Pa, 66613-080, Brazil",Ice cream shop,,,,,,,,,Açaí shop,7.56e+18,Belém,BR,0x92a48bae0082be9b:0x68f335084c7900bb,,,-1.4162184,-48.4492812,,Souza,+55 91 98181-3508,5590000000000.0,ChIJm76CAK6LpJIRuwB5TAg182g,66613-080,,49.0,,13.0,11.0,1.0,0.0,0.0,1.0,State of Pará,"Passagem Getúlio Vargas, 537-501","Passagem Getúlio Vargas, 537-501",,Top Açaí Sorvetes,Top Açaí Sorvetes,4.7,https://www.google.com/maps/search/?api=1&query=Top%20A%C3%A7a%C3%AD%20Sorvetes&query_place_id=ChIJm76CAK6LpJIRuwB5TAg182g,https://www.ifood.com.br/delivery/belem-pa/top-acai-frozen-souza/d8e88f56-6347-4f99-8414-a1bcde0b1817?UTM_Medium=share,Monday-Sunday: 7 AM to 8 PM
"Av. Rômulo Maiorana, 1537 - Marco, Belém - PA, 66093-000, Brazil","Av. Rômulo Maiorana, 1537 - Marco, Belém - Pa, 66093-000, Brazil",Juice shop,,,,,,,,,Açaí shop,1.49e+19,Belém,BR,0x92a48c0c8a37be23:0xcf74f233a8ac1d86,,,-1.4342109,-48.4612297,,Marco,,,ChIJI743igyMpJIRhh2sqDPydM8,66093-000,,47.0,,1.0,1.0,0.0,0.0,0.0,0.0,State of Pará,"Av. Rômulo Maiorana, 1537","Av. Rômulo Maiorana, 1537",,Instituto Açaí,Instituto Açaí,5.0,https://www.google.com/maps/search/?api=1&query=Instituto%20A%C3%A7a%C3%AD&query_place_id=ChIJI743igyMpJIRhh2sqDPydM8,,
"e perimetral - Travessa eneás Pinheiro 2728A entre, Av. João Paulo II - Marco, Belém - PA, 66095-100, Brazil","E Perimetral - Travessa Eneás Pinheiro 2728A Entre, Av. João Paulo Ii - Marco, Belém - Pa, 66095-100, Brazil",Natural goods store,,,,,,,,,Açaí shop,7.77e+18,Belém,BR,0x92a48d18bafb1fc5:0x6bd553c6c46d9735,,,-1.4350903,-48.4510494,,Marco,+55 91 98236-9797,5590000000000.0,ChIJxR_7uhiNpJIRNZdtxMZT1Ws,66095-100,,43.0,,0.0,,,,,,State of Pará,"e perimetral - Travessa eneás Pinheiro 2728A entre, Av. João Paulo II","E Perimetral - Travessa Eneás Pinheiro 2728A Entre, Av. João Paulo Ii",,Açaí delícia da Eneás,Açaí Delícia Da Eneás,,https://www.google.com/maps/search/?api=1&query=A%C3%A7a%C3%AD%20del%C3%ADcia%20da%20Ene%C3%A1s&query_place_id=ChIJxR_7uhiNpJIRNZdtxMZT1Ws,,Monday-Sunday: Open 24 hours
"Tv. Mauriti, 3154 - Marco, Belém - PA, 66093-681, Brazil","Tv. Mauriti, 3154 - Marco, Belém - Pa, 66093-681, Brazil",Açaí shop,,,,,,,,,Açaí shop,5.03e+17,Belém,BR,0x92a48d13d8274fad:0x6fa23d720f887b5,,,-1.4379068,-48.4577038,,Marco,,,ChIJrU8n2BONpJIRtYf4INcj-gY,66093-681,,42.0,,2.0,1.0,0.0,1.0,0.0,0.0,State of Pará,"Tv. Mauriti, 3154","Tv. Mauriti, 3154",,Yah' Açaí,Yah' Açaí,3.0,https://www.google.com/maps/search/?api=1&query=Yah'%20A%C3%A7a%C3%AD&query_place_id=ChIJrU8n2BONpJIRtYf4INcj-gY,,Monday-Sunday: Open 24 hours
"Av. João Paulo II, 1363 - Marco, Belém - PA, 66095-494, Brazil","Av. João Paulo Ii, 1363 - Marco, Belém - Pa, 66095-494, Brazil",Store,,,,,,,,,Açaí shop,3.54e+18,Belém,BR,0x92a48d004b2781c5:0x31109b51c9fa2391,,,-1.4370785,-48.4554198,,Marco,+55 91 99118-9735,5590000000000.0,ChIJxYEnSwCNpJIRkSP6yVGbEDE,66095-494,,40.0,,1.0,1.0,0.0,0.0,0.0,0.0,State of Pará,"Av. João Paulo II, 1363","Av. João Paulo Ii, 1363",,Amazon Fortes Açaí,Amazon Fortes Açaí,5.0,https://www.google.com/maps/search/?api=1&query=Amazon%20Fortes%20A%C3%A7a%C3%AD&query_place_id=ChIJxYEnSwCNpJIRkSP6yVGbEDE,,
"Tv. Dr. Enéas Pinheiro, 1289 - Pedreira, Belém - PA, 66083-158, Brazil","Tv. Dr. Enéas Pinheiro, 1289 - Pedreira, Belém - Pa, 66083-158, Brazil",Ice cream shop,,,,,,,,,Açaí shop,8.48e+18,Belém,BR,0x92a48b005b0ae159:0x75a175e611704902,,,-1.432243,-48.4548663,,Pedreira,,,ChIJWeEKWwCLpJIRAklwEeZ1oXU,66083-158,,37.0,,0.0,,,,,,State of Pará,"Tv. Dr. Enéas Pinheiro, 1289","Tv. Dr. Enéas Pinheiro, 1289",,Divino Açaí,Divino Açaí,,https://www.google.com/maps/search/?api=1&query=Divino%20A%C3%A7a%C3%AD&query_place_id=ChIJWeEKWwCLpJIRAklwEeZ1oXU,,Monday-Saturday: 8 AM to 7:30 PM; Sunday: 8 AM to 4 PM
"Av. Rômulo Maiorana, 897 - São Brás, Belém - PA, 66093-672, Brazil","Av. Rômulo Maiorana, 897 - São Brás, Belém - Pa, 66093-672, Brazil",Food seasoning manufacturer,,,,,,,,,Açaí shop,5.84e+18,Belém,BR,0x92a48c1177ede387:0x510ef197cc5ddf63,,,-1.4390857,-48.4644011,,São Brás,+55 91 99389-8452,5590000000000.0,ChIJh-PtdxGMpJIRY99dzJfxDlE,66093-672,,35.0,,15.0,13.0,0.0,1.0,1.0,0.0,State of Pará,"Av. Rômulo Maiorana, 897","Av. Rômulo Maiorana, 897",,Açaí Do Alexandre,Açaí Do Alexandre,4.6,https://www.google.com/maps/search/?api=1&query=A%C3%A7a%C3%AD%20Do%20Alexandre&query_place_id=ChIJh-PtdxGMpJIRY99dzJfxDlE,,Monday-Saturday: 8:30 AM to 2 PM; Sunday: 9 AM to 2 PM
"Passagem Ana Deusa - Souza, Belém - PA, 66613-850, Brazil","Passagem Ana Deusa - Souza, Belém - Pa, 66613-850, Brazil",Food and drink,,,,,,,,,Açaí shop,4.75e+18,Belém,BR,0x92a48b8f8e34c1d3:0x41f9e1b980c2dd7c,,,-1.4235698,-48.4492158,,Souza,+55 91 98202-2690,5590000000000.0,ChIJ08E0jo-LpJIRfN3CgLnh-UE,66613-850,,34.0,,30.0,24.0,4.0,0.0,0.0,2.0,State of Pará,Passagem Ana Deusa,Passagem Ana Deusa,,Açaí do Cabral,Açaí Do Cabral,4.7,https://www.google.com/maps/search/?api=1&query=A%C3%A7a%C3%AD%20do%20Cabral&query_place_id=ChIJ08E0jo-LpJIRfN3CgLnh-UE,,Monday-Sunday: 9 AM to 9 PM
"Viela Joãozinho, 59 - Marco, Belém - PA, 66087-085, Brazil","Viela Joãozinho, 59 - Marco, Belém - Pa, 66087-085, Brazil",Store,,,,,,,,,Açaí shop,4.58e+18,Belém,BR,0x92a48bf6743aacd7:0x3f93ac34f1df7cb7,,,-1.4287853,-48.4639338,,Marco,,,ChIJ16w6dPaLpJIRt3zf8TSskz8,66087-085,,31.0,,6.0,5.0,0.0,1.0,0.0,0.0,State of Pará,"Viela Joãozinho, 59","Viela Joãozinho, 59",,Açaí da Léa,Açaí Da Léa,4.3,https://www.google.com/maps/search/?api=1&query=A%C3%A7a%C3%AD%20da%20L%C3%A9a&query_place_id=ChIJ16w6dPaLpJIRt3zf8TSskz8,,
"Av. João Paulo II, 968 - Marco, Belém - PA, 66095-590, Brazil","Av. João Paulo Ii, 968 - Marco, Belém - Pa, 66095-590, Brazil",Restaurant,,,,,,,,,Açaí shop,1.35e+19,Belém,BR,0x92a48c6c9a28c1bf:0xbaceb2add83c32de,,,-1.4403825,-48.4571562,,Marco,+55 91 98815-8644,5590000000000.0,ChIJv8EommyMpJIR3jI82K2yzro,66095-590,,20.0,,9.0,1.0,2.0,5.0,0.0,1.0,State of Pará,"Av. João Paulo II, 968","Av. João Paulo Ii, 968",,AÇAÍ ITAKI,Açaí Itaki,2.2,https://www.google.com/maps/search/?api=1&query=A%C3%87A%C3%8D%20ITAKI&query_place_id=ChIJv8EommyMpJIR3jI82K2yzro,,"Monday-Sunday: 7:30 AM to 3 PM, 5 to 10:30 PM"
"Tv. Alferes Costa, 1900 - Pedreira, Belém - PA, 66087-660, Brazil","Tv. Alferes Costa, 1900 - Pedreira, Belém - Pa, 66087-660, Brazil",Açaí shop,Food store,,,,,,,,Açaí shop,8.2e+18,Belém,BR,0x92a48bedd99a3227:0x71d2f65d32702441,,,-1.4214294,-48.4634039,,Pedreira,+55 91 98075-0553,5590000000000.0,ChIJJzKa2e2LpJIRQSRwMl320nE,66087-660,,24.0,,16.0,14.0,0.0,2.0,0.0,0.0,State of Pará,"Tv. Alferes Costa, 1900","Tv. Alferes Costa, 1900",Casa do Açaí,House of Acai,House Of Acai,4.5,https://www.google.com/maps/search/?api=1&query=House%20of%20Acai&query_place_id=ChIJJzKa2e2LpJIRQSRwMl320nE,,Monday-Saturday: 7 AM to 5 PM; Sunday: 7 AM to 3 PM
"Tv. Angustura, 2972 - Marco, Belém - PA, 66087-710, Brazil","Tv. Angustura, 2972 - Marco, Belém - Pa, 66087-710, Brazil",Açaí shop,,,,,,,,,Açaí shop,1.36e+19,Belém,BR,0x92a48d580e4afdcf:0xbd1e3683241e425c,,,-1.4324259,-48.4605488,,Marco,+55 91 98268-0177,5590000000000.0,ChIJz_1KDliNpJIRXEIeJIM2Hr0,66087-710,,32.0,,0.0,,,,,,State of Pará,"Tv. Angustura, 2972","Tv. Angustura, 2972",,Égua do Açaí Pai D’égua,Égua Do Açaí Pai D’Égua,,https://www.google.com/maps/search/?api=1&query=%C3%89gua%20do%20A%C3%A7a%C3%AD%20Pai%20D%E2%80%99%C3%A9gua&query_place_id=ChIJz_1KDliNpJIRXEIeJIM2Hr0,,Monday-Sunday: 8 AM to 9 PM
"R. do Utinga, 460 - Curió-Utinga, Belém - PA, 66610-010, Brazil","R. Do Utinga, 460 - Curió-Utinga, Belém - Pa, 66610-010, Brazil",Açaí shop,,,,,,,,,Açaí shop,5.11e+18,Belém,BR,0x92a48b3b17203d65:0x46f0fa87d6b3d17e,,,-1.4249195,-48.4472559,,Curió-Utinga,+55 91 98471-6787,5590000000000.0,ChIJZT0gFzuLpJIRftGz1of68EY,66610-010,,19.0,,2.0,2.0,0.0,0.0,0.0,0.0,State of Pará,"R. do Utinga, 460","R. Do Utinga, 460",,Hora do açaí,Hora Do Açaí,5.0,https://www.google.com/maps/search/?api=1&query=Hora%20do%20a%C3%A7a%C3%AD&query_place_id=ChIJZT0gFzuLpJIRftGz1of68EY,,Monday-Friday: 7 AM to 6 PM; Saturday: 7 AM to 4 PM; Sunday: Closed
"Passagem Getúlio Vargas, nº 17 - Souza, Belém - PA, 66613-070, Brazil","Passagem Getúlio Vargas, Nº 17 - Souza, Belém - Pa, 66613-070, Brazil",Restaurant,,,,,,,,,Açaí shop,1.73e+19,Belém,BR,0x92a48b99e6d4ac15:0xf0072d1469ecdaed,,,-1.4177845,-48.4484339,,Souza,+55 91 98145-3230,5590000000000.0,ChIJFazU5pmLpJIR7drsaRQtB_A,66613-070,R$20–40,17.0,,175.0,146.0,21.0,3.0,3.0,2.0,State of Pará,"Passagem Getúlio Vargas, nº 17","Passagem Getúlio Vargas, Nº 17",,Açaí e Restô Imperial,Açaí E Restô Imperial,4.7,https://www.google.com/maps/search/?api=1&query=A%C3%A7a%C3%AD%20e%20Rest%C3%B4%20Imperial&query_place_id=ChIJFazU5pmLpJIR7drsaRQtB_A,,Monday-Sunday: 8 to 10 AM
"Marco, Belém - State of Pará, 66093-605, Brazil","Marco, Belém - State Of Pará, 66093-605, Brazil",Family restaurant,,,,,,,,,Açaí shop,9.62e+18,Belém,BR,0x92a48b34d7759f91:0x858a209478dbfdd3,,,-1.4262156,-48.4558469,,Marco,+55 91 98234-7513,5590000000000.0,ChIJkZ911zSLpJIR0_3beJQgioU,66093-605,R$20–40,14.0,,46.0,37.0,6.0,2.0,0.0,1.0,State of Pará,,,,Açaí Espetos e Cia,Açaí Espetos E Cia,4.6,https://www.google.com/maps/search/?api=1&query=A%C3%A7a%C3%AD%20Espetos%20e%20Cia&query_place_id=ChIJkZ911zSLpJIR0_3beJQgioU,,Monday-Sunday: 7 AM to 2 PM
"R. Juracy Silva - Castanheira, Belém - PA, 66645-090, Brazil","R. Juracy Silva - Castanheira, Belém - Pa, 66645-090, Brazil",Restaurant,,,,,,,,,Açaí shop,7.67e+18,Belém,BR,0x92a48b11b2e71179:0x6a78830277c03230,,,-1.4090267,-48.4270276,,Castanheira,,,ChIJeRHnshGLpJIRMDLAdwKDeGo,66645-090,,13.0,,2.0,2.0,0.0,0.0,0.0,0.0,State of Pará,R. Juracy Silva,R. Juracy Silva,,Açaí Da Cléa,Açaí Da Cléa,5.0,https://www.google.com/maps/search/?api=1&query=A%C3%A7a%C3%AD%20Da%20Cl%C3%A9a&query_place_id=ChIJeRHnshGLpJIRMDLAdwKDeGo,,Monday-Sunday: 7:30 to 9:30 AM
"Marco, Belém - State of Pará, 66095-050, Brazil","Marco, Belém - State Of Pará, 66095-050, Brazil",Restaurant,,,,,,,,,Açaí shop,8.17e+18,Belém,BR,0x92a48d097aa6e233:0x71571e75465ee483,,,-1.4411749,-48.4496967,,Marco,,,ChIJM-KmegmNpJIRg-ReRnUeV3E,,,9.0,,5.0,4.0,1.0,0.0,0.0,0.0,State of Pará,,,,Açaí do João,Açaí Do João,4.8,https://www.google.com/maps/search/?api=1&query=A%C3%A7a%C3%AD%20do%20Jo%C3%A3o&query_place_id=ChIJM-KmegmNpJIRg-ReRnUeV3E,,
"Av. Dr. Freitas, 3278 - Marco, Belém - PA, 66095-110, Brazil","Av. Dr. Freitas, 3278 - Marco, Belém - Pa, 66095-110, Brazil",Natural goods store,,,,,,,,,Açaí shop,1.66e+17,Belém,BR,0x92a48c7726dd9439:0x24c0a2fc5e552f9,,,-1.4327404,-48.451108,,Marco,,,ChIJOZTdJneMpJIR-VLlxS8KTAI,66095-110,,4.0,,32.0,16.0,6.0,7.0,3.0,0.0,State of Pará,"Av. Dr. Freitas, 3278","Av. Dr. Freitas, 3278",,Açaí do Bom,Açaí Do Bom,3.8,https://www.google.com/maps/search/?api=1&query=A%C3%A7a%C3%AD%20do%20Bom&query_place_id=ChIJOZTdJneMpJIR-VLlxS8KTAI,,
"R. do Utinga, 531 - Curió-Utinga, Belém - PA, 66610-010, Brazil","R. Do Utinga, 531 - Curió-Utinga, Belém - Pa, 66610-010, Brazil",Restaurant,,,,,,,,,Açaí shop,5.01e+18,Belém,BR,0x92a48b85b07b8831:0x457882a3f9168a8c,,,-1.4245995,-48.4468465,,Curió-Utinga,+55 91 99942-4080,5590000000000.0,ChIJMYh7sIWLpJIRjIoW-aOCeEU,66610-010,R$20–40,8.0,,15.0,15.0,0.0,0.0,0.0,0.0,State of Pará,"R. do Utinga, 531","R. Do Utinga, 531",,Açai Do Thiago Rc,Açai Do Thiago Rc,5.0,https://www.google.com/maps/search/?api=1&query=A%C3%A7ai%20Do%20Thiago%20Rc&query_place_id=ChIJMYh7sIWLpJIRjIoW-aOCeEU,,"Monday-Friday: 10 AM to 11 PM; Saturday: Closed; Sunday: 10 AM to 3 PM, 9:30 to 11 PM"
"Passagem Valdir Acatauassú Nunes, 22 - Marco, Belém - PA, 66095-020, Brazil","Passagem Valdir Acatauassú Nunes, 22 - Marco, Belém - Pa, 66095-020, Brazil",Frozen food store,,,,,,,,,Açaí shop,1.13e+18,Belém,BR,0x92a48d8a4d10e689:0xfbcdbb4a2ead9c6,,,-1.4408005,-48.4512544,,Marco,+55 91 98370-2088,5590000000000.0,ChIJieYQTYqNpJIRxtnqorTbvA8,66095-020,,5.0,,1.0,1.0,0.0,0.0,0.0,0.0,State of Pará,"Passagem Valdir Acatauassú Nunes, 22","Passagem Valdir Acatauassú Nunes, 22",,Açaí das meninas,Açaí Das Meninas,5.0,https://www.google.com/maps/search/?api=1&query=A%C3%A7a%C3%AD%20das%20meninas&query_place_id=ChIJieYQTYqNpJIRxtnqorTbvA8,,Monday: Closed; Tuesday-Sunday: 8 AM to 2 PM
"Passagem Ana Deusa, 42 - Curió-Utinga, Belém - PA, 66610-290, Brazil","Passagem Ana Deusa, 42 - Curió-Utinga, Belém - Pa, 66610-290, Brazil",Natural goods store,,,,,,,,,Açaí shop,1.79e+19,Belém,BR,0x92a48b85d894549b:0xf8609cd183e5b141,,,-1.4265959,-48.4465778,,Curió-Utinga,,,ChIJm1SU2IWLpJIRQbHlg9GcYPg,66610-290,,3.0,,9.0,8.0,1.0,0.0,0.0,0.0,State of Pará,"Passagem Ana Deusa, 42","Passagem Ana Deusa, 42",,Açaí Do Davi,Açaí Do Davi,4.9,https://www.google.com/maps/search/?api=1&query=A%C3%A7a%C3%AD%20Do%20Davi&query_place_id=ChIJm1SU2IWLpJIRQbHlg9GcYPg,http://facebook.com/DeivysonBittencourt,
"Av. Oeste - Miramar, Belém - PA, 66110-111, Brazil","Av. Oeste - Miramar, Belém - Pa, 66110-111, Brazil",Ice cream shop,,,,,,,,,Açaí shop,3.13e+17,Belém,BR,0x92a489c68b2f0343:0x459812c6d4cb8ea,,,-1.4012691,-48.4798208,,Miramar,+55 91 98946-2326,5590000000000.0,ChIJQwMvi8aJpJIR6rhMbSyBWQQ,66110-111,,30.0,,27.0,27.0,0.0,0.0,0.0,0.0,State of Pará,Av. Oeste,Av. Oeste,,Sorveteria Dois Amores,Sorveteria Dois Amores,5.0,https://www.google.com/maps/search/?api=1&query=Sorveteria%20Dois%20Amores&query_place_id=ChIJQwMvi8aJpJIR6rhMbSyBWQQ,,
"Passagem Horta, 15a - Pratinha, Belém - PA, 66816-110, Brazil","Passagem Horta, 15A - Pratinha, Belém - Pa, 66816-110, Brazil",Juice shop,,,,,,,,,Açaí shop,1.2e+19,Belém,BR,0x92a489f756583acd:0xa632718c91b09b7d,,,-1.3791737,-48.4827516,,Pratinha,+55 91 99836-3683,5590000000000.0,ChIJzTpYVveJpJIRfZuwkYxxMqY,66816-110,,24.0,,9.0,6.0,1.0,0.0,2.0,0.0,State of Pará,"Passagem Horta, 15a","Passagem Horta, 15A",,Pede Ai AçaíDelivery,Pede Ai Açaídelivery,4.4,https://www.google.com/maps/search/?api=1&query=Pede%20Ai%20A%C3%A7a%C3%ADDelivery&query_place_id=ChIJzTpYVveJpJIRfZuwkYxxMqY,,
"Q 21, N 17 - Maracangalha, Belém - PA, 66110-010, Brazil","Q 21, N 17 - Maracangalha, Belém - Pa, 66110-010, Brazil",Restaurant,,,,,,,,,Açaí shop,8.05e+18,Belém,BR,0x92a48b22eed39481:0x6fb42c480837e2f9,,,-1.4036957,-48.4834009,,Maracangalha,+55 91 98299-8296,5590000000000.0,ChIJgZTT7iKLpJIR-eI3CEgstG8,66110-010,,53.0,,5.0,4.0,0.0,0.0,0.0,1.0,State of Pará,"Q 21, N 17","Q 21, N 17",,Açai maracangalha,Açai Maracangalha,4.4,https://www.google.com/maps/search/?api=1&query=A%C3%A7ai%20maracangalha&query_place_id=ChIJgZTT7iKLpJIR-eI3CEgstG8,,Monday-Saturday: 8 AM to 2 PM; Sunday: 8 AM to 3:30 PM
"R. Manoel Pioneiro, 18 - Quarenta Horas (Coqueiro), Ananindeua - PA, 67115-680, Brazil","R. Manoel Pioneiro, 18 - Quarenta Horas (Coqueiro), Ananindeua - Pa, 67115-680, Brazil",Açaí shop,,,,,,,,,Açaí shop,8.14e+18,Ananindeua,BR,0x92a461003dc67729:0x70ed040bc3299d95,,,-1.3495236,-48.4144011,,Quarenta Horas (Coqueiro),,,ChIJKXfGPQBhpJIRlZ0pwwsE7XA,67115-680,,86.0,,0.0,,,,,,State of Pará,"R. Manoel Pioneiro, 18","R. Manoel Pioneiro, 18",,Açaí,Açaí,,https://www.google.com/maps/search/?api=1&query=A%C3%A7a%C3%AD&query_place_id=ChIJKXfGPQBhpJIRlZ0pwwsE7XA,,
"Q. H, 85 - Quarenta Horas, Ananindeua - PA, 67120-760, Brazil","Q. H, 85 - Quarenta Horas, Ananindeua - Pa, 67120-760, Brazil",Juice shop,,,,,,,,,Açaí shop,1.75e+19,Ananindeua,BR,0x92a4616a387ed937:0xf23c253ce41bd9f6,,,-1.3399419,-48.4264569,,Quarenta Horas,+55 91 98923-8476,5590000000000.0,ChIJN9l-OGphpJIR9tkb5DwlPPI,67120-760,,83.0,,0.0,,,,,,State of Pará,"Q. H, 85","Q. H, 85",,Açaí Jr,Açaí Jr,,https://www.google.com/maps/search/?api=1&query=A%C3%A7a%C3%AD%20Jr&query_place_id=ChIJN9l-OGphpJIR9tkb5DwlPPI,,"Monday-Saturday: 8 AM to 1:30 PM, 5 to 10 PM; Sunday: 8 AM to 1 PM"
"Tv. We 35, 1341 - Complexo Do 8, Ananindeua - PA, 67133-180, Brazil","Tv. We 35, 1341 - Complexo Do 8, Ananindeua - Pa, 67133-180, Brazil",Açaí shop,,,,,,,,,Açaí shop,1.22e+18,Ananindeua,BR,0x92a4617354434fcd:0x10f4ffa9026f105f,,,-1.3592375,-48.4102684,,Complexo Do 8,+55 91 98303-4483,5590000000000.0,ChIJzU9DVHNhpJIRXxBvAqn_9BA,67133-180,R$1–20,82.0,,8.0,8.0,0.0,0.0,0.0,0.0,State of Pará,"Tv. We 35, 1341","Tv. We 35, 1341",,Milk Shake Mix Sorvetes e Açaí,Milk Shake Mix Sorvetes E Açaí,5.0,https://www.google.com/maps/search/?api=1&query=Milk%20Shake%20Mix%20Sorvetes%20e%20A%C3%A7a%C3%AD&query_place_id=ChIJzU9DVHNhpJIRXxBvAqn_9BA,,Monday-Sunday: 8 AM to 1 PM
"R. Reinaldo, 6 - Quarenta Horas, Ananindeua - PA, 67125-080, Brazil","R. Reinaldo, 6 - Quarenta Horas, Ananindeua - Pa, 67125-080, Brazil",Ice cream shop,,,,,,,,,Açaí shop,2.85e+18,Ananindeua,BR,0x92a461094e12209d:0x279a97c79133bf5a,,,-1.3407515,-48.4152304,,Quarenta Horas,+55 91 99613-0403,5590000000000.0,ChIJnSASTglhpJIRWr8zkceXmic,67125-080,,85.0,,3.0,3.0,0.0,0.0,0.0,0.0,State of Pará,"R. Reinaldo, 6","R. Reinaldo, 6",,Doce Sabor Sorveteria,Doce Sabor Sorveteria,5.0,https://www.google.com/maps/search/?api=1&query=Doce%20Sabor%20Sorveteria&query_place_id=ChIJnSASTglhpJIRWr8zkceXmic,http://instagram.com/doce_saborsorveteria_/,Monday-Sunday: 9 AM to 2 PM
"R. Belém, 136 - Cabanagem, Belém - PA, 66625-895, Brazil","R. Belém, 136 - Cabanagem, Belém - Pa, 66625-895, Brazil",Açaí shop,,,,,,,,,Açaí shop,2.4e+18,Belém,BR,0x92a461c1bf101c8d:0x21576210ae9fd91c,,,-1.3667805,-48.4388942,,Cabanagem,+55 91 98529-1301,5590000000000.0,ChIJjRwQv8FhpJIRHNmfrhBiVyE,66625-895,,79.0,,0.0,,,,,,State of Pará,"R. Belém, 136","R. Belém, 136",,Açaí do vandeco,Açaí Do Vandeco,,https://www.google.com/maps/search/?api=1&query=A%C3%A7a%C3%AD%20do%20vandeco&query_place_id=ChIJjRwQv8FhpJIRHNmfrhBiVyE,,
"Estr. da Vila Nova, 339 - Coqueiro, Ananindeua - PA, 67120-406, Brazil","Estr. Da Vila Nova, 339 - Coqueiro, Ananindeua - Pa, 67120-406, Brazil",Açaí shop,Food manufacturing supply,,,,,,,,Açaí shop,4.91e+18,Ananindeua,BR,0x92a46185f51570af:0x44140e79a2862c7c,,,-1.3649462,-48.410895,,Coqueiro,+55 91 98231-3681,5590000000000.0,ChIJr3AV9YVhpJIRfCyGonkOFEQ,67120-406,,77.0,,0.0,,,,,,State of Pará,"Estr. da Vila Nova, 339","Estr. Da Vila Nova, 339",,Égua do Açaí,Égua Do Açaí,,https://www.google.com/maps/search/?api=1&query=%C3%89gua%20do%20A%C3%A7a%C3%AD&query_place_id=ChIJr3AV9YVhpJIRfCyGonkOFEQ,,
"Conjunto Stélio Maroja, 108 A - Cidade Nova, Ananindeua - PA, 67120-863, Brazil","Conjunto Stélio Maroja, 108 A - Cidade Nova, Ananindeua - Pa, 67120-863, Brazil",Açaí shop,Food manufacturer,,,,,,,,Açaí shop,8.09e+18,Ananindeua,BR,0x92a4613d067f7f69:0x7034ffd6700ce5d2,,,-1.3514345,-48.4157793,,Cidade Nova,+55 91 98584-1722,5590000000000.0,ChIJaX9_Bj1hpJIR0uUMcNb_NHA,67120-863,,74.0,,0.0,,,,,,State of Pará,"Conjunto Stélio Maroja, 108 A","Conjunto Stélio Maroja, 108 A",,Idálhi Açaí,Idálhi Açaí,,https://www.google.com/maps/search/?api=1&query=Id%C3%A1lhi%20A%C3%A7a%C3%AD&query_place_id=ChIJaX9_Bj1hpJIR0uUMcNb_NHA,,
"Tv. We 70, 322 - Coqueiro, Ananindeua - PA, 67140-000, Brazil","Tv. We 70, 322 - Coqueiro, Ananindeua - Pa, 67140-000, Brazil",Açaí shop,,,,,,,,,Açaí shop,1.15e+18,Ananindeua,BR,0x92a461128b9249e1:0xffae04cb2951e1b,,,-1.3516671,-48.4070268,,Coqueiro,+55 91 98407-0387,5590000000000.0,ChIJ4UmSixJhpJIRGx6Vskzg-g8,67140-000,,73.0,,0.0,,,,,,State of Pará,"Tv. We 70, 322","Tv. We 70, 322",,Açaí do Chef,Açaí Do Chef,,https://www.google.com/maps/search/?api=1&query=A%C3%A7a%C3%AD%20do%20Chef&query_place_id=ChIJ4UmSixJhpJIRGx6Vskzg-g8,,Monday-Sunday: Open 24 hours
"Estr. da Providência - Coqueiro, Ananindeua - PA, 67130-430, Brazil","Estr. Da Providência - Coqueiro, Ananindeua - Pa, 67130-430, Brazil",Dessert shop,,,,,,,,,Açaí shop,9.13e+17,Ananindeua,BR,0x92a46002e7efafbd:0xcad4cfabb57a615,,,-1.3688043,-48.4075061,,Coqueiro,,,ChIJva_v5wJgpJIRFaZXu_pMrQw,,,72.0,,0.0,,,,,,State of Pará,Estr. da Providência,Estr. Da Providência,,Açaí E Sorvetes Ula - Ula,Açaí E Sorvetes Ula - Ula,,https://www.google.com/maps/search/?api=1&query=A%C3%A7a%C3%AD%20E%20Sorvetes%20Ula%20-%20Ula&query_place_id=ChIJva_v5wJgpJIRFaZXu_pMrQw,,Monday-Sunday: 8:30 AM to 2 PM
"Av. Independência, 6 - Parque Verde, Belém - PA, 67125-406, Brazil","Av. Independência, 6 - Parque Verde, Belém - Pa, 67125-406, Brazil",Açaí shop,,,,,,,,,Açaí shop,7.43e+18,Belém,BR,0x92a461c7ef4be379:0x670ea84c00564f1e,,,-1.3672078,-48.4358211,,Parque Verde,+55 91 98546-0687,5590000000000.0,ChIJeeNL78dhpJIRHk9WAEyoDmc,67125-406,,75.0,,0.0,,,,,,State of Pará,"Av. Independência, 6","Av. Independência, 6",,Açai do GuiH,Açai Do Guih,,https://www.google.com/maps/search/?api=1&query=A%C3%A7ai%20do%20GuiH&query_place_id=ChIJeeNL78dhpJIRHk9WAEyoDmc,,Monday-Sunday: 8 AM to 2 PM
"Q. Sete - Coqueiro, Belém - PA, 66650-020, Brazil","Q. Sete - Coqueiro, Belém - Pa, 66650-020, Brazil",Açaí shop,,,,,,,,,Açaí shop,5.25e+18,Belém,BR,0x92a461cec3bdad63:0x48ead92f8eabbc7b,,,-1.3563754,-48.4396133,,Coqueiro,+55 91 98226-7054,5590000000000.0,ChIJY629w85hpJIRe7yrji_Z6kg,,,69.0,,0.0,,,,,,State of Pará,Q. Sete,Q. Sete,,Açaí do J'R,Açaí Do J'R,,https://www.google.com/maps/search/?api=1&query=A%C3%A7a%C3%AD%20do%20J'R&query_place_id=ChIJY629w85hpJIRe7yrji_Z6kg,,Monday-Sunday: 9 AM to 10 PM
"Avenida São Pedro, Conj. Ariri Bolonha, Q. Doze, 33, Belém - PA, 66650-020, Brazil","Avenida São Pedro, Conj. Ariri Bolonha, Q. Doze, 33, Belém - Pa, 66650-020, Brazil",Açaí shop,,,,,,,,,Açaí shop,8.91e+18,Belém,BR,0x92a461730f050409:0x7bb82989d49b25d1,,,-1.3562854,-48.4384669,,Coqueiro,+55 91 98237-9201,5590000000000.0,ChIJCQQFD3NhpJIR0SWb1IkpuHs,66650-020,,67.0,,1.0,1.0,0.0,0.0,0.0,0.0,State of Pará,"Avenida São Pedro, Conj. Ariri Bolonha, Q. Doze, 33","Avenida São Pedro, Conj. Ariri Bolonha, Q. Doze, 33",,Companhia Paraense de Açaí,Companhia Paraense De Açaí,5.0,https://www.google.com/maps/search/?api=1&query=Companhia%20Paraense%20de%20A%C3%A7a%C3%AD&query_place_id=ChIJCQQFD3NhpJIR0SWb1IkpuHs,https://companhiaparaense.menudino.com/,Monday: Closed; Tuesday-Sunday: 9:30 AM to 11 PM
"R. dos Cabanos, 125-75 - Marituba, Ananindeua - PA, 67140-680, Brazil","R. Dos Cabanos, 125-75 - Marituba, Ananindeua - Pa, 67140-680, Brazil",Açaí shop,,,,,,,,,Açaí shop,1.44e+19,Ananindeua,BR,0x92a461c1d3e94671:0xc8859247e64d06ca,,,-1.3497949,-48.4128556,,Marituba,+55 91 98194-2344,5590000000000.0,ChIJcUbp08FhpJIRygZN5keShcg,67140-680,,65.0,,4.0,3.0,0.0,1.0,0.0,0.0,State of Pará,"R. dos Cabanos, 125-75","R. Dos Cabanos, 125-75",,Açai Cacique Mania,Açai Cacique Mania,4.0,https://www.google.com/maps/search/?api=1&query=A%C3%A7ai%20Cacique%20Mania&query_place_id=ChIJcUbp08FhpJIRygZN5keShcg,,Monday-Saturday: Open 24 hours; Sunday: 7:30 AM to 9 PM
"Ananindeua, Pará - Rodovia Mario Covas, 2233 - CENTRO COMERCIAL JARDIM AMÉRICA - Coqueiro, Ananindeua - PA, 67115-000, Brazil","Ananindeua, Pará - Rodovia Mario Covas, 2233 - Centro Comercial Jardim América - Coqueiro, Ananindeua - Pa, 67115-000, Brazil",Natural goods store,,,,,,,,,Açaí shop,1.11e+19,Ananindeua,BR,0x92a4603afd4fd0cf:0x9a02b2cc49718d45,,,-1.3618974,-48.4262793,,Coqueiro,+55 91 3234-0234,559000000000.0,ChIJz9BP_TpgpJIRRY1xScyyApo,67115-000,,66.0,,35.0,29.0,3.0,0.0,2.0,1.0,State of Pará,"Ananindeua, Pará - Rodovia Mario Covas, 2233 - CENTRO COMERCIAL JARDIM AMÉRICA","Ananindeua, Pará - Rodovia Mario Covas, 2233 - Centro Comercial Jardim América",,AÇAÍ DO ARTEME,Açaí Do Arteme,4.7,https://www.google.com/maps/search/?api=1&query=A%C3%87A%C3%8D%20DO%20ARTEME&query_place_id=ChIJz9BP_TpgpJIRRY1xScyyApo,,Monday-Saturday: 8 AM to 9 PM; Sunday: 8 AM to 2 PM
"Av. São Pedro - Coqueiro, Belém - PA, 66650-020, Brazil","Av. São Pedro - Coqueiro, Belém - Pa, 66650-020, Brazil",Açaí shop,,,,,,,,,Açaí shop,1.28e+19,Belém,BR,0x92a4610693fa9ce1:0xb220859dc2f65245,,,-1.3534514,-48.4374003,,Coqueiro,+55 91 98244-2775,5590000000000.0,ChIJ4Zz6kwZhpJIRRVL2wp2FILI,66650-020,,71.0,,1.0,1.0,0.0,0.0,0.0,0.0,State of Pará,Av. São Pedro,Av. São Pedro,,Açaí Mix Frozen,Açaí Mix Frozen,5.0,https://www.google.com/maps/search/?api=1&query=A%C3%A7a%C3%AD%20Mix%20Frozen&query_place_id=ChIJ4Zz6kwZhpJIRRVL2wp2FILI,,
"QD G N 2, R. Paraguai - Coqueiro, Ananindeua - PA, 67115-100, Brazil","Qd G N 2, R. Paraguai - Coqueiro, Ananindeua - Pa, 67115-100, Brazil",Health food restaurant,,,,,,,,,Açaí shop,1.81e+19,Ananindeua,BR,0x92a4603b66373da9:0xfb0e1cdb3dea82b9,,,-1.3612345,-48.4231522,,Coqueiro,+55 91 98936-7044,5590000000000.0,ChIJqT03ZjtgpJIRuYLqPdscDvs,67115-100,,64.0,,22.0,18.0,1.0,1.0,2.0,0.0,State of Pará,"QD G N 2, R. Paraguai","Qd G N 2, R. Paraguai",,AÇAÍ DO OSVALDO,Açaí Do Osvaldo,4.6,https://www.google.com/maps/search/?api=1&query=A%C3%87A%C3%8D%20DO%20OSVALDO&query_place_id=ChIJqT03ZjtgpJIRuYLqPdscDvs,,
"Tv. We-15 B, 171a - Cidade Nova, Ananindeua - PA, 67130-430, Brazil","Tv. We-15 B, 171A - Cidade Nova, Ananindeua - Pa, 67130-430, Brazil",Ice cream shop,,,,,,,,,Açaí shop,8.1e+18,Ananindeua,BR,0x92a4614dfb7aa251:0x70792210690a0405,,,-1.3688062,-48.4074941,,Cidade Nova,+55 91 98450-9252,5590000000000.0,ChIJUaJ6-01hpJIRBQQKaRAieXA,67130-430,,62.0,,27.0,24.0,0.0,1.0,2.0,0.0,State of Pará,"Tv. We-15 B, 171a","Tv. We-15 B, 171A",,Canto - Açaí e sorvetes,Canto - Açaí E Sorvetes,4.7,https://www.google.com/maps/search/?api=1&query=Canto%20-%20A%C3%A7a%C3%AD%20e%20sorvetes&query_place_id=ChIJUaJ6-01hpJIRBQQKaRAieXA,,Monday-Sunday: 8:30 AM to 3 PM
"Rodovia dos trabalhadores, 70B quadra 200 nova esperança 40 - horas, Ananindeua - PA, 67120-527, Brazil","Rodovia Dos Trabalhadores, 70B Quadra 200 Nova Esperança 40 - Horas, Ananindeua - Pa, 67120-527, Brazil",Ice cream shop,,,,,,,,,Açaí shop,5.04e+18,Ananindeua,BR,0x92a4611f4f1ba191:0x45f7cc92c4477ae8,,,-1.3505188,-48.4128858,https://acaicomfrescura.ola.click/products,Quarenta Horas,+55 91 99151-1531,5590000000000.0,ChIJkaEbTx9hpJIR6HpHxJLM90U,67120-527,,60.0,,4.0,4.0,0.0,0.0,0.0,0.0,State of Pará,"Rodovia dos trabalhadores, 70B quadra 200 nova esperança 40","Rodovia Dos Trabalhadores, 70B Quadra 200 Nova Esperança 40",,Acai com frescura,Acai Com Frescura,5.0,https://www.google.com/maps/search/?api=1&query=Acai%20com%20frescura&query_place_id=ChIJkaEbTx9hpJIR6HpHxJLM90U,https://instagram.com/acaicomfrescura?igshid=MzNlNGNkZWQ4Mg==,Monday-Friday: 7:30 AM to 5 PM; Saturday: 7:30 AM to 12 PM; Sunday: Closed
"R. do Úna - Una, Belém - PA, 66652-290, Brazil","R. Do Úna - Una, Belém - Pa, 66652-290, Brazil",Natural goods store,,,,,,,,,Açaí shop,8.17e+18,Belém,BR,0x92a48bdc367fc02f:0x716c6fc92263f033,,,-1.3707034,-48.4288502,,Una,+55 91 98031-6666,5590000000000.0,ChIJL8B_NtyLpJIRM_BjIslvbHE,66652-290,,59.0,,0.0,,,,,,State of Pará,R. do Úna,R. Do Úna,,Açaí especial Deus proverá,Açaí Especial Deus Proverá,,https://www.google.com/maps/search/?api=1&query=A%C3%A7a%C3%AD%20especial%20Deus%20prover%C3%A1&query_place_id=ChIJL8B_NtyLpJIRM_BjIslvbHE,,
"Conjunto ariri bolonha Rua 23 Quadra 49 n° - Coqueiro, Belém - PA, 66000-001, Brazil","Conjunto Ariri Bolonha Rua 23 Quadra 49 N° - Coqueiro, Belém - Pa, 66000-001, Brazil",Açaí shop,,,,,,,,,Açaí shop,1.83e+19,Belém,BR,0x92a4615cb91238cd:0xfd7158d3bb60ba41,,,-1.3518884,-48.4367736,,Coqueiro,,,ChIJzTgSuVxhpJIRQbpgu9NYcf0,66000-001,,63.0,,2.0,2.0,0.0,0.0,0.0,0.0,State of Pará,Conjunto ariri bolonha Rua 23 Quadra 49 n°,Conjunto Ariri Bolonha Rua 23 Quadra 49 N°,,Açaí da Neia,Açaí Da Neia,5.0,https://www.google.com/maps/search/?api=1&query=A%C3%A7a%C3%AD%20da%20Neia&query_place_id=ChIJzTgSuVxhpJIRQbpgu9NYcf0,,
"Passagem Dom Pedro, 2 - Cabanagem, Belém - PA, 66020-230, Brazil","Passagem Dom Pedro, 2 - Cabanagem, Belém - Pa, 66020-230, Brazil",Açaí shop,,,,,,,,,Açaí shop,1.02e+19,Belém,BR,0x92a4613527155637:0x8d6c43fc546faf08,,,-1.3592926,-48.4398901,https://api.whatsapp.com/send?phone=5591984300676&text=%C3%89gua%20mana%20eu%20quero%20a%C3%A7a%C3%AD%20,Cabanagem,+55 91 98430-0676,5590000000000.0,ChIJN1YVJzVhpJIRCK9vVPxDbI0,66020-230,,56.0,,0.0,,,,,,State of Pará,"Passagem Dom Pedro, 2","Passagem Dom Pedro, 2",,Açaí Prime,Açaí Prime,,https://www.google.com/maps/search/?api=1&query=A%C3%A7a%C3%AD%20Prime&query_place_id=ChIJN1YVJzVhpJIRCK9vVPxDbI0,https://instagram.com/acaiprimer91?igshid=MzRlODBiNWFlZA==,Monday-Friday: 8 AM to 7 PM; Saturday: 8 AM to 8 PM; Sunday: 8 AM to 7 PM
"Cidade Nova, 29 - Cidade Nova, Ananindeua - PA, 67130-630, Brazil","Cidade Nova, 29 - Cidade Nova, Ananindeua - Pa, 67130-630, Brazil",Açaí shop,Food court,,,,,,,,Açaí shop,8.31e+18,Ananindeua,BR,0x92a461086584c1eb:0x7345c341b88cc9d3,,,-1.3611231,-48.4110824,https://aqui.top/acaipointdailha/,Cidade Nova,+55 91 99283-2272,5590000000000.0,ChIJ68GEZQhhpJIR08mMuEHDRXM,67130-630,,53.0,,15.0,14.0,0.0,1.0,0.0,0.0,State of Pará,"Cidade Nova, 29","Cidade Nova, 29",,Açaí Point da Ilha,Açaí Point Da Ilha,4.7,https://www.google.com/maps/search/?api=1&query=A%C3%A7a%C3%AD%20Point%20da%20Ilha&query_place_id=ChIJ68GEZQhhpJIR08mMuEHDRXM,,Monday-Sunday: 8 AM to 10 PM
"Tv. We 35, 5 - Coqueiro, Ananindeua - PA, 67133-180, Brazil","Tv. We 35, 5 - Coqueiro, Ananindeua - Pa, 67133-180, Brazil",Ice cream shop,,,,,,,,,Açaí shop,9.3e+18,Ananindeua,BR,0x92a461d5248eb91b:0x811c909567cb6914,,,-1.3591979,-48.409771,,Coqueiro,+55 91 99331-6581,5590000000000.0,ChIJG7mOJNVhpJIRFGnLZ5WQHIE,67133-180,,55.0,,4.0,3.0,0.0,0.0,1.0,0.0,State of Pará,"Tv. We 35, 5","Tv. We 35, 5",,Happy - Açaiteria,Happy - Açaiteria,4.5,https://www.google.com/maps/search/?api=1&query=Happy%20-%20A%C3%A7aiteria&query_place_id=ChIJG7mOJNVhpJIRFGnLZ5WQHIE,,Monday-Friday: 8 AM to 9 PM; Saturday: 8:30 AM to 9 PM; Sunday: 7:30 AM to 2:30 PM
"Tv. WE 16 (Cidade Nova II), 172 - Cidade Nova, Ananindeua - PA, 67130-440, Brazil","Tv. We 16 (Cidade Nova Ii), 172 - Cidade Nova, Ananindeua - Pa, 67130-440, Brazil",Ice cream shop,,,,,,,,,Açaí shop,8.67e+18,Ananindeua,BR,0x92a461868f442f4b:0x7858b75392474cc4,,,-1.3681955,-48.4076671,,Cidade Nova,,,ChIJSy9Ej4ZhpJIRxExHklO3WHg,67130-440,,54.0,,11.0,10.0,0.0,1.0,0.0,0.0,State of Pará,"Tv. WE 16 (Cidade Nova II), 172","Tv. We 16 (Cidade Nova Ii), 172",,Yacy Açaiteria,Yacy Açaiteria,4.6,https://www.google.com/maps/search/?api=1&query=Yacy%20A%C3%A7aiteria&query_place_id=ChIJSy9Ej4ZhpJIRxExHklO3WHg,,Monday-Tuesday: Closed; Wednesday-Sunday: 7:30 AM to 5 PM
"Tv. We Treze -B, 42 - Cidade Nova, Ananindeua - PA, 67130-410, Brazil","Tv. We Treze -B, 42 - Cidade Nova, Ananindeua - Pa, 67130-410, Brazil",Ice cream shop,,,,,,,,,Açaí shop,1.64e+19,Ananindeua,BR,0x92a46160fe460d2d:0xe42f6daea71a7d91,,,-1.3695616,-48.4066203,,Cidade Nova,+55 91 98808-8990,5590000000000.0,ChIJLQ1G_mBhpJIRkX0ap65tL-Q,67130-410,,51.0,,16.0,13.0,1.0,2.0,0.0,0.0,State of Pará,"Tv. We Treze -B, 42","Tv. We Treze -B, 42",,Frozen Açaí God's Berry,Frozen Açaí God'S Berry,4.4,https://www.google.com/maps/search/?api=1&query=Frozen%20A%C3%A7a%C3%AD%20God's%20Berry&query_place_id=ChIJLQ1G_mBhpJIRkX0ap65tL-Q,,
"R. Providência, 281 - Coqueiro, Ananindeua - PA, 67113-374, Brazil","R. Providência, 281 - Coqueiro, Ananindeua - Pa, 67113-374, Brazil",Açaí shop,,,,,,,,,Açaí shop,2.22e+18,Ananindeua,BR,0x92a461006316dcd7:0x1ed28e9f946c1b10,,,-1.3513811,-48.4106192,,Coqueiro,+55 91 98130-4043,5590000000000.0,ChIJ19wWYwBhpJIREBtslJ-O0h4,67113-374,,50.0,,0.0,,,,,,State of Pará,"R. Providência, 281","R. Providência, 281",,Mania do Açaí,Mania Do Açaí,,https://www.google.com/maps/search/?api=1&query=Mania%20do%20A%C3%A7a%C3%AD&query_place_id=ChIJ19wWYwBhpJIREBtslJ-O0h4,,
"Rua BL, 18 - Quadra G, Bloco I n° 101/D1 - Coqueiro, Ananindeua - PA, 67115-680, Brazil","Rua Bl, 18 - Quadra G, Bloco I N° 101/D1 - Coqueiro, Ananindeua - Pa, 67115-680, Brazil",Organic food store,,,,,,,,,Açaí shop,1.19e+19,Ananindeua,BR,0x92a46186b7415411:0xa4a6ae60d0ef5462,,,-1.3513058,-48.4142402,,Coqueiro,,,ChIJEVRBt4ZhpJIRYlTv0GCupqQ,67115-680,,49.0,,2.0,2.0,0.0,0.0,0.0,0.0,State of Pará,"Rua BL, 18 - Quadra G, Bloco I n° 101/D1","Rua Bl, 18 - Quadra G, Bloco I N° 101/D1",,Açaiteria Mestre do Açaí - Stelio Maroja,Açaiteria Mestre Do Açaí - Stelio Maroja,5.0,https://www.google.com/maps/search/?api=1&query=A%C3%A7aiteria%20Mestre%20do%20A%C3%A7a%C3%AD%20-%20Stelio%20Maroja&query_place_id=ChIJEVRBt4ZhpJIRYlTv0GCupqQ,,Monday-Sunday: 6 AM to 10 PM
"Tv. We Vinte e Sete, 22 - Coqueiro, Ananindeua - PA, 67133-100, Brazil","Tv. We Vinte E Sete, 22 - Coqueiro, Ananindeua - Pa, 67133-100, Brazil",Açaí shop,,,,,,,,,Açaí shop,1.46e+19,Ananindeua,BR,0x92a46100382adaef:0xcac0ae58d4dc0e1d,,,-1.3653951,-48.4066536,,Coqueiro,,,ChIJ79oqOABhpJIRHQ7c1FiuwMo,,,47.0,,1.0,0.0,0.0,0.0,1.0,0.0,State of Pará,"Tv. We Vinte e Sete, 22","Tv. We Vinte E Sete, 22",,Açaí da Ilha,Açaí Da Ilha,3.0,https://www.google.com/maps/search/?api=1&query=A%C3%A7a%C3%AD%20da%20Ilha&query_place_id=ChIJ79oqOABhpJIRHQ7c1FiuwMo,,Monday-Friday: 8 AM to 1:30 PM; Saturday-Sunday: 8 AM to 2 PM
"Conjunto Xingú - Tv. 22, N° 156 - Coqueiro, Belém - PA, 66650-491, Brazil","Conjunto Xingú - Tv. 22, N° 156 - Coqueiro, Belém - Pa, 66650-491, Brazil",Açaí shop,,,,,,,,,Açaí shop,1.78e+19,Belém,BR,0x92a461eb123e0b7b:0xf68f3af3e5b3c37b,,,-1.3595297,-48.4365721,,Coqueiro,+55 91 98966-2731,5590000000000.0,ChIJews-EuthpJIRe8Oz5fM6j_Y,66650491,,48.0,,5.0,5.0,0.0,0.0,0.0,0.0,State of Pará,"Conjunto Xingú - Tv. 22, N° 156","Conjunto Xingú - Tv. 22, N° 156",,Assados Pai D'egua,Assados Pai D'Egua,5.0,https://www.google.com/maps/search/?api=1&query=Assados%20Pai%20D'egua&query_place_id=ChIJews-EuthpJIRe8Oz5fM6j_Y,,
"R. Enéas Costa, 66 - Jardim nova esperança, Ananindeua - PA, 67120-405, Brazil","R. Enéas Costa, 66 - Jardim Nova Esperança, Ananindeua - Pa, 67120-405, Brazil",Açaí shop,,,,,,,,,Açaí shop,3.61e+18,Ananindeua,BR,0x92a46143370ba553:0x32100250cc03c43f,,,-1.3482343,-48.4135203,,Jardim nova esperança,+55 91 98721-6691,5590000000000.0,ChIJU6ULN0NhpJIRP8QDzFACEDI,67120-405,,46.0,,0.0,,,,,,State of Pará,"R. Enéas Costa, 66","R. Enéas Costa, 66",,Açaí da Cris,Açaí Da Cris,,https://www.google.com/maps/search/?api=1&query=A%C3%A7a%C3%AD%20da%20Cris&query_place_id=ChIJU6ULN0NhpJIRP8QDzFACEDI,,
"R. do Fio, 14 - Cabanagem, Belém - PA, 66633-070, Brazil","R. Do Fio, 14 - Cabanagem, Belém - Pa, 66633-070, Brazil",Açaí shop,,,,,,,,,Açaí shop,4.01e+18,Belém,BR,0x92a48b000a499851:0x37a8956a05c878d4,,,-1.3689252,-48.4333308,,Cabanagem,+55 91 98611-7019,5590000000000.0,ChIJUZhJCgCLpJIR1HjIBWqVqDc,,,43.0,,0.0,,,,,,State of Pará,"R. do Fio, 14","R. Do Fio, 14",,Açaí Nação 318,Açaí Nação 318,,https://www.google.com/maps/search/?api=1&query=A%C3%A7a%C3%AD%20Na%C3%A7%C3%A3o%20318&query_place_id=ChIJUZhJCgCLpJIR1HjIBWqVqDc,,Monday-Sunday: 8 AM to 2 PM
"R. Bom Sucesso, 149 - Cabanagem, Belém - PA, 66625-787, Brazil","R. Bom Sucesso, 149 - Cabanagem, Belém - Pa, 66625-787, Brazil",Açaí shop,,,,,,,,,Açaí shop,1.02e+18,Belém,BR,0x92a4615d78873ea3:0xe34a504aba615b8,,,-1.361552,-48.439484,,Cabanagem,,,ChIJoz6HeF1hpJIRuBWmqwSlNA4,66625-787,,37.0,,4.0,3.0,1.0,0.0,0.0,0.0,State of Pará,"R. Bom Sucesso, 149","R. Bom Sucesso, 149",,Cantinho do Açaí,Cantinho Do Açaí,4.8,https://www.google.com/maps/search/?api=1&query=Cantinho%20do%20A%C3%A7a%C3%AD&query_place_id=ChIJoz6HeF1hpJIRuBWmqwSlNA4,,
"Av. Independência, 35 - Quarenta Horas (Coqueiro), Ananindeua - PA, 67120-527, Brazil","Av. Independência, 35 - Quarenta Horas (Coqueiro), Ananindeua - Pa, 67120-527, Brazil",Açaí shop,Restaurant,,,,,,,,Açaí shop,1.8e+19,Ananindeua,BR,0x92a461d2cf05c5ed:0xfa3567b4e623119b,,,-1.3531106,-48.4205729,,Quarenta Horas (Coqueiro),+55 91 98179-4789,5590000000000.0,ChIJ7cUFz9JhpJIRmxEj5rRnNfo,67120-527,,39.0,,0.0,,,,,,State of Pará,"Av. Independência, 35","Av. Independência, 35",,Açaí Tigela Roxa,Açaí Tigela Roxa,,https://www.google.com/maps/search/?api=1&query=A%C3%A7a%C3%AD%20Tigela%20Roxa&query_place_id=ChIJ7cUFz9JhpJIRmxEj5rRnNfo,,Monday-Sunday: 8 AM to 2 PM
"Tv. We Quarenta, 60 - Cidade Nova, Ananindeua - PA, 67133-230, Brazil","Tv. We Quarenta, 60 - Cidade Nova, Ananindeua - Pa, 67133-230, Brazil",Açaí shop,,,,,,,,,Açaí shop,1.41e+19,Ananindeua,BR,0x92a4612a09ffd7c9:0xc40e6aef09345fa1,,,-1.3576447,-48.4098947,,Cidade Nova,+55 91 99273-7337,5590000000000.0,ChIJydf_CSphpJIRoV80Ce9qDsQ,67133-230,,30.0,,1.0,1.0,0.0,0.0,0.0,0.0,State of Pará,"Tv. We Quarenta, 60","Tv. We Quarenta, 60",,Shekinah Açaí,Shekinah Açaí,5.0,https://www.google.com/maps/search/?api=1&query=Shekinah%20A%C3%A7a%C3%AD&query_place_id=ChIJydf_CSphpJIRoV80Ce9qDsQ,https://instagram.com/shekinahacai_?igshid=YmMyMTA2M2Y=,Monday-Sunday: 8 AM to 10 PM
"Tv. We Treze, 90 - Cidade Nova, Ananindeua - PA, 67130-645, Brazil","Tv. We Treze, 90 - Cidade Nova, Ananindeua - Pa, 67130-645, Brazil",Açaí shop,,,,,,,,,Açaí shop,1.33e+19,Ananindeua,BR,0x92a46190d59d1fcd:0xb8f97de1e0f5ef78,,,-1.3695912,-48.4067036,,Cidade Nova,,,ChIJzR-d1ZBhpJIReO_14OF9-bg,67130-645,,29.0,,2.0,2.0,0.0,0.0,0.0,0.0,State of Pará,"Tv. We Treze, 90","Tv. We Treze, 90",,Açaí gold berry,Açaí Gold Berry,5.0,https://www.google.com/maps/search/?api=1&query=A%C3%A7a%C3%AD%20gold%20berry&query_place_id=ChIJzR-d1ZBhpJIReO_14OF9-bg,,Monday-Friday: 8 AM to 2 PM; Saturday-Sunday: 7:30 AM to 3 PM
"Rod. dos Trabalhadores, 106 - Quarenta Horas, Ananindeua - PA, 67120-527, Brazil","Rod. Dos Trabalhadores, 106 - Quarenta Horas, Ananindeua - Pa, 67120-527, Brazil",Açaí shop,,,,,,,,,Açaí shop,1.84e+19,Ananindeua,BR,0x92a461a42d57eddd:0xff2b7e0275b2c2dc,,,-1.3512595,-48.4156654,,Quarenta Horas,+55 91 98548-5805,5590000000000.0,ChIJ3e1XLaRhpJIR3MKydQJ-K_8,67120-527,,13.0,,3.0,3.0,0.0,0.0,0.0,0.0,State of Pará,"Rod. dos Trabalhadores, 106","Rod. Dos Trabalhadores, 106",,Açaí da Gama,Açaí Da Gama,5.0,https://www.google.com/maps/search/?api=1&query=A%C3%A7a%C3%AD%20da%20Gama&query_place_id=ChIJ3e1XLaRhpJIR3MKydQJ-K_8,,Monday-Saturday: 7:30 AM to 8 PM; Sunday: 7:30 AM to 1 PM
"Av. Independência - Parque Verde, Belém - PA, 67120-406, Brazil","Av. Independência - Parque Verde, Belém - Pa, 67120-406, Brazil",Açaí shop,,,,,,,,,Açaí shop,1.38e+19,Belém,BR,0x92a4602c7147c9a3:0xbfd9a630ec0a9a63,,,-1.3667368,-48.4358454,,Parque Verde,+55 91 98721-0233,5590000000000.0,ChIJo8lHcSxgpJIRY5oK7DCm2b8,67120-406,,12.0,,1.0,1.0,0.0,0.0,0.0,0.0,State of Pará,Av. Independência,Av. Independência,,Açaí do Bragantino,Açaí Do Bragantino,5.0,https://www.google.com/maps/search/?api=1&query=A%C3%A7a%C3%AD%20do%20Bragantino&query_place_id=ChIJo8lHcSxgpJIRY5oK7DCm2b8,,Monday-Saturday: 9 AM to 5 PM; Sunday: Closed
"Tv. SN 03, 753 - Cidade Nova, Ananindeua - PA, 67130-640, Brazil","Tv. Sn 03, 753 - Cidade Nova, Ananindeua - Pa, 67130-640, Brazil",Organic food store,Diner,Restaurant,,,,,,,Açaí shop,8.63e+18,Ananindeua,BR,0x92a46173101d3cb9:0x77cb77ead3745c97,,Preço Baixo Meio a Meio Cidade Nova,-1.3592575,-48.4067182,,Cidade Nova,+55 91 99384-0369,5590000000000.0,ChIJuTwdEHNhpJIRl1x00-p3y3c,67130-640,,21.0,,17.0,9.0,1.0,5.0,0.0,2.0,State of Pará,"Tv. SN 03, 753","Tv. Sn 03, 753",,Sou + Açaí - Unidade Cidade Nova,Sou + Açaí - Unidade Cidade Nova,3.4,https://www.google.com/maps/search/?api=1&query=Sou%20%2B%20A%C3%A7a%C3%AD%20-%20Unidade%20Cidade%20Nova&query_place_id=ChIJuTwdEHNhpJIRl1x00-p3y3c,,
"Passagem Val-de-Cães, 67 - Cabanagem, Belém - PA, 66625-157, Brazil","Passagem Val-De-Cães, 67 - Cabanagem, Belém - Pa, 66625-157, Brazil",Açaí shop,,,,,,,,,Açaí shop,2.51e+17,Belém,BR,0x92a48bdd26ce49e5:0x37b0fb8816af66e,,,-1.3718229,-48.4321902,,Cabanagem,,,ChIJ5UnOJt2LpJIRbvZqgbgPewM,66625-157,,11.0,,1.0,1.0,0.0,0.0,0.0,0.0,State of Pará,"Passagem Val-de-Cães, 67","Passagem Val-De-Cães, 67",,Açaí do rony,Açaí Do Rony,5.0,https://www.google.com/maps/search/?api=1&query=A%C3%A7a%C3%AD%20do%20rony&query_place_id=ChIJ5UnOJt2LpJIRbvZqgbgPewM,,
"Estr. do Benjamin - Mangueirão, Belém - PA, 66625-410, Brazil","Estr. Do Benjamin - Mangueirão, Belém - Pa, 66625-410, Brazil",Açaí shop,,,,,,,,,Açaí shop,1.09e+19,Belém,BR,0x92a48ba3fb275085:0x96e22e99e3c30930,,,-1.3717471,-48.4285606,,Mangueirão,,,ChIJhVAn-6OLpJIRMAnD45ku4pY,66625-410,,10.0,,4.0,4.0,0.0,0.0,0.0,0.0,State of Pará,Estr. do Benjamin,Estr. Do Benjamin,,Açaí especial do Rodolfo,Açaí Especial Do Rodolfo,5.0,https://www.google.com/maps/search/?api=1&query=A%C3%A7a%C3%AD%20especial%20do%20Rodolfo&query_place_id=ChIJhVAn-6OLpJIRMAnD45ku4pY,,
"Vila Conselheiro Pará, 205 - Quarenta Horas (Coqueiro), Ananindeua - PA, 66823-073, Brazil","Vila Conselheiro Pará, 205 - Quarenta Horas (Coqueiro), Ananindeua - Pa, 66823-073, Brazil",Açaí shop,,,,,,,,,Açaí shop,1.11e+19,Ananindeua,BR,0x92a461c213c4b5e7:0x9a0072782b32468e,,,-1.3646689,-48.4171656,,Quarenta Horas (Coqueiro),,,ChIJ57XEE8JhpJIRjkYyK3hyAJo,,,4.0,,1.0,1.0,0.0,0.0,0.0,0.0,State of Pará,"Vila Conselheiro Pará, 205","Vila Conselheiro Pará, 205",,Açaí puro sabor,Açaí Puro Sabor,5.0,https://www.google.com/maps/search/?api=1&query=A%C3%A7a%C3%AD%20puro%20sabor&query_place_id=ChIJ57XEE8JhpJIRjkYyK3hyAJo,,
"Av. Independência, 1124 - Cabanagem, Belém - PA, 66635-894, Brazil","Av. Independência, 1124 - Cabanagem, Belém - Pa, 66635-894, Brazil",Açaí shop,,,,,,,,,Açaí shop,1.82e+19,Belém,BR,0x92a4616051efc5b5:0xfca3f1ccf8155a2c,,,-1.3660169,-48.4352922,,Cabanagem,+55 91 98599-3599,5590000000000.0,ChIJtcXvUWBhpJIRLFoV-Mzxo_w,66635-894,,9.0,,6.0,5.0,1.0,0.0,0.0,0.0,State of Pará,"Av. Independência, 1124","Av. Independência, 1124",,Açaí VIP Independência,Açaí Vip Independência,4.8,https://www.google.com/maps/search/?api=1&query=A%C3%A7a%C3%AD%20VIP%20Independ%C3%AAncia&query_place_id=ChIJtcXvUWBhpJIRLFoV-Mzxo_w,,"Monday-Saturday: 9 AM to 1:30 PM, 4:30 to 9:30 PM; Sunday: 9 AM to 2 PM"
"Estr. do Benjamin, s/n - Cabanagem, Belém - PA, 66625-410, Brazil","Estr. Do Benjamin, S/N - Cabanagem, Belém - Pa, 66625-410, Brazil",Açaí shop,,,,,,,,,Açaí shop,7.78e+18,Belém,BR,0x92a461efa5b515ff:0x6bf38de25dc3055f,,,-1.3642038,-48.4314315,,Cabanagem,+55 91 99828-1960,5590000000000.0,ChIJ_xW1pe9hpJIRXwXDXeKN82s,66625-410,,3.0,,4.0,3.0,1.0,0.0,0.0,0.0,State of Pará,"Estr. do Benjamin, s/n","Estr. Do Benjamin, S/N",,SL-Açaí,Sl-Açaí,4.8,https://www.google.com/maps/search/?api=1&query=SL-A%C3%A7a%C3%AD&query_place_id=ChIJ_xW1pe9hpJIRXwXDXeKN82s,,Monday-Friday: 8 AM to 6 PM; Saturday-Sunday: Closed
"R. Fé em Deus, 77b - Cabanagem, Belém - PA, 66650-111, Brazil","R. Fé Em Deus, 77B - Cabanagem, Belém - Pa, 66650-111, Brazil",Açaí shop,,,,,,,,,Açaí shop,1.11e+19,Belém,BR,0x92a460327f06064b:0x99ded1dc0ffeb8f1,,,-1.3634366,-48.4360807,,Cabanagem,+55 91 98991-4356,5590000000000.0,ChIJSwYGfzJgpJIR8bj-D9zR3pk,66650-111,R$1–20,1.0,,55.0,42.0,6.0,4.0,2.0,1.0,State of Pará,"R. Fé em Deus, 77b","R. Fé Em Deus, 77B",,Açaí do Cocota (Cabanagem),Açaí Do Cocota (Cabanagem),4.5,https://www.google.com/maps/search/?api=1&query=A%C3%A7a%C3%AD%20do%20Cocota%20(Cabanagem)&query_place_id=ChIJSwYGfzJgpJIR8bj-D9zR3pk,https://acaidococota.menudino.com/,Monday-Wednesday: 9 AM to 9:30 PM; Thursday: 9 AM to 9 PM; Friday-Saturday: 9 AM to 9:30 PM; Sunday: 9 AM to 9 PM
"Quadra 75, R. Vinte e Três, 1, Brazil","Quadra 75, R. Vinte E Três, 1, Brazil",Restaurant,,,,,,,,,Açaí shop,1.28e+19,Belém,BR,0x92a4898873f6817b:0xb2532f381ea8b028,,,-1.399042,-48.4829269,,Maracangalha,+55 91 98015-9934,5590000000000.0,ChIJe4H2c4iJpJIRKLCoHjgvU7I,,,52.0,,0.0,,,,,,State of Pará,"Quadra 75, R. Vinte e Três, 1","Quadra 75, R. Vinte E Três, 1",,Açaí do neto,Açaí Do Neto,,https://www.google.com/maps/search/?api=1&query=A%C3%A7a%C3%AD%20do%20neto&query_place_id=ChIJe4H2c4iJpJIRKLCoHjgvU7I,https://instagram.com/acaidonetooficial?igshid=MzRlODBiNWFlZA==,Monday-Sunday: Open 24 hours
"Rodovia Arthur Bernardes, Passagem Horta, 541, Belém - PA, 66816-110, Brazil","Rodovia Arthur Bernardes, Passagem Horta, 541, Belém - Pa, 66816-110, Brazil",Restaurant,Family restaurant,,,,,,,,Açaí shop,1.14e+19,Belém,BR,0x92a489f62e7b32ff:0x9e1c9ec4b58537ee,,,-1.3795155,-48.4872393,,Val-de-Cães,+55 91 98512-2878,5590000000000.0,ChIJ_zJ7LvaJpJIR7jeFtcSeHJ4,66816-110,,50.0,,0.0,,,,,,State of Pará,"Rodovia Arthur Bernardes, Passagem Horta, 541","Rodovia Arthur Bernardes, Passagem Horta, 541",,Açaí da Mada,Açaí Da Mada,,https://www.google.com/maps/search/?api=1&query=A%C3%A7a%C3%AD%20da%20Mada&query_place_id=ChIJ_zJ7LvaJpJIR7jeFtcSeHJ4,,Monday-Sunday: 9:30 AM to 10 PM
"Rua Rio Amazonas, Q4C4 - Maracangalha, Belém - PA, 66110-340, Brazil","Rua Rio Amazonas, Q4C4 - Maracangalha, Belém - Pa, 66110-340, Brazil",Frozen food store,,,,,,,,,Açaí shop,1.46e+19,Belém,BR,0x92a4897f8fb8c179:0xcb0729c09dc2f71a,,,-1.4018818,-48.4751835,,Maracangalha,+55 91 98732-8499,5590000000000.0,ChIJecG4j3-JpJIRGvfCncApB8s,66110-340,,51.0,,9.0,5.0,0.0,1.0,1.0,2.0,State of Pará,"Rua Rio Amazonas, Q4C4","Rua Rio Amazonas, Q4C4",,Açaí Do Irmão Manoel,Açaí Do Irmão Manoel,3.7,https://www.google.com/maps/search/?api=1&query=A%C3%A7a%C3%AD%20Do%20Irm%C3%A3o%20Manoel&query_place_id=ChIJecG4j3-JpJIRGvfCncApB8s,,Monday: Closed; Tuesday-Sunday: 9 AM to 2 PM
"Vila Vinagre - Maracangalha, Belém - PA, 66812-310, Brazil","Vila Vinagre - Maracangalha, Belém - Pa, 66812-310, Brazil",Store,,,,,,,,,Açaí shop,1.98e+18,Belém,BR,0x92a489005981b631:0x1b81d1e54d0e94cf,,,-1.3980957,-48.4836436,,Maracangalha,,,ChIJMbaBWQCJpJIRz5QOTeXRgRs,66812-310,,49.0,,1.0,1.0,0.0,0.0,0.0,0.0,State of Pará,Vila Vinagre,Vila Vinagre,,Casa Dú Açaí,Casa Dú Açaí,5.0,https://www.google.com/maps/search/?api=1&query=Casa%20D%C3%BA%20A%C3%A7a%C3%AD&query_place_id=ChIJMbaBWQCJpJIRz5QOTeXRgRs,,Monday-Sunday: 9 AM to 2:30 PM
"Tv. Sn-8, 225 - Itaiteua, Belém - PA, 66842-390, Brazil","Tv. Sn-8, 225 - Itaiteua, Belém - Pa, 66842-390, Brazil",Food manufacturer,,,,,,,,,Açaí shop,4.72e+18,Belém,BR,0x92a4892c1cfb2113:0x4187aa7b692f06ce,,,-1.4016922,-48.4834238,,Itaiteua,+55 91 99337-0442,5590000000000.0,ChIJEyH7HCyJpJIRzgYvaXuqh0E,66842-390,,45.0,,0.0,,,,,,State of Pará,"Tv. Sn-8, 225","Tv. Sn-8, 225",,Lá casa do açaí / Açaí do Barão,Lá Casa Do Açaí / Açaí Do Barão,,https://www.google.com/maps/search/?api=1&query=L%C3%A1%20casa%20do%20a%C3%A7a%C3%AD%20%2F%20A%C3%A7a%C3%AD%20do%20Bar%C3%A3o&query_place_id=ChIJEyH7HCyJpJIRzgYvaXuqh0E,,Monday-Saturday: 8 AM to 2 PM; Sunday: 8 AM to 12 PM
"rua 46 quadra, 61 - nº241B - Maracangalha, Belém - PA, 66110-043, Brazil","Rua 46 Quadra, 61 - Nº241B - Maracangalha, Belém - Pa, 66110-043, Brazil",Food products supplier,,,,,,,,,Açaí shop,6.55e+17,Belém,BR,0x92a489cc1e9f15ff:0x915ac027ee8ab06,,,-1.4002696,-48.4911254,,Maracangalha,+55 91 98635-4654,5590000000000.0,ChIJ_xWfHsyJpJIRBqvofgKsFQk,66110-043,,44.0,,4.0,4.0,0.0,0.0,0.0,0.0,State of Pará,"rua 46 quadra, 61 - nº241B","Rua 46 Quadra, 61 - Nº241B",,açai do britney,Açai Do Britney,5.0,https://www.google.com/maps/search/?api=1&query=a%C3%A7ai%20do%20britney&query_place_id=ChIJ_xWfHsyJpJIRBqvofgKsFQk,,Monday-Friday: 9:30 AM to 3 PM; Saturday: 8:30 AM to 3 PM; Sunday: Closed
"Passagem Novo Continente, N° 34 Box A - Pratinha, Belém - PA, 66816-090, Brazil","Passagem Novo Continente, N° 34 Box A - Pratinha, Belém - Pa, 66816-090, Brazil",Snack bar,,,,,,,,,Açaí shop,1.97e+18,Belém,BR,0x92a489ddb42e3be7:0x1b64518ab1ee345c,,,-1.3782645,-48.4813224,,Pratinha,+55 91 99390-5869,5590000000000.0,ChIJ5zsutN2JpJIRXDTusYpRZBs,66816-090,,43.0,,0.0,,,,,,State of Pará,"Passagem Novo Continente, N° 34 Box A","Passagem Novo Continente, N° 34 Box A",,Açai da Hora,Açai Da Hora,,https://www.google.com/maps/search/?api=1&query=A%C3%A7ai%20da%20Hora&query_place_id=ChIJ5zsutN2JpJIRXDTusYpRZBs,,Monday-Friday: Open 24 hours; Saturday: Closed; Sunday: 8 AM to 12 AM
"Av. dos Tucanos, 3 - Maracangalha, Belém - PA, Brazil","Av. Dos Tucanos, 3 - Maracangalha, Belém - Pa, Brazil",Restaurant,,,,,,,,,Açaí shop,1.79e+19,Belém,BR,0x92a4897e334d3d25:0xf89492bafaccb710,,,-1.4027993,-48.4795886,,Maracangalha,,,ChIJJT1NM36JpJIRELfM-rqSlPg,,,41.0,,0.0,,,,,,State of Pará,"Av. dos Tucanos, 3","Av. Dos Tucanos, 3",,açaí CIDADE,Açaí Cidade,,https://www.google.com/maps/search/?api=1&query=a%C3%A7a%C3%AD%20CIDADE&query_place_id=ChIJJT1NM36JpJIRELfM-rqSlPg,,Monday-Sunday: 9 AM to 3 AM
"Maracangalha, Belém - State of Pará, 66110-027, Brazil","Maracangalha, Belém - State Of Pará, 66110-027, Brazil",Restaurant,,,,,,,,,Açaí shop,6.87e+18,Belém,BR,0x92a489825e86476f:0x5f5789ae23cdb5d2,,,-1.4001064,-48.4858547,,Maracangalha,,,ChIJb0eGXoKJpJIR0rXNI66JV18,,,37.0,,0.0,,,,,,State of Pará,,,,Açai Do Boom,Açai Do Boom,,https://www.google.com/maps/search/?api=1&query=A%C3%A7ai%20Do%20Boom&query_place_id=ChIJb0eGXoKJpJIR0rXNI66JV18,,Monday-Saturday: 9 AM to 1 PM; Sunday: 9 AM to 2 PM
"Av: dos Tunanos, n°2 CDP2, Q. Um, 47 - Maracangalha, Belém - PA, 66640-730, Brazil","Av: Dos Tunanos, N°2 Cdp2, Q. Um, 47 - Maracangalha, Belém - Pa, 66640-730, Brazil",Food manufacturing supply,,,,,,,,,Açaí shop,5.75e+18,Belém,BR,0x92a4897e7835ee17:0x4fdb35753375bed4,,,-1.4047826,-48.4807024,,Maracangalha,+55 91 99239-8129,5590000000000.0,ChIJF-41eH6JpJIR1L51M3U1208,66640-730,,36.0,,5.0,5.0,0.0,0.0,0.0,0.0,State of Pará,"Av: dos Tunanos, n°2 CDP2, Q. Um, 47","Av: Dos Tunanos, N°2 Cdp2, Q. Um, 47",,Açai Cametá,Açai Cametá,5.0,https://www.google.com/maps/search/?api=1&query=A%C3%A7ai%20Camet%C3%A1&query_place_id=ChIJF-41eH6JpJIR1L51M3U1208,,Monday: Closed; Tuesday-Sunday: 9 AM to 2 PM
"R. Rio Tocantins - Maracangalha, Belém - PA, 66110-123, Brazil","R. Rio Tocantins - Maracangalha, Belém - Pa, 66110-123, Brazil",Catering food and drink supplier,Supermarket,,,,,,,,Açaí shop,1.14e+19,Belém,BR,0x92a489921a6178d1:0x9e17fc378e663795,,,-1.4024771,-48.4835239,,Maracangalha,+55 91 3257-4602,559000000000.0,ChIJ0XhhGpKJpJIRlTdmjjf8F54,66110-123,,34.0,,8.0,6.0,2.0,0.0,0.0,0.0,State of Pará,R. Rio Tocantins,R. Rio Tocantins,,Açai do Airton,Açai Do Airton,4.8,https://www.google.com/maps/search/?api=1&query=A%C3%A7ai%20do%20Airton&query_place_id=ChIJ0XhhGpKJpJIRlTdmjjf8F54,,Monday-Sunday: 8 AM to 9 PM
"R. 5, 372 - Maracangalha, Belém - PA, 66110-047, Brazil","R. 5, 372 - Maracangalha, Belém - Pa, 66110-047, Brazil",Hawker stall,,,,,,,,,Açaí shop,1.33e+19,Belém,BR,0x92a48bd33722fc05:0xb8a6ec9eb5b1b876,,,-1.4001425,-48.476571,,Maracangalha,+55 91 99390-7692,5590000000000.0,ChIJBfwiN9OLpJIRdrixtZ7sprg,66110-047,,29.0,,1.0,1.0,0.0,0.0,0.0,0.0,State of Pará,"R. 5, 372","R. 5, 372",,Açaí do Valente,Açaí Do Valente,5.0,https://www.google.com/maps/search/?api=1&query=A%C3%A7a%C3%AD%20do%20Valente&query_place_id=ChIJBfwiN9OLpJIRdrixtZ7sprg,,Monday-Sunday: 8 AM to 1:30 PM
"Av. Arthur Bernardes, 1 - Pratinha, Belém - PA, 66816-000, Brazil","Av. Arthur Bernardes, 1 - Pratinha, Belém - Pa, 66816-000, Brazil",Restaurant,,,,,,,,,Açaí shop,3.16e+18,Belém,BR,0x92a4890ffdf87297:0x2bea715a3346ec65,,,-1.3791228,-48.4812725,,Pratinha,+55 91 98460-2650,5590000000000.0,ChIJl3L4_Q-JpJIRZexGM1px6is,66816-000,,17.0,,0.0,,,,,,State of Pará,"Av. Arthur Bernardes, 1","Av. Arthur Bernardes, 1",,Açaí do Santana,Açaí Do Santana,,https://www.google.com/maps/search/?api=1&query=A%C3%A7a%C3%AD%20do%20Santana&query_place_id=ChIJl3L4_Q-JpJIRZexGM1px6is,,Monday-Saturday: 9 AM to 1 PM; Sunday: Closed
"Av. Norte, 435-475 - Maracangalha, Belém - PA, 66110-054, Brazil","Av. Norte, 435-475 - Maracangalha, Belém - Pa, 66110-054, Brazil",Restaurant,,,,,,,,,Açaí shop,1.18e+19,Belém,BR,0x92a489eb836c73c5:0xa41509d97de3e290,,,-1.3982861,-48.4799041,,Maracangalha,+55 91 98505-4242,5590000000000.0,ChIJxXNsg-uJpJIRkOLjfdkJFaQ,66110-054,,15.0,,16.0,12.0,2.0,0.0,2.0,0.0,State of Pará,"Av. Norte, 435-475","Av. Norte, 435-475",,Rei do Açaí,Rei Do Açaí,4.6,https://www.google.com/maps/search/?api=1&query=Rei%20do%20A%C3%A7a%C3%AD&query_place_id=ChIJxXNsg-uJpJIRkOLjfdkJFaQ,,Monday-Saturday: 8 AM to 2 PM; Sunday: Closed
"Nkvo continente 1 Esquina com a, Av. Arthur Bernardes - Pratinha, Belém - PA, 66816-070, Brazil","Nkvo Continente 1 Esquina Com A, Av. Arthur Bernardes - Pratinha, Belém - Pa, 66816-070, Brazil",Delivery Restaurant,,,,,,,,,Açaí shop,1.28e+19,Belém,BR,0x92a489ec1f3169fb:0xb18025c0d86bd18e,,,-1.3783351,-48.4810086,,Pratinha,+55 91 99259-7202,5590000000000.0,ChIJ-2kxH-yJpJIRjtFr2MAlgLE,66816-070,,33.0,,3.0,3.0,0.0,0.0,0.0,0.0,State of Pará,"Nkvo continente 1 Esquina com a, Av. Arthur Bernardes","Nkvo Continente 1 Esquina Com A, Av. Arthur Bernardes",,Açaí da vovó e marmitex,Açaí Da Vovó E Marmitex,5.0,https://www.google.com/maps/search/?api=1&query=A%C3%A7a%C3%AD%20da%20vov%C3%B3%20e%20marmitex&query_place_id=ChIJ-2kxH-yJpJIRjtFr2MAlgLE,,
"Passagem Cabedelo, 926 - Sacramenta, Belém - PA, 66123-030, Brazil","Passagem Cabedelo, 926 - Sacramenta, Belém - Pa, 66123-030, Brazil",Supermarket,,,,,,,,,Açaí shop,7.74e+18,Belém,BR,0x92a4898b991a22a7:0x6b6b8c8e98d009c8,,,-1.4097332,-48.4811121,,Sacramenta,,,ChIJpyIamYuJpJIRyAnQmI6Ma2s,66123-030,,12.0,,3.0,2.0,1.0,0.0,0.0,0.0,State of Pará,"Passagem Cabedelo, 926","Passagem Cabedelo, 926",,Ponto do Açaí,Ponto Do Açaí,4.7,https://www.google.com/maps/search/?api=1&query=Ponto%20do%20A%C3%A7a%C3%AD&query_place_id=ChIJpyIamYuJpJIRyAnQmI6Ma2s,,Monday-Friday: Open 24 hours; Saturday: Closed; Sunday: 8 AM to 12 AM
"Rua A Prq Arthur Bernardes, 49 - Pratinha, Belém - PA, 66825-105, Brazil","Rua A Prq Arthur Bernardes, 49 - Pratinha, Belém - Pa, 66825-105, Brazil",Restaurant,,,,,,,,,Açaí shop,6.51e+18,Belém,BR,0x92a489c18eb2336f:0x5a571129f3bcc393,,,-1.3768702,-48.4811881,,Pratinha,,,ChIJbzOyjsGJpJIRk8O88ykRV1o,66825-105,,13.0,,0.0,,,,,,State of Pará,"Rua A Prq Arthur Bernardes, 49","Rua A Prq Arthur Bernardes, 49",,AÇAÍ MANIA,Açaí Mania,,https://www.google.com/maps/search/?api=1&query=A%C3%87A%C3%8D%20MANIA&query_place_id=ChIJbzOyjsGJpJIRk8O88ykRV1o,,Monday-Sunday: 9 AM to 3 AM
"Tv. Se-17 - Maracangalha, Belém - PA, Brazil","Tv. Se-17 - Maracangalha, Belém - Pa, Brazil",Store,,,,,,,,,Açaí shop,1.84e+19,Belém,BR,0x92a4890d8c7e6553:0xff46cff13e7f742f,,,-1.4020628,-48.4799024,,Maracangalha,+55 91 98503-4244,5590000000000.0,ChIJU2V-jA2JpJIRL3R_PvHPRv8,,,9.0,,2.0,2.0,0.0,0.0,0.0,0.0,State of Pará,Tv. Se-17,Tv. Se-17,,Açaí da Aldenora,Açaí Da Aldenora,5.0,https://www.google.com/maps/search/?api=1&query=A%C3%A7a%C3%AD%20da%20Aldenora&query_place_id=ChIJU2V-jA2JpJIRL3R_PvHPRv8,,Monday-Saturday: 9 AM to 1 PM; Sunday: 9 AM to 2 PM
"R. Dezoito A, 261 - Maracangalha, Belém - PA, 66110-062, Brazil","R. Dezoito A, 261 - Maracangalha, Belém - Pa, 66110-062, Brazil",Restaurant,,,,,,,,,Açaí shop,1.05e+19,Belém,BR,0x92a4890017d99f05:0x915a767321eb0b06,,,-1.4009418,-48.4810423,,Maracangalha,+55 91 98500-2193,5590000000000.0,ChIJBZ_ZFwCJpJIRBgvrIXN2WpE,,,14.0,,1.0,0.0,1.0,0.0,0.0,0.0,State of Pará,"R. Dezoito A, 261","R. Dezoito A, 261",,AÇAÍ DA LIA,Açaí Da Lia,4.0,https://www.google.com/maps/search/?api=1&query=A%C3%87A%C3%8D%20DA%20LIA&query_place_id=ChIJBZ_ZFwCJpJIRBgvrIXN2WpE,,Monday-Sunday: 9 AM to 12 PM
"Av. dos Tucanos - Maracangalha, Belém - PA, Brazil","Av. Dos Tucanos - Maracangalha, Belém - Pa, Brazil",Restaurant,,,,,,,,,Açaí shop,1.11e+18,Belém,BR,0x92a4897e402cea6d:0xf7366441bbe6397,,,-1.4037024,-48.4801251,,Maracangalha,,,ChIJbeosQH6JpJIRl2O-G0Rmcw8,,,7.0,,2.0,2.0,0.0,0.0,0.0,0.0,State of Pará,Av. dos Tucanos,Av. Dos Tucanos,,Point Açaí,Point Açaí,5.0,https://www.google.com/maps/search/?api=1&query=Point%20A%C3%A7a%C3%AD&query_place_id=ChIJbeosQH6JpJIRl2O-G0Rmcw8,,Monday-Sunday: 8 AM to 1:30 PM
"R. Dezesseis, 141 - Maracangalha, Belém - PA, 66110-061, Brazil","R. Dezesseis, 141 - Maracangalha, Belém - Pa, 66110-061, Brazil",Store,,,,,,,,,Açaí shop,4.28e+18,Belém,BR,0x92a489c26d0bf041:0x3b661087c330e398,,,-1.3994982,-48.4802359,,Maracangalha,+55 91 98538-6696,5590000000000.0,ChIJQfALbcKJpJIRmOMww4cQZjs,66110-061,,4.0,,14.0,9.0,2.0,1.0,1.0,1.0,State of Pará,"R. Dezesseis, 141","R. Dezesseis, 141",,B&S AÇAI,B&S Açai,4.2,https://www.google.com/maps/search/?api=1&query=B%26S%20A%C3%87AI&query_place_id=ChIJQfALbcKJpJIRmOMww4cQZjs,,Monday-Tuesday: 9 AM to 2 PM; Wednesday-Friday: 9:30 AM to 2 PM; Saturday: Closed; Sunday: 8:30 AM to 2 PM
"Tv. Se-5, 06 - Maracangalha, Belém - PA, 66842-119, Brazil","Tv. Se-5, 06 - Maracangalha, Belém - Pa, 66842-119, Brazil",Açaí shop,,,,,,,,,Açaí shop,1.22e+19,Belém,BR,0x92a4890045846efd:0xa989b4de21bcb051,,C.D.P,-1.4056342,-48.4812317,,Maracangalha,+55 91 99908-8380,5590000000000.0,ChIJ_W6ERQCJpJIRUbC8Id60iak,66842-119,,13.0,,0.0,,,,,,State of Pará,"Tv. Se-5, 06","Tv. Se-5, 06",,Pavulagem Açaí,Pavulagem Açaí,,https://www.google.com/maps/search/?api=1&query=Pavulagem%20A%C3%A7a%C3%AD&query_place_id=ChIJ_W6ERQCJpJIRUbC8Id60iak,,Monday-Saturday: 10 AM to 1 PM; Sunday: Closed
"Av. Sul, conj.providencia - Maracangalha, Belém - PA, 66110-071, Brazil","Av. Sul, Conj.Providencia - Maracangalha, Belém - Pa, 66110-071, Brazil",Family restaurant,,,,,,,,,Açaí shop,2.71e+18,Belém,BR,0x92a489f5a6869b47:0x259897468b8df65c,,,-1.4000755,-48.4852557,,Maracangalha,+55 91 98591-5590,5590000000000.0,ChIJR5uGpvWJpJIRXPaNi0aXmCU,66110-071,,5.0,,0.0,,,,,,State of Pará,"Av. Sul, conj.providencia","Av. Sul, Conj.Providencia",,Açaí Deus Proverá,Açaí Deus Proverá,,https://www.google.com/maps/search/?api=1&query=A%C3%A7a%C3%AD%20Deus%20Prover%C3%A1&query_place_id=ChIJR5uGpvWJpJIRXPaNi0aXmCU,,Monday-Saturday: 9 AM to 2 PM; Sunday: Closed
"Av. Norte, 5 - Maracangalha, Belém - PA, 66110-054, Brazil","Av. Norte, 5 - Maracangalha, Belém - Pa, 66110-054, Brazil",Açaí shop,,,,,,,,,Açaí shop,1.47e+19,Belém,BR,0x92a48b00299748b9:0xcbd957b7a689253a,,,-1.3978062,-48.4781452,,Maracangalha,+55 91 99355-5722,5590000000000.0,ChIJuUiXKQCLpJIROiWJprdX2cs,66110-054,,12.0,,0.0,,,,,,State of Pará,"Av. Norte, 5","Av. Norte, 5",,Açaí da kellem,Açaí Da Kellem,,https://www.google.com/maps/search/?api=1&query=A%C3%A7a%C3%AD%20da%20kellem&query_place_id=ChIJuUiXKQCLpJIROiWJprdX2cs,,Monday-Sunday: 10 AM to 1:30 PM
"Av. Arthur Bernardes, 217 - box 1 - Pratinha, Belém - PA, 66816-000, Brazil","Av. Arthur Bernardes, 217 - Box 1 - Pratinha, Belém - Pa, 66816-000, Brazil",Açaí shop,,,,,,,,,Açaí shop,3.64e+18,Belém,BR,0x92a48925ddf55d7d:0x328953bd3c8a5288,,Yamada Pratinha,-1.3755257,-48.4800557,,Pratinha,+55 91 98620-0092,5590000000000.0,ChIJfV313SWJpJIRiFKKPL1TiTI,66816-000,,7.0,,1.0,1.0,0.0,0.0,0.0,0.0,State of Pará,"Av. Arthur Bernardes, 217 - box 1","Av. Arthur Bernardes, 217 - Box 1",,B&S ACAI LOJA 2,B&S Acai Loja 2,5.0,https://www.google.com/maps/search/?api=1&query=B%26S%20ACAI%20LOJA%202&query_place_id=ChIJfV313SWJpJIRiFKKPL1TiTI,,Monday: 4 to 10:30 PM; Tuesday: Closed; Wednesday-Thursday: 4 to 10:30 PM; Friday-Sunday: 4 to 11 PM
"Av. Arthur Bernardes, 39 - box 02 - Pratinha 1, Belém - PA, 66115-000, Brazil","Av. Arthur Bernardes, 39 - Box 02 - Pratinha 1, Belém - Pa, 66115-000, Brazil",Açaí shop,,,,,,,,,Açaí shop,1.96e+18,Belém,BR,0x92a461cbe5c67249:0x1b26c58b1a84f199,,,-1.3757672,-48.4801353,,Pratinha 1,+55 91 99837-3191,5590000000000.0,ChIJSXLG5cthpJIRmfGEGovFJhs,66115-000,,10.0,,0.0,,,,,,State of Pará,"Av. Arthur Bernardes, 39 - box 02","Av. Arthur Bernardes, 39 - Box 02",,Point do Açaí,Point Do Açaí,,https://www.google.com/maps/search/?api=1&query=Point%20do%20A%C3%A7a%C3%AD&query_place_id=ChIJSXLG5cthpJIRmfGEGovFJhs,,
"Passagem Santo Afonso - Pratinha, Belém - PA, 66816-080, Brazil","Passagem Santo Afonso - Pratinha, Belém - Pa, 66816-080, Brazil",Açaí shop,,,,,,,,,Açaí shop,4.88e+18,Belém,BR,0x92a489e62e87dc57:0x43b47c076d14c048,,,-1.3769008,-48.4809252,,Pratinha,,,ChIJV9yHLuaJpJIRSMAUbQd8tEM,66816-080,,4.0,,1.0,1.0,0.0,0.0,0.0,0.0,State of Pará,Passagem Santo Afonso,Passagem Santo Afonso,,Açaí Pai d'égua,Açaí Pai D'Égua,5.0,https://www.google.com/maps/search/?api=1&query=A%C3%A7a%C3%AD%20Pai%20d'%C3%A9gua&query_place_id=ChIJV9yHLuaJpJIRSMAUbQd8tEM,,Monday: Closed; Tuesday-Sunday: 9 AM to 2 PM
"Passagem Santa Marta, 59 - Águas Lindas, Ananindeua - PA, 67020-790, Brazil","Passagem Santa Marta, 59 - Águas Lindas, Ananindeua - Pa, 67020-790, Brazil",Restaurant,,,,,,,,,Açaí shop,1.34e+19,Ananindeua,BR,0x92a4f5150a485bf5:0xb964f4a7aa9c6359,,,-1.3858923,-48.3774031,,Águas Lindas,,,ChIJ9VtIChX1pJIRWWOcqqf0ZLk,67020-790,,19.0,,3.0,3.0,0.0,0.0,0.0,0.0,State of Pará,"Passagem Santa Marta, 59","Passagem Santa Marta, 59",,Açai Da Simone Especial,Açai Da Simone Especial,5.0,https://www.google.com/maps/search/?api=1&query=A%C3%A7ai%20Da%20Simone%20Especial&query_place_id=ChIJ9VtIChX1pJIRWWOcqqf0ZLk,,Monday-Sunday: 9 AM to 4 PM
"Rua A (Vila Esperança), 20 - Centro, Ananindeua - PA, 67030-070, Brazil","Rua A (Vila Esperança), 20 - Centro, Ananindeua - Pa, 67030-070, Brazil",Restaurant,Açaí shop,,,,,,,,Açaí shop,7.45e+18,Ananindeua,BR,0x92a45f8c97356d3b:0x675329db28c8c968,,,-1.3680479,-48.3802147,,Centro,+55 91 98390-3747,5590000000000.0,ChIJO201l4xfpJIRaMnIKNspU2c,67030-070,,18.0,,6.0,6.0,0.0,0.0,0.0,0.0,State of Pará,"Rua A (Vila Esperança), 20","Rua A (Vila Esperança), 20",,"Dá-lhe Açaí ""Do Seu Jeito""","Dá-Lhe Açaí ""Do Seu Jeito""",5.0,https://www.google.com/maps/search/?api=1&query=D%C3%A1-lhe%20A%C3%A7a%C3%AD%20%22Do%20Seu%20Jeito%22&query_place_id=ChIJO201l4xfpJIRaMnIKNspU2c,,Monday-Thursday: 11 AM to 3 PM; Friday-Sunday: 11 AM to 4 PM
"R. Osvaldo Cruz - Águas Lindas, Ananindeua - PA, 67118-270, Brazil","R. Osvaldo Cruz - Águas Lindas, Ananindeua - Pa, 67118-270, Brazil",Açaí shop,,,,,,,,,Açaí shop,1.52e+18,Ananindeua,BR,0x92a4f5b573e264cf:0x150d74b2367521fb,,,-1.390567,-48.3981502,,Águas Lindas,+55 91 98937-9307,5590000000000.0,ChIJz2Tic7X1pJIR-yF1NrJ0DRU,67118-270,,15.0,,2.0,1.0,1.0,0.0,0.0,0.0,State of Pará,R. Osvaldo Cruz,R. Osvaldo Cruz,,Açãizão do ademir,Açãizão Do Ademir,4.5,https://www.google.com/maps/search/?api=1&query=A%C3%A7%C3%A3iz%C3%A3o%20do%20ademir&query_place_id=ChIJz2Tic7X1pJIR-yF1NrJ0DRU,,
"Tv. We 18, 1 - 5 - Coqueiro, Ananindeua - PA, 67130-460, Brazil","Tv. We 18, 1 - 5 - Coqueiro, Ananindeua - Pa, 67130-460, Brazil",Açaí shop,,,,,,,,,Açaí shop,1.78e+19,Ananindeua,BR,0x92a4600396546e53:0xf6f422f3be016ae4,,,-1.3673354,-48.4054714,https://instagram.com/acaidococota?igshid=YmMyMTA2M2Y=,Coqueiro,+55 91 98852-7703,5590000000000.0,ChIJU25UlgNgpJIR5GoBvvMi9PY,67130-460,$,16.0,,24.0,23.0,1.0,0.0,0.0,0.0,State of Pará,"Tv. We 18, 1 - 5","Tv. We 18, 1 - 5",,Açaí do Cocota (Cidade Nova 2),Açaí Do Cocota (Cidade Nova 2),5.0,https://www.google.com/maps/search/?api=1&query=A%C3%A7a%C3%AD%20do%20Cocota%20(Cidade%20Nova%202)&query_place_id=ChIJU25UlgNgpJIR5GoBvvMi9PY,,Monday-Sunday: 4 to 11 PM
"Passagem Sueli esquina com João canuto, Av. Cláudio Sanders, Número 08, Ananindeua - PA, 67030-795, Brazil","Passagem Sueli Esquina Com João Canuto, Av. Cláudio Sanders, Número 08, Ananindeua - Pa, 67030-795, Brazil",Açaí shop,,,,,,,,,Açaí shop,3.85e+18,Ananindeua,BR,0x92a45f1603caa25f:0x3560f678868800d0,,,-1.3610198,-48.3762342,,Centro,+55 91 98024-3854,5590000000000.0,ChIJX6LKAxZfpJIR0ACIhnj2YDU,67030-795,,13.0,,12.0,9.0,3.0,0.0,0.0,0.0,State of Pará,"Passagem Sueli esquina com João canuto, Av. Cláudio Sanders, Número 08","Passagem Sueli Esquina Com João Canuto, Av. Cláudio Sanders, Número 08",,AÇAÍ do RAFFA,Açaí Do Raffa,4.8,https://www.google.com/maps/search/?api=1&query=A%C3%87A%C3%8D%20do%20RAFFA&query_place_id=ChIJX6LKAxZfpJIR0ACIhnj2YDU,,Monday-Sunday: 4:30 to 10:30 PM
"Passagem Célio Sampaio - Águas Brancas, Ananindeua - PA, 67033-580, Brazil","Passagem Célio Sampaio - Águas Brancas, Ananindeua - Pa, 67033-580, Brazil",Fruit and vegetable store,,,,,,,,,Açaí shop,1.21e+19,Ananindeua,BR,0x92a4f5fbc189d169:0xa85eb6619d0ab929,,,-1.3854193,-48.3719694,,Águas Brancas,,,ChIJadGJwfv1pJIRKbkKnWG2Xqg,67033-580,,78.0,,0.0,,,,,,State of Pará,Passagem Célio Sampaio,Passagem Célio Sampaio,,AÇAÍ DO BOLACHA,Açaí Do Bolacha,,https://www.google.com/maps/search/?api=1&query=A%C3%87A%C3%8D%20DO%20BOLACHA&query_place_id=ChIJadGJwfv1pJIRKbkKnWG2Xqg,,
"Av. Orlando Costa, 13 - Águas Lindas, Belém - PA, Brazil","Av. Orlando Costa, 13 - Águas Lindas, Belém - Pa, Brazil",,,,,,,,,,Açaí shop,1.53e+19,Belém,BR,0x92a4f4cdf7229987:0xd47713bdb2626f0c,,,-1.4066038,-48.3945751,,Águas Lindas,,,ChIJh5ki9830pJIRDG9isr0Td9Q,,,71.0,,0.0,,,,,,State of Pará,"Av. Orlando Costa, 13","Av. Orlando Costa, 13",,Açaí Do Soares,Açaí Do Soares,,https://www.google.com/maps/search/?api=1&query=A%C3%A7a%C3%AD%20Do%20Soares&query_place_id=ChIJh5ki9830pJIRDG9isr0Td9Q,,Monday-Sunday: 8 AM to 2 PM
"Passagem Santa Ana, 01A - 10 - Águas Lindas, Ananindeua - PA, 67020-195, Brazil","Passagem Santa Ana, 01A - 10 - Águas Lindas, Ananindeua - Pa, 67020-195, Brazil",Açaí shop,,,,,,,,,Açaí shop,8.91e+18,Ananindeua,BR,0x92a4f55723cd9b1d:0x7b963eb640bf28b7,,,-1.3884359,-48.3778145,,Águas Lindas,+55 91 98429-5962,5590000000000.0,ChIJHZvNI1f1pJIRtyi_QLY-lns,67020-195,,70.0,,8.0,5.0,2.0,0.0,1.0,0.0,State of Pará,"Passagem Santa Ana, 01A - 10","Passagem Santa Ana, 01A - 10",,Açaí e Assados do Capim,Açaí E Assados Do Capim,4.5,https://www.google.com/maps/search/?api=1&query=A%C3%A7a%C3%AD%20e%20Assados%20do%20Capim&query_place_id=ChIJHZvNI1f1pJIRtyi_QLY-lns,,
"Av. Orlando Costa - Águas Lindas, Belém - PA, 66690-400, Brazil","Av. Orlando Costa - Águas Lindas, Belém - Pa, 66690-400, Brazil",,,,,,,,,,Açaí shop,1.16e+19,Belém,BR,0x92a4f4cdf7faf5b1:0xa0d89dac1ecc23f3,,,-1.4064536,-48.3944818,,Águas Lindas,,,ChIJsfX69830pJIR8yPMHqyd2KA,66690-400,,69.0,,0.0,,,,,,State of Pará,Av. Orlando Costa,Av. Orlando Costa,,Açaí Codo,Açaí Codo,,https://www.google.com/maps/search/?api=1&query=A%C3%A7a%C3%AD%20Codo&query_place_id=ChIJsfX69830pJIR8yPMHqyd2KA,,
"R. Jasmim - Águas Lindas, Ananindeua - PA, 67033-043, Brazil","R. Jasmim - Águas Lindas, Ananindeua - Pa, 67033-043, Brazil",Food manufacturing supply,,,,,,,,,Açaí shop,6.93e+17,Ananindeua,BR,0x92a4f575026d6547:0x99d57ab04e1f2be,,,-1.3977083,-48.3708587,,Águas Lindas,+55 91 99804-5582,5590000000000.0,ChIJR2VtAnX1pJIRvvLhBKtXnQk,67033-043,,62.0,,0.0,,,,,,State of Pará,R. Jasmim,R. Jasmim,,Açai mix,Açai Mix,,https://www.google.com/maps/search/?api=1&query=A%C3%A7ai%20mix&query_place_id=ChIJR2VtAnX1pJIRvvLhBKtXnQk,,
"Tv Primeiro de Maio, 18 - Águas Brancas, Ananindeua - PA, 67000-000, Brazil","Tv Primeiro De Maio, 18 - Águas Brancas, Ananindeua - Pa, 67000-000, Brazil",Açaí shop,,,,,,,,,Açaí shop,9.91e+18,Ananindeua,BR,0x92a4f5417e2f6331:0x897ef1ad3a2b0d32,,,-1.3743954,-48.3727484,,Águas Brancas,+55 91 98306-5430,5590000000000.0,ChIJMWMvfkH1pJIRMg0rOq3xfok,67000-000,,67.0,,0.0,,,,,,State of Pará,"Tv Primeiro de Maio, 18","Tv Primeiro De Maio, 18",,Josivariedades ☀️,Josivariedades ☀️,,https://www.google.com/maps/search/?api=1&query=Josivariedades%20%E2%98%80%EF%B8%8F&query_place_id=ChIJMWMvfkH1pJIRMg0rOq3xfok,,Monday-Sunday: 8 AM to 3 PM
"Em frente a Praça do Park Anne - Tv. Tancredo Neves, 185. Júlia Seffer - Águas Lindas, Ananindeua - PA, 67020-683, Brazil","Em Frente A Praça Do Park Anne - Tv. Tancredo Neves, 185. Júlia Seffer - Águas Lindas, Ananindeua - Pa, 67020-683, Brazil",Ice cream shop,,,,,,,,,Açaí shop,6.05e+18,Ananindeua,BR,0x92a4f52df2783a23:0x5405a726c7fa8278,,,-1.3968431,-48.384044,,Águas Lindas,+55 91 98762-5739,5590000000000.0,ChIJIzp48i31pJIReIL6xyanBVQ,67020-683,,59.0,,2.0,2.0,0.0,0.0,0.0,0.0,State of Pará,"Em frente a Praça do Park Anne - Tv. Tancredo Neves, 185. Júlia Seffer","Em Frente A Praça Do Park Anne - Tv. Tancredo Neves, 185. Júlia Seffer",,Açaideira - Sorveteria e Açaiteria,Açaideira - Sorveteria E Açaiteria,5.0,https://www.google.com/maps/search/?api=1&query=A%C3%A7aideira%20-%20Sorveteria%20e%20A%C3%A7aiteria&query_place_id=ChIJIzp48i31pJIReIL6xyanBVQ,,
"ao lado do posto ipiranga Tókio - BR 316 KM 06 - Pass. Az de Ouro, s/n- Ed. Tókio Boulevard, Loja 02, Ananindeua - PA, 67015-760, Brazil","Ao Lado Do Posto Ipiranga Tókio - Br 316 Km 06 - Pass. Az De Ouro, S/N- Ed. Tókio Boulevard, Loja 02, Ananindeua - Pa, 67015-760, Brazil",Açaí shop,,,,,,,,,Açaí shop,8.76e+18,Ananindeua,BR,0x92a4f526642ca83d:0x798b0a490effdc66,,,-1.3779961,-48.3949643,,Levilândia,+55 91 98409-0598,5590000000000.0,ChIJPagsZCb1pJIRZtz_DkkKi3k,67015-760,R$20–40,58.0,,5.0,5.0,0.0,0.0,0.0,0.0,State of Pará,"ao lado do posto ipiranga Tókio - BR 316 KM 06 - Pass. Az de Ouro, s/n- Ed. Tókio Boulevard, Loja 02","Ao Lado Do Posto Ipiranga Tókio - Br 316 Km 06 - Pass. Az De Ouro, S/N- Ed. Tókio Boulevard, Loja 02",,Mercadão do Açaí BR 316,Mercadão Do Açaí Br 316,5.0,https://www.google.com/maps/search/?api=1&query=Mercad%C3%A3o%20do%20A%C3%A7a%C3%AD%20BR%20316&query_place_id=ChIJPagsZCb1pJIRZtz_DkkKi3k,,
"Rua dezessete , coletora oeste, Tv. Coletora Leste (Júlia Sefer), box 34, Ananindeua - PA, 67020-600, Brazil","Rua Dezessete , Coletora Oeste, Tv. Coletora Leste (Júlia Sefer), Box 34, Ananindeua - Pa, 67020-600, Brazil",Food court,,,,,,,,,Açaí shop,1.21e+19,Ananindeua,BR,0x92a45f494fde0b45:0xa795aea8f0b84223,,,-1.3961702,-48.3856954,,Águas Lindas,+55 91 99244-2775,5590000000000.0,ChIJRQveT0lfpJIRI0K48Kiulac,67020-600,,61.0,,0.0,,,,,,State of Pará,"Rua dezessete , coletora oeste, Tv. Coletora Leste (Júlia Sefer), box 34","Rua Dezessete , Coletora Oeste, Tv. Coletora Leste (Júlia Sefer), Box 34",,Supremo Açai,Supremo Açai,,https://www.google.com/maps/search/?api=1&query=Supremo%20A%C3%A7ai&query_place_id=ChIJRQveT0lfpJIRI0K48Kiulac,,Monday-Saturday: 8 AM to 9 PM; Sunday: 9 AM to 4 PM
"Travessa Tiradentes 117entre Antônio concelheiro E, R. Quatorze de Fevereiro, Ananindeua - PA, 67032-001, Brazil","Travessa Tiradentes 117Entre Antônio Concelheiro E, R. Quatorze De Fevereiro, Ananindeua - Pa, 67032-001, Brazil",Açaí shop,,,,,,,,,Açaí shop,1.83e+19,Ananindeua,BR,0x92a4f5819213e021:0xfe4dcbba225ed586,,,-1.3805846,-48.3682125,,Águas Brancas,+55 91 98449-8721,5590000000000.0,ChIJIeATkoH1pJIRhtVeIrrLTf4,67032-001,,49.0,,0.0,,,,,,State of Pará,"Travessa Tiradentes 117entre Antônio concelheiro E, R. Quatorze de Fevereiro","Travessa Tiradentes 117Entre Antônio Concelheiro E, R. Quatorze De Fevereiro",,Casa do açaí,Casa Do Açaí,,https://www.google.com/maps/search/?api=1&query=Casa%20do%20a%C3%A7a%C3%AD&query_place_id=ChIJIeATkoH1pJIRhtVeIrrLTf4,,Monday-Saturday: 7 AM to 5 PM; Sunday: 7 AM to 3 PM
"Lot. Jader Barbalho, Quadra 54, 150 - Aura, Ananindeua - PA, 67033-006, Brazil","Lot. Jader Barbalho, Quadra 54, 150 - Aura, Ananindeua - Pa, 67033-006, Brazil",Açaí shop,,,,,,,,,Açaí shop,3.65e+18,Ananindeua,BR,0x92a4f5a8ac41aec3:0x3297f88b97300e1f,,,-1.3830256,-48.3673084,,Aura,,,ChIJw65BrKj1pJIRHw4wl4v4lzI,67033-006,,46.0,,0.0,,,,,,State of Pará,"Lot. Jader Barbalho, Quadra 54, 150","Lot. Jader Barbalho, Quadra 54, 150",,Açaí do Roni,Açaí Do Roni,,https://www.google.com/maps/search/?api=1&query=A%C3%A7a%C3%AD%20do%20Roni&query_place_id=ChIJw65BrKj1pJIRHw4wl4v4lzI,,Monday-Sunday: 8 AM to 9 PM
"Águas Brancas, Ananindeua - State of Pará, 67030-770, Brazil","Águas Brancas, Ananindeua - State Of Pará, 67030-770, Brazil",Restaurant,,,,,,,,,Açaí shop,3.36e+18,Ananindeua,BR,0x92a4f56c4e24a917:0x2ea92ed0718f6333,,,-1.381732,-48.3718133,,Águas Brancas,,,ChIJF6kkTmz1pJIRM2OPcdAuqS4,,,44.0,,2.0,2.0,0.0,0.0,0.0,0.0,State of Pará,,,,Açai Coimbra,Açai Coimbra,5.0,https://www.google.com/maps/search/?api=1&query=A%C3%A7ai%20Coimbra&query_place_id=ChIJF6kkTmz1pJIRM2OPcdAuqS4,,"Monday-Friday: 8 AM to 3 PM, 5 to 8 PM; Saturday-Sunday: 8 AM to 3 PM"
"Levilândia, Ananindeua - State of Pará, 67000-000, Brazil","Levilândia, Ananindeua - State Of Pará, 67000-000, Brazil",Restaurant,,,,,,,,,Açaí shop,1.78e+19,Ananindeua,BR,0x92a4f551b4e2cd93:0xf6a054b5a7d8f788,,,-1.3761306,-48.3914494,,Levilândia,,,ChIJk83itFH1pJIRiPfYp7VUoPY,,,48.0,,0.0,,,,,,State of Pará,,,,Açaí Top,Açaí Top,,https://www.google.com/maps/search/?api=1&query=A%C3%A7a%C3%AD%20Top&query_place_id=ChIJk83itFH1pJIRiPfYp7VUoPY,,
"R. das Flôres, 15 - Águas Brancas, Ananindeua - PA, 67033-032, Brazil","R. Das Flôres, 15 - Águas Brancas, Ananindeua - Pa, 67033-032, Brazil",Food manufacturing supply,,,,,,,,,Açaí shop,1.84e+18,Ananindeua,BR,0x92a4f599857d3ab3:0x19827b249d225495,,,-1.3952695,-48.372095,,Águas Brancas,+55 91 98569-9427,5590000000000.0,ChIJszp9hZn1pJIRlVQinSR7ghk,67033-032,,42.0,,7.0,6.0,0.0,1.0,0.0,0.0,State of Pará,"R. das Flôres, 15","R. Das Flôres, 15",,Açaí Especial do Francisco,Açaí Especial Do Francisco,4.4,https://www.google.com/maps/search/?api=1&query=A%C3%A7a%C3%AD%20Especial%20do%20Francisco&query_place_id=ChIJszp9hZn1pJIRlVQinSR7ghk,,"Monday-Wednesday: 11 AM to 2:30 PM; Thursday-Friday: 11 AM to 2:30 PM, 6 to 10 PM; Saturday: 11 AM to 3 PM, 6 to 10 PM; Sunday: Closed"
"R. Jasmim, 68 - Águas Brancas, Ananindeua - PA, 67033-043, Brazil","R. Jasmim, 68 - Águas Brancas, Ananindeua - Pa, 67033-043, Brazil",Açaí shop,,,,,,,,,Açaí shop,2.01e+18,Ananindeua,BR,0x92a4f54f2664e0c1:0x1bd6624d01866dc9,,,-1.3977118,-48.3706197,,Águas Brancas,+55 91 99221-0112,5590000000000.0,ChIJweBkJk_1pJIRyW2GAU1i1hs,67033-043,,41.0,,0.0,,,,,,State of Pará,"R. Jasmim, 68","R. Jasmim, 68",,Açai_da_ana,Açai_Da_Ana,,https://www.google.com/maps/search/?api=1&query=A%C3%A7ai_da_ana&query_place_id=ChIJweBkJk_1pJIRyW2GAU1i1hs,https://wa.me/qr/V2FRVP574P3ZB1,Monday-Saturday: 10 AM to 3 PM; Sunday: Closed
"R. Florianópolis - Val-de-Cães, Belém - PA, 66617-190, Brazil","R. Florianópolis - Val-De-Cães, Belém - Pa, 66617-190, Brazil",Snack bar,Açaí shop,,,,,,,,Açaí shop,1.75e+19,Belém,BR,0x92a48bfd26023eb7:0xf34f2ef2c1b1c549,,,-1.3982836,-48.4701213,,Val-de-Cães,+55 91 98141-6753,5590000000000.0,ChIJtz4CJv2LpJIRScWxwfIuT_M,66617-190,,13.0,,11.0,11.0,0.0,0.0,0.0,0.0,State of Pará,R. Florianópolis,R. Florianópolis,,Açaí do Bacana,Açaí Do Bacana,5.0,https://www.google.com/maps/search/?api=1&query=A%C3%A7a%C3%AD%20do%20Bacana&query_place_id=ChIJtz4CJv2LpJIRScWxwfIuT_M,,
"Av. Carlos Prestes - Águas Lindas, Belém - PA, 66690-370, Brazil","Av. Carlos Prestes - Águas Lindas, Belém - Pa, 66690-370, Brazil",Restaurant,,,,,,,,,Açaí shop,1.45e+18,Belém,BR,0x92a4f4d1310a8659:0x1425ef99203e55d1,,,-1.4036017,-48.3919922,,Águas Lindas,,,ChIJWYYKMdH0pJIR0VU-IJnvJRQ,,R$1–20,34.0,,31.0,15.0,3.0,7.0,4.0,2.0,State of Pará,Av. Carlos Prestes,Av. Carlos Prestes,,Açaí Do Josias,Açaí Do Josias,3.5,https://www.google.com/maps/search/?api=1&query=A%C3%A7a%C3%AD%20Do%20Josias&query_place_id=ChIJWYYKMdH0pJIR0VU-IJnvJRQ,,Monday-Saturday: 8 AM to 1 PM; Sunday: Closed
"Av. Orlando Costa - Águas Lindas, Ananindeua - PA, 66690-400, Brazil","Av. Orlando Costa - Águas Lindas, Ananindeua - Pa, 66690-400, Brazil",Restaurant,,,,,,,,,Açaí shop,5.74e+18,Ananindeua,BR,0x92a4f588fbe3a1af:0x4fb26bb8fd4709d0,,,-1.4065588,-48.3939356,,Águas Lindas,+55 91 98558-9257,5590000000000.0,ChIJr6Hj-4j1pJIR0AlH_bhrsk8,66690400,,40.0,,8.0,8.0,0.0,0.0,0.0,0.0,State of Pará,Av. Orlando Costa,Av. Orlando Costa,,Açaí Deus é Bom,Açaí Deus É Bom,5.0,https://www.google.com/maps/search/?api=1&query=A%C3%A7a%C3%AD%20Deus%20%C3%A9%20Bom&query_place_id=ChIJr6Hj-4j1pJIR0AlH_bhrsk8,,Monday-Sunday: 8 AM to 2 PM
"R. Fortaleza - Águas Lindas, Belém - PA, 66690-730, Brazil","R. Fortaleza - Águas Lindas, Belém - Pa, 66690-730, Brazil",Restaurant,,,,,,,,,Açaí shop,1.72e+19,Belém,BR,0x92a4f588cde65c61:0xee15916e2593dc0a,,,-1.3914941,-48.3959629,,Águas Lindas,+55 91 98158-3187,5590000000000.0,ChIJYVzmzYj1pJIRCtyTJW6RFe4,66690-730,,32.0,,10.0,6.0,2.0,1.0,1.0,0.0,State of Pará,R. Fortaleza,R. Fortaleza,,Cantinho do açaí,Cantinho Do Açaí,4.2,https://www.google.com/maps/search/?api=1&query=Cantinho%20do%20a%C3%A7a%C3%AD&query_place_id=ChIJYVzmzYj1pJIRCtyTJW6RFe4,,Monday: 8:30 AM to 2:30 PM; Tuesday: Closed; Wednesday-Sunday: 8:30 AM to 2:30 PM
"R. Oito de Março, 4 - Águas Lindas, Belém - PA, 66690-200, Brazil","R. Oito De Março, 4 - Águas Lindas, Belém - Pa, 66690-200, Brazil",Açaí shop,,,,,,,,,Açaí shop,7.48e+18,Belém,BR,0x92a4f5681dad5115:0x67c0ff464170e43e,,,-1.4056226,-48.3918831,,Águas Lindas,+55 91 98235-0688,5590000000000.0,ChIJFVGtHWj1pJIRPuRwQUb_wGc,66690-200,,18.0,,15.0,13.0,1.0,0.0,1.0,0.0,State of Pará,"R. Oito de Março, 4","R. Oito De Março, 4",,Sabor açaí,Sabor Açaí,4.8,https://www.google.com/maps/search/?api=1&query=Sabor%20a%C3%A7a%C3%AD&query_place_id=ChIJFVGtHWj1pJIRPuRwQUb_wGc,,"Monday-Thursday: 8 AM to 2 PM, 6 to 10 PM; Friday: 6 AM to 10 PM; Saturday: 8 AM to 2 PM; Sunday: 7 AM to 2 PM"
"R. Décima Sexta - 66690500, Tv. Décima, e - Águas Lindas, Belém - PA, 66690-500, Brazil","R. Décima Sexta - 66690500, Tv. Décima, E - Águas Lindas, Belém - Pa, 66690-500, Brazil",Restaurant,,,,,,,,,Açaí shop,1.15e+19,Belém,BR,0x92a4f5ae75baa7ed:0x9fa013401542dfdc,,,-1.4085802,-48.3879736,,Águas Lindas,+55 91 98357-8824,5590000000000.0,ChIJ7ae6da71pJIR3N9CFUAToJ8,66690-500,,15.0,,2.0,2.0,0.0,0.0,0.0,0.0,State of Pará,"R. Décima Sexta - 66690500, Tv. Décima, e","R. Décima Sexta - 66690500, Tv. Décima, E",,Açaí Dois Irmãos,Açaí Dois Irmãos,5.0,https://www.google.com/maps/search/?api=1&query=A%C3%A7a%C3%AD%20Dois%20Irm%C3%A3os&query_place_id=ChIJ7ae6da71pJIR3N9CFUAToJ8,,
"Rua Bolívia - Centro, Ananindeua - PA, 67000-000, Brazil","Rua Bolívia - Centro, Ananindeua - Pa, 67000-000, Brazil",Açaí shop,,,,,,,,,Açaí shop,5.71e+18,Ananindeua,BR,0x92a4f5a242766e45:0x4f4714c8c5c19073,,Condomínio Azpha Ville Portaria,-1.3723317,-48.37963,,Centro,+55 91 98103-1833,5590000000000.0,ChIJRW52QqL1pJIRc5DBxcgUR08,67000-000,,14.0,,3.0,3.0,0.0,0.0,0.0,0.0,State of Pará,Rua Bolívia,Rua Bolívia,,Sr. Açaí,Sr. Açaí,5.0,https://www.google.com/maps/search/?api=1&query=Sr.%20A%C3%A7a%C3%AD&query_place_id=ChIJRW52QqL1pJIRc5DBxcgUR08,,Monday-Sunday: 8 AM to 6 PM
"Alameda Amor Perfeito, 96 - Águas Brancas, Ananindeua - PA, 67033-059, Brazil","Alameda Amor Perfeito, 96 - Águas Brancas, Ananindeua - Pa, 67033-059, Brazil",Açaí shop,,,,,,,,,Açaí shop,1.61e+19,Ananindeua,BR,0x92a4f5002f070573:0xdf63d86a9b7e4d46,,,-1.3950372,-48.3682654,,Águas Brancas,+55 91 99237-6048,5590000000000.0,ChIJcwUHLwD1pJIRRk1-m2rYY98,67033-059,,16.0,,0.0,,,,,,State of Pará,"Alameda Amor Perfeito, 96","Alameda Amor Perfeito, 96",,Açaí Puro Sabor,Açaí Puro Sabor,,https://www.google.com/maps/search/?api=1&query=A%C3%A7a%C3%AD%20Puro%20Sabor&query_place_id=ChIJcwUHLwD1pJIRRk1-m2rYY98,,Monday-Sunday: 8 AM to 7 PM
"Tv. Tancredo Neves - Águas Lindas, Ananindeua - PA, 67020-683, Brazil","Tv. Tancredo Neves - Águas Lindas, Ananindeua - Pa, 67020-683, Brazil",Restaurant,,,,,,,,,Açaí shop,9.72e+18,Ananindeua,BR,0x92a4f526d95595d7:0x86eab7d5f1bfb2fb,,,-1.3968521,-48.3847384,,Águas Lindas,,,ChIJ15VV2Sb1pJIR-7K_8dW36oY,67020-683,,13.0,,10.0,10.0,0.0,0.0,0.0,0.0,State of Pará,Tv. Tancredo Neves,Tv. Tancredo Neves,,Casa Do Açaí E Assados,Casa Do Açaí E Assados,5.0,https://www.google.com/maps/search/?api=1&query=Casa%20Do%20A%C3%A7a%C3%AD%20E%20Assados&query_place_id=ChIJ15VV2Sb1pJIR-7K_8dW36oY,,"Monday: 8:30 to 11:30 AM, 5 to 10 PM; Tuesday: Closed; Wednesday-Friday: 8:30 to 11:30 AM, 5 to 10 PM; Saturday: 8:30 to 11:30 AM, 5 PM to 12 AM; Sunday: 5 PM to 12 AM"
"Alameda Azaléia, 34 - Águas Brancas, Ananindeua - PA, 67033-023, Brazil","Alameda Azaléia, 34 - Águas Brancas, Ananindeua - Pa, 67033-023, Brazil",Açaí shop,,,,,,,,,Açaí shop,6.62e+18,Ananindeua,BR,0x92a4f5a09fb8e84b:0x5bd11883cbe5a346,,,-1.396043,-48.3650035,,Águas Brancas,+55 91 98555-9572,5590000000000.0,ChIJS-i4n6D1pJIRRqPly4MY0Vs,67033-023,,11.0,,1.0,1.0,0.0,0.0,0.0,0.0,State of Pará,"Alameda Azaléia, 34","Alameda Azaléia, 34",,Açai + sabor,Açai + Sabor,5.0,https://www.google.com/maps/search/?api=1&query=A%C3%A7ai%20%2B%20sabor&query_place_id=ChIJS-i4n6D1pJIRRqPly4MY0Vs,,Monday-Sunday: 8 AM to 10 PM
"R. das Orquideas, 160 - Águas Brancas, Ananindeua - PA, 67033-370, Brazil","R. Das Orquideas, 160 - Águas Brancas, Ananindeua - Pa, 67033-370, Brazil",Restaurant,,,,,,,,,Açaí shop,5.58e+17,Ananindeua,BR,0x92a4f5988727e155:0x7bf24fc122bcb77,,,-1.3946448,-48.3704061,,Águas Brancas,+55 91 98544-9155,5590000000000.0,ChIJVeEnh5j1pJIRd8srEvwkvwc,67033-370,,12.0,,1.0,1.0,0.0,0.0,0.0,0.0,State of Pará,"R. das Orquideas, 160","R. Das Orquideas, 160",,Açaí 2 irmão,Açaí 2 Irmão,5.0,https://www.google.com/maps/search/?api=1&query=A%C3%A7a%C3%AD%202%20irm%C3%A3o&query_place_id=ChIJVeEnh5j1pJIRd8srEvwkvwc,,
"R. Décima Terceira - Águas Brancas, Ananindeua - PA, 67125-088, Brazil","R. Décima Terceira - Águas Brancas, Ananindeua - Pa, 67125-088, Brazil",Açaí shop,,,,,,,,,Açaí shop,3.65e+18,Ananindeua,BR,0x92a4f5356186138d:0x32ac6c1292be5d63,,,-1.3867796,-48.3670387,,Águas Brancas,+55 91 98014-7782,5590000000000.0,ChIJjROGYTX1pJIRY12-khJsrDI,,,10.0,,3.0,3.0,0.0,0.0,0.0,0.0,State of Pará,R. Décima Terceira,R. Décima Terceira,,JP AÇAÍ,Jp Açaí,5.0,https://www.google.com/maps/search/?api=1&query=JP%20A%C3%87A%C3%8D&query_place_id=ChIJjROGYTX1pJIRY12-khJsrDI,,
"Águas Lindas, Ananindeua - State of Pará, 67000-000, Brazil","Águas Lindas, Ananindeua - State Of Pará, 67000-000, Brazil",Restaurant,,,,,,,,,Açaí shop,1.65e+19,Ananindeua,BR,0x92a4f51c0afb86f7:0xe50582945159d824,,,-1.3950946,-48.3727346,,Águas Lindas,+55 91 98417-3111,5590000000000.0,ChIJ94b7Chz1pJIRJNhZUZSCBeU,,,7.0,,5.0,4.0,0.0,0.0,1.0,0.0,State of Pará,,,,Açaí Da Ilha,Açaí Da Ilha,4.6,https://www.google.com/maps/search/?api=1&query=A%C3%A7a%C3%AD%20Da%20Ilha&query_place_id=ChIJ94b7Chz1pJIRJNhZUZSCBeU,,
"R. das Orquideas, 63 - Águas Brancas, Ananindeua - PA, 67033-025, Brazil","R. Das Orquideas, 63 - Águas Brancas, Ananindeua - Pa, 67033-025, Brazil",Restaurant,,,,,,,,,Açaí shop,1.17e+19,Ananindeua,BR,0x92a4f5f6f9df825f:0xa22dd66233d923b5,,,-1.3951636,-48.3720422,,Águas Brancas,+55 91 98342-7129,5590000000000.0,ChIJX4Lf-fb1pJIRtSPZM2LWLaI,67033-025,,5.0,,5.0,5.0,0.0,0.0,0.0,0.0,State of Pará,"R. das Orquideas, 63","R. Das Orquideas, 63",,Papa Açaí,Papa Açaí,5.0,https://www.google.com/maps/search/?api=1&query=Papa%20A%C3%A7a%C3%AD&query_place_id=ChIJX4Lf-fb1pJIRtSPZM2LWLaI,,
"Conjunto Julia seffer, R. Coletora Leste, 72, Ananindeua - PA, 67020-470, Brazil","Conjunto Julia Seffer, R. Coletora Leste, 72, Ananindeua - Pa, 67020-470, Brazil",Açaí shop,,,,,,,,,Açaí shop,1.4e+19,Ananindeua,BR,0x92a4f583ef4425bb:0xc2089bcb7731bbe6,,,-1.3898893,-48.3804561,,Águas Lindas,+55 91 98554-2105,5590000000000.0,ChIJuyVE74P1pJIR5rsxd8ubCMI,67020-470,,8.0,,1.0,1.0,0.0,0.0,0.0,0.0,State of Pará,"Conjunto Julia seffer, R. Coletora Leste, 72","Conjunto Julia Seffer, R. Coletora Leste, 72",,Açaí da Fazenda Aratinga,Açaí Da Fazenda Aratinga,5.0,https://www.google.com/maps/search/?api=1&query=A%C3%A7a%C3%AD%20da%20Fazenda%20Aratinga&query_place_id=ChIJuyVE74P1pJIR5rsxd8ubCMI,,Monday-Sunday: 5 to 11 PM
"R. 2 de Junho, 813 - Centro, Ananindeua - PA, 67033-077, Brazil","R. 2 De Junho, 813 - Centro, Ananindeua - Pa, 67033-077, Brazil",Açaí shop,,,,,,,,,Açaí shop,5.78e+18,Ananindeua,BR,0x92a4f57d82f54217:0x503194db671e1802,,,-1.3758055,-48.3754758,,Centro,+55 91 98181-4888,5590000000000.0,ChIJF0L1gn31pJIRAhgeZ9uUMVA,67033-077,R$1–20,3.0,,14.0,12.0,0.0,1.0,1.0,0.0,State of Pará,"R. 2 de Junho, 813","R. 2 De Junho, 813",,Açai do cabral,Açai Do Cabral,4.6,https://www.google.com/maps/search/?api=1&query=A%C3%A7ai%20do%20cabral&query_place_id=ChIJF0L1gn31pJIRAhgeZ9uUMVA,,Monday-Tuesday: Closed; Wednesday-Sunday: 6 to 10:30 PM
"conjunto Júlia Sefer, R. da Cohaspa, 131 - Águas Lindas, Ananindeua - PA, 67020-370, Brazil","Conjunto Júlia Sefer, R. Da Cohaspa, 131 - Águas Lindas, Ananindeua - Pa, 67020-370, Brazil",Snack bar,,,,,,,,,Açaí shop,1.24e+19,Ananindeua,BR,0x92a4f5380580b9c3:0xac4b852f4e7ad38a,,,-1.3847616,-48.3882099,,Águas Lindas,+55 98 98469-7804,5600000000000.0,ChIJw7mABTj1pJIRitN6Ti-FS6w,67020-370,,2.0,,10.0,7.0,1.0,0.0,2.0,0.0,State of Pará,"conjunto Júlia Sefer, R. da Cohaspa, 131","Conjunto Júlia Sefer, R. Da Cohaspa, 131",,Açai Sedução,Açai Sedução,4.5,https://www.google.com/maps/search/?api=1&query=A%C3%A7ai%20Sedu%C3%A7%C3%A3o&query_place_id=ChIJw7mABTj1pJIRitN6Ti-FS6w,,Monday: Closed; Tuesday-Saturday: 9 AM to 5 PM; Sunday: 9 AM to 6 PM
"Av. Mário Covas - Coqueiro, Belém - PA, 67115-000, Brazil","Av. Mário Covas - Coqueiro, Belém - Pa, 67115-000, Brazil",Store,,,,,,,,,Açaí shop,1.78e+19,Belém,BR,0x92a4610016e6c6b9:0xf79a111a6040b4ab,,,-1.3635733,-48.4263699,,Coqueiro,,,ChIJucbmFgBhpJIRq7RAYBoRmvc,,,127.0,,0.0,,,,,,State of Pará,Av. Mário Covas,Av. Mário Covas,,RR Açaí,Rr Açaí,,https://www.google.com/maps/search/?api=1&query=RR%20A%C3%A7a%C3%AD&query_place_id=ChIJucbmFgBhpJIRq7RAYBoRmvc,,Monday-Sunday: 9 AM to 8 PM
"R. Enéas Costa, 66 - Cidade Nova, Ananindeua - PA, 67120-405, Brazil","R. Enéas Costa, 66 - Cidade Nova, Ananindeua - Pa, 67120-405, Brazil",Restaurant,,,,,,,,,Açaí shop,9.9e+17,Ananindeua,BR,0x92a46167e5891a29:0xdbc314e99f0730b,,,-1.3482072,-48.4135006,,Cidade Nova,+55 91 98950-9906,5590000000000.0,ChIJKRqJ5WdhpJIRC3PwmU4xvA0,67120-405,,131.0,,0.0,,,,,,State of Pará,"R. Enéas Costa, 66","R. Enéas Costa, 66",,Açaí do Galego,Açaí Do Galego,,https://www.google.com/maps/search/?api=1&query=A%C3%A7a%C3%AD%20do%20Galego&query_place_id=ChIJKRqJ5WdhpJIRC3PwmU4xvA0,,Monday-Sunday: 9 AM to 2 PM
"R. São Paulo, 107 - Cabanagem, Belém - PA, 66625-490, Brazil","R. São Paulo, 107 - Cabanagem, Belém - Pa, 66625-490, Brazil",Restaurant,,,,,,,,,Açaí shop,9.69e+18,Belém,BR,0x92a48a81fa449ae3:0x867030f10c7b729e,,,-1.3711318,-48.4342098,,Cabanagem,,,ChIJ45pE-oGKpJIRnnJ7DPEwcIY,66625-490,,125.0,,0.0,,,,,,State of Pará,"R. São Paulo, 107","R. São Paulo, 107",,Q-Açaí Gostoso,Q-Açaí Gostoso,,https://www.google.com/maps/search/?api=1&query=Q-A%C3%A7a%C3%AD%20Gostoso&query_place_id=ChIJ45pE-oGKpJIRnnJ7DPEwcIY,,Monday: Closed; Tuesday-Saturday: 9 AM to 5 PM; Sunday: 9 AM to 3 PM
"Coletora leste sem número - Águas Lindas, Ananindeua - PA, 67020-000, Brazil","Coletora Leste Sem Número - Águas Lindas, Ananindeua - Pa, 67020-000, Brazil",Restaurant,,,,,,,,,Açaí shop,9.65e+18,Ananindeua,BR,0x92a4f5477e113631:0x85fbb681677817d9,,,-1.3881183,-48.3810386,,Águas Lindas,+55 31 3255-1908,553000000000.0,ChIJMTYRfkf1pJIR2Rd4Z4G2-4U,67020-000,,4.0,,4.0,4.0,0.0,0.0,0.0,0.0,State of Pará,Coletora leste sem número,Coletora Leste Sem Número,,AÇAÍ Do SAMÁ,Açaí Do Samá,5.0,https://www.google.com/maps/search/?api=1&query=A%C3%87A%C3%8D%20Do%20SAM%C3%81&query_place_id=ChIJMTYRfkf1pJIR2Rd4Z4G2-4U,,
"Passagem Funda, 203 - Coqueiro, Belém - PA, 66650-170, Brazil","Passagem Funda, 203 - Coqueiro, Belém - Pa, 66650-170, Brazil",Restaurant,,,,,,,,,Açaí shop,2.75e+18,Belém,BR,0x92a461158209eb1f:0x263b07d8bf0361ad,,,-1.362367,-48.4326512,,Coqueiro,,,ChIJH-sJghVhpJIRrWEDv9gHOyY,66650-170,,117.0,,0.0,,,,,,State of Pará,"Passagem Funda, 203","Passagem Funda, 203",,Maná Açaí,Maná Açaí,,https://www.google.com/maps/search/?api=1&query=Man%C3%A1%20A%C3%A7a%C3%AD&query_place_id=ChIJH-sJghVhpJIRrWEDv9gHOyY,,Monday-Wednesday: 9 AM to 2 PM; Thursday: 9:30 AM to 2 PM; Friday: 9 AM to 2 PM; Saturday-Sunday: 9 AM to 3 PM
"Cidade Nova 8, Tv. We Vinte e Seis, 312 - Coqueiro, Ananindeua - PA, 67133-100, Brazil","Cidade Nova 8, Tv. We Vinte E Seis, 312 - Coqueiro, Ananindeua - Pa, 67133-100, Brazil",Supermarket,,,,,,,,,Açaí shop,2.96e+18,Ananindeua,BR,0x92a461a81e54e4eb:0x29191e6f85944f57,,,-1.3633552,-48.4090833,,Coqueiro,,,ChIJ6-RUHqhhpJIRV0-UhW8eGSk,67133-100,,124.0,,2.0,2.0,0.0,0.0,0.0,0.0,State of Pará,"Cidade Nova 8, Tv. We Vinte e Seis, 312","Cidade Nova 8, Tv. We Vinte E Seis, 312",,Açaí Deus é Fiel,Açaí Deus É Fiel,5.0,https://www.google.com/maps/search/?api=1&query=A%C3%A7a%C3%AD%20Deus%20%C3%A9%20Fiel&query_place_id=ChIJ6-RUHqhhpJIRV0-UhW8eGSk,,
"Av. Portugal, 295-345 - Coqueiro, Belém - PA, 66650-080, Brazil","Av. Portugal, 295-345 - Coqueiro, Belém - Pa, 66650-080, Brazil",Restaurant,,,,,,,,,Açaí shop,1.3e+19,Belém,BR,0x92a461ce14ce1d1f:0xb45b6e64eeb998b2,,,-1.3618484,-48.4280864,,Coqueiro,+55 91 98602-0970,5590000000000.0,ChIJHx3OFM5hpJIRspi57mRuW7Q,66650-080,,114.0,,0.0,,,,,,State of Pará,"Av. Portugal, 295-345","Av. Portugal, 295-345",,Açaí do Pará,Açaí Do Pará,,https://www.google.com/maps/search/?api=1&query=A%C3%A7a%C3%AD%20do%20Par%C3%A1&query_place_id=ChIJHx3OFM5hpJIRspi57mRuW7Q,,Monday-Friday: 9 AM to 2 PM; Saturday-Sunday: 9 AM to 4 PM
"R. Ayrton Senna, 19c - Quarenta Horas, Ananindeua - PA, 67120-884, Brazil","R. Ayrton Senna, 19C - Quarenta Horas, Ananindeua - Pa, 67120-884, Brazil",Restaurant,,,,,,,,,Açaí shop,5.15e+18,Ananindeua,BR,0x92a461cb7d19f1f3:0x4784d300094168a7,,,-1.3483582,-48.4180539,,Quarenta Horas,,,ChIJ8_EZfcthpJIRp2hBCQDThEc,67120-884,,111.0,,0.0,,,,,,State of Pará,"R. Ayrton Senna, 19c","R. Ayrton Senna, 19C",,Açaí Do Diego,Açaí Do Diego,,https://www.google.com/maps/search/?api=1&query=A%C3%A7a%C3%AD%20Do%20Diego&query_place_id=ChIJ8_EZfcthpJIRp2hBCQDThEc,,Monday: Closed; Tuesday-Sunday: 9 AM to 5 PM
"Feira do Ver o Peso Barraca 11 - Tv. L Doze - Coqueiro, Belém - PA, 66013-030, Brazil","Feira Do Ver O Peso Barraca 11 - Tv. L Doze - Coqueiro, Belém - Pa, 66013-030, Brazil",Restaurant,,,,,,,,,Açaí shop,1.11e+19,Belém,BR,0x92a4614d6cd02e33:0x9a6fdf67095a7b34,,,-1.3506477,-48.4389425,,Coqueiro,+55 91 98529-1314,5590000000000.0,ChIJMy7QbE1hpJIRNHtaCWffb5o,66013-030,R$20–40,110.0,,8.0,7.0,1.0,0.0,0.0,0.0,State of Pará,Feira do Ver o Peso Barraca 11 - Tv. L Doze,Feira Do Ver O Peso Barraca 11 - Tv. L Doze,,Barraca do Loro - Açaí e Peixe Frito,Barraca Do Loro - Açaí E Peixe Frito,4.9,https://www.google.com/maps/search/?api=1&query=Barraca%20do%20Loro%20-%20A%C3%A7a%C3%AD%20e%20Peixe%20Frito&query_place_id=ChIJMy7QbE1hpJIRNHtaCWffb5o,,Monday-Sunday: 9 AM to 2 PM
"R. Jader Dias - Cidade Nova, Ananindeua - PA, 67140-700, Brazil","R. Jader Dias - Cidade Nova, Ananindeua - Pa, 67140-700, Brazil",Restaurant,,,,,,,,,Açaí shop,1.29e+19,Ananindeua,BR,0x92a461f33091f677:0xb33ff8566fe64839,,,-1.3501437,-48.4110555,,Cidade Nova,+55 91 98950-0869,5590000000000.0,ChIJd_aRMPNhpJIROUjmb1b4P7M,67140-700,,108.0,,0.0,,,,,,State of Pará,R. Jader Dias,R. Jader Dias,,Açaí Nativu's,Açaí Nativu'S,,https://www.google.com/maps/search/?api=1&query=A%C3%A7a%C3%AD%20Nativu's&query_place_id=ChIJd_aRMPNhpJIROUjmb1b4P7M,,Monday-Wednesday: 5 PM to 12 AM; Thursday: Closed; Friday: 5 PM to 12 AM; Saturday-Sunday: 5 PM to 1 AM
"Est. da Providência, 175 - Coqueiro, Ananindeua - PA, 67015-260, Brazil","Est. Da Providência, 175 - Coqueiro, Ananindeua - Pa, 67015-260, Brazil",Restaurant,,,,,,,,,Açaí shop,7.23e+18,Ananindeua,BR,0x92a48b00461ebec7:0x644f32a762260ce3,,,-1.3716231,-48.4073298,,Coqueiro,,,ChIJx74eRgCLpJIR4wwmYqcyT2Q,67015-260,,94.0,,2.0,2.0,0.0,0.0,0.0,0.0,State of Pará,"Est. da Providência, 175","Est. Da Providência, 175",,Açaí dos primos CV.,Açaí Dos Primos Cv.,5.0,https://www.google.com/maps/search/?api=1&query=A%C3%A7a%C3%AD%20dos%20primos%20CV.&query_place_id=ChIJx74eRgCLpJIR4wwmYqcyT2Q,,Monday-Sunday: 9 AM to 10 PM
"R. Providência - Cidade Nova, Ananindeua - PA, 67015-260, Brazil","R. Providência - Cidade Nova, Ananindeua - Pa, 67015-260, Brazil",Restaurant,,,,,,,,,Açaí shop,1.45e+19,Ananindeua,BR,0x92a4606d11f97193:0xc902861d52dd6c72,,,-1.354328,-48.4103766,,Cidade Nova,,,ChIJk3H5EW1gpJIRcmzdUh2GAsk,67015-260,,91.0,,1.0,1.0,0.0,0.0,0.0,0.0,State of Pará,R. Providência,R. Providência,,Açaí Do Diego,Açaí Do Diego,5.0,https://www.google.com/maps/search/?api=1&query=A%C3%A7a%C3%AD%20Do%20Diego&query_place_id=ChIJk3H5EW1gpJIRcmzdUh2GAsk,,Monday: 5:30 to 11:30 PM; Tuesday: Closed; Wednesday-Thursday: 5:30 to 11:30 PM; Friday-Sunday: 5:30 PM to 12:30 AM
"Av. Principal, 5 - Quarenta Horas, Ananindeua - PA, 67120-370, Brazil","Av. Principal, 5 - Quarenta Horas, Ananindeua - Pa, 67120-370, Brazil",Restaurant,,,,,,,,,Açaí shop,1.17e+19,Ananindeua,BR,0x92a4605d94a75843:0xa2406668c83f9122,,,-1.3458743,-48.419723,,Quarenta Horas,,,ChIJQ1inlF1gpJIRIpE_yGhmQKI,,,90.0,,2.0,2.0,0.0,0.0,0.0,0.0,State of Pará,"Av. Principal, 5","Av. Principal, 5",,Açaí Do Kawagoe,Açaí Do Kawagoe,5.0,https://www.google.com/maps/search/?api=1&query=A%C3%A7a%C3%AD%20Do%20Kawagoe&query_place_id=ChIJQ1inlF1gpJIRIpE_yGhmQKI,,Monday-Sunday: 4:30 to 11 PM
"Icui Guajara, Ananindeua - State of Pará, Brazil","Icui Guajara, Ananindeua - State Of Pará, Brazil",Restaurant,,,,,,,,,Açaí shop,7.91e+18,Ananindeua,BR,0x92a460f55454ad41:0x6dc041cfbbd82018,,,-1.3411549,-48.4189579,,Icuí-Guajará,+55 91 98107-7441,5590000000000.0,ChIJQa1UVPVgpJIRGCDYu89BwG0,,,88.0,,6.0,6.0,0.0,0.0,0.0,0.0,State of Pará,,,,Açaí Do Mario,Açaí Do Mario,5.0,https://www.google.com/maps/search/?api=1&query=A%C3%A7a%C3%AD%20Do%20Mario&query_place_id=ChIJQa1UVPVgpJIRGCDYu89BwG0,,Monday-Wednesday: 8:30 AM to 2 PM; Thursday: 8 AM to 2 PM; Friday-Sunday: 8:30 AM to 2 PM
"Passagem Beija-Flor, 340 - Quarenta Horas, Belém - PA, 67120-270, Brazil","Passagem Beija-Flor, 340 - Quarenta Horas, Belém - Pa, 67120-270, Brazil",Store,,,,,,,,,Açaí shop,7.72e+18,Belém,BR,0x92a4612cad0e8bff:0x6b2e53781674e9e1,,,-1.3452537,-48.4251082,,Quarenta Horas,+55 91 98866-6429,5590000000000.0,ChIJ_4sOrSxhpJIR4el0FnhTLms,67120-270,,86.0,,2.0,0.0,2.0,0.0,0.0,0.0,State of Pará,"Passagem Beija-Flor, 340","Passagem Beija-Flor, 340",,Esquina do açaí,Esquina Do Açaí,4.0,https://www.google.com/maps/search/?api=1&query=Esquina%20do%20a%C3%A7a%C3%AD&query_place_id=ChIJ_4sOrSxhpJIR4el0FnhTLms,,Monday-Tuesday: 10:30 AM to 10 PM; Wednesday: 10 AM to 10 PM; Thursday-Sunday: 10:30 AM to 10 PM
"Av. Independência, 1060 - Icuí-Guajará, Belém - PA, 66635-894, Brazil","Av. Independência, 1060 - Icuí-Guajará, Belém - Pa, 66635-894, Brazil",Restaurant,,,,,,,,,Açaí shop,7.74e+18,Belém,BR,0x92a46199c14717f3:0x6b65d7646294d7fa,,,-1.3661213,-48.4352727,,Icuí-Guajará,+55 91 98257-2410,5590000000000.0,ChIJ8xdHwZlhpJIR-teUYmTXZWs,66635-894,,83.0,,2.0,2.0,0.0,0.0,0.0,0.0,State of Pará,"Av. Independência, 1060","Av. Independência, 1060",,AÇAÍ MOTÃO,Açaí Motão,5.0,https://www.google.com/maps/search/?api=1&query=A%C3%87A%C3%8D%20MOT%C3%83O&query_place_id=ChIJ8xdHwZlhpJIR-teUYmTXZWs,,"Monday-Saturday: 8 AM to 2 PM, 4 to 10 PM; Sunday: 8 AM to 2 PM"
"R. Itália, 90-194 - Coqueiro, Belém - PA, 66650-210, Brazil","R. Itália, 90-194 - Coqueiro, Belém - Pa, 66650-210, Brazil",Liquor store,,,,,,,,,Açaí shop,6.62e+18,Belém,BR,0x92a4603a81b21ce9:0x5bea5bda3e6cbfd7,,,-1.3621201,-48.428478,,Coqueiro,+55 91 98143-4013,5590000000000.0,ChIJ6RyygTpgpJIR179sPtpb6ls,66650-210,,82.0,,7.0,3.0,3.0,1.0,0.0,0.0,State of Pará,"R. Itália, 90-194","R. Itália, 90-194",,Açaí da Meiry,Açaí Da Meiry,4.0,https://www.google.com/maps/search/?api=1&query=A%C3%A7a%C3%AD%20da%20Meiry&query_place_id=ChIJ6RyygTpgpJIR179sPtpb6ls,,Monday-Sunday: 8 AM to 8 PM
"Av. Gov. Hélio Gueiros, 22 - Quarenta Horas (Coqueiro), Ananindeua - PA, 67120-370, Brazil","Av. Gov. Hélio Gueiros, 22 - Quarenta Horas (Coqueiro), Ananindeua - Pa, 67120-370, Brazil",Restaurant,,,,,,,,,Açaí shop,1.76e+19,Ananindeua,BR,0x92a460427ec0be3d:0xf436d30b05123414,,,-1.350568,-48.4190146,,Quarenta Horas (Coqueiro),,,ChIJPb7AfkJgpJIRFDQSBQvTNvQ,67120-370,,78.0,,2.0,2.0,0.0,0.0,0.0,0.0,State of Pará,"Av. Gov. Hélio Gueiros, 22","Av. Gov. Hélio Gueiros, 22",,Açaí Do Chico,Açaí Do Chico,5.0,https://www.google.com/maps/search/?api=1&query=A%C3%A7a%C3%AD%20Do%20Chico&query_place_id=ChIJPb7AfkJgpJIRFDQSBQvTNvQ,,Monday: Closed; Tuesday-Sunday: 9 AM to 2 PM
"Rodovia do 40 horas QD:157 c:40 40 - horas, Ananindeua - PA, 67140-690, Brazil","Rodovia Do 40 Horas Qd:157 C:40 40 - Horas, Ananindeua - Pa, 67140-690, Brazil",Restaurant,,,,,,,,,Açaí shop,1.69e+19,Ananindeua,BR,0x92a461e786660c37:0xea513617284afbff,,,-1.349916,-48.4192095,https://whatsmenu.com.br/acaidoney,Quarenta Horas,+55 91 98943-7783,5590000000000.0,ChIJNwxmhudhpJIR__tKKBc2Ueo,67140-690,,76.0,,8.0,4.0,0.0,3.0,0.0,1.0,State of Pará,Rodovia do 40 horas QD:157 c:40 40,Rodovia Do 40 Horas Qd:157 C:40 40,,Açaí do ney,Açaí Do Ney,3.1,https://www.google.com/maps/search/?api=1&query=A%C3%A7a%C3%AD%20do%20ney&query_place_id=ChIJNwxmhudhpJIR__tKKBc2Ueo,https://whatsmenu.com.br/acaidoney,Monday-Sunday: 4 PM to 12:30 AM
"Av. Mário Covas, 640 - Coqueiro, Ananindeua - PA, 67125-076, Brazil","Av. Mário Covas, 640 - Coqueiro, Ananindeua - Pa, 67125-076, Brazil",Restaurant,,,,,,,,,Açaí shop,2.53e+18,Ananindeua,BR,0x92a461f48088551b:0x2312c40a62e9abb8,,Condomínio Green Park I,-1.3451042,-48.4359877,,Coqueiro,+55 91 98380-3194,5590000000000.0,ChIJG1WIgPRhpJIRuKvpYgrEEiM,67125-076,,75.0,,0.0,,,,,,State of Pará,"Av. Mário Covas, 640","Av. Mário Covas, 640",,Açaí Green Park,Açaí Green Park,,https://www.google.com/maps/search/?api=1&query=A%C3%A7a%C3%AD%20Green%20Park&query_place_id=ChIJG1WIgPRhpJIRuKvpYgrEEiM,,Monday-Sunday: 2 to 11 PM
"Estr. do Benjamin - Cabanagem, Belém - PA, 66650-450, Brazil","Estr. Do Benjamin - Cabanagem, Belém - Pa, 66650-450, Brazil",Restaurant,,,,,,,,,Açaí shop,4.52e+18,Belém,BR,0x92a46122e870fc1d:0x3ebfe787787db2a4,,,-1.3704925,-48.4289285,,Cabanagem,+55 91 98877-9151,5590000000000.0,ChIJHfxw6CJhpJIRpLJ9eIfnvz4,,,71.0,,1.0,1.0,0.0,0.0,0.0,0.0,State of Pará,Estr. do Benjamin,Estr. Do Benjamin,,Portal do Açaí,Portal Do Açaí,5.0,https://www.google.com/maps/search/?api=1&query=Portal%20do%20A%C3%A7a%C3%AD&query_place_id=ChIJHfxw6CJhpJIRpLJ9eIfnvz4,,Monday: Closed; Tuesday-Thursday: 4 to 10 PM; Friday-Sunday: 4 to 11 PM
"Av. Mário Covas, 210 - Coqueiro, Ananindeua - PA, Brazil","Av. Mário Covas, 210 - Coqueiro, Ananindeua - Pa, Brazil",Restaurant,,,,,,,,,Açaí shop,1.74e+19,Ananindeua,BR,0x92a4614437ef4e2d:0xf1cdbf1346324fc2,,,-1.3478999,-48.4339562,,Coqueiro,+55 91 98030-4906,5590000000000.0,ChIJLU7vN0RhpJIRwk8yRhO_zfE,,,68.0,,3.0,1.0,1.0,1.0,0.0,0.0,State of Pará,"Av. Mário Covas, 210","Av. Mário Covas, 210",,Puro Açaí,Puro Açaí,3.3,https://www.google.com/maps/search/?api=1&query=Puro%20A%C3%A7a%C3%AD&query_place_id=ChIJLU7vN0RhpJIRwk8yRhO_zfE,,Monday-Sunday: 8 AM to 2 PM
"Est. da Providência, 171 Est. da Providência 171 Cidade Nova 1, Ananindeua - PA, 67130-670, Brazil","Est. Da Providência, 171 Est. Da Providência 171 Cidade Nova 1, Ananindeua - Pa, 67130-670, Brazil",Restaurant,,,,,,,,,Açaí shop,1.57e+19,Ananindeua,BR,0x92a48aa8f48718a3:0xd9e7f822884dd639,,,-1.3721815,-48.4074572,,Coqueiro,,,ChIJoxiH9KiKpJIROdZNiCL459k,67130-670,,70.0,,4.0,3.0,0.0,1.0,0.0,0.0,State of Pará,"Est. da Providência, 171 Est. da Providência 171 Cidade Nova 1","Est. Da Providência, 171 Est. Da Providência 171 Cidade Nova 1",,Ponto do Açaí,Ponto Do Açaí,4.0,https://www.google.com/maps/search/?api=1&query=Ponto%20do%20A%C3%A7a%C3%AD&query_place_id=ChIJoxiH9KiKpJIROdZNiCL459k,,Monday-Friday: 5 to 11 PM; Saturday-Sunday: 5 PM to 12 AM
"Rod. Do 40 horas, Residencial Jardim Paraíso Q.12 c. 8 B, Ananindeua - PA, 67120-424, Brazil","Rod. Do 40 Horas, Residencial Jardim Paraíso Q.12 C. 8 B, Ananindeua - Pa, 67120-424, Brazil",Restaurant,,,,,,,,,Açaí shop,1.34e+19,Ananindeua,BR,0x92a46151ac30d5b7:0xba2c9c8f5e760bd1,,,-1.3491187,-48.4236579,,Coqueiro,+55 91 98708-2694,5590000000000.0,ChIJt9UwrFFhpJIR0Qt2Xo-cLLo,67120-424,,67.0,,1.0,1.0,0.0,0.0,0.0,0.0,State of Pará,"Rod. Do 40 horas, Residencial Jardim Paraíso Q.12 c. 8 B","Rod. Do 40 Horas, Residencial Jardim Paraíso Q.12 C. 8 B",,Açaí do Enzo,Açaí Do Enzo,5.0,https://www.google.com/maps/search/?api=1&query=A%C3%A7a%C3%AD%20do%20Enzo&query_place_id=ChIJt9UwrFFhpJIR0Qt2Xo-cLLo,,Monday-Friday: 8 AM to 6 PM; Saturday: 8 AM to 12 PM; Sunday: Closed
"Passagem dos Comerciários, 99 - Una, Belém - PA, 66650-550, Brazil","Passagem Dos Comerciários, 99 - Una, Belém - Pa, 66650-550, Brazil",Restaurant,,,,,,,,,Açaí shop,1.71e+19,Belém,BR,0x92a461c1bd5e4c71:0xed052d171b7f6e2d,,,-1.3676142,-48.4284043,,Una,+55 91 99106-0096,5590000000000.0,ChIJcUxevcFhpJIRLW5_GxctBe0,66650-550,,54.0,,6.0,6.0,0.0,0.0,0.0,0.0,State of Pará,"Passagem dos Comerciários, 99","Passagem Dos Comerciários, 99",,Açaí Marajó,Açaí Marajó,5.0,https://www.google.com/maps/search/?api=1&query=A%C3%A7a%C3%AD%20Maraj%C3%B3&query_place_id=ChIJcUxevcFhpJIRLW5_GxctBe0,,Monday-Sunday: 8 AM to 4:16 PM
"736, R. Providência, 690 - Coqueiro, Ananindeua - PA, Brazil","736, R. Providência, 690 - Coqueiro, Ananindeua - Pa, Brazil",Restaurant,,,,,,,,,Açaí shop,8.71e+18,Ananindeua,BR,0x92a461553ffa8c51:0x78eb35262874a0a1,,,-1.3552337,-48.4105871,,Coqueiro,+55 91 98164-2761,5590000000000.0,ChIJUYz6P1VhpJIRoaB0KCY163g,,R$1–20,43.0,,22.0,18.0,3.0,0.0,1.0,0.0,State of Pará,"736, R. Providência, 690","736, R. Providência, 690",,Açaí do Jairo,Açaí Do Jairo,4.8,https://www.google.com/maps/search/?api=1&query=A%C3%A7a%C3%AD%20do%20Jairo&query_place_id=ChIJUYz6P1VhpJIRoaB0KCY163g,,Monday-Sunday: 8 AM to 2 PM
"Coqueiro, Ananindeua - State of Pará, 67133-190, Brazil","Coqueiro, Ananindeua - State Of Pará, 67133-190, Brazil",Restaurant,,,,,,,,,Açaí shop,2.7e+18,Ananindeua,BR,0x92a46170fb97ad6b:0x25858edf1ca4a556,,,-1.3590571,-48.4104512,,Coqueiro,+55 91 98065-4051,5590000000000.0,ChIJa62X-3BhpJIRVqWkHN-OhSU,,R$20–40,35.0,,82.0,44.0,14.0,17.0,5.0,2.0,State of Pará,,,,Açaí do Gordo,Açaí Do Gordo,3.8,https://www.google.com/maps/search/?api=1&query=A%C3%A7a%C3%AD%20do%20Gordo&query_place_id=ChIJa62X-3BhpJIRVqWkHN-OhSU,,Monday-Friday: 8 AM to 2 PM; Saturday-Sunday: 7:30 AM to 2 PM
"We 51 cn4, Box 4 - Coqueiro, Ananindeua - PA, 67133-340, Brazil","We 51 Cn4, Box 4 - Coqueiro, Ananindeua - Pa, 67133-340, Brazil",Restaurant,,,,,,,,,Açaí shop,5.47e+18,Ananindeua,BR,0x92a461a9fc5f71c1:0x4bdfebf77e9a9ca3,,Consórcio Embracon,-1.352221,-48.4105805,,Coqueiro,+55 91 99801-3073,5590000000000.0,ChIJwXFf_KlhpJIRo5yafvfr30s,67133-340,R$20–40,34.0,,33.0,25.0,6.0,1.0,1.0,0.0,State of Pará,"We 51 cn4, Box 4","We 51 Cn4, Box 4",,Açaí Paraense,Açaí Paraense,4.6,https://www.google.com/maps/search/?api=1&query=A%C3%A7a%C3%AD%20Paraense&query_place_id=ChIJwXFf_KlhpJIRo5yafvfr30s,,Monday: Closed; Tuesday: 8:30 AM to 5 PM; Wednesday-Sunday: 8 AM to 5 PM
"Estrada da Providencia, Al. Tancredo Neves, 10 - Cn8, Ananindeua - PA, 67133-045, Brazil","Estrada Da Providencia, Al. Tancredo Neves, 10 - Cn8, Ananindeua - Pa, 67133-045, Brazil",Restaurant,,,,,,,,,Açaí shop,1.69e+19,Ananindeua,BR,0x92a4619d3aca9969:0xea4d92659f53fc79,,,-1.361476,-48.4107,,Complexo Do 8,+55 91 98083-6793,5590000000000.0,ChIJaZnKOp1hpJIRefxTn2WSTeo,67133-045,,32.0,,14.0,11.0,1.0,1.0,0.0,1.0,State of Pará,"Estrada da Providencia, Al. Tancredo Neves, 10","Estrada Da Providencia, Al. Tancredo Neves, 10",,Açaí do Toni,Açaí Do Toni,4.4,https://www.google.com/maps/search/?api=1&query=A%C3%A7a%C3%AD%20do%20Toni&query_place_id=ChIJaZnKOp1hpJIRefxTn2WSTeo,,Monday-Sunday: 8 AM to 12 AM
"R. Providência, 2814 - Cidade Nova, Ananindeua - PA, 67015-260, Brazil","R. Providência, 2814 - Cidade Nova, Ananindeua - Pa, 67015-260, Brazil",Restaurant,,,,,,,,,Açaí shop,1.2e+19,Ananindeua,BR,0x92a461c6ac10b499:0xa654acf17e0a2ae7,,,-1.3586971,-48.4104621,,Cidade Nova,+55 91 98904-8683,5590000000000.0,ChIJmbQQrMZhpJIR5yoKfvGsVKY,67015-260,,30.0,,11.0,9.0,1.0,1.0,0.0,0.0,State of Pará,"R. Providência, 2814","R. Providência, 2814",,Açaí Manancial,Açaí Manancial,4.5,https://www.google.com/maps/search/?api=1&query=A%C3%A7a%C3%AD%20Manancial&query_place_id=ChIJmbQQrMZhpJIR5yoKfvGsVKY,,Monday-Friday: 9 AM to 10 PM; Saturday: 9 AM to 9:30 PM; Sunday: 9 AM to 10 PM
"Rod. dos Trabalhadores, 118 - Parque Verde, Belém - PA, 66633-410, Brazil","Rod. Dos Trabalhadores, 118 - Parque Verde, Belém - Pa, 66633-410, Brazil",Restaurant,,,,,,,,,Açaí shop,1.41e+19,Belém,BR,0x92a461b6f50647ed:0xc41f98b861b298ca,,,-1.3699656,-48.4396443,,Parque Verde,,,ChIJ7UcG9bZhpJIRypiyYbiYH8Q,66633-410,,14.0,,5.0,4.0,0.0,0.0,0.0,1.0,State of Pará,"Rod. dos Trabalhadores, 118","Rod. Dos Trabalhadores, 118",,Açaí MG,Açaí Mg,4.4,https://www.google.com/maps/search/?api=1&query=A%C3%A7a%C3%AD%20MG&query_place_id=ChIJ7UcG9bZhpJIRypiyYbiYH8Q,,Monday-Sunday: Open 24 hours
"Est. da Providência, 175 - Cidade Nova, Ananindeua - PA, 67140-440, Brazil","Est. Da Providência, 175 - Cidade Nova, Ananindeua - Pa, 67140-440, Brazil",Açaí shop,,,,,,,,,Açaí shop,1.62e+19,Ananindeua,BR,0x92a48aa8f3375197:0xe1697fb66cfd4ad2,,,-1.3722815,-48.4074912,,Cidade Nova,+55 91 3245-9992,559000000000.0,ChIJl1E386iKpJIR0kr9bLZ_aeE,67140-440,R$20–40,23.0,,141.0,84.0,17.0,21.0,14.0,5.0,State of Pará,"Est. da Providência, 175","Est. Da Providência, 175",,Açaí do Leno,Açaí Do Leno,4.0,https://www.google.com/maps/search/?api=1&query=A%C3%A7a%C3%AD%20do%20Leno&query_place_id=ChIJl1E386iKpJIR0kr9bLZ_aeE,https://linktr.ee/acaidolenopa,Monday: Closed; Tuesday-Sunday: 7 AM to 2 PM
"573, R. D, 525 - Coqueiro, Ananindeua - PA, Brazil","573, R. D, 525 - Coqueiro, Ananindeua - Pa, Brazil",Store,,,,,,,,,Açaí shop,7.16e+18,Ananindeua,BR,0x92a460134816b4eb:0x636ec96fe3131da1,,,-1.3562156,-48.412646,,Coqueiro,+55 91 3287-4130,559000000000.0,ChIJ67QWSBNgpJIRoR0T42_JbmM,,,12.0,,30.0,23.0,3.0,2.0,1.0,1.0,State of Pará,"573, R. D, 525","573, R. D, 525",,Açaí Ki-delícia,Açaí Ki-Delícia,4.5,https://www.google.com/maps/search/?api=1&query=A%C3%A7a%C3%AD%20Ki-del%C3%ADcia&query_place_id=ChIJ67QWSBNgpJIRoR0T42_JbmM,,Monday-Sunday: 8:30 AM to 2 PM
"Tv. Dom Pedro I, 62 - Quarenta Horas, Ananindeua - PA, 67140-005, Brazil","Tv. Dom Pedro I, 62 - Quarenta Horas, Ananindeua - Pa, 67140-005, Brazil",Restaurant,,,,,,,,,Açaí shop,2.47e+18,Ananindeua,BR,0x92a4613b510bbee5:0x223afb40008cf3cb,,,-1.3464535,-48.4137185,,Quarenta Horas,+55 91 98483-2657,5590000000000.0,ChIJ5b4LUTthpJIRy_OMAED7OiI,67140-005,,8.0,,2.0,2.0,0.0,0.0,0.0,0.0,State of Pará,"Tv. Dom Pedro I, 62","Tv. Dom Pedro I, 62",,Sagrado Açaí,Sagrado Açaí,5.0,https://www.google.com/maps/search/?api=1&query=Sagrado%20A%C3%A7a%C3%AD&query_place_id=ChIJ5b4LUTthpJIRy_OMAED7OiI,,
"Tv. Henrique Dias, 166 - Cabanagem, Belém - PA, 66625-620, Brazil","Tv. Henrique Dias, 166 - Cabanagem, Belém - Pa, 66625-620, Brazil",Gluten-free restaurant,,,,,,,,,Açaí shop,3.83e+18,Belém,BR,0x92a461a1edc9a9d5:0x351574fffd5de5f1,,,-1.3677604,-48.4358268,,Cabanagem,+55 91 98361-6891,5590000000000.0,ChIJ1anJ7aFhpJIR8eVd_f90FTU,66625-620,R$1–40,7.0,,27.0,22.0,3.0,1.0,1.0,0.0,State of Pará,"Tv. Henrique Dias, 166","Tv. Henrique Dias, 166",,Açaí DuElvis,Açaí Duelvis,4.7,https://www.google.com/maps/search/?api=1&query=A%C3%A7a%C3%AD%20DuElvis&query_place_id=ChIJ1anJ7aFhpJIR8eVd_f90FTU,https://www.instagram.com/acaiduelvis/,Monday: Closed; Tuesday-Sunday: 8 AM to 2 PM
"R. Esperantista, 428-392 - Coqueiro, Belém - PA, 66650-427, Brazil","R. Esperantista, 428-392 - Coqueiro, Belém - Pa, 66650-427, Brazil",Snack bar,,,,,,,,,Açaí shop,1.11e+18,Belém,BR,0x92a4615da763bdf5:0xf68fd7fa3f36390,,,-1.3473331,-48.439138,,Coqueiro,,,ChIJ9b1jp11hpJIRkGPzo3_9aA8,66650-427,,4.0,,29.0,27.0,2.0,0.0,0.0,0.0,State of Pará,"R. Esperantista, 428-392","R. Esperantista, 428-392",,Açaí do Ronaldo,Açaí Do Ronaldo,4.9,https://www.google.com/maps/search/?api=1&query=A%C3%A7a%C3%AD%20do%20Ronaldo&query_place_id=ChIJ9b1jp11hpJIRkGPzo3_9aA8,,Monday-Saturday: 8 AM to 9 PM; Sunday: 8 AM to 2 PM
"R. Bom Sucesso, 51 - Cabanagem, Belém - PA, 66625-430, Brazil","R. Bom Sucesso, 51 - Cabanagem, Belém - Pa, 66625-430, Brazil",Snack bar,,,,,,,,,Açaí shop,1.99e+18,Belém,BR,0x92a461cd56540457:0x1baa004615783f5d,,,-1.3652137,-48.4366197,http://www.dhyacai.com/,Cabanagem,+55 91 98020-9158,5590000000000.0,ChIJVwRUVs1hpJIRXT94FUYAqhs,66625-430,,2.0,,10.0,9.0,0.0,0.0,1.0,0.0,State of Pará,"R. Bom Sucesso, 51","R. Bom Sucesso, 51",,Açaí BOM D+,Açaí Bom D+,4.8,https://www.google.com/maps/search/?api=1&query=A%C3%A7a%C3%AD%20BOM%20D%2B&query_place_id=ChIJVwRUVs1hpJIRXT94FUYAqhs,,Monday-Saturday: 8 AM to 7:30 PM; Sunday: 8 AM to 1:30 PM
"Av. Central, 46-56 - Coqueiro, Belém - PA, 66650-520, Brazil","Av. Central, 46-56 - Coqueiro, Belém - Pa, 66650-520, Brazil",Snack bar,,,,,,,,,Açaí shop,9.75e+18,Belém,BR,0x92a461ca9db460a9:0x873e2278de6ed038,,,-1.3564122,-48.4404112,,Coqueiro,+55 91 98626-7122,5590000000000.0,ChIJqWC0ncphpJIRONBu3ngiPoc,,,1.0,,61.0,44.0,9.0,3.0,4.0,1.0,State of Pará,"Av. Central, 46-56","Av. Central, 46-56",,Esquina Do Açaí,Esquina Do Açaí,4.5,https://www.google.com/maps/search/?api=1&query=Esquina%20Do%20A%C3%A7a%C3%AD&query_place_id=ChIJqWC0ncphpJIRONBu3ngiPoc,,
"Av, orlando osvaldo costa olga benario 131a, Ananindeua - PA, 66690-400, Brazil","Av, Orlando Osvaldo Costa Olga Benario 131A, Ananindeua - Pa, 66690-400, Brazil",Açaí shop,,,,,,,,,Açaí shop,6.31e+18,Ananindeua,BR,0x92a4f5f80993b1b3:0x57983c9b7fbd1c68,,,-1.4066146,-48.3973265,,Águas Lindas,+55 91 98369-6115,5590000000000.0,ChIJs7GTCfj1pJIRaBy9f5s8mFc,66690-400,,39.0,,0.0,,,,,,State of Pará,"Av, orlando osvaldo costa olga benario 131a","Av, Orlando Osvaldo Costa Olga Benario 131A",,Açaí da Lorena,Açaí Da Lorena,,https://www.google.com/maps/search/?api=1&query=A%C3%A7a%C3%AD%20da%20Lorena&query_place_id=ChIJs7GTCfj1pJIRaBy9f5s8mFc,https://www.ifood.com.br/delivery/ananindeua-pa/acai-da-lorena-aguas-lindas/3b810edc-5ea4-4a6c-8adf-3161b2efac45?utm_medium=share,
"Av. Rômulo Maiorana, 123 - Marco, Belém - PA, 66093-375, Brazil","Av. Rômulo Maiorana, 123 - Marco, Belém - Pa, 66093-375, Brazil",Juice shop,,,,,,,,,Açaí shop,8.44e+18,Belém,BR,0x92a48d28e3618579:0x7518c881dca40771,,,-1.4452624,-48.4680321,http://bit.ly/2oeUGPr,Marco,+55 91 98570-4024,5590000000000.0,ChIJeYVh4yiNpJIRcQek3IHIGHU,66093-375,,55.0,,17.0,14.0,2.0,1.0,0.0,0.0,State of Pará,"Av. Rômulo Maiorana, 123","Av. Rômulo Maiorana, 123",,Égua du açaí!,Égua Du Açaí!,4.6,https://www.google.com/maps/search/?api=1&query=%C3%89gua%20du%20a%C3%A7a%C3%AD!&query_place_id=ChIJeYVh4yiNpJIRcQek3IHIGHU,,Monday-Sunday: 8 AM to 11 PM
"R. Farias de Brito, 210 - São Brás, Belém - PA, 66090-270, Brazil","R. Farias De Brito, 210 - São Brás, Belém - Pa, 66090-270, Brazil",Açaí shop,,,,,,,,,Açaí shop,1.04e+18,Belém,BR,0x92a48d49893382fb:0xe60bfc271164bd6,,,-1.4519878,-48.466961,,São Brás,+55 91 98976-4458,5590000000000.0,ChIJ-4IziUmNpJIR1ksWccK_YA4,66090-270,,114.0,,0.0,,,,,,State of Pará,"R. Farias de Brito, 210","R. Farias De Brito, 210",,Açaí do Gilson,Açaí Do Gilson,,https://www.google.com/maps/search/?api=1&query=A%C3%A7a%C3%AD%20do%20Gilson&query_place_id=ChIJ-4IziUmNpJIR1ksWccK_YA4,,
"Tv. Francisco Caldeira Castelo Branco, 2152 - Guamá, Belém - PA, 66063-223, Brazil","Tv. Francisco Caldeira Castelo Branco, 2152 - Guamá, Belém - Pa, 66063-223, Brazil",Açaí shop,,,,,,,,,Açaí shop,3.84e+18,Belém,BR,0x92a48d0ad6431ccb:0x353c055639a930d5,,,-1.4621185,-48.470696,,Guamá,+55 91 98802-1809,5590000000000.0,ChIJyxxD1gqNpJIR1TCpOVYFPDU,66063-223,,117.0,,0.0,,,,,,State of Pará,"Tv. Francisco Caldeira Castelo Branco, 2152","Tv. Francisco Caldeira Castelo Branco, 2152",,AçaizaçoJr,Açaizaçojr,,https://www.google.com/maps/search/?api=1&query=A%C3%A7aiza%C3%A7oJr&query_place_id=ChIJyxxD1gqNpJIR1TCpOVYFPDU,,Monday-Saturday: 8 AM to 10 PM; Sunday: 8 AM to 3 PM
"Tv. Quatorze de Abril, N° 1473 - São Brás, Belém - PA, 66063-005, Brazil","Tv. Quatorze De Abril, N° 1473 - São Brás, Belém - Pa, 66063-005, Brazil",Açaí shop,,,,,,,,,Açaí shop,7.37e+18,Belém,BR,0x92a48dc70295dd7b:0x6658f9401c0bfeee,,,-1.4529674,-48.4726546,,São Brás,+55 91 98438-4495,5590000000000.0,ChIJe92VAseNpJIR7v4LHED5WGY,66063-005,,122.0,,0.0,,,,,,State of Pará,"Tv. Quatorze de Abril, N° 1473","Tv. Quatorze De Abril, N° 1473",,GINGA AÇAÍ,Ginga Açaí,,https://www.google.com/maps/search/?api=1&query=GINGA%20A%C3%87A%C3%8D&query_place_id=ChIJe92VAseNpJIR7v4LHED5WGY,,Monday-Saturday: 8 AM to 2 PM; Sunday: Closed
"entre 14 de abril e - Passagem professor honorato filgueira,82 Jose malcher, Viela Três de Maio - São Brás, Belém - PA, 66060-440, Brazil","Entre 14 De Abril E - Passagem Professor Honorato Filgueira,82 Jose Malcher, Viela Três De Maio - São Brás, Belém - Pa, 66060-440, Brazil",Restaurant,Açaí shop,,,,,,,,Açaí shop,2.95e+18,Belém,BR,0x92a48d194a230191:0x28f498d20389a8e4,,,-1.4476129,-48.4733565,https://tedoide.pediragora.app/,São Brás,+55 91 99171-1504,5590000000000.0,ChIJkQEjShmNpJIR5KiJA9KY9Cg,66060-440,R$20–40,104.0,,91.0,79.0,3.0,5.0,3.0,1.0,State of Pará,"entre 14 de abril e - Passagem professor honorato filgueira,82 Jose malcher, Viela Três de Maio","Entre 14 De Abril E - Passagem Professor Honorato Filgueira,82 Jose Malcher, Viela Três De Maio",,TÉDOIDÉ AÇAÍ,Tédoidé Açaí,4.6,https://www.google.com/maps/search/?api=1&query=T%C3%89DOID%C3%89%20A%C3%87A%C3%8D&query_place_id=ChIJkQEjShmNpJIR5KiJA9KY9Cg,http://instagram.com/acai.tedoide,Monday-Sunday: 9 AM to 2 PM
"Al. Mamoré, 76 - Guamá, Belém - PA, 66075-425, Brazil","Al. Mamoré, 76 - Guamá, Belém - Pa, 66075-425, Brazil",Açaí shop,,,,,,,,,Açaí shop,1.62e+19,Belém,BR,0x92a48d7ee1a9a2e7:0xe08db69adb8b95ca,,,-1.4677287,-48.4658575,,Guamá,+55 91 3086-4425,559000000000.0,ChIJ56Kp4X6NpJIRypWL25q2jeA,66075-425,,103.0,,2.0,2.0,0.0,0.0,0.0,0.0,State of Pará,"Al. Mamoré, 76","Al. Mamoré, 76",,Barao Açaí,Barao Açaí,5.0,https://www.google.com/maps/search/?api=1&query=Barao%20A%C3%A7a%C3%AD&query_place_id=ChIJ56Kp4X6NpJIRypWL25q2jeA,,Monday-Sunday: 9 AM to 10 PM
"R. Paulo Cícero, 422 - Condor, Belém - PA, 66065-575, Brazil","R. Paulo Cícero, 422 - Condor, Belém - Pa, 66065-575, Brazil",Açaí shop,,,,,,,,,Açaí shop,1.77e+19,Belém,BR,0x92a48d9e3cd04a2d:0xf567567297ab02f2,,,-1.4696811,-48.4712297,,Condor,,,ChIJLUrQPJ6NpJIR8gKrl3JWZ_U,66065-575,,101.0,,0.0,,,,,,State of Pará,"R. Paulo Cícero, 422","R. Paulo Cícero, 422",,Açaí do Biel,Açaí Do Biel,,https://www.google.com/maps/search/?api=1&query=A%C3%A7a%C3%AD%20do%20Biel&query_place_id=ChIJLUrQPJ6NpJIR8gKrl3JWZ_U,,Monday-Sunday: 9:30 AM to 10 PM
"R. dos Mundurucus, 3960 - São Brás, Belém - PA, 66063-495, Brazil","R. Dos Mundurucus, 3960 - São Brás, Belém - Pa, 66063-495, Brazil",Açaí shop,,,,,,,,,Açaí shop,1.75e+19,Belém,BR,0x92a48d3ab54b769b:0xf22e0f57a0ee447d,,,-1.4576557,-48.470304,,São Brás,+55 91 99220-5127,5590000000000.0,ChIJm3ZLtTqNpJIRfUTuoFcPLvI,66063-495,,100.0,,1.0,1.0,0.0,0.0,0.0,0.0,State of Pará,"R. dos Mundurucus, 3960","R. Dos Mundurucus, 3960",,AÇAÍ DA DIDI,Açaí Da Didi,5.0,https://www.google.com/maps/search/?api=1&query=A%C3%87A%C3%8D%20DA%20DIDI&query_place_id=ChIJm3ZLtTqNpJIRfUTuoFcPLvI,https://instagram.com/acaidadidiprati?utm_medium=copy_link,Monday-Sunday: 10 AM to 6 PM
"Tv. Quatorze de Abril, Passagem São Jorge, 223 - Fundos ESQ - Guamá, Belém - PA, 66063-475, Brazil","Tv. Quatorze De Abril, Passagem São Jorge, 223 - Fundos Esq - Guamá, Belém - Pa, 66063-475, Brazil",Açaí shop,,,,,,,,,Açaí shop,1.71e+19,Belém,BR,0x92a48d3b7a9ec263:0xed3237de86fc13dd,,,-1.4705187,-48.4718401,,Guamá,,,ChIJY8KeejuNpJIR3RP8ht43Mu0,66063-475,,90.0,,0.0,,,,,,State of Pará,"Tv. Quatorze de Abril, Passagem São Jorge, 223 - Fundos ESQ","Tv. Quatorze De Abril, Passagem São Jorge, 223 - Fundos Esq",,Açaí Do Cleiton,Açaí Do Cleiton,,https://www.google.com/maps/search/?api=1&query=A%C3%A7a%C3%AD%20Do%20Cleiton&query_place_id=ChIJY8KeejuNpJIR3RP8ht43Mu0,https://chat.whatsapp.com/BmZ9kWbDrkoAXt9xnpovkQ,Monday-Sunday: Open 24 hours
"Vila Castelo Branco - Guamá, Belém - PA, 66063-000, Brazil","Vila Castelo Branco - Guamá, Belém - Pa, 66063-000, Brazil",Açaí shop,,,,,,,,,Açaí shop,1.69e+19,Belém,BR,0x92a48d3631738e65:0xeafda24459b168ff,,,-1.4619658,-48.4702445,,Guamá,+55 91 98743-0430,5590000000000.0,ChIJZY5zMTaNpJIR_2ixWUSi_eo,66063-000,,83.0,,0.0,,,,,,State of Pará,Vila Castelo Branco,Vila Castelo Branco,,Oba açaí 2,Oba Açaí 2,,https://www.google.com/maps/search/?api=1&query=Oba%20a%C3%A7a%C3%AD%202&query_place_id=ChIJZY5zMTaNpJIR_2ixWUSi_eo,,Monday-Sunday: 8 AM to 8 PM
"Tv. Padre Eutíquio, 4013 - Campina, Belém - PA, 66065-165 - Condor, Belém - PA, 66065-165, Brazil","Tv. Padre Eutíquio, 4013 - Campina, Belém - Pa, 66065-165 - Condor, Belém - Pa, 66065-165, Brazil",Açaí shop,,,,,,,,,Açaí shop,1.79e+19,Belém,BR,0x92a48de6a09e3b77:0xf8359068dd7f9c69,,,-1.4738968,-48.4728791,,Condor,+55 91 98354-0260,5590000000000.0,ChIJdzueoOaNpJIRaZx_3WiQNfg,66065-165,,77.0,,0.0,,,,,,State of Pará,"Tv. Padre Eutíquio, 4013 - Campina, Belém - PA, 66065-165","Tv. Padre Eutíquio, 4013 - Campina, Belém - Pa, 66065-165",,Açaí Da Sheyla,Açaí Da Sheyla,,https://www.google.com/maps/search/?api=1&query=A%C3%A7a%C3%AD%20Da%20Sheyla&query_place_id=ChIJdzueoOaNpJIRaZx_3WiQNfg,,"Monday-Saturday: 8 AM to 1 PM, 4 to 9 PM; Sunday: 8 AM to 1 PM"
"Estacionamento do Supermercado Formosa - R. Boaventura da Silva, 2406 - Marco, Belém - PA, 66087-003, Brazil","Estacionamento Do Supermercado Formosa - R. Boaventura Da Silva, 2406 - Marco, Belém - Pa, 66087-003, Brazil",Organic food store,,,,,,,,,Açaí shop,5.91e+18,Belém,BR,0x92a48d11192ef0d5:0x5208cc7083abffd1,,,-1.4466464,-48.4695701,,Marco,+55 91 99204-6767,5590000000000.0,ChIJ1fAuGRGNpJIR0f-rg3DMCFI,66087-003,,71.0,,4.0,2.0,0.0,1.0,0.0,1.0,State of Pará,"Estacionamento do Supermercado Formosa - R. Boaventura da Silva, 2406","Estacionamento Do Supermercado Formosa - R. Boaventura Da Silva, 2406",,Sou + Açaí - Unidade Marco,Sou + Açaí - Unidade Marco,3.3,https://www.google.com/maps/search/?api=1&query=Sou%20%2B%20A%C3%A7a%C3%AD%20-%20Unidade%20Marco&query_place_id=ChIJ1fAuGRGNpJIR0f-rg3DMCFI,,
"Av. Conselheiro Furtado, 3326 - São Brás, Belém - PA, 66073-160, Brazil","Av. Conselheiro Furtado, 3326 - São Brás, Belém - Pa, 66073-160, Brazil",Delivery Restaurant,Açaí shop,Food products supplier,Shipping service,,,,,,Açaí shop,1.13e+19,Belém,BR,0x92a48c3208ff6f71:0x9d206909647c3565,,,-1.4561871,-48.4685662,https://api.whatsapp.com/send?phone=5591993199751&text=Ol%C3%A1!%0AVi%20seu%20an%C3%BAncio%20no%20Google.%20Pode%20me%20atender?,São Brás,+55 91 99319-9751,5590000000000.0,ChIJcW__CDKMpJIRZTV8ZAlpIJ0,66073-160,,50.0,,4.0,4.0,0.0,0.0,0.0,0.0,State of Pará,"Av. Conselheiro Furtado, 3326","Av. Conselheiro Furtado, 3326",,Açaí da Conselheiro - Delivery,Açaí Da Conselheiro - Delivery,5.0,https://www.google.com/maps/search/?api=1&query=A%C3%A7a%C3%AD%20da%20Conselheiro%20-%20Delivery&query_place_id=ChIJcW__CDKMpJIRZTV8ZAlpIJ0,https://www.tudogostoso.com.br/receita/134031-acai-com-frutas.html,
"R. Silva Castro, 736 - Guamá, Belém - PA, 66063-540, Brazil","R. Silva Castro, 736 - Guamá, Belém - Pa, 66063-540, Brazil",Juice shop,,,,,,,,,Açaí shop,1.75e+19,Belém,BR,0x92a48dcf425536ff:0xf27b31131ec8f356,,,-1.4648757,-48.4653566,,Guamá,+55 91 98228-8388,5590000000000.0,ChIJ_zZVQs-NpJIRVvPIHhMxe_I,66063-540,,47.0,,21.0,18.0,1.0,0.0,2.0,0.0,State of Pará,"R. Silva Castro, 736","R. Silva Castro, 736",,Açaí prime,Açaí Prime,4.8,https://www.google.com/maps/search/?api=1&query=A%C3%A7a%C3%AD%20prime&query_place_id=ChIJ_zZVQs-NpJIRVvPIHhMxe_I,,Monday-Sunday: 7 AM to 2 PM
"R. Farias de Brito, 174 - São Brás, Belém - PA, 66090-270, Brazil","R. Farias De Brito, 174 - São Brás, Belém - Pa, 66090-270, Brazil",Açaí shop,,,,,,,,,Açaí shop,1.26e+19,Belém,BR,0x92a48c30759d6d47:0xae93b8197700c846,,,-1.4519852,-48.4673274,,São Brás,+55 91 98118-2909,5590000000000.0,ChIJR22ddTCMpJIRRsgAdxm4k64,66090-270,,45.0,,7.0,6.0,0.0,0.0,1.0,0.0,State of Pará,"R. Farias de Brito, 174","R. Farias De Brito, 174",,Açaí Do Wal,Açaí Do Wal,4.7,https://www.google.com/maps/search/?api=1&query=A%C3%A7a%C3%AD%20Do%20Wal&query_place_id=ChIJR22ddTCMpJIRRsgAdxm4k64,,
"R. Primeiro de Maio, 50 - Tapanã, Belém - PA, 66830-680, Brazil","R. Primeiro De Maio, 50 - Tapanã, Belém - Pa, 66830-680, Brazil",Market,,,,,,,,,Açaí shop,1.58e+19,Belém,BR,0x92a4f51827eb5a05:0xdab753b6525ee1a9,,,-1.4045124,-48.3968413,,Tapanã,,,ChIJBVrrJxj1pJIRqeFeUrZTt9o,66830-680,,91.0,,0.0,,,,,,State of Pará,"R. Primeiro de Maio, 50","R. Primeiro De Maio, 50",,Açaí do 40,Açaí Do 40,,https://www.google.com/maps/search/?api=1&query=A%C3%A7a%C3%AD%20do%2040&query_place_id=ChIJBVrrJxj1pJIRqeFeUrZTt9o,,"Monday-Sunday: 6:30 AM to 2 PM, 4:30 to 9 PM"
"Al. Moça Bonita, 72 - Guanabara, Belém - PA, 67010-190, Brazil","Al. Moça Bonita, 72 - Guanabara, Belém - Pa, 67010-190, Brazil",Corporate office,Exporter,,,,,,,,Açaí shop,1.23e+19,Belém,BR,0x92a48ae20c4f4935:0xab40b51bb1d363e4,,,-1.4053775,-48.42428,,Guanabara,+55 91 3237-7690,559000000000.0,ChIJNUlPDOKKpJIR5GPTsRu1QKs,67010-190,,87.0,,5.0,3.0,1.0,1.0,0.0,0.0,State of Pará,"Al. Moça Bonita, 72","Al. Moça Bonita, 72",,Açaí Vitanat,Açaí Vitanat,4.0,https://www.google.com/maps/search/?api=1&query=A%C3%A7a%C3%AD%20Vitanat&query_place_id=ChIJNUlPDOKKpJIR5GPTsRu1QKs,,Monday-Sunday: 8 AM to 1 PM
"Al. São Jorge - Coqueiro, Ananindeua - PA, 67140-720, Brazil","Al. São Jorge - Coqueiro, Ananindeua - Pa, 67140-720, Brazil",Food manufacturer,,,,,,,,,Açaí shop,9.39e+18,Ananindeua,BR,0x92a48b74b5aafc05:0x825344b187eea8ef,,,-1.3830504,-48.4185686,,Coqueiro,+55 91 99964-7431,5590000000000.0,ChIJBfyqtXSLpJIR76juh7FEU4I,67140-720,,86.0,,0.0,,,,,,State of Pará,Al. São Jorge,Al. São Jorge,,Top açaí,Top Açaí,,https://www.google.com/maps/search/?api=1&query=Top%20a%C3%A7a%C3%AD&query_place_id=ChIJBfyqtXSLpJIR76juh7FEU4I,,"Monday-Sunday: 9 AM to 2 PM, 6 to 10 PM"
"R. Antônio Barreto, 800 - Umarizal, Belém - PA, 66055-050, Brazil","R. Antônio Barreto, 800 - Umarizal, Belém - Pa, 66055-050, Brazil",Açaí shop,,,,,,,,,Açaí shop,7.22e+18,Belém,BR,0x92a48d0cc01077df:0x6433662bdd398040,,Paróquia Nossa Senhora de Fátima,-1.4423956,-48.469797,,Umarizal,+55 91 98137-5526,5590000000000.0,ChIJ33cQwAyNpJIRQIA53StmM2Q,66055-050,,5.0,,4.0,4.0,0.0,0.0,0.0,0.0,State of Pará,"R. Antônio Barreto, 800","R. Antônio Barreto, 800",,Super Açaí da Tatá,Super Açaí Da Tatá,5.0,https://www.google.com/maps/search/?api=1&query=Super%20A%C3%A7a%C3%AD%20da%20Tat%C3%A1&query_place_id=ChIJ33cQwAyNpJIRQIA53StmM2Q,https://instagram.com/super_acai_tata?igshid=MmU2YjMzNjRlOQ==,Monday: 11 AM to 3 PM; Tuesday: 9 AM to 2:30 PM; Wednesday: 8:30 AM to 2:30 PM; Thursday: 9:30 AM to 2:30 PM; Friday-Saturday: 9 AM to 2:30 PM; Sunday: 9 AM to 2 PM
"Águas Lindas, Ananindeua - State of Pará, 67110-570, Brazil","Águas Lindas, Ananindeua - State Of Pará, 67110-570, Brazil",Restaurant,,,,,,,,,Açaí shop,6.02e+18,Ananindeua,BR,0x92a48ad572734559:0x538bb0dda15d5e62,,,-1.3985176,-48.4007123,,Águas Lindas,,,ChIJWUVzctWKpJIRYl5dod2wi1M,,,79.0,,0.0,,,,,,State of Pará,,,,Açaí Do Kavan,Açaí Do Kavan,,https://www.google.com/maps/search/?api=1&query=A%C3%A7a%C3%AD%20Do%20Kavan&query_place_id=ChIJWUVzctWKpJIRYl5dod2wi1M,,Monday-Sunday: Open 24 hours
"R. Tancredo Neves - Atalaia, Ananindeua - PA, 67013-230, Brazil","R. Tancredo Neves - Atalaia, Ananindeua - Pa, 67013-230, Brazil",Food products supplier,,,,,,,,,Açaí shop,1.26e+18,Ananindeua,BR,0x92a48aedb2b0a851:0x116be2b9b1863874,,,-1.3875238,-48.426307,,Atalaia,+55 91 99189-0724,5590000000000.0,ChIJUaiwsu2KpJIRdDiGsbniaxE,67013-230,,69.0,,4.0,4.0,0.0,0.0,0.0,0.0,State of Pará,R. Tancredo Neves,R. Tancredo Neves,,KEYCET ACAI,Keycet Acai,5.0,https://www.google.com/maps/search/?api=1&query=KEYCET%20ACAI&query_place_id=ChIJUaiwsu2KpJIRdDiGsbniaxE,,Monday-Sunday: Open 24 hours
"Passagem São Jorge, 40 entra Av. 3 corações e, Passagem evangelista - Coqueiro, Ananindeua - PA, 67113-245, Brazil","Passagem São Jorge, 40 Entra Av. 3 Corações E, Passagem Evangelista - Coqueiro, Ananindeua - Pa, 67113-245, Brazil",Catering food and drink supplier,,,,,,,,,Açaí shop,8.62e+18,Ananindeua,BR,0x92a4619ba0a006f7:0x77a8a562700fa411,,,-1.3787708,-48.4186908,,Coqueiro,+55 91 98446-0734,5590000000000.0,ChIJ9wagoJthpJIREaQPcGKlqHc,67113-245,,68.0,,1.0,1.0,0.0,0.0,0.0,0.0,State of Pará,"Passagem São Jorge, 40 entra Av. 3 corações e, Passagem evangelista","Passagem São Jorge, 40 Entra Av. 3 Corações E, Passagem Evangelista",,Açai + Top,Açai + Top,5.0,https://www.google.com/maps/search/?api=1&query=A%C3%A7ai%20%2B%20Top&query_place_id=ChIJ9wagoJthpJIREaQPcGKlqHc,,
"R. Osvaldo Cruz - Águas Lindas, Ananindeua - PA, 66690-395, Brazil","R. Osvaldo Cruz - Águas Lindas, Ananindeua - Pa, 66690-395, Brazil",Restaurant,,,,,,,,,Açaí shop,1.33e+19,Ananindeua,BR,0x92a4f50012b9e91d:0xb84156b25f53f0a0,,,-1.3966093,-48.3980933,,Águas Lindas,,,ChIJHem5EgD1pJIRoPBTX7JWQbg,66690-395,,67.0,,1.0,1.0,0.0,0.0,0.0,0.0,State of Pará,R. Osvaldo Cruz,R. Osvaldo Cruz,,Açai Deus é fiel Oswaldo Cruz,Açai Deus É Fiel Oswaldo Cruz,5.0,https://www.google.com/maps/search/?api=1&query=A%C3%A7ai%20Deus%20%C3%A9%20fiel%20Oswaldo%20Cruz&query_place_id=ChIJHem5EgD1pJIRoPBTX7JWQbg,,Monday-Saturday: 8 AM to 7:30 PM; Sunday: 8 AM to 4 PM
"Vila Jarbas Passarinho - Atalaia, Ananindeua - PA, 67013-836, Brazil","Vila Jarbas Passarinho - Atalaia, Ananindeua - Pa, 67013-836, Brazil",Food manufacturing supply,,,,,,,,,Açaí shop,1.25e+19,Ananindeua,BR,0x92a48b82b3d6a5d3:0xad395a75319e3141,,,-1.3802327,-48.4274154,,Atalaia,+55 91 98206-2920,5590000000000.0,ChIJ06XWs4KLpJIRQTGeMXVaOa0,,,61.0,,6.0,6.0,0.0,0.0,0.0,0.0,State of Pará,Vila Jarbas Passarinho,Vila Jarbas Passarinho,,Açaí da Lu,Açaí Da Lu,5.0,https://www.google.com/maps/search/?api=1&query=A%C3%A7a%C3%AD%20da%20Lu&query_place_id=ChIJ06XWs4KLpJIRQTGeMXVaOa0,,Monday-Saturday: 8:30 AM to 2 PM; Sunday: 9 AM to 2 PM
"Passagem Paulo Fonteles - Águas Lindas, Ananindeua - PA, 67118-470, Brazil","Passagem Paulo Fonteles - Águas Lindas, Ananindeua - Pa, 67118-470, Brazil",Restaurant,,,,,,,,,Açaí shop,2.01e+18,Ananindeua,BR,0x92a4f5178011c54d:0x1bd8654ca2d26a10,,,-1.3852725,-48.3982637,,Águas Lindas,+55 91 98445-2218,5590000000000.0,ChIJTcURgBf1pJIREGrSokxl2Bs,67118-470,,60.0,,3.0,3.0,0.0,0.0,0.0,0.0,State of Pará,Passagem Paulo Fonteles,Passagem Paulo Fonteles,,Açai Da Japonesa,Açai Da Japonesa,5.0,https://www.google.com/maps/search/?api=1&query=A%C3%A7ai%20Da%20Japonesa&query_place_id=ChIJTcURgBf1pJIREGrSokxl2Bs,,Monday-Sunday: 9 AM to 9 PM
"Coqueiro, Ananindeua - State of Pará, 67000-000, Brazil","Coqueiro, Ananindeua - State Of Pará, 67000-000, Brazil",Catering food and drink supplier,,,,,,,,,Açaí shop,9.63e+18,Ananindeua,BR,0x92a48ab9d60e9e95:0x85a1a653042ba7ac,,,-1.3828468,-48.4088015,,Coqueiro,+55 32455746,,ChIJlZ4O1rmKpJIRrKcrBFOmoYU,,,53.0,,6.0,4.0,2.0,0.0,0.0,0.0,State of Pará,,,,Mega Açaí,Mega Açaí,4.7,https://www.google.com/maps/search/?api=1&query=Mega%20A%C3%A7a%C3%AD&query_place_id=ChIJlZ4O1rmKpJIRrKcrBFOmoYU,,Monday-Sunday: 8:30 AM to 2 PM
"Rua Senap n. 42 - Atalaia, Ananindeua - PA, Brazil","Rua Senap N. 42 - Atalaia, Ananindeua - Pa, Brazil",Restaurant,,,,,,,,,Açaí shop,1.05e+18,Ananindeua,BR,0x92a48baf89adfc23:0xea3f7c482788513,,,-1.394336,-48.4262736,,Atalaia,+55 91 98512-0459,5590000000000.0,ChIJI_ytia-LpJIRE4V4gsT3ow4,,,23.0,,3.0,2.0,1.0,0.0,0.0,0.0,State of Pará,Rua Senap n. 42,Rua Senap N. 42,,Açai força e Sabor.,Açai Força E Sabor.,4.7,https://www.google.com/maps/search/?api=1&query=A%C3%A7ai%20for%C3%A7a%20e%20Sabor.&query_place_id=ChIJI_ytia-LpJIRE4V4gsT3ow4,,Monday-Sunday: Open 24 hours
"R. Osvaldo Cruz, 109 - Curió-Utinga, Belém - PA, 66690-395, Brazil","R. Osvaldo Cruz, 109 - Curió-Utinga, Belém - Pa, 66690-395, Brazil",Restaurant,,,,,,,,,Açaí shop,1.57e+19,Belém,BR,0x92a4f5ef5126e18d:0xd9a124b10308dbde,,,-1.4068068,-48.3974817,,Curió-Utinga,+55 91 98541-4167,5590000000000.0,ChIJjeEmUe_1pJIR3tsIA7Ekodk,66690-395,,19.0,,18.0,9.0,3.0,2.0,4.0,0.0,State of Pará,"R. Osvaldo Cruz, 109","R. Osvaldo Cruz, 109",,RR AÇAÍ,Rr Açaí,3.9,https://www.google.com/maps/search/?api=1&query=RR%20A%C3%87A%C3%8D&query_place_id=ChIJjeEmUe_1pJIR3tsIA7Ekodk,,Monday-Sunday: Open 24 hours
"Cidade Nova 3, Sn - 07 número 171c - Coqueiro, Ananindeua - PA, 67130-230, Brazil","Cidade Nova 3, Sn - 07 Número 171C - Coqueiro, Ananindeua - Pa, 67130-230, Brazil",Açaí shop,,,,,,,,,Açaí shop,1.74e+18,Ananindeua,BR,0x92a461c037d1ddb3:0x183733682c8070d4,,,-1.3706674,-48.4056898,,Coqueiro,+55 91 99312-7040,5590000000000.0,ChIJs93RN8BhpJIR1HCALGgzNxg,67130-230,,16.0,,3.0,2.0,1.0,0.0,0.0,0.0,State of Pará,"Cidade Nova 3, Sn - 07 número 171c","Cidade Nova 3, Sn - 07 Número 171C",,Açai do Paulista,Açai Do Paulista,4.7,https://www.google.com/maps/search/?api=1&query=A%C3%A7ai%20do%20Paulista&query_place_id=ChIJs93RN8BhpJIR1HCALGgzNxg,,
"Est. da Providência, 48 - Coqueiro, Ananindeua - PA, 66670-650, Brazil","Est. Da Providência, 48 - Coqueiro, Ananindeua - Pa, 66670-650, Brazil",Store,,,,,,,,,Açaí shop,1.73e+19,Ananindeua,BR,0x92a48b0e4bb3298d:0xf017a27b8968cdb7,,,-1.3839182,-48.408798,,Coqueiro,+55 91 98099-2314,5590000000000.0,ChIJjSmzSw6LpJIRt81oiXuiF_A,66670-650,,13.0,,4.0,2.0,1.0,1.0,0.0,0.0,State of Pará,"Est. da Providência, 48","Est. Da Providência, 48",,Açaí Power Nativu's,Açaí Power Nativu'S,3.8,https://www.google.com/maps/search/?api=1&query=A%C3%A7a%C3%AD%20Power%20Nativu's&query_place_id=ChIJjSmzSw6LpJIRt81oiXuiF_A,,Monday-Sunday: 8 AM to 10 PM
"Travessa WE, Av. Três Corações, 07 - 152 - Cidade Nova I, Ananindeua - PA, 67130-070, Brazil","Travessa We, Av. Três Corações, 07 - 152 - Cidade Nova I, Ananindeua - Pa, 67130-070, Brazil",Açaí shop,,,,,,,,,Açaí shop,1.37e+19,Ananindeua,BR,0x92a48bd29c32bc01:0xbeaa8c136fc6540b,,,-1.3729266,-48.4094434,,Cidade Nova I,+55 91 98531-0110,5590000000000.0,ChIJAbwynNKLpJIRC1TGbxOMqr4,67130-070,,7.0,,1.0,1.0,0.0,0.0,0.0,0.0,State of Pará,"Travessa WE, Av. Três Corações, 07 - 152","Travessa We, Av. Três Corações, 07 - 152",,Açaí Marajá,Açaí Marajá,5.0,https://www.google.com/maps/search/?api=1&query=A%C3%A7a%C3%AD%20Maraj%C3%A1&query_place_id=ChIJAbwynNKLpJIRC1TGbxOMqr4,,Monday-Sunday: 8 AM to 2 PM
"Tv. Curuzú, 1156 - Marco, Belém - PA, 66093-026, Brazil","Tv. Curuzú, 1156 - Marco, Belém - Pa, 66093-026, Brazil",Food store,,,,,,,,,Açaí shop,1.55e+19,Belém,BR,0x92a48c1a45e5fa59:0xd764ad9e43bdd143,,,-1.4398746,-48.470608,,Marco,+55 91 3236-0269,559000000000.0,ChIJWfrlRRqMpJIRQ9G9Q56tZNc,66093-026,,53.0,,2.0,2.0,0.0,0.0,0.0,0.0,State of Pará,"Tv. Curuzú, 1156","Tv. Curuzú, 1156",,Açaí da Curuzu,Açaí Da Curuzu,5.0,https://www.google.com/maps/search/?api=1&query=A%C3%A7a%C3%AD%20da%20Curuzu&query_place_id=ChIJWfrlRRqMpJIRQ9G9Q56tZNc,,Monday-Saturday: 9 AM to 9:30 PM; Sunday: 9 AM to 3:30 PM
"Passagem Serrão de Castro, 211 - Guamá, Belém - PA, 66075-180, Brazil","Passagem Serrão De Castro, 211 - Guamá, Belém - Pa, 66075-180, Brazil",Restaurant,,,,,,,,,Açaí shop,1.46e+19,Belém,BR,0x92a48d8f87dc0f39:0xca19afdfd1d40ea8,,,-1.4701254,-48.4666645,,Guamá,+55 91 99117-0144,5590000000000.0,ChIJOQ_ch4-NpJIRqA7U0d-vGco,66075-180,,159.0,,0.0,,,,,,State of Pará,"Passagem Serrão de Castro, 211","Passagem Serrão De Castro, 211",,açaí do Irmão - O legítimo,Açaí Do Irmão - O Legítimo,,https://www.google.com/maps/search/?api=1&query=a%C3%A7a%C3%AD%20do%20Irm%C3%A3o%20-%20O%20leg%C3%ADtimo&query_place_id=ChIJOQ_ch4-NpJIRqA7U0d-vGco,,Monday-Friday: 8 AM to 2 PM; Saturday: 8 AM to 1:30 PM; Sunday: 9 AM to 1 PM
"R. Antônio Everdosa, 2022 - Pedreira, Belém - PA, 66085-753, Brazil","R. Antônio Everdosa, 2022 - Pedreira, Belém - Pa, 66085-753, Brazil",Restaurant,,,,,,,,,Açaí shop,1.81e+19,Belém,BR,0x92a48be5c25a0695:0xfa8e07695a3bb910,,,-1.4196492,-48.4701067,,Pedreira,+55 91 98314-4750,5590000000000.0,ChIJlQZawuWLpJIRELk7WmkHjvo,66085-753,,114.0,,0.0,,,,,,State of Pará,"R. Antônio Everdosa, 2022","R. Antônio Everdosa, 2022",,Açaí & cia,Açaí & Cia,,https://www.google.com/maps/search/?api=1&query=A%C3%A7a%C3%AD%20%26%20cia&query_place_id=ChIJlQZawuWLpJIRELk7WmkHjvo,,"Monday-Friday: 8 AM to 2 PM, 6 to 10 PM; Saturday-Sunday: 8 AM to 2 PM"
"Passagem Santos Dumont - Sacramenta, Belém - PA, 66120-430, Brazil","Passagem Santos Dumont - Sacramenta, Belém - Pa, 66120-430, Brazil",Store,,,,,,,,,Açaí shop,1.1e+19,Belém,BR,0x92a48b1320423e55:0x98636202e15838b4,,,-1.4110044,-48.4666921,,Sacramenta,+55 91 98255-5959,5590000000000.0,ChIJVT5CIBOLpJIRtDhY4QJiY5g,66120-430,,122.0,,0.0,,,,,,State of Pará,Passagem Santos Dumont,Passagem Santos Dumont,,AÇAÍ DA MIKA,Açaí Da Mika,,https://www.google.com/maps/search/?api=1&query=A%C3%87A%C3%8D%20DA%20MIKA&query_place_id=ChIJVT5CIBOLpJIRtDhY4QJiY5g,,Monday-Sunday: 7 AM to 9 PM
"Passagem Vila Nova, 96 - Sacramenta, Belém - PA, 66120-510, Brazil","Passagem Vila Nova, 96 - Sacramenta, Belém - Pa, 66120-510, Brazil",Restaurant,,,,,,,,,Açaí shop,5.36e+18,Belém,BR,0x92a48bb663d138f9:0x4a58156d541dc8f5,,,-1.4123497,-48.4663303,,Sacramenta,+55 91 98046-9860,5590000000000.0,ChIJ-TjRY7aLpJIR9cgdVG0VWEo,66120-510,,103.0,,0.0,,,,,,State of Pará,"Passagem Vila Nova, 96","Passagem Vila Nova, 96",,Açaí do Abraão Sacramenta,Açaí Do Abraão Sacramenta,,https://www.google.com/maps/search/?api=1&query=A%C3%A7a%C3%AD%20do%20Abra%C3%A3o%20Sacramenta&query_place_id=ChIJ-TjRY7aLpJIR9cgdVG0VWEo,,Monday-Sunday: 9 AM to 2 PM
"Tv. Alferes Costa, 768 - Pedreira, Belém - PA, 66083-106, Brazil","Tv. Alferes Costa, 768 - Pedreira, Belém - Pa, 66083-106, Brazil",Supermarket,,,,,,,,,Açaí shop,1.43e+19,Belém,BR,0x92a48b61fa074cf9:0xc6e3bc3ab19ce35f,,,-1.415689,-48.4721777,,Pedreira,+55 91 98838-0393,5590000000000.0,ChIJ-UwH-mGLpJIRX-OcsTq848Y,66083-106,,100.0,,0.0,,,,,,State of Pará,"Tv. Alferes Costa, 768","Tv. Alferes Costa, 768",,Açaí do Jair,Açaí Do Jair,,https://www.google.com/maps/search/?api=1&query=A%C3%A7a%C3%AD%20do%20Jair&query_place_id=ChIJ-UwH-mGLpJIRX-OcsTq848Y,,Monday-Saturday: 7 AM to 2 PM; Sunday: Closed
"Av. Marquês de Herval, 291 - Pedreira, Belém - PA, 66085-309, Brazil","Av. Marquês De Herval, 291 - Pedreira, Belém - Pa, 66085-309, Brazil",Restaurant,,,,,,,,,Açaí shop,1.31e+19,Belém,BR,0x92a48d8e8cefec9b:0xb5cbcc8438272767,,,-1.4368616,-48.4743954,,Pedreira,+55 91 99291-2045,5590000000000.0,ChIJm-zvjI6NpJIRZycnOITMy7U,66085-309,,98.0,,0.0,,,,,,State of Pará,"Av. Marquês de Herval, 291","Av. Marquês De Herval, 291",,My Love Açaí,My Love Açaí,,https://www.google.com/maps/search/?api=1&query=My%20Love%20A%C3%A7a%C3%AD&query_place_id=ChIJm-zvjI6NpJIRZycnOITMy7U,,Monday-Friday: 9 AM to 9 PM; Saturday: 9 AM to 8 PM; Sunday: 9 AM to 1:30 PM
"Tv. Humaitá, 1203 - Pedreira, Belém - PA, 66085-148, Brazil","Tv. Humaitá, 1203 - Pedreira, Belém - Pa, 66085-148, Brazil",Restaurant,,,,,,,,,Açaí shop,1.7e+19,Belém,BR,0x92a45f5736daa035:0xec6a7534d6820263,,,-1.4351222,-48.4719928,,Pedreira,+55 91 99202-5267,5590000000000.0,ChIJNaDaNldfpJIRYwKC1jR1auw,66085-148,,92.0,,2.0,1.0,0.0,1.0,0.0,0.0,State of Pará,"Tv. Humaitá, 1203","Tv. Humaitá, 1203",,Valadares açaí,Valadares Açaí,3.0,https://www.google.com/maps/search/?api=1&query=Valadares%20a%C3%A7a%C3%AD&query_place_id=ChIJNaDaNldfpJIRYwKC1jR1auw,,
"Tv. Alferes Costa, 1137 - Pedreira, Belém - PA, 68447-000, Brazil","Tv. Alferes Costa, 1137 - Pedreira, Belém - Pa, 68447-000, Brazil",Restaurant,,,,,,,,,Açaí shop,1.44e+19,Belém,BR,0x92a48be62e12b39b:0xc87221a38eb19c60,,,-1.4171325,-48.4695103,,Pedreira,,,ChIJm7MSLuaLpJIRYJyxjqMhcsg,,,89.0,,3.0,3.0,0.0,0.0,0.0,0.0,State of Pará,"Tv. Alferes Costa, 1137","Tv. Alferes Costa, 1137",,Açaí Do Cabral,Açaí Do Cabral,5.0,https://www.google.com/maps/search/?api=1&query=A%C3%A7a%C3%AD%20Do%20Cabral&query_place_id=ChIJm7MSLuaLpJIRYJyxjqMhcsg,,Monday-Saturday: 8 AM to 8 PM; Sunday: 8 AM to 2 PM
"Marco, Belém - State of Pará, 66087-082, Brazil","Marco, Belém - State Of Pará, 66087-082, Brazil",Restaurant,,,,,,,,,Açaí shop,1.54e+19,Belém,BR,0x92a48c1b0e0ae86d:0xd58b441a9da3daf4,,,-1.4386787,-48.4720476,,Marco,,,ChIJbegKDhuMpJIR9NqjnRpEi9U,,,87.0,,1.0,1.0,0.0,0.0,0.0,0.0,State of Pará,,,,Açaí Da Ilha,Açaí Da Ilha,5.0,https://www.google.com/maps/search/?api=1&query=A%C3%A7a%C3%AD%20Da%20Ilha&query_place_id=ChIJbegKDhuMpJIR9NqjnRpEi9U,,Monday-Sunday: 7 AM to 7 PM
"Tv. Barão do Triunfo, 225 - Pedreira, Belém - PA, 68447-000, Brazil","Tv. Barão Do Triunfo, 225 - Pedreira, Belém - Pa, 68447-000, Brazil",Snack bar,,,,,,,,,Açaí shop,1.76e+19,Belém,BR,0x92a48bf7d485ffdd:0xf4af7a1cea1c093d,,,-1.4297378,-48.4663692,,Pedreira,,,ChIJ3f-F1PeLpJIRPQkc6hx6r_Q,,,85.0,,2.0,1.0,1.0,0.0,0.0,0.0,State of Pará,"Tv. Barão do Triunfo, 225","Tv. Barão Do Triunfo, 225",,Açaí do Gida,Açaí Do Gida,4.5,https://www.google.com/maps/search/?api=1&query=A%C3%A7a%C3%AD%20do%20Gida&query_place_id=ChIJ3f-F1PeLpJIRPQkc6hx6r_Q,,Monday-Saturday: 8 AM to 2 PM; Sunday: Closed
"Tv. Quatorze de Abril, 355 - Fátima, Belém - PA, 66060-460, Brazil","Tv. Quatorze De Abril, 355 - Fátima, Belém - Pa, 66060-460, Brazil",Restaurant,,,,,,,,,Açaí shop,6.54e+17,Belém,BR,0x92a48c18df56ffff:0x911fb35d6016d62,,,-1.4429622,-48.4727519,,Fátima,,,ChIJ__9W3xiMpJIRYm0B1jX7EQk,66060-460,R$1–20,157.0,,7.0,7.0,0.0,0.0,0.0,0.0,State of Pará,"Tv. Quatorze de Abril, 355","Tv. Quatorze De Abril, 355",,Açaí Do Chico,Açaí Do Chico,5.0,https://www.google.com/maps/search/?api=1&query=A%C3%A7a%C3%AD%20Do%20Chico&query_place_id=ChIJ__9W3xiMpJIRYm0B1jX7EQk,,"Monday-Saturday: 7 AM to 2 PM, 5 to 9 PM; Sunday: 8:30 AM to 2 PM, 5 to 9 PM"
"Tv. Quatorze de Abril, 772 - Fátima, Belém - PA, 66060-460, Brazil","Tv. Quatorze De Abril, 772 - Fátima, Belém - Pa, 66060-460, Brazil",Restaurant,,,,,,,,,Açaí shop,1.74e+19,Belém,BR,0x92a48d0009f496bb:0xf13cfc03f07e30cf,,,-1.4469006,-48.4725169,,Fátima,+55 91 99317-7241,5590000000000.0,ChIJu5b0CQCNpJIRzzB-8AP8PPE,66060-460,,153.0,,0.0,,,,,,State of Pará,"Tv. Quatorze de Abril, 772","Tv. Quatorze De Abril, 772",,Quinta do Açaí,Quinta Do Açaí,,https://www.google.com/maps/search/?api=1&query=Quinta%20do%20A%C3%A7a%C3%AD&query_place_id=ChIJu5b0CQCNpJIRzzB-8AP8PPE,,
"Tv. Lomas Valentinas, 645 - Pedreira, Belém - PA, 66080-322, Brazil","Tv. Lomas Valentinas, 645 - Pedreira, Belém - Pa, 66080-322, Brazil",Restaurant,,,,,,,,,Açaí shop,1.51e+19,Belém,BR,0x92a48b9f51b2a197:0xd14286b5a516c44a,,,-1.4244775,-48.4689827,,Pedreira,+55 91 98026-1607,5590000000000.0,ChIJl6GyUZ-LpJIRSsQWpbWGQtE,66080-322,,76.0,,5.0,4.0,1.0,0.0,0.0,0.0,State of Pará,"Tv. Lomas Valentinas, 645","Tv. Lomas Valentinas, 645",,AÇAÍ +SAÚDE,Açaí +Saúde,4.8,https://www.google.com/maps/search/?api=1&query=A%C3%87A%C3%8D%20%2BSA%C3%9ADE&query_place_id=ChIJl6GyUZ-LpJIRSsQWpbWGQtE,,
"Tv. Angustura, 1585 - Pedreira, Belém - PA, 66080-180, Brazil","Tv. Angustura, 1585 - Pedreira, Belém - Pa, 66080-180, Brazil",Restaurant,,,,,,,,,Açaí shop,9.61e+18,Belém,BR,0x92a48b585eb00fbb:0x856a36a856198a0b,,,-1.4248832,-48.471231,,Pedreira,,,ChIJuw-wXliLpJIRC4oZVqg2aoU,66080-180,,74.0,,1.0,1.0,0.0,0.0,0.0,0.0,State of Pará,"Tv. Angustura, 1585","Tv. Angustura, 1585",,Açaí do Matheus,Açaí Do Matheus,5.0,https://www.google.com/maps/search/?api=1&query=A%C3%A7a%C3%AD%20do%20Matheus&query_place_id=ChIJuw-wXliLpJIRC4oZVqg2aoU,,Monday: Closed; Tuesday-Sunday: 10 AM to 11 PM
"Passagem Conceição, 117b - Pedreira, Belém - PA, 66080-350, Brazil","Passagem Conceição, 117B - Pedreira, Belém - Pa, 66080-350, Brazil",Restaurant,,,,,,,,,Açaí shop,1.01e+19,Belém,BR,0x92a48b34e6254c79:0x8c2c325622691dfd,,,-1.4153946,-48.4683479,,Pedreira,+55 91 98202-8739,5590000000000.0,ChIJeUwl5jSLpJIR_R1pIlYyLIw,66080-350,,63.0,,8.0,7.0,0.0,0.0,0.0,1.0,State of Pará,"Passagem Conceição, 117b","Passagem Conceição, 117B",,Açaí do Gênio,Açaí Do Gênio,4.6,https://www.google.com/maps/search/?api=1&query=A%C3%A7a%C3%AD%20do%20G%C3%AAnio&query_place_id=ChIJeUwl5jSLpJIR_R1pIlYyLIw,,
"Tv. Primeira, 9 - Águas Lindas, Belém - PA, 66690-550, Brazil","Tv. Primeira, 9 - Águas Lindas, Belém - Pa, 66690-550, Brazil",Açaí shop,,,,,,,,,Açaí shop,5.19e+18,Belém,BR,0x92a4f594480a2cb3:0x480ad68dceaec62d,,,-1.4117803,-48.3972742,,Águas Lindas,+55 91 98103-9806,5590000000000.0,ChIJsywKSJT1pJIRLcauzo3WCkg,66690-550,,3.0,,2.0,2.0,0.0,0.0,0.0,0.0,State of Pará,"Tv. Primeira, 9","Tv. Primeira, 9",,Açaí do Ferreira,Açaí Do Ferreira,5.0,https://www.google.com/maps/search/?api=1&query=A%C3%A7a%C3%AD%20do%20Ferreira&query_place_id=ChIJsywKSJT1pJIRLcauzo3WCkg,,"Monday-Saturday: 8 AM to 3 PM, 6 to 11 PM; Sunday: 8 AM to 3 AM"
"Av. Duque de Caxias, 822 - Marco, Belém - PA, 66093-026, Brazil","Av. Duque De Caxias, 822 - Marco, Belém - Pa, 66093-026, Brazil",Snack bar,,,,,,,,,Açaí shop,2.29e+18,Belém,BR,0x92a48c10894500fb:0x1fd15a2d1d3a61ce,,,-1.439244,-48.467764,,Marco,+55 91 98088-8513,5590000000000.0,ChIJ-wBFiRCMpJIRzmE6HS1a0R8,66093-026,,46.0,,8.0,7.0,0.0,1.0,0.0,0.0,State of Pará,"Av. Duque de Caxias, 822","Av. Duque De Caxias, 822",,Açaí Sião,Açaí Sião,4.5,https://www.google.com/maps/search/?api=1&query=A%C3%A7a%C3%AD%20Si%C3%A3o&query_place_id=ChIJ-wBFiRCMpJIRzmE6HS1a0R8,,Monday-Wednesday: 8 AM to 2 PM; Thursday: 8 AM to 12 AM; Friday: Open 24 hours; Saturday-Sunday: Closed
"Av. Rômulo Maiorana - São Brás, Belém - PA, 66093-635, Brazil","Av. Rômulo Maiorana - São Brás, Belém - Pa, 66093-635, Brazil",Restaurant,,,,,,,,,Açaí shop,1.71e+19,Belém,BR,0x92a48c22cdb8937b:0xed56975c0cea465f,,,-1.4459177,-48.4689778,,São Brás,,,ChIJe5O4zSKMpJIRX0bqDFyXVu0,66093-635,,107.0,,3.0,3.0,0.0,0.0,0.0,0.0,State of Pará,Av. Rômulo Maiorana,Av. Rômulo Maiorana,,Açaí Especial Do Luan,Açaí Especial Do Luan,5.0,https://www.google.com/maps/search/?api=1&query=A%C3%A7a%C3%AD%20Especial%20Do%20Luan&query_place_id=ChIJe5O4zSKMpJIRX0bqDFyXVu0,,Monday: Closed; Tuesday-Sunday: 5 to 11:30 PM
"Av. Duque de Caxias, 1151 - Marco, Belém - PA, 66093-029, Brazil","Av. Duque De Caxias, 1151 - Marco, Belém - Pa, 66093-029, Brazil",Restaurant,,,,,,,,,Açaí shop,1.77e+19,Belém,BR,0x92a48d4dfb3227db:0xf54c56ad34b77728,,,-1.4365801,-48.4665549,,Marco,+55 91 98546-9224,5590000000000.0,ChIJ2ycy-02NpJIRKHe3NK1WTPU,66093-029,,42.0,,11.0,8.0,1.0,1.0,0.0,1.0,State of Pará,"Av. Duque de Caxias, 1151","Av. Duque De Caxias, 1151",,Açaí Do André,Açaí Do André,4.3,https://www.google.com/maps/search/?api=1&query=A%C3%A7a%C3%AD%20Do%20Andr%C3%A9&query_place_id=ChIJ2ycy-02NpJIRKHe3NK1WTPU,,Monday-Saturday: 10 AM to 4 PM; Sunday: 10 AM to 3 PM
"Rua Antonio Everdosa Entre: Rua Alferes Costa Entre:, Tv. São Sebastião - Pedreira, Belém - PA, 66085-757, Brazil","Rua Antonio Everdosa Entre: Rua Alferes Costa Entre:, Tv. São Sebastião - Pedreira, Belém - Pa, 66085-757, Brazil",Açaí shop,,,,,,,,,Açaí shop,9.86e+18,Belém,BR,0x92a48b63f8d1cb5d:0x88cfd075cb385049,,,-1.4174096,-48.468912,,Pedreira,+55 91 98533-3791,5590000000000.0,ChIJXcvR-GOLpJIRSVA4y3XQz4g,66085-757,,94.0,,72.0,52.0,6.0,5.0,7.0,2.0,State of Pará,"Rua Antonio Everdosa Entre: Rua Alferes Costa Entre:, Tv. São Sebastião","Rua Antonio Everdosa Entre: Rua Alferes Costa Entre:, Tv. São Sebastião",,GUARANÁ DO MARCINHO,Guaraná Do Marcinho,4.4,https://www.google.com/maps/search/?api=1&query=GUARAN%C3%81%20DO%20MARCINHO&query_place_id=ChIJXcvR-GOLpJIRSVA4y3XQz4g,,Monday-Saturday: 8 AM to 10 PM; Sunday: 8:30 AM to 2:30 PM
"Av. Marquês de Herval, 2027 - Pedreira, Belém - PA, 66083-317, Brazil","Av. Marquês De Herval, 2027 - Pedreira, Belém - Pa, 66083-317, Brazil",Snack bar,Juice shop,,,,,,,,Açaí shop,5.94e+18,Belém,BR,0x92a48bf1b09135df:0x52701965c347bc3a,,,-1.4238112,-48.4658122,,Pedreira,,,ChIJ3zWRsPGLpJIROrxHw2UZcFI,66083-317,$$,81.0,,24.0,17.0,4.0,2.0,0.0,1.0,State of Pará,"Av. Marquês de Herval, 2027","Av. Marquês De Herval, 2027",,Açaí do Rei,Açaí Do Rei,4.4,https://www.google.com/maps/search/?api=1&query=A%C3%A7a%C3%AD%20do%20Rei&query_place_id=ChIJ3zWRsPGLpJIROrxHw2UZcFI,,Monday: 9 AM to 5 PM; Tuesday-Saturday: 8 AM to 9 PM; Sunday: 8 AM to 10 PM
"Tv. Lomas Valentinas, 31 - Sacramenta, Belém - PA, 66083-390, Brazil","Tv. Lomas Valentinas, 31 - Sacramenta, Belém - Pa, 66083-390, Brazil",Restaurant,,,,,,,,,Açaí shop,1.93e+18,Belém,BR,0x92a48be3d45946dd:0x1ad9830e0bf4f17f,,,-1.4212547,-48.4736212,,Sacramenta,+55 91 98862-0554,5590000000000.0,ChIJ3UZZ1OOLpJIRf_H0Cw6D2Ro,66083-390,,33.0,,26.0,21.0,3.0,0.0,1.0,1.0,State of Pará,"Tv. Lomas Valentinas, 31","Tv. Lomas Valentinas, 31",,Ki-Açaí,Ki-Açaí,4.7,https://www.google.com/maps/search/?api=1&query=Ki-A%C3%A7a%C3%AD&query_place_id=ChIJ3UZZ1OOLpJIRf_H0Cw6D2Ro,,Monday-Sunday: 9 AM to 6 PM
"Tv. Angustura - Pedreira, Belém - PA, 66080-180, Brazil","Tv. Angustura - Pedreira, Belém - Pa, 66080-180, Brazil",Açaí shop,,,,,,,,,Açaí shop,8.42e+18,Belém,BR,0x92a48b51f46a5237:0x74d74ba60324b575,,,-1.4266739,-48.4690017,,Pedreira,+55 91 99629-4654,5590000000000.0,ChIJN1Jq9FGLpJIRdbUkA6ZL13Q,66080-180,,78.0,,8.0,7.0,0.0,1.0,0.0,0.0,State of Pará,Tv. Angustura,Tv. Angustura,,Açaí da Angustura,Açaí Da Angustura,4.5,https://www.google.com/maps/search/?api=1&query=A%C3%A7a%C3%AD%20da%20Angustura&query_place_id=ChIJN1Jq9FGLpJIRdbUkA6ZL13Q,,Monday-Sunday: 8 AM to 6 PM
"Tv. da Estrella, 1269 - Pedreira, Belém - PA, 66080-660, Brazil","Tv. Da Estrella, 1269 - Pedreira, Belém - Pa, 66080-660, Brazil",Juice shop,,,,,,,,,Açaí shop,1.6e+19,Belém,BR,0x92a48bf899a3487b:0xdda197d0fb0d656e,,,-1.4299507,-48.471742,,Pedreira,+55 91 98178-8481,5590000000000.0,ChIJe0ijmfiLpJIRbmUN-9CXod0,66080-660,$$,72.0,,111.0,92.0,12.0,4.0,3.0,0.0,State of Pará,"Tv. da Estrella, 1269","Tv. Da Estrella, 1269",,Açai Especial do Fábio,Açai Especial Do Fábio,4.7,https://www.google.com/maps/search/?api=1&query=A%C3%A7ai%20Especial%20do%20F%C3%A1bio&query_place_id=ChIJe0ijmfiLpJIRbmUN-9CXod0,,
"Av. Marquês de Herval, 1936 - Pedreira, Belém - PA, 66085-317, Brazil","Av. Marquês De Herval, 1936 - Pedreira, Belém - Pa, 66085-317, Brazil",Açaí shop,,,,,,,,,Açaí shop,1.15e+19,Belém,BR,0x92a48b18f90becbb:0xa002b9d957f18981,,,-1.4243762,-48.4656662,,Pedreira,+55 91 98015-6864,5590000000000.0,ChIJu-wL-RiLpJIRgYnxV9m5AqA,66085-317,,69.0,,0.0,,,,,,State of Pará,"Av. Marquês de Herval, 1936","Av. Marquês De Herval, 1936",,Açaí Baia,Açaí Baia,,https://www.google.com/maps/search/?api=1&query=A%C3%A7a%C3%AD%20Baia&query_place_id=ChIJu-wL-RiLpJIRgYnxV9m5AqA,,
"Av. Pedro Miranda - Pedreira, Belém - PA, 66085-023, Brazil","Av. Pedro Miranda - Pedreira, Belém - Pa, 66085-023, Brazil",Açaí shop,,,,,,,,,Açaí shop,1.67e+19,Belém,BR,0x92a48ba296607e77:0xe8256280b51f24a6,,,-1.427869,-48.4721319,,Pedreira,+55 91 99359-2993,5590000000000.0,ChIJd35glqKLpJIRpiQftYBiJeg,66085-023,,64.0,,0.0,,,,,,State of Pará,Av. Pedro Miranda,Av. Pedro Miranda,,Açaí do Heron,Açaí Do Heron,,https://www.google.com/maps/search/?api=1&query=A%C3%A7a%C3%AD%20do%20Heron&query_place_id=ChIJd35glqKLpJIRpiQftYBiJeg,,"Monday-Saturday: 8 AM to 2:30 PM, 6 to 10 PM; Sunday: 8 AM to 2:30 PM"
"R. Silva Castro, 176 - Guamá, Belém - PA, 66075-104, Brazil","R. Silva Castro, 176 - Guamá, Belém - Pa, 66075-104, Brazil",Restaurant,,,,,,,,,Açaí shop,7.63e+18,Belém,BR,0x92a48dd0fc0c732d:0x69d91228b7335b3c,,,-1.4650601,-48.4715673,,Guamá,,,ChIJLXMM_NCNpJIRPFsztygS2Wk,66075-104,,97.0,,9.0,8.0,1.0,0.0,0.0,0.0,State of Pará,"R. Silva Castro, 176","R. Silva Castro, 176",,Açaí Da Ilha,Açaí Da Ilha,4.9,https://www.google.com/maps/search/?api=1&query=A%C3%A7a%C3%AD%20Da%20Ilha&query_place_id=ChIJLXMM_NCNpJIRPFsztygS2Wk,,Monday-Sunday: 8 AM to 2 PM
"Al. Moreira da Costa - Marco, Belém - PA, 66093-710, Brazil","Al. Moreira Da Costa - Marco, Belém - Pa, 66093-710, Brazil",Restaurant,,,,,,,,,Açaí shop,1.21e+19,Belém,BR,0x92a48dce06a39dd9:0xa7460e56bfeeb12d,,,-1.4465524,-48.4649915,,Marco,+55 91 98608-4083,5590000000000.0,ChIJ2Z2jBs6NpJIRLbHuv1YORqc,66093-710,,89.0,,2.0,2.0,0.0,0.0,0.0,0.0,State of Pará,Al. Moreira da Costa,Al. Moreira Da Costa,,AÇAÍ SABOR DO PARÁ,Açaí Sabor Do Pará,5.0,https://www.google.com/maps/search/?api=1&query=A%C3%87A%C3%8D%20SABOR%20DO%20PAR%C3%81&query_place_id=ChIJ2Z2jBs6NpJIRLbHuv1YORqc,https://www.instagram.com/acai_sabor_do_para_?igsh=d3lvajhzN3l6N3d5,Monday-Sunday: 9 AM to 3 PM
"Tv. do Chaco - Marco, Belém - PA, 66093-541, Brazil","Tv. Do Chaco - Marco, Belém - Pa, 66093-541, Brazil",Restaurant,,,,,,,,,Açaí shop,1.37e+19,Belém,BR,0x92a48dd8f4d69245:0xbd70bb1b7847ab97,,,-1.4407749,-48.4666268,https://wa.me/c/559192904490,Marco,+55 91 99290-4490,5590000000000.0,ChIJRZLW9NiNpJIRl6tHeBu7cL0,66093-541,,20.0,,22.0,21.0,1.0,0.0,0.0,0.0,State of Pará,Tv. do Chaco,Tv. Do Chaco,,Boutique açaí,Boutique Açaí,5.0,https://www.google.com/maps/search/?api=1&query=Boutique%20a%C3%A7a%C3%AD&query_place_id=ChIJRZLW9NiNpJIRl6tHeBu7cL0,,Monday-Sunday: 8 AM to 10 PM
"Tv. Mauriti, 1347 - Pedreira, Belém - PA, 66080-650, Brazil","Tv. Mauriti, 1347 - Pedreira, Belém - Pa, 66080-650, Brazil",Snack bar,,,,,,,,,Açaí shop,1.4e+19,Belém,BR,0x92a48bf8fde2f763:0xc24359da656fb163,,,-1.4282584,-48.4715492,,Pedreira,+55 91 98873-4328,5590000000000.0,ChIJY_fi_fiLpJIRY7FvZdpZQ8I,66080-650,R$20–40,9.0,,21.0,15.0,3.0,1.0,2.0,0.0,State of Pará,"Tv. Mauriti, 1347","Tv. Mauriti, 1347",,Açai do Edson,Açai Do Edson,4.5,https://www.google.com/maps/search/?api=1&query=A%C3%A7ai%20do%20Edson&query_place_id=ChIJY_fi_fiLpJIRY7FvZdpZQ8I,,"Monday: Closed; Tuesday-Saturday: 6:30 AM to 2 PM, 5:30 to 10:30 PM; Sunday: 6:30 AM to 2 PM"
"Tv. Vileta, 2279 - Marco, Belém - PA, 66093-345, Brazil","Tv. Vileta, 2279 - Marco, Belém - Pa, 66093-345, Brazil",Restaurant,,,,,,,,,Açaí shop,1.8e+19,Belém,BR,0x92a48d2bc74945e5:0xfa7c8287f66cb5be,,,-1.4380659,-48.4648169,,Marco,+55 91 98372-1929,5590000000000.0,ChIJ5UVJxyuNpJIRvrVs9oeCfPo,66093-345,,16.0,,14.0,12.0,0.0,1.0,1.0,0.0,State of Pará,"Tv. Vileta, 2279","Tv. Vileta, 2279",,AÇAÍ FORTE,Açaí Forte,4.6,https://www.google.com/maps/search/?api=1&query=A%C3%87A%C3%8D%20FORTE&query_place_id=ChIJ5UVJxyuNpJIRvrVs9oeCfPo,,Monday-Friday: Open 24 hours; Saturday: Closed; Sunday: 8 AM to 12 AM
"Tv. Perebebuí, 489 - Pedreira, Belém - PA, 66083-772, Brazil","Tv. Perebebuí, 489 - Pedreira, Belém - Pa, 66083-772, Brazil",Snack bar,,,,,,,,,Açaí shop,1.23e+19,Belém,BR,0x92a48be668970d9b:0xaabfd4688856a594,,,-1.4181986,-48.4704907,,Pedreira,+55 91 98058-9891,5590000000000.0,ChIJmw2XaOaLpJIRlKVWiGjUv6o,66083-772,R$1–20,1.0,,69.0,64.0,4.0,1.0,0.0,0.0,State of Pará,"Tv. Perebebuí, 489","Tv. Perebebuí, 489",,Açaí da MAY,Açaí Da May,4.9,https://www.google.com/maps/search/?api=1&query=A%C3%A7a%C3%AD%20da%20MAY&query_place_id=ChIJmw2XaOaLpJIRlKVWiGjUv6o,https://www.instagram.com/acai_da_may26/,Monday-Sunday: 9 AM to 3 AM
"Passagem São Luís, 78 - Sacramenta, Belém - PA, 66123-650, Brazil","Passagem São Luís, 78 - Sacramenta, Belém - Pa, 66123-650, Brazil",Juice shop,,,,,,,,,Açaí shop,1.38e+19,Belém,BR,0x92a48bfd6c81419d:0xbf149c9b1d7c179c,,,-1.4103702,-48.4694266,,Sacramenta,+55 91 98459-7548,5590000000000.0,ChIJnUGBbP2LpJIRnBd8HZucFL8,66123-650,,54.0,,1.0,1.0,0.0,0.0,0.0,0.0,State of Pará,"Passagem São Luís, 78","Passagem São Luís, 78",,Açaí do Bako,Açaí Do Bako,5.0,https://www.google.com/maps/search/?api=1&query=A%C3%A7a%C3%AD%20do%20Bako&query_place_id=ChIJnUGBbP2LpJIRnBd8HZucFL8,,Monday-Saturday: 9 AM to 1 PM; Sunday: 9 AM to 2 PM
"Av. Marquês de Herval, 1734 - Pedreira, Belém - PA, 66085-317, Brazil","Av. Marquês De Herval, 1734 - Pedreira, Belém - Pa, 66085-317, Brazil",Açaí shop,,,,,,,,,Açaí shop,2.1e+18,Belém,BR,0x92a48b0056897893:0x1d17fbd5559dcc0c,,,-1.4260959,-48.4666215,,Pedreira,,,ChIJk3iJVgCLpJIRDMydVdX7Fx0,66085-317,,53.0,,2.0,2.0,0.0,0.0,0.0,0.0,State of Pará,"Av. Marquês de Herval, 1734","Av. Marquês De Herval, 1734",,Rei do açaí - pedreira,Rei Do Açaí - Pedreira,5.0,https://www.google.com/maps/search/?api=1&query=Rei%20do%20a%C3%A7a%C3%AD%20-%20pedreira&query_place_id=ChIJk3iJVgCLpJIRDMydVdX7Fx0,,
"R. Nova, 1652B - Pedreira, Belém - PA, 66083-444, Brazil","R. Nova, 1652B - Pedreira, Belém - Pa, 66083-444, Brazil",Dry fruit store,,,,,,,,,Açaí shop,1.79e+19,Belém,BR,0x92a48be6c3d6a0c3:0xf86fe02e80ab41bd,,,-1.4180053,-48.4726971,,Pedreira,+55 91 4141-8256,559000000000.0,ChIJw6DWw-aLpJIRvUGrgC7gb_g,66083-444,,49.0,,6.0,4.0,1.0,0.0,1.0,0.0,State of Pará,"R. Nova, 1652B","R. Nova, 1652B",,Açaí do Bi,Açaí Do Bi,4.5,https://www.google.com/maps/search/?api=1&query=A%C3%A7a%C3%AD%20do%20Bi&query_place_id=ChIJw6DWw-aLpJIRvUGrgC7gb_g,,Monday-Sunday: Open 24 hours
"Tv. Lomas Valentinas, s/n - Pedreira, Belém - PA, 66080-322, Brazil","Tv. Lomas Valentinas, S/N - Pedreira, Belém - Pa, 66080-322, Brazil",Juice shop,,,,,,,,,Açaí shop,8.89e+16,Belém,BR,0x92a48bf0be1f6527:0x13bbe68af10ca5f,,,-1.4254041,-48.467718,,Pedreira,+55 91 98021-1121,5590000000000.0,ChIJJ2UfvvCLpJIRX8oQr2i-OwE,66080-322,,45.0,,24.0,15.0,4.0,2.0,2.0,1.0,State of Pará,"Tv. Lomas Valentinas, s/n","Tv. Lomas Valentinas, S/N",,Loja do Açai,Loja Do Açai,4.2,https://www.google.com/maps/search/?api=1&query=Loja%20do%20A%C3%A7ai&query_place_id=ChIJJ2UfvvCLpJIRX8oQr2i-OwE,,Monday-Sunday: 8 AM to 11 PM
"Tv. Humaitá, 1525 - Pedreira, Belém - PA, 66093-046, Brazil","Tv. Humaitá, 1525 - Pedreira, Belém - Pa, 66093-046, Brazil",Açaí shop,,,,,,,,,Açaí shop,2.92e+18,Belém,BR,0x92a48d87613c0bd5:0x287b9069058328b3,,,-1.4366495,-48.4694277,,Pedreira,+55 91 98628-6777,5590000000000.0,ChIJ1Qs8YYeNpJIRsyiDBWmQeyg,66093-046,R$20–40,43.0,,7.0,7.0,0.0,0.0,0.0,0.0,State of Pará,"Tv. Humaitá, 1525","Tv. Humaitá, 1525",,"Açaité, o melhor Açaí de Belém","Açaité, O Melhor Açaí De Belém",5.0,https://www.google.com/maps/search/?api=1&query=A%C3%A7ait%C3%A9%2C%20o%20melhor%20A%C3%A7a%C3%AD%20de%20Bel%C3%A9m&query_place_id=ChIJ1Qs8YYeNpJIRsyiDBWmQeyg,,Monday-Sunday: 8 AM to 2:30 PM
"Cremacao, Belém - State of Pará, 66063-388, Brazil","Cremacao, Belém - State Of Pará, 66063-388, Brazil",Supermarket,,,,,,,,,Açaí shop,6.13e+18,Belém,BR,0x92a48dd14b8a5af5:0x550924e466e8a855,,,-1.4636733,-48.4734519,,Cremacao,,,ChIJ9VqKS9GNpJIRVajoZuQkCVU,,,69.0,,14.0,10.0,1.0,0.0,3.0,0.0,State of Pará,,,,Açaí Especial,Açaí Especial,4.5,https://www.google.com/maps/search/?api=1&query=A%C3%A7a%C3%AD%20Especial&query_place_id=ChIJ9VqKS9GNpJIRVajoZuQkCVU,,Monday-Thursday: 9 AM to 2 PM; Friday-Saturday: Closed; Sunday: 9 AM to 2 PM
"Tv. Quatorze de Abril, 1185 - São Brás, Belém - PA, 66060-460, Brazil","Tv. Quatorze De Abril, 1185 - São Brás, Belém - Pa, 66060-460, Brazil",Restaurant,,,,,,,,,Açaí shop,1.59e+19,Belém,BR,0x92a48da673d31f77:0xdcf80720c4f123f2,,,-1.4502569,-48.4726559,,São Brás,,,ChIJdx_Tc6aNpJIR8iPxxCAH-Nw,66060-460,,67.0,,1.0,1.0,0.0,0.0,0.0,0.0,State of Pará,"Tv. Quatorze de Abril, 1185","Tv. Quatorze De Abril, 1185",,Bendito Açaí,Bendito Açaí,5.0,https://www.google.com/maps/search/?api=1&query=Bendito%20A%C3%A7a%C3%AD&query_place_id=ChIJdx_Tc6aNpJIR8iPxxCAH-Nw,,Monday-Sunday: 9 AM to 2 PM
"Passagem Mucajá, 192 - Sacramenta, Belém - PA, 66120-080, Brazil","Passagem Mucajá, 192 - Sacramenta, Belém - Pa, 66120-080, Brazil",Juice shop,,,,,,,,,Açaí shop,6.76e+18,Belém,BR,0x92a48bc34f740321:0x5dd2f9506a054c42,,,-1.4123545,-48.4680989,,Sacramenta,+55 91 98192-1880,5590000000000.0,ChIJIQN0T8OLpJIRQkwFalD50l0,66120-080,$$,35.0,,83.0,55.0,16.0,5.0,6.0,1.0,State of Pará,"Passagem Mucajá, 192","Passagem Mucajá, 192",,Açaí do Edir,Açaí Do Edir,4.4,https://www.google.com/maps/search/?api=1&query=A%C3%A7a%C3%AD%20do%20Edir&query_place_id=ChIJIQN0T8OLpJIRQkwFalD50l0,https://www.facebook.com/Acaidoedir/,
"Tv. Francisco Caldeira Castelo Branco, 533 - São Brás, Belém - PA, 66060-220, Brazil","Tv. Francisco Caldeira Castelo Branco, 533 - São Brás, Belém - Pa, 66060-220, Brazil",Restaurant,,,,,,,,,Açaí shop,1.21e+19,Belém,BR,0x92a48d03eebfb471:0xa7c5267ade0dce62,,,-1.4472495,-48.4706689,,São Brás,+55 91 98176-5600,5590000000000.0,ChIJcbS_7gONpJIRYs4N3nomxac,66060-220,,58.0,,6.0,6.0,0.0,0.0,0.0,0.0,State of Pará,"Tv. Francisco Caldeira Castelo Branco, 533","Tv. Francisco Caldeira Castelo Branco, 533",,Casa Açaí Marajoara,Casa Açaí Marajoara,5.0,https://www.google.com/maps/search/?api=1&query=Casa%20A%C3%A7a%C3%AD%20Marajoara&query_place_id=ChIJcbS_7gONpJIRYs4N3nomxac,,Monday: Open 24 hours; Tuesday-Friday: 8 AM to 8:30 PM; Saturday: 8 AM to 2 PM; Sunday: 8 AM to 12 AM
"Tv. Francisco Caldeira Castelo Branco - Fátima, Belém - PA, 66060-220, Brazil","Tv. Francisco Caldeira Castelo Branco - Fátima, Belém - Pa, 66060-220, Brazil",Restaurant,,,,,,,,,Açaí shop,1.11e+19,Belém,BR,0x92a48d67d22c1e75:0x99bfc3ab3aa6923f,,,-1.4485925,-48.4709635,,Fátima,+55 91 98126-6120,5590000000000.0,ChIJdR4s0meNpJIRP5KmOqvDv5k,66060-220,,44.0,,6.0,5.0,1.0,0.0,0.0,0.0,State of Pará,Tv. Francisco Caldeira Castelo Branco,Tv. Francisco Caldeira Castelo Branco,,Açaí do Anderson,Açaí Do Anderson,4.8,https://www.google.com/maps/search/?api=1&query=A%C3%A7a%C3%AD%20do%20Anderson&query_place_id=ChIJdR4s0meNpJIRP5KmOqvDv5k,,Monday-Saturday: 9 to 10 AM; Sunday: 9 AM to 3 PM
"Travessa pirajá 18 entre pedro miranda e, Passagem Ana Flexa Castanheira, Belém - PA, 66083-511, Brazil","Travessa Pirajá 18 Entre Pedro Miranda E, Passagem Ana Flexa Castanheira, Belém - Pa, 66083-511, Brazil",Açaí shop,,,,,,,,,Açaí shop,1.34e+19,Belém,BR,0x92a48b3628c1877b:0xba47bcc2490f92f2,,,-1.4209582,-48.4696583,,Pedreira,+55 91 99264-2802,5590000000000.0,ChIJe4fBKDaLpJIR8pIPScK8R7o,66083-511,,14.0,,2.0,2.0,0.0,0.0,0.0,0.0,State of Pará,"Travessa pirajá 18 entre pedro miranda e, Passagem Ana Flexa Castanheira","Travessa Pirajá 18 Entre Pedro Miranda E, Passagem Ana Flexa Castanheira",,Açaí da priscila,Açaí Da Priscila,5.0,https://www.google.com/maps/search/?api=1&query=A%C3%A7a%C3%AD%20da%20priscila&query_place_id=ChIJe4fBKDaLpJIR8pIPScK8R7o,,Monday-Sunday: 9 AM to 10 PM
"Tv. Lomas Valentinas, 447 - Pedreira, Belém - PA, 66080-321, Brazil","Tv. Lomas Valentinas, 447 - Pedreira, Belém - Pa, 66080-321, Brazil",Açaí shop,,,,,,,,,Açaí shop,1.54e+18,Belém,BR,0x92a48bfac299b8bf:0x1560ab4d3c1b7910,,,-1.4236132,-48.4704978,https://wa.me/5591981432556?text=Gostaria+de+saber+mais+sobre+o+A%C3%A7a%C3%AD+do+Arluzo+%21,Pedreira,+55 91 98143-2556,5590000000000.0,ChIJv7iZwvqLpJIREHkbPE2rYBU,66080-321,,13.0,,2.0,2.0,0.0,0.0,0.0,0.0,State of Pará,"Tv. Lomas Valentinas, 447","Tv. Lomas Valentinas, 447",,Açaí Do Arluzo,Açaí Do Arluzo,5.0,https://www.google.com/maps/search/?api=1&query=A%C3%A7a%C3%AD%20Do%20Arluzo&query_place_id=ChIJv7iZwvqLpJIREHkbPE2rYBU,https://wa.me/5591981432556?text=Gostaria+de+saber+mais+sobre+o+A%C3%A7a%C3%AD+do+Arluzo+!,Monday-Sunday: 10:30 AM to 10:30 PM
"Tv. Pirajá, 159a - Sacramenta, Belém - PA, 66083-513, Brazil","Tv. Pirajá, 159A - Sacramenta, Belém - Pa, 66083-513, Brazil",Açaí shop,,,,,,,,,Açaí shop,9.44e+18,Belém,BR,0x92a48b6ff08ef33f:0x830afec6166c191d,,,-1.4173343,-48.4745879,,Sacramenta,+55 91 98866-8638,5590000000000.0,ChIJP_OO8G-LpJIRHRlsFsb-CoM,66083-513,,11.0,,4.0,4.0,0.0,0.0,0.0,0.0,State of Pará,"Tv. Pirajá, 159a","Tv. Pirajá, 159A",,Açaí da Cris (sacramenta),Açaí Da Cris (Sacramenta),5.0,https://www.google.com/maps/search/?api=1&query=A%C3%A7a%C3%AD%20da%20Cris%20(sacramenta)&query_place_id=ChIJP_OO8G-LpJIRHRlsFsb-CoM,,Monday-Sunday: 8 AM to 10 PM
"Tv. Mauriti, 1519 - Pedreira, Belém - PA, 66080-650, Brazil","Tv. Mauriti, 1519 - Pedreira, Belém - Pa, 66080-650, Brazil",Açaí shop,,,,,,,,,Açaí shop,4.13e+18,Belém,BR,0x92a48b005238586b:0x39611de7556a448d,,,-1.4291341,-48.4702506,,Pedreira,+55 91 98620-0534,5590000000000.0,ChIJa1g4UgCLpJIRjURqVecdYTk,66080-650,,8.0,,11.0,11.0,0.0,0.0,0.0,0.0,State of Pará,"Tv. Mauriti, 1519","Tv. Mauriti, 1519",,Estação Açaí,Estação Açaí,5.0,https://www.google.com/maps/search/?api=1&query=Esta%C3%A7%C3%A3o%20A%C3%A7a%C3%AD&query_place_id=ChIJa1g4UgCLpJIRjURqVecdYTk,,
"Av. Duque de Caxias, 794 - Marco, Belém - PA, 66093-026, Brazil","Av. Duque De Caxias, 794 - Marco, Belém - Pa, 66093-026, Brazil",Açaí shop,Food broker,Food court,,,,,,,Açaí shop,1.16e+19,Belém,BR,0x92a48dc4b97c9e69:0xa166a5505aae08b3,,,-1.4352946,-48.4650791,,Marco,+55 91 99245-9960,5590000000000.0,ChIJaZ58ucSNpJIRswiuWlClZqE,66093-026,,5.0,,10.0,7.0,1.0,2.0,0.0,0.0,State of Pará,"Av. Duque de Caxias, 794","Av. Duque De Caxias, 794",,AÇAI ORIGINAL,Açai Original,4.1,https://www.google.com/maps/search/?api=1&query=A%C3%87AI%20ORIGINAL&query_place_id=ChIJaZ58ucSNpJIRswiuWlClZqE,,
"Av. Conselheiro Furtado, 2950 - Guamá, Belém - PA, 66063-060, Brazil","Av. Conselheiro Furtado, 2950 - Guamá, Belém - Pa, 66063-060, Brazil",Restaurant,,,,,,,,,Açaí shop,1.18e+19,Belém,BR,0x92a48d9168140edf:0xa314af3f512da981,,,-1.4565309,-48.472108,https://pedido.anota.ai/loja/supremo-acai-17?f=ms,Guamá,+55 91 98399-7242,5590000000000.0,ChIJ3w4UaJGNpJIRgaktUT-vFKM,66063-060,,17.0,,11.0,9.0,1.0,0.0,1.0,0.0,State of Pará,"Av. Conselheiro Furtado, 2950","Av. Conselheiro Furtado, 2950",,Supremo Açaí,Supremo Açaí,4.7,https://www.google.com/maps/search/?api=1&query=Supremo%20A%C3%A7a%C3%AD&query_place_id=ChIJ3w4UaJGNpJIRgaktUT-vFKM,,Monday-Friday: 8:30 AM to 10 PM; Saturday: 8:30 AM to 2:30 PM; Sunday: 8:30 AM to 1 PM
"3, R. Verdejante, 49 - quadra 13 - Águas Lindas, Belém - PA, 66690-540, Brazil","3, R. Verdejante, 49 - Quadra 13 - Águas Lindas, Belém - Pa, 66690-540, Brazil",Restaurant,,,,,,,,,Açaí shop,1.1e+17,Belém,BR,0x92a4f5060cb69c5f:0x1881218f9cef005,,,-1.4095417,-48.3935875,,Águas Lindas,+55 91 98389-3854,5590000000000.0,ChIJX5y2DAb1pJIRBfDO-RgSiAE,66690-540,,8.0,,4.0,0.0,2.0,0.0,1.0,1.0,State of Pará,"3, R. Verdejante, 49 - quadra 13","3, R. Verdejante, 49 - Quadra 13",,Açaí Lima,Açaí Lima,3.3,https://www.google.com/maps/search/?api=1&query=A%C3%A7a%C3%AD%20Lima&query_place_id=ChIJX5y2DAb1pJIRBfDO-RgSiAE,,Monday-Saturday: 8 AM to 3 PM; Sunday: Closed
"R. da Feirinha Renovo - Entroncamento, Belém - PA, Brazil","R. Da Feirinha Renovo - Entroncamento, Belém - Pa, Brazil",Family restaurant,,,,,,,,,Açaí shop,6.01e+18,Belém,BR,0x92a4f597baf65277:0x5359a01477275b3c,,,-1.4091777,-48.3894215,,Entroncamento,,,ChIJd1L2upf1pJIRPFsndxSgWVM,,,5.0,,10.0,10.0,0.0,0.0,0.0,0.0,State of Pará,R. da Feirinha Renovo,R. Da Feirinha Renovo,,Açaí da Leticia,Açaí Da Leticia,5.0,https://www.google.com/maps/search/?api=1&query=A%C3%A7a%C3%AD%20da%20Leticia&query_place_id=ChIJd1L2upf1pJIRPFsndxSgWVM,,Monday: Closed; Tuesday-Sunday: 8 AM to 3 PM
"Tv. Rio Curuá Una, 4 - Maracangalha, Belém - PA, 66110-167, Brazil","Tv. Rio Curuá Una, 4 - Maracangalha, Belém - Pa, 66110-167, Brazil",Restaurant,,,,,,,,,Açaí shop,2.92e+18,Belém,BR,0x92a4897c53307571:0x28931dcd78d40f6b,,,-1.4060893,-48.4812571,,Maracangalha,+55 91 99129-9688,5590000000000.0,ChIJcXUwU3yJpJIRaw_UeM0dkyg,66110-167,,55.0,,2.0,1.0,1.0,0.0,0.0,0.0,State of Pará,"Tv. Rio Curuá Una, 4","Tv. Rio Curuá Una, 4",,PONTO DO ACAI,Ponto Do Acai,4.5,https://www.google.com/maps/search/?api=1&query=PONTO%20DO%20ACAI&query_place_id=ChIJcXUwU3yJpJIRaw_UeM0dkyg,,
"R. Anchieta, 275 - Marambaia, Belém - PA, 66615-030, Brazil","R. Anchieta, 275 - Marambaia, Belém - Pa, 66615-030, Brazil",Food manufacturer,,,,,,,,,Açaí shop,1.8e+19,Belém,BR,0x92a48b1263519d41:0xf9df4b9a46d6b908,,,-1.4042716,-48.444534,,Marambaia,+55 91 98526-1870,5590000000000.0,ChIJQZ1RYxKLpJIRCLnWRppL3_k,66615-030,,108.0,,0.0,,,,,,State of Pará,"R. Anchieta, 275","R. Anchieta, 275",,Açaí da Morena,Açaí Da Morena,,https://www.google.com/maps/search/?api=1&query=A%C3%A7a%C3%AD%20da%20Morena&query_place_id=ChIJQZ1RYxKLpJIRCLnWRppL3_k,,Monday-Sunday: 7 AM to 10 PM
"Av. Damasco, 3 - Cabanagem, Belém - PA, 66625-650, Brazil","Av. Damasco, 3 - Cabanagem, Belém - Pa, 66625-650, Brazil",Produce wholesaler,,,,,,,,,Açaí shop,1.67e+19,Belém,BR,0x92a48bbb1bd229a3:0xe75d9129e9e39dd8,,,-1.3747885,-48.4417445,,Cabanagem,+55 91 99914-3497,5590000000000.0,ChIJoynSG7uLpJIR2J3j6SmRXec,66625-650,,74.0,,1.0,1.0,0.0,0.0,0.0,0.0,State of Pará,"Av. Damasco, 3","Av. Damasco, 3",,AÇAÍ DEUS É MINHA LUZ,Açaí Deus É Minha Luz,5.0,https://www.google.com/maps/search/?api=1&query=A%C3%87A%C3%8D%20DEUS%20%C3%89%20MINHA%20LUZ&query_place_id=ChIJoynSG7uLpJIR2J3j6SmRXec,,
"Tv. São Pedro, 68 - Benguí, Belém - PA, 66630-130, Brazil","Tv. São Pedro, 68 - Benguí, Belém - Pa, 66630-130, Brazil",Business center,,,,,,,,,Açaí shop,1.13e+19,Belém,BR,0x92a48a73b37d34e9:0x9d01a7a9540388e3,,,-1.3766266,-48.4552877,,Benguí,+55 91 99944-1237,5590000000000.0,ChIJ6TR9s3OKpJIR44gDVKmnAZ0,66630-130,,73.0,,19.0,15.0,1.0,1.0,1.0,1.0,State of Pará,"Tv. São Pedro, 68","Tv. São Pedro, 68",,Açaí Oliveira,Açaí Oliveira,4.5,https://www.google.com/maps/search/?api=1&query=A%C3%A7a%C3%AD%20Oliveira&query_place_id=ChIJ6TR9s3OKpJIR44gDVKmnAZ0,,Monday-Tuesday: 10:30 AM to 9 PM; Wednesday-Thursday: 10 AM to 9 PM; Friday: 10:30 AM to 9 PM; Saturday: 10 AM to 3 PM; Sunday: 10:30 AM to 3 PM
"R. Ajax de Oliveira, 568 - Benguí, Belém - PA, 66630-000, Brazil","R. Ajax De Oliveira, 568 - Benguí, Belém - Pa, 66630-000, Brazil",Restaurant,,,,,,,,,Açaí shop,1.31e+19,Belém,BR,0x92a48a0e0a0d4b13:0xb62ffb791fe7e7bf,,,-1.378038,-48.4638321,,Benguí,,,ChIJE0sNCg6KpJIRv-fnH3n7L7Y,66630-000,,61.0,,2.0,2.0,0.0,0.0,0.0,0.0,State of Pará,"R. Ajax de Oliveira, 568","R. Ajax De Oliveira, 568",,Açaí Do Pinto,Açaí Do Pinto,5.0,https://www.google.com/maps/search/?api=1&query=A%C3%A7a%C3%AD%20Do%20Pinto&query_place_id=ChIJE0sNCg6KpJIRv-fnH3n7L7Y,,
"R. Carlos Drummond de Andrade - Marambaia, Belém - PA, 66615-025, Brazil","R. Carlos Drummond De Andrade - Marambaia, Belém - Pa, 66615-025, Brazil",Restaurant,,,,,,,,,Açaí shop,3.56e+17,Belém,BR,0x92a48bcd9808aef7:0x4f21221693e816a,,,-1.4029625,-48.4675,,Marambaia,,,ChIJ964ImM2LpJIRaoE-aSES8gQ,66615-025,,20.0,,1.0,1.0,0.0,0.0,0.0,0.0,State of Pará,R. Carlos Drummond de Andrade,R. Carlos Drummond De Andrade,,Açaí Puro O Melhor Do Bairro,Açaí Puro O Melhor Do Bairro,5.0,https://www.google.com/maps/search/?api=1&query=A%C3%A7a%C3%AD%20Puro%20O%20Melhor%20Do%20Bairro&query_place_id=ChIJ964ImM2LpJIRaoE-aSES8gQ,,Monday: 7:30 AM to 2:30 PM; Tuesday-Sunday: 7:30 AM to 2 PM
"Passagem José Ribamar, 92-240 - Benguí, Belém - PA, 66630-350, Brazil","Passagem José Ribamar, 92-240 - Benguí, Belém - Pa, 66630-350, Brazil",Açaí shop,,,,,,,,,Açaí shop,2.54e+18,Belém,BR,0x92a48b0b1bec018d:0x23304f77a4aac5c7,,,-1.3764332,-48.4674027,,Benguí,,,ChIJjQHsGwuLpJIRx8WqpHdPMCM,66630-350,,60.0,,4.0,4.0,0.0,0.0,0.0,0.0,State of Pará,"Passagem José Ribamar, 92-240","Passagem José Ribamar, 92-240",,Açai Do Careca.,Açai Do Careca.,5.0,https://www.google.com/maps/search/?api=1&query=A%C3%A7ai%20Do%20Careca.&query_place_id=ChIJjQHsGwuLpJIRx8WqpHdPMCM,,
"R. Teodoro Palmeira, Sn - Sacramenta, Belém - PA, 66123-330, Brazil","R. Teodoro Palmeira, Sn - Sacramenta, Belém - Pa, 66123-330, Brazil",Açaí shop,,,,,,,,,Açaí shop,1.5e+19,Belém,BR,0x92a48b003d639753:0xd0cbe0e66511fd26,,,-1.4064635,-48.4703902,,Sacramenta,,,ChIJU5djPQCLpJIRJv0RZebgy9A,66123-330,,19.0,,0.0,,,,,,State of Pará,"R. Teodoro Palmeira, Sn","R. Teodoro Palmeira, Sn",,Açaí Vitaminoso,Açaí Vitaminoso,,https://www.google.com/maps/search/?api=1&query=A%C3%A7a%C3%AD%20Vitaminoso&query_place_id=ChIJU5djPQCLpJIRJv0RZebgy9A,,"Monday-Sunday: 6 AM to 3:30 PM, 5 to 11:29 PM"
"Próximo ao IBIS Hotel - Passagem Santo Amaro, Av. Júlio César, 5 - Maracangalha, Belém - PA, 66110-210, Brazil","Próximo Ao Ibis Hotel - Passagem Santo Amaro, Av. Júlio César, 5 - Maracangalha, Belém - Pa, 66110-210, Brazil",Açaí shop,,,,,,,,,Açaí shop,8.85e+18,Belém,BR,0x92a48bf68b5aa7f3:0x7ad6e0e181ac9309,,,-1.4014376,-48.4732829,,Maracangalha,+55 91 99197-3561,5590000000000.0,ChIJ86dai_aLpJIRCZOsgeHg1no,66110-210,,17.0,,3.0,3.0,0.0,0.0,0.0,0.0,State of Pará,"Próximo ao IBIS Hotel - Passagem Santo Amaro, Av. Júlio César, 5","Próximo Ao Ibis Hotel - Passagem Santo Amaro, Av. Júlio César, 5",,AÇAÍ DO PRIMO,Açaí Do Primo,5.0,https://www.google.com/maps/search/?api=1&query=A%C3%87A%C3%8D%20DO%20PRIMO&query_place_id=ChIJ86dai_aLpJIRCZOsgeHg1no,,
"Águas Lindas, Belém - State of Pará, Brazil","Águas Lindas, Belém - State Of Pará, Brazil",Restaurant,,,,,,,,,Açaí shop,1.13e+19,Belém,BR,0x92a4f4cecf0b3f99:0x9d648b3b00f2dbe6,,,-1.4096323,-48.3921285,,Águas Lindas,+55 91 98071-0387,5590000000000.0,ChIJmT8Lz870pJIR5tvyADuLZJ0,,,4.0,,10.0,7.0,2.0,1.0,0.0,0.0,State of Pará,,,,Açai Ki Bom,Açai Ki Bom,4.4,https://www.google.com/maps/search/?api=1&query=A%C3%A7ai%20Ki%20Bom&query_place_id=ChIJmT8Lz870pJIR5tvyADuLZJ0,,Monday-Sunday: 7 AM to 3 PM
"Passagem Liberdade, 151 - Jurunas, Belém - PA, 66030-650, Brazil","Passagem Liberdade, 151 - Jurunas, Belém - Pa, 66030-650, Brazil",Açaí shop,,,,,,,,,Açaí shop,3.19e+18,Belém,BR,0x92a48f6cd58ac373:0x2c41e04f9d230b9a,,,-1.4758018,-48.4873849,,Jurunas,+55 91 99122-3402,5590000000000.0,ChIJc8OK1WyPpJIRmgsjnU_gQSw,66030-650,,3.0,,1.0,1.0,0.0,0.0,0.0,0.0,State of Pará,"Passagem Liberdade, 151","Passagem Liberdade, 151",,Açaí da MÔNICA,Açaí Da Mônica,5.0,https://www.google.com/maps/search/?api=1&query=A%C3%A7a%C3%AD%20da%20M%C3%94NICA&query_place_id=ChIJc8OK1WyPpJIRmgsjnU_gQSw,,Monday-Saturday: 8 AM to 9 PM; Sunday: 8 AM to 2 PM
"N° 201 - Conj, Tv. We-31 (Cj Cidade Nova V), 201 - Cidade Nova, Ananindeua - PA, 67133-140, Brazil","N° 201 - Conj, Tv. We-31 (Cj Cidade Nova V), 201 - Cidade Nova, Ananindeua - Pa, 67133-140, Brazil",Açaí shop,,,,,,,,,Açaí shop,1.66e+19,Ananindeua,BR,0x92a461a2fc13a963:0xe6086dfa051d81d3,,,-1.3615128,-48.4038456,,Cidade Nova,+55 91 99820-0623,5590000000000.0,ChIJY6kT_KJhpJIR04EdBfptCOY,67133-140,,59.0,,1.0,1.0,0.0,0.0,0.0,0.0,State of Pará,"N° 201 - Conj, Tv. We-31 (Cj Cidade Nova V), 201","N° 201 - Conj, Tv. We-31 (Cj Cidade Nova V), 201",,Fonte do Açaí,Fonte Do Açaí,5.0,https://www.google.com/maps/search/?api=1&query=Fonte%20do%20A%C3%A7a%C3%AD&query_place_id=ChIJY6kT_KJhpJIR04EdBfptCOY,,
"R. Fé em Deus, 46 - Quarenta Horas, Ananindeua - PA, 67120-550, Brazil","R. Fé Em Deus, 46 - Quarenta Horas, Ananindeua - Pa, 67120-550, Brazil",Restaurant,Açaí shop,,,,,,,,Açaí shop,9.04e+18,Ananindeua,BR,0x92a4606f3c0cd0b9:0x7d70f8fc433caceb,,,-1.3495781,-48.4128223,https://app.cardapioweb.com/morena_foods,Quarenta Horas,+55 91 98569-8210,5590000000000.0,ChIJudAMPG9gpJIR66w8Q_z4cH0,67120-550,R$1–20,88.0,,36.0,29.0,3.0,0.0,3.0,1.0,State of Pará,"R. Fé em Deus, 46","R. Fé Em Deus, 46",,Morena Foods,Morena Foods,4.7,https://www.google.com/maps/search/?api=1&query=Morena%20Foods&query_place_id=ChIJudAMPG9gpJIR66w8Q_z4cH0,https://www.instagram.com/morenafoods/,
"Tv. We Sessenta e Dois, 1182 - Cidade Nova, Ananindeua - PA, 67140-040, Brazil","Tv. We Sessenta E Dois, 1182 - Cidade Nova, Ananindeua - Pa, 67140-040, Brazil",Restaurant,,,,,,,,,Açaí shop,1.07e+19,Ananindeua,BR,0x92a45f4d1248d0ef:0x94dc15dabfb8c131,,,-1.3553107,-48.3935957,,Cidade Nova,+55 91 98121-8588,5590000000000.0,ChIJ79BIEk1fpJIRMcG4v9oV3JQ,67140-040,,80.0,,7.0,7.0,0.0,0.0,0.0,0.0,State of Pará,"Tv. We Sessenta e Dois, 1182","Tv. We Sessenta E Dois, 1182",,Açaí do Raffa,Açaí Do Raffa,5.0,https://www.google.com/maps/search/?api=1&query=A%C3%A7a%C3%AD%20do%20Raffa&query_place_id=ChIJ79BIEk1fpJIRMcG4v9oV3JQ,,
"Travessa We 53 - Coqueiro, Ananindeua - PA, 67133-360, Brazil","Travessa We 53 - Coqueiro, Ananindeua - Pa, 67133-360, Brazil",Restaurant,,,,,,,,,Açaí shop,1.79e+19,Ananindeua,BR,0x92a45f7b44e4422b:0xf8c2177210013e4e,,,-1.3594662,-48.3945603,,Coqueiro,+55 91 98395-5841,5590000000000.0,ChIJK0LkRHtfpJIRTj4BEHIXwvg,67133-360,,133.0,,1.0,1.0,0.0,0.0,0.0,0.0,State of Pará,Travessa We 53,Travessa We 53,,Ponto do açaí we53,Ponto Do Açaí We53,5.0,https://www.google.com/maps/search/?api=1&query=Ponto%20do%20a%C3%A7a%C3%AD%20we53&query_place_id=ChIJK0LkRHtfpJIRTj4BEHIXwvg,,
"Travessa Sn Dezessete entre, Tv. We-31 (Cj Cidade Nova V), E 32 - Cidade Nova, Ananindeua - PA, 67133-140, Brazil","Travessa Sn Dezessete Entre, Tv. We-31 (Cj Cidade Nova V), E 32 - Cidade Nova, Ananindeua - Pa, 67133-140, Brazil",Restaurant,,,,,,,,,Açaí shop,3.17e+18,Ananindeua,BR,0x92a4600ed7d0f3b9:0x2bf55ed6fa7f5f41,,,-1.3612294,-48.4054876,,Cidade Nova,+55 91 99916-0916,5590000000000.0,ChIJufPQ1w5gpJIRQV9_-tZe9Ss,67133-140,,125.0,,18.0,14.0,3.0,1.0,0.0,0.0,State of Pará,"Travessa Sn Dezessete entre, Tv. We-31 (Cj Cidade Nova V), E 32","Travessa Sn Dezessete Entre, Tv. We-31 (Cj Cidade Nova V), E 32",,Nutri Açaí,Nutri Açaí,4.6,https://www.google.com/maps/search/?api=1&query=Nutri%20A%C3%A7a%C3%AD&query_place_id=ChIJufPQ1w5gpJIRQV9_-tZe9Ss,http://www.instagram.com/nutri_acai,Monday-Saturday: 8 AM to 9 PM; Sunday: 8 AM to 2 PM
"Próximo ao colégio Antônio Gondim Lins - Travessa SN 21 Esquina com a, Tv. We 64 - Cidade Nova, Ananindeua - PA, 67143-810, Brazil","Próximo Ao Colégio Antônio Gondim Lins - Travessa Sn 21 Esquina Com A, Tv. We 64 - Cidade Nova, Ananindeua - Pa, 67143-810, Brazil",Restaurant,,,,,,,,,Açaí shop,7.57e+18,Ananindeua,BR,0x92a45fddc00ec7df:0x69190f088745b63f,,,-1.3543329,-48.3925829,,Cidade Nova,+55 91 98905-2058,5590000000000.0,ChIJ38cOwN1fpJIRP7ZFhwgPGWk,67143-810,,126.0,,0.0,,,,,,State of Pará,"Próximo ao colégio Antônio Gondim Lins - Travessa SN 21 Esquina com a, Tv. We 64","Próximo Ao Colégio Antônio Gondim Lins - Travessa Sn 21 Esquina Com A, Tv. We 64",,MORENA - AÇAÍ SEM MISTURA,Morena - Açaí Sem Mistura,,https://www.google.com/maps/search/?api=1&query=MORENA%20-%20A%C3%87A%C3%8D%20SEM%20MISTURA&query_place_id=ChIJ38cOwN1fpJIRP7ZFhwgPGWk,,
"Tv. We Trinta e Nove, 312 - Cidade Nova, Ananindeua - PA, 67133-018, Brazil","Tv. We Trinta E Nove, 312 - Cidade Nova, Ananindeua - Pa, 67133-018, Brazil",Restaurant,,,,,,,,,Açaí shop,9.21e+17,Ananindeua,BR,0x92a4610023101c6f:0xcc7816d5a4a993a,,Ananindeua,-1.3574597,-48.4025863,,Cidade Nova,,,ChIJbxwQIwBhpJIROplKWm2Bxww,67133-018,,122.0,,0.0,,,,,,State of Pará,"Tv. We Trinta e Nove, 312","Tv. We Trinta E Nove, 312",,Sabor Açaí,Sabor Açaí,,https://www.google.com/maps/search/?api=1&query=Sabor%20A%C3%A7a%C3%AD&query_place_id=ChIJbxwQIwBhpJIROplKWm2Bxww,,
"Coqueiro, Ananindeua - State of Pará, 67140-000, Brazil","Coqueiro, Ananindeua - State Of Pará, 67140-000, Brazil",Restaurant,,,,,,,,,Açaí shop,1.31e+19,Ananindeua,BR,0x92a45fc4f5bf4749:0xb66edc961d5fe41d,,,-1.3504487,-48.3864331,,Coqueiro,,,ChIJSUe_9cRfpJIRHeRfHZbcbrY,,,116.0,,7.0,3.0,0.0,2.0,2.0,0.0,State of Pará,,,,Rocha Açaí,Rocha Açaí,3.3,https://www.google.com/maps/search/?api=1&query=Rocha%20A%C3%A7a%C3%AD&query_place_id=ChIJSUe_9cRfpJIRHeRfHZbcbrY,,
"Tv. We-69, 362 - Cidade Nova, Ananindeua - PA, 67140-110, Brazil","Tv. We-69, 362 - Cidade Nova, Ananindeua - Pa, 67140-110, Brazil",Restaurant,,,,,,,,,Açaí shop,1.16e+19,Ananindeua,BR,0x92a46117a7d36739:0xa1a759fb8eb709b7,,,-1.3523152,-48.4022289,,Cidade Nova,+55 91 98505-2182,5590000000000.0,ChIJOWfTpxdhpJIRtwm3jvtZp6E,67140-110,,120.0,,0.0,,,,,,State of Pará,"Tv. We-69, 362","Tv. We-69, 362",,Açaí Prime,Açaí Prime,,https://www.google.com/maps/search/?api=1&query=A%C3%A7a%C3%AD%20Prime&query_place_id=ChIJOWfTpxdhpJIRtwm3jvtZp6E,,
"Tv. We Vinte e Oito, 23 - Cidade Nova, Ananindeua - PA, 67133-110, Brazil","Tv. We Vinte E Oito, 23 - Cidade Nova, Ananindeua - Pa, 67133-110, Brazil",Restaurant,,,,,,,,,Açaí shop,1.12e+19,Ananindeua,BR,0x92a46142dadf54b3:0x9c15bd29629fdc75,,,-1.3624213,-48.4060203,,Cidade Nova,+55 91 98951-4145,5590000000000.0,ChIJs1Tf2kJhpJIRddyfYim9FZw,67133-110,R$20–40,115.0,,8.0,3.0,0.0,4.0,0.0,1.0,State of Pará,"Tv. We Vinte e Oito, 23","Tv. We Vinte E Oito, 23",,Açaí das ilhas,Açaí Das Ilhas,2.6,https://www.google.com/maps/search/?api=1&query=A%C3%A7a%C3%AD%20das%20ilhas&query_place_id=ChIJs1Tf2kJhpJIRddyfYim9FZw,,
"Conjunto Guajará 1, Tv. We Sessenta e Oito, 1721, Ananindeua - PA, 67143-440, Brazil","Conjunto Guajará 1, Tv. We Sessenta E Oito, 1721, Ananindeua - Pa, 67143-440, Brazil",Restaurant,,,,,,,,,Açaí shop,1.58e+19,Ananindeua,BR,0x92a45fad2fb66027:0xdaef5b3c7f1b0c91,,,-1.3524962,-48.3883084,,Coqueiro,+55 91 98448-6852,5590000000000.0,ChIJJ2C2L61fpJIRkQwbfzxb79o,67143-440,,111.0,,2.0,1.0,0.0,1.0,0.0,0.0,State of Pará,"Conjunto Guajará 1, Tv. We Sessenta e Oito, 1721","Conjunto Guajará 1, Tv. We Sessenta E Oito, 1721",,Açaí do João,Açaí Do João,3.0,https://www.google.com/maps/search/?api=1&query=A%C3%A7a%C3%AD%20do%20Jo%C3%A3o&query_place_id=ChIJJ2C2L61fpJIRkQwbfzxb79o,https://www.instagram.com/_acaidojoao?igsh=MWtpZzhmNXExcnN2ZA==,
"Tv. K - Águas Brancas, Ananindeua - PA, 67033-170, Brazil","Tv. K - Águas Brancas, Ananindeua - Pa, 67033-170, Brazil",Restaurant,,,,,,,,,Açaí shop,1.66e+19,Ananindeua,BR,0x92a4f575e1569687:0xe672b0ecdb749185,,,-1.3712118,-48.3758778,,Águas Brancas,+55 91 99908-7165,5590000000000.0,ChIJh5ZW4XX1pJIRhZF02-ywcuY,67033-170,,110.0,,0.0,,,,,,State of Pará,Tv. K,Tv. K,,Açaí e Cia,Açaí E Cia,,https://www.google.com/maps/search/?api=1&query=A%C3%A7a%C3%AD%20e%20Cia&query_place_id=ChIJh5ZW4XX1pJIRhZF02-ywcuY,,Monday-Sunday: 8 AM to 4 PM
"R. Sr. do Bonfim, 467 - Icuí-Guajará, Ananindeua - PA, 67145-160, Brazil","R. Sr. Do Bonfim, 467 - Icuí-Guajará, Ananindeua - Pa, 67145-160, Brazil",Restaurant,,,,,,,,,Açaí shop,9.33e+18,Ananindeua,BR,0x92a45f694045d9a3:0x817e5dbbefe9ce45,,,-1.3427601,-48.3972729,,Icuí-Guajará,+55 91 98270-3092,5590000000000.0,ChIJo9lFQGlfpJIRRc7p77tdfoE,67145-160,,104.0,,0.0,,,,,,State of Pará,"R. Sr. do Bonfim, 467","R. Sr. Do Bonfim, 467",,Açaí papa xibé II,Açaí Papa Xibé Ii,,https://www.google.com/maps/search/?api=1&query=A%C3%A7a%C3%AD%20papa%20xib%C3%A9%20II&query_place_id=ChIJo9lFQGlfpJIRRc7p77tdfoE,,
"Tv. We Sessenta e Oito, 20 - Coqueiro, Ananindeua - PA, 67143-440, Brazil","Tv. We Sessenta E Oito, 20 - Coqueiro, Ananindeua - Pa, 67143-440, Brazil",Restaurant,,,,,,,,,Açaí shop,9.36e+17,Ananindeua,BR,0x92a45fdc14df1549:0xcfca8e9ec05025f,,,-1.3525268,-48.3926187,,Coqueiro,,,ChIJSRXfFNxfpJIRXwIF7Omo_Aw,67143-440,,96.0,,4.0,3.0,1.0,0.0,0.0,0.0,State of Pará,"Tv. We Sessenta e Oito, 20","Tv. We Sessenta E Oito, 20",,Açaí Do Betel,Açaí Do Betel,4.8,https://www.google.com/maps/search/?api=1&query=A%C3%A7a%C3%AD%20Do%20Betel&query_place_id=ChIJSRXfFNxfpJIRXwIF7Omo_Aw,,Monday-Sunday: 9:30 AM to 6 PM
"Unnamed Road - Levilândia, Ananindeua - PA, 67000-000, Brazil","Unnamed Road - Levilândia, Ananindeua - Pa, 67000-000, Brazil",Restaurant,,,,,,,,,Açaí shop,1.14e+19,Ananindeua,BR,0x92a45fcfb595ddc3:0x9e53b3048c1a0648,,,-1.3617431,-48.3916475,,Levilândia,+55 91 98027-8487,5590000000000.0,ChIJw92Vtc9fpJIRSAYajASzU54,67000-000,,84.0,,3.0,1.0,1.0,0.0,1.0,0.0,State of Pará,Unnamed Road,Unnamed Road,,Casa do açaí,Casa Do Açaí,4.0,https://www.google.com/maps/search/?api=1&query=Casa%20do%20a%C3%A7a%C3%AD&query_place_id=ChIJw92Vtc9fpJIRSAYajASzU54,,Monday-Sunday: 9 AM to 5 PM
"R. Jader Dias, 16 - Coqueiro, Ananindeua - PA, 67120-405, Brazil","R. Jader Dias, 16 - Coqueiro, Ananindeua - Pa, 67120-405, Brazil",Fruit and vegetable store,,,,,,,,,Açaí shop,1.55e+19,Ananindeua,BR,0x92a461fed6b16c0b:0xd6d165fc6eef95dd,,,-1.3474867,-48.4112669,,Coqueiro,,,ChIJC2yx1v5hpJIR3ZXvbvxl0dY,67120-405,,92.0,,2.0,2.0,0.0,0.0,0.0,0.0,State of Pará,"R. Jader Dias, 16","R. Jader Dias, 16",,Açaí Do Juju,Açaí Do Juju,5.0,https://www.google.com/maps/search/?api=1&query=A%C3%A7a%C3%AD%20Do%20Juju&query_place_id=ChIJC2yx1v5hpJIR3ZXvbvxl0dY,,Monday-Sunday: 8 AM to 12 PM
"Coqueiro, Ananindeua - State of Pará, 67130-430, Brazil","Coqueiro, Ananindeua - State Of Pará, 67130-430, Brazil",Restaurant,,,,,,,,,Açaí shop,8.78e+18,Ananindeua,BR,0x92a461b5859bd5ef:0x79dc698d01e62873,,,-1.3687332,-48.4058439,,Coqueiro,+55 91 99106-8444,5590000000000.0,ChIJ79WbhbVhpJIRcyjmAY1p3Hk,,,90.0,,2.0,1.0,0.0,1.0,0.0,0.0,State of Pará,,,,Shopping do açaí cidade nova,Shopping Do Açaí Cidade Nova,3.0,https://www.google.com/maps/search/?api=1&query=Shopping%20do%20a%C3%A7a%C3%AD%20cidade%20nova&query_place_id=ChIJ79WbhbVhpJIRcyjmAY1p3Hk,,Monday-Sunday: 9 AM to 6 PM
"Passagem Jardim Brasil, 68 - Levilândia, Ananindeua - PA, 67015-660, Brazil","Passagem Jardim Brasil, 68 - Levilândia, Ananindeua - Pa, 67015-660, Brazil",Restaurant,,,,,,,,,Açaí shop,8.61e+18,Ananindeua,BR,0x92a48b3b6b7015e3:0x777fadbe464abff2,,,-1.3723765,-48.4006404,,Levilândia,+55 91 98198-2881,5590000000000.0,ChIJ4xVwazuLpJIR8r9KRr6tf3c,67015-660,,82.0,,4.0,4.0,0.0,0.0,0.0,0.0,State of Pará,"Passagem Jardim Brasil, 68","Passagem Jardim Brasil, 68",,Açaí do Alves,Açaí Do Alves,5.0,https://www.google.com/maps/search/?api=1&query=A%C3%A7a%C3%AD%20do%20Alves&query_place_id=ChIJ4xVwazuLpJIR8r9KRr6tf3c,,"Monday-Sunday: 7 AM to 2 PM, 5 to 10 PM"
"Passagem Acapu - Levilândia, Ananindeua - PA, 67000-000, Brazil","Passagem Acapu - Levilândia, Ananindeua - Pa, 67000-000, Brazil",Restaurant,,,,,,,,,Açaí shop,1.22e+19,Ananindeua,BR,0x92a45f1a94af2397:0xa8ac206a3220175b,,,-1.3688247,-48.3835287,,Levilândia,,,ChIJlyOvlBpfpJIRWxcgMmogrKg,,,77.0,,9.0,9.0,0.0,0.0,0.0,0.0,State of Pará,Passagem Acapu,Passagem Acapu,,Açaí Do Abelha,Açaí Do Abelha,5.0,https://www.google.com/maps/search/?api=1&query=A%C3%A7a%C3%AD%20Do%20Abelha&query_place_id=ChIJlyOvlBpfpJIRWxcgMmogrKg,,Monday-Sunday: 8 AM to 4 PM
"Conj. Cidade Nova 5 We 55 N°, Brazil","Conj. Cidade Nova 5 We 55 N°, Brazil",Restaurant,,,,,,,,,Açaí shop,5e+18,Ananindeua,BR,0x92a45f6466a7cf9b:0x45547ef0ce343e28,,,-1.3588119,-48.3928253,,Coqueiro,+55 91 3275-3240,559000000000.0,ChIJm8-nZmRfpJIRKD40zvB-VEU,,,78.0,,9.0,6.0,0.0,1.0,2.0,0.0,State of Pará,Conj. Cidade Nova 5 We 55 N°,Conj. Cidade Nova 5 We 55 N°,,PARADA AÇAÍ,Parada Açaí,4.1,https://www.google.com/maps/search/?api=1&query=PARADA%20A%C3%87A%C3%8D&query_place_id=ChIJm8-nZmRfpJIRKD40zvB-VEU,,Monday-Sunday: Open 24 hours
"Tv. We-59 Cidade Nova 5 - Coqueiro, Ananindeua - PA, 67133-115, Brazil","Tv. We-59 Cidade Nova 5 - Coqueiro, Ananindeua - Pa, 67133-115, Brazil",Restaurant,,,,,,,,,Açaí shop,3.58e+18,Ananindeua,BR,0x92a45f8d16cfd511:0x31a8a510e17ab499,,,-1.356772,-48.3925685,,Coqueiro,+55 91 98520-5555,5590000000000.0,ChIJEdXPFo1fpJIRmbR64RClqDE,67133-115,,75.0,,5.0,4.0,1.0,0.0,0.0,0.0,State of Pará,Tv. We-59 Cidade Nova 5,Tv. We-59 Cidade Nova 5,,Açaí do Everton,Açaí Do Everton,4.8,https://www.google.com/maps/search/?api=1&query=A%C3%A7a%C3%AD%20do%20Everton&query_place_id=ChIJEdXPFo1fpJIRmbR64RClqDE,,Monday-Sunday: Open 24 hours
"Tv. We 79, 302 - Cidade Nova, Ananindeua - PA, 67140-200, Brazil","Tv. We 79, 302 - Cidade Nova, Ananindeua - Pa, 67140-200, Brazil",Restaurant,,,,,,,,,Açaí shop,1.53e+18,Ananindeua,BR,0x92a461ec2f6d3acf:0x15413e58274f32b5,,,-1.34767,-48.402743,,Cidade Nova,+55 91 98762-7951,5590000000000.0,ChIJzzptL-xhpJIRtTJPJ1g-QRU,67140-200,R$20–40,69.0,,9.0,4.0,1.0,2.0,2.0,0.0,State of Pará,"Tv. We 79, 302","Tv. We 79, 302",,Açaí do Gordo,Açaí Do Gordo,3.6,https://www.google.com/maps/search/?api=1&query=A%C3%A7a%C3%AD%20do%20Gordo&query_place_id=ChIJzzptL-xhpJIRtTJPJ1g-QRU,,
"Tv. SN 18, 810-858 - Coqueiro, Ananindeua - PA, 67133-010, Brazil","Tv. Sn 18, 810-858 - Coqueiro, Ananindeua - Pa, 67133-010, Brazil",Açaí shop,,,,,,,,,Açaí shop,1.77e+19,Ananindeua,BR,0x92a461e424ecb4ed:0xf5a5510072081b37,,,-1.359194,-48.4013442,,Coqueiro,+55 91 98117-3941,5590000000000.0,ChIJ7bTsJORhpJIRNxsIcgBRpfU,67133-010,,65.0,,4.0,3.0,0.0,1.0,0.0,0.0,State of Pará,"Tv. SN 18, 810-858","Tv. Sn 18, 810-858",,Açaí Exclusive,Açaí Exclusive,4.0,https://www.google.com/maps/search/?api=1&query=A%C3%A7a%C3%AD%20Exclusive&query_place_id=ChIJ7bTsJORhpJIRNxsIcgBRpfU,,Monday-Saturday: 8 AM to 7:30 PM; Sunday: 8 AM to 4 PM
"Tv we 69-A, Tv. Guajará I, Ananindeua - PA, 67143-450, Brazil","Tv We 69-A, Tv. Guajará I, Ananindeua - Pa, 67143-450, Brazil",Restaurant,,,,,,,,,Açaí shop,2.78e+18,Ananindeua,BR,0x92a45f7dfcd5e919:0x269e9d025b4ea39a,,,-1.3518596,-48.3875254,,Coqueiro,+55 91 98412-0293,5590000000000.0,ChIJGenV_H1fpJIRmqNOWwKdniY,67143-450,,63.0,,7.0,4.0,2.0,1.0,0.0,0.0,State of Pará,"Tv we 69-A, Tv. Guajará I","Tv We 69-A, Tv. Guajará I",,Casa do açaí oficial,Casa Do Açaí Oficial,4.1,https://www.google.com/maps/search/?api=1&query=Casa%20do%20a%C3%A7a%C3%AD%20oficial&query_place_id=ChIJGenV_H1fpJIRmqNOWwKdniY,,Monday-Saturday: 8:30 AM to 2 PM; Sunday: 9 AM to 2 PM
"R. Três, 19E - Maguari, Ananindeua - PA, 67145-290, Brazil","R. Três, 19E - Maguari, Ananindeua - Pa, 67145-290, Brazil",Restaurant,,,,,,,,,Açaí shop,5.19e+18,Ananindeua,BR,0x92a45fbaa6ee855d:0x47fa0febb88f65d2,,,-1.3496621,-48.3915574,,Maguari,+55 91 98250-5021,5590000000000.0,ChIJXYXuprpfpJIR0mWPuOsP-kc,67145-290,,54.0,,4.0,4.0,0.0,0.0,0.0,0.0,State of Pará,"R. Três, 19E","R. Três, 19E",,Açaí Asafe,Açaí Asafe,5.0,https://www.google.com/maps/search/?api=1&query=A%C3%A7a%C3%AD%20Asafe&query_place_id=ChIJXYXuprpfpJIR0mWPuOsP-kc,https://instagram.com/acai_asafe?igshid=NmZiMzY2Mjc=,Monday-Sunday: 9 AM to 9 PM
"Tv. We 46, 531 - Cidade Nova, Ananindeua - PA, 67133-290, Brazil","Tv. We 46, 531 - Cidade Nova, Ananindeua - Pa, 67133-290, Brazil",Restaurant,,,,,,,,,Açaí shop,2.2e+18,Ananindeua,BR,0x92a461891fc85a87:0x1e7a343a6daafebc,,,-1.3544202,-48.4048351,,Cidade Nova,+55 91 98917-3734,5590000000000.0,ChIJh1rIH4lhpJIRvP6qbTo0eh4,67133-290,,53.0,,4.0,4.0,0.0,0.0,0.0,0.0,State of Pará,"Tv. We 46, 531","Tv. We 46, 531",,Açaí do Ruan,Açaí Do Ruan,5.0,https://www.google.com/maps/search/?api=1&query=A%C3%A7a%C3%AD%20do%20Ruan&query_place_id=ChIJh1rIH4lhpJIRvP6qbTo0eh4,,Monday: Closed; Tuesday-Saturday: 9 AM to 9 PM; Sunday: 9 AM to 2 PM
"R. Quatro - Travessa Guajará VI (Conjunto Guajará I, 144 - Coqueiro, Ananindeua - PA, 67145-300, Brazil","R. Quatro - Travessa Guajará Vi (Conjunto Guajará I, 144 - Coqueiro, Ananindeua - Pa, 67145-300, Brazil",Restaurant,,,,,,,,,Açaí shop,3.67e+18,Ananindeua,BR,0x92a45f67e1970109:0x32f3bdc55ca1c0b0,,,-1.3491081,-48.3924493,,Coqueiro,+55 91 98036-8636,5590000000000.0,ChIJCQGX4WdfpJIRsMChXMW98zI,67145-300,,52.0,,2.0,2.0,0.0,0.0,0.0,0.0,State of Pará,"R. Quatro - Travessa Guajará VI (Conjunto Guajará I, 144","R. Quatro - Travessa Guajará Vi (Conjunto Guajará I, 144",,Açaí da Ely,Açaí Da Ely,5.0,https://www.google.com/maps/search/?api=1&query=A%C3%A7a%C3%AD%20da%20Ely&query_place_id=ChIJCQGX4WdfpJIRsMChXMW98zI,,Monday-Saturday: 8 AM to 9 PM; Sunday: 8 AM to 2 PM
"Tv. We Sessenta e Dois, Tv. Guajará VI (Conjunto Guajará I), 1561, Ananindeua - PA, 67140-040, Brazil","Tv. We Sessenta E Dois, Tv. Guajará Vi (Conjunto Guajará I), 1561, Ananindeua - Pa, 67140-040, Brazil",Restaurant,,,,,,,,,Açaí shop,1.09e+19,Ananindeua,BR,0x92a45f141e8077f5:0x96b276b06fedd189,,,-1.3552681,-48.3893851,,Coqueiro,,,ChIJ9XeAHhRfpJIRidHtb7B2spY,67140-040,,50.0,,1.0,1.0,0.0,0.0,0.0,0.0,State of Pará,"Tv. We Sessenta e Dois, Tv. Guajará VI (Conjunto Guajará I), 1561","Tv. We Sessenta E Dois, Tv. Guajará Vi (Conjunto Guajará I), 1561",,Açaí San Ricardo,Açaí San Ricardo,5.0,https://www.google.com/maps/search/?api=1&query=A%C3%A7a%C3%AD%20San%20Ricardo&query_place_id=ChIJ9XeAHhRfpJIRidHtb7B2spY,,Monday-Saturday: 8 AM to 2 PM; Sunday: 8:30 AM to 2 PM
"Cidade nova 6, Tv. We Sessenta e Oito, 661 - Coqueiro, Ananindeua - PA, 67140-100, Brazil","Cidade Nova 6, Tv. We Sessenta E Oito, 661 - Coqueiro, Ananindeua - Pa, 67140-100, Brazil",Takeout Restaurant,,,,,,,,,Açaí shop,1.69e+18,Ananindeua,BR,0x92a461f952071c73:0x176c7cf21db876b1,,,-1.3528371,-48.3989109,,Coqueiro,+55 91 98583-7617,5590000000000.0,ChIJcxwHUvlhpJIRsXa4HfJ8bBc,67140-100,,49.0,,8.0,7.0,0.0,1.0,0.0,0.0,State of Pará,"Cidade nova 6, Tv. We Sessenta e Oito, 661","Cidade Nova 6, Tv. We Sessenta E Oito, 661",,Açaí do Carequinha-pará,Açaí Do Carequinha-Pará,4.5,https://www.google.com/maps/search/?api=1&query=A%C3%A7a%C3%AD%20do%20Carequinha-par%C3%A1&query_place_id=ChIJcxwHUvlhpJIRsXa4HfJ8bBc,,
"R. Bom Sossego, 742 - Centro, Ananindeua - PA, 67030-404, Brazil","R. Bom Sossego, 742 - Centro, Ananindeua - Pa, 67030-404, Brazil",Restaurant,,,,,,,,,Açaí shop,1.99e+18,Ananindeua,BR,0x92a45fb37531f3bf:0x1baa2dc3b6e6b768,,,-1.3582908,-48.3781465,,Centro,+55 91 98382-5560,5590000000000.0,ChIJv_MxdbNfpJIRaLfmtsMtqhs,67030-404,,43.0,,2.0,2.0,0.0,0.0,0.0,0.0,State of Pará,"R. Bom Sossego, 742","R. Bom Sossego, 742",,Açaí Loka Mania,Açaí Loka Mania,5.0,https://www.google.com/maps/search/?api=1&query=A%C3%A7a%C3%AD%20Loka%20Mania&query_place_id=ChIJv_MxdbNfpJIRaLfmtsMtqhs,,Monday-Saturday: 9 AM to 10 PM; Sunday: 9 AM to 10:30 PM
"Passagem Fernando Velasco, 463 - Cidade Nova, Ananindeua - PA, 67130-830, Brazil","Passagem Fernando Velasco, 463 - Cidade Nova, Ananindeua - Pa, 67130-830, Brazil",Restaurant,,,,,,,,,Açaí shop,1.48e+19,Ananindeua,BR,0x92a4611abc5c119f:0xccf2bcfad23c5d46,,,-1.367674,-48.402241,,Cidade Nova,+55 91 98342-7059,5590000000000.0,ChIJnxFcvBphpJIRRl080vq88sw,67130-830,,34.0,,4.0,3.0,1.0,0.0,0.0,0.0,State of Pará,"Passagem Fernando Velasco, 463","Passagem Fernando Velasco, 463",,Rei Do AÇAÍ,Rei Do Açaí,4.8,https://www.google.com/maps/search/?api=1&query=Rei%20Do%20A%C3%87A%C3%8D&query_place_id=ChIJnxFcvBphpJIRRl080vq88sw,,Monday-Sunday: 8 AM to 1:30 PM
"Av. SN 24 C, Tv. We 70, N° 302 - Loja E - Coqueiro, Ananindeua - PA, 67140-672, Brazil","Av. Sn 24 C, Tv. We 70, N° 302 - Loja E - Coqueiro, Ananindeua - Pa, 67140-672, Brazil",Restaurant,,,,,,,,,Açaí shop,9.05e+18,Ananindeua,BR,0x92a46076a1422127:0x7d96a94ab58661e4,,,-1.3517443,-48.4027935,,Coqueiro,+55 91 98124-7070,5590000000000.0,ChIJJyFCoXZgpJIR5GGGtUqpln0,67140-672,,20.0,,15.0,11.0,1.0,1.0,1.0,1.0,State of Pará,"Av. SN 24 C, Tv. We 70, N° 302 - Loja E","Av. Sn 24 C, Tv. We 70, N° 302 - Loja E",,Fonte do Açaí,Fonte Do Açaí,4.3,https://www.google.com/maps/search/?api=1&query=Fonte%20do%20A%C3%A7a%C3%AD&query_place_id=ChIJJyFCoXZgpJIR5GGGtUqpln0,,Monday-Sunday: 8 AM to 2:30 PM
"Tv. We Sessenta, 1061-1173 - Coqueiro, Ananindeua - PA, 67000-000, Brazil","Tv. We Sessenta, 1061-1173 - Coqueiro, Ananindeua - Pa, 67000-000, Brazil",Restaurant,,,,,,,,,Açaí shop,1.01e+19,Ananindeua,BR,0x92a45f0104cdea47:0x8b9a36a0fa822be0,,,-1.3570705,-48.3959923,,Coqueiro,+55 91 98418-2104,5590000000000.0,ChIJR-rNBAFfpJIR4CuC-qA2mos,67000-000,,18.0,,6.0,6.0,0.0,0.0,0.0,0.0,State of Pará,"Tv. We Sessenta, 1061-1173","Tv. We Sessenta, 1061-1173",,Açaí Ta Na Mesa!,Açaí Ta Na Mesa!,5.0,https://www.google.com/maps/search/?api=1&query=A%C3%A7a%C3%AD%20Ta%20Na%20Mesa!&query_place_id=ChIJR-rNBAFfpJIR4CuC-qA2mos,,Monday: Closed; Tuesday-Sunday: 8 AM to 3 PM
"Tv. We-63, 1272 - Coqueiro, Ananindeua - PA, 67140-030, Brazil","Tv. We-63, 1272 - Coqueiro, Ananindeua - Pa, 67140-030, Brazil",Restaurant,,,,,,,,,Açaí shop,1.47e+19,Ananindeua,BR,0x92a45f103bcf09ab:0xcb5ff89dfa10cdca,,,-1.3549335,-48.392824,http://bit.ly/3Jb8YFS,Coqueiro,+55 91 98905-2058,5590000000000.0,ChIJqwnPOxBfpJIRys0Q-p34X8s,67140-030,R$1–20,9.0,,24.0,24.0,0.0,0.0,0.0,0.0,State of Pará,"Tv. We-63, 1272","Tv. We-63, 1272",,Açaí da Morena,Açaí Da Morena,5.0,https://www.google.com/maps/search/?api=1&query=A%C3%A7a%C3%AD%20da%20Morena&query_place_id=ChIJqwnPOxBfpJIRys0Q-p34X8s,https://instagram.com/acai_damorena?igshid=OGQ5ZDc2ODk2ZA==,Monday-Sunday: 7:30 AM to 10 PM
"Tv. We 77 Cidade Nova VI, 922 - Cidade Nova, Ananindeua - PA, 67140-180, Brazil","Tv. We 77 Cidade Nova Vi, 922 - Cidade Nova, Ananindeua - Pa, 67140-180, Brazil",Restaurant,Store,,,,,,,,Açaí shop,1.27e+19,Ananindeua,BR,0x92a45f82576843bb:0xb0ce4607e90668cb,,,-1.3485448,-48.3965071,,Cidade Nova,+55 91 98152-1392,5590000000000.0,ChIJu0NoV4JfpJIRy2gG6QdGzrA,67140-180,R$1–40,15.0,,16.0,13.0,0.0,3.0,0.0,0.0,State of Pará,"Tv. We 77 Cidade Nova VI, 922","Tv. We 77 Cidade Nova Vi, 922",,Açai Papa Xibé CN6,Açai Papa Xibé Cn6,4.3,https://www.google.com/maps/search/?api=1&query=A%C3%A7ai%20Papa%20Xib%C3%A9%20CN6&query_place_id=ChIJu0NoV4JfpJIRy2gG6QdGzrA,https://instagram.com/acaipapaxibe?igshid=YmMyMTA2M2Y=,Monday-Sunday: 8 AM to 10 PM
"Tv. Sete, 112 - Coqueiro, Ananindeua - PA, 67130-230, Brazil","Tv. Sete, 112 - Coqueiro, Ananindeua - Pa, 67130-230, Brazil",Restaurant,,,,,,,,,Açaí shop,3.05e+17,Ananindeua,BR,0x92a461c10bd9f783:0x43c37ef6dcd6a62,,,-1.3698163,-48.4056571,,Coqueiro,+55 91 98098-1403,5590000000000.0,ChIJg_fZC8FhpJIRYmrNbe83PAQ,67130-230,,8.0,,10.0,8.0,2.0,0.0,0.0,0.0,State of Pará,"Tv. Sete, 112","Tv. Sete, 112",,Açaí Do Móca,Açaí Do Móca,4.8,https://www.google.com/maps/search/?api=1&query=A%C3%A7a%C3%AD%20Do%20M%C3%B3ca&query_place_id=ChIJg_fZC8FhpJIRYmrNbe83PAQ,,Monday-Sunday: 8 AM to 2 PM
"911b 6,, Tv. SN 03, 22 - Cidade Nova, Ananindeua - PA, 67130-640, Brazil","911B 6,, Tv. Sn 03, 22 - Cidade Nova, Ananindeua - Pa, 67130-640, Brazil",Snack bar,,,,,,,,,Açaí shop,9.74e+18,Ananindeua,BR,0x92a45fd65c36c0d5:0x87398ed9dfbc2e9e,,,-1.345495,-48.3966975,,Cidade Nova,,,ChIJ1cA2XNZfpJIRni6839mOOYc,67130-640,R$1–20,3.0,,38.0,32.0,4.0,1.0,1.0,0.0,State of Pará,"911b 6,, Tv. SN 03, 22","911B 6,, Tv. Sn 03, 22",,Açaí vitrine Da Ilha,Açaí Vitrine Da Ilha,4.7,https://www.google.com/maps/search/?api=1&query=A%C3%A7a%C3%AD%20vitrine%20Da%20Ilha&query_place_id=ChIJ1cA2XNZfpJIRni6839mOOYc,,Monday-Sunday: 9 AM to 3 PM
"atrás do colina! - Tv. We Sessenta - Cidade Nova, Ananindeua - PA, 66017-970, Brazil","Atrás Do Colina! - Tv. We Sessenta - Cidade Nova, Ananindeua - Pa, 66017-970, Brazil",Delivery service,,,,,,,,,Açaí shop,1.29e+19,Ananindeua,BR,0x92a45fa052a363a1:0xb34b5061537bfdbf,,,-1.356418,-48.3936961,,Cidade Nova,+55 91 98639-7985,5590000000000.0,ChIJoWOjUqBfpJIRv_17U2FQS7M,66017-970,,86.0,,0.0,,,,,,State of Pará,atrás do colina! - Tv. We Sessenta,Atrás Do Colina! - Tv. We Sessenta,,Açaí Natural,Açaí Natural,,https://www.google.com/maps/search/?api=1&query=A%C3%A7a%C3%AD%20Natural&query_place_id=ChIJoWOjUqBfpJIRv_17U2FQS7M,,Monday-Sunday: 8 AM to 10:30 PM
"Tv. SN 03, 12 - Cidade Nova, Ananindeua - PA, 67130-650, Brazil","Tv. Sn 03, 12 - Cidade Nova, Ananindeua - Pa, 67130-650, Brazil",Ice cream shop,,,,,,,,,Açaí shop,5.89e+18,Ananindeua,BR,0x92a461e1ee0e29b9:0x51b3a76d352c8ab1,,,-1.3689911,-48.4059736,,Cidade Nova,+55 91 98124-0232,5590000000000.0,ChIJuSkO7uFhpJIRsYosNW2ns1E,67130-650,,85.0,,0.0,,,,,,State of Pará,"Tv. SN 03, 12","Tv. Sn 03, 12",,Égua Mana Du'Açaí,Égua Mana Du'Açaí,,https://www.google.com/maps/search/?api=1&query=%C3%89gua%20Mana%20Du'A%C3%A7a%C3%AD&query_place_id=ChIJuSkO7uFhpJIRsYosNW2ns1E,,Monday-Sunday: 9 AM to 10 PM
"Passagem Guajará II - Coqueiro, Ananindeua - PA, 67143-340, Brazil","Passagem Guajará Ii - Coqueiro, Ananindeua - Pa, 67143-340, Brazil",Açaí shop,,,,,,,,,Açaí shop,1.18e+19,Ananindeua,BR,0x92a45f7bfb7ab063:0xa355acc96a5b4061,,,-1.3575745,-48.3901434,,Coqueiro,+55 91 99828-2298,5590000000000.0,ChIJY7B6-3tfpJIRYUBbasmsVaM,67143-340,,79.0,,0.0,,,,,,State of Pará,Passagem Guajará II,Passagem Guajará Ii,,R. A. Algodão doce,R. A. Algodão Doce,,https://www.google.com/maps/search/?api=1&query=R.%20A.%20Algod%C3%A3o%20doce&query_place_id=ChIJY7B6-3tfpJIRYUBbasmsVaM,,Monday-Sunday: 9 AM to 2:30 PM
"Passagem Santa Luzia, 23 - Icui Guajara, Ananindeua - PA, 67125-072, Brazil","Passagem Santa Luzia, 23 - Icui Guajara, Ananindeua - Pa, 67125-072, Brazil",Açaí shop,,,,,,,,,Açaí shop,6.3e+18,Ananindeua,BR,0x92a461007a09adc7:0x5764c9d4d8bde953,,,-1.3439439,-48.4049585,,Icuí-Guajará,,,ChIJx60JegBhpJIRU-m92NTJZFc,67125-072,,81.0,,0.0,,,,,,State of Pará,"Passagem Santa Luzia, 23","Passagem Santa Luzia, 23",,Caroline Store,Caroline Store,,https://www.google.com/maps/search/?api=1&query=Caroline%20Store&query_place_id=ChIJx60JegBhpJIRU-m92NTJZFc,,Monday-Sunday: 9 AM to 2:30 PM
"R. João Alves de Andrade - Centro, Ananindeua - PA, 67030-150, Brazil","R. João Alves De Andrade - Centro, Ananindeua - Pa, 67030-150, Brazil",Ice cream shop,,,,,,,,,Açaí shop,1.77e+19,Ananindeua,BR,0x92a45f003a83e1c1:0xf638e74a925552c8,,,-1.3652783,-48.3746476,,Centro,,,ChIJweGDOgBfpJIRyFJVkkrnOPY,,,77.0,,0.0,,,,,,State of Pará,R. João Alves de Andrade,R. João Alves De Andrade,,Açaí no copo,Açaí No Copo,,https://www.google.com/maps/search/?api=1&query=A%C3%A7a%C3%AD%20no%20copo&query_place_id=ChIJweGDOgBfpJIRyFJVkkrnOPY,,Monday-Sunday: 9 AM to 5 PM
"Tv. We Sessenta e Um, 5 - Cidade Nova, Ananindeua - PA, 67140-030, Brazil","Tv. We Sessenta E Um, 5 - Cidade Nova, Ananindeua - Pa, 67140-030, Brazil",Market,,,,,,,,,Açaí shop,1.51e+19,Ananindeua,BR,0x92a45f324f11fe1b:0xd1b4d1cf1f181414,,,-1.3559923,-48.3935557,,Cidade Nova,+55 91 98187-7458,5590000000000.0,ChIJG_4RTzJfpJIRFBQYH8_RtNE,67140-030,,76.0,,8.0,6.0,1.0,1.0,0.0,0.0,State of Pará,"Tv. We Sessenta e Um, 5","Tv. We Sessenta E Um, 5",,AÇAÍ DO BARATA,Açaí Do Barata,4.4,https://www.google.com/maps/search/?api=1&query=A%C3%87A%C3%8D%20DO%20BARATA&query_place_id=ChIJG_4RTzJfpJIRFBQYH8_RtNE,,Monday-Saturday: 9 AM to 10 PM; Sunday: 9 AM to 2 PM
"Sn 23, Tv. We Sessenta e Cinco, 651, Ananindeua - PA, 67140-540, Brazil","Sn 23, Tv. We Sessenta E Cinco, 651, Ananindeua - Pa, 67140-540, Brazil",Açaí shop,,,,,,,,,Açaí shop,4.11e+18,Ananindeua,BR,0x92a4616a44999093:0x38fedee02437a0a3,,,-1.3542452,-48.399112,,Coqueiro,+55 91 99110-3888,5590000000000.0,ChIJk5CZRGphpJIRo6A3JODe_jg,67140-540,,75.0,,0.0,,,,,,State of Pará,"Sn 23, Tv. We Sessenta e Cinco, 651","Sn 23, Tv. We Sessenta E Cinco, 651",,Açaí Original | Ananindeua,Açaí Original | Ananindeua,,https://www.google.com/maps/search/?api=1&query=A%C3%A7a%C3%AD%20Original%20%7C%20Ananindeua&query_place_id=ChIJk5CZRGphpJIRo6A3JODe_jg,https://instagram.com/acai_originaloficial?igshid=YmMyMTA2M2Y=,
"R. Antônio Rodrigues Júnior - Centro, Ananindeua - PA, 67030-575, Brazil","R. Antônio Rodrigues Júnior - Centro, Ananindeua - Pa, 67030-575, Brazil",Food court,Açaí shop,,,,,,,,Açaí shop,4.41e+18,Ananindeua,BR,0x92a45f00224c96f3:0x3d3dcb2499d93970,,,-1.3656388,-48.3776842,,Centro,+55 91 98860-2568,5590000000000.0,ChIJ85ZMIgBfpJIRcDnZmSTLPT0,67030-575,,73.0,,0.0,,,,,,State of Pará,R. Antônio Rodrigues Júnior,R. Antônio Rodrigues Júnior,,Açaí Bacurau,Açaí Bacurau,,https://www.google.com/maps/search/?api=1&query=A%C3%A7a%C3%AD%20Bacurau&query_place_id=ChIJ85ZMIgBfpJIRcDnZmSTLPT0,,Monday-Sunday: 8:30 AM to 10 PM
"ESQUINA COM - AVENIDA PRINCIPAL DO GUAJARÁ I, Tv. We Setenta e Dois - Coqueiro, Ananindeua - PA, 67143-480, Brazil","Esquina Com - Avenida Principal Do Guajará I, Tv. We Setenta E Dois - Coqueiro, Ananindeua - Pa, 67143-480, Brazil",Açaí shop,Food manufacturing supply,,,,,,,,Açaí shop,2.7e+18,Ananindeua,BR,0x92a45f776c9a84ff:0x257273b5e9eac1c8,,,-1.3504139,-48.3865061,,Coqueiro,+55 91 98267-5458,5590000000000.0,ChIJ_4SabHdfpJIRyMHq6bVzciU,67143-480,,54.0,,3.0,1.0,1.0,1.0,0.0,0.0,State of Pará,"ESQUINA COM - AVENIDA PRINCIPAL DO GUAJARÁ I, Tv. We Setenta e Dois","Esquina Com - Avenida Principal Do Guajará I, Tv. We Setenta E Dois",,AÇAÍ MANÁ GUAJARÁ,Açaí Maná Guajará,3.3,https://www.google.com/maps/search/?api=1&query=A%C3%87A%C3%8D%20MAN%C3%81%20GUAJAR%C3%81&query_place_id=ChIJ_4SabHdfpJIRyMHq6bVzciU,,Monday-Saturday: 9 AM to 9:30 PM; Sunday: 9 AM to 12:30 PM
"Tv. We-59 Cidade Nova 5 - Cidade Nova, Ananindeua - PA, 67133-018, Brazil","Tv. We-59 Cidade Nova 5 - Cidade Nova, Ananindeua - Pa, 67133-018, Brazil",Açaí shop,,,,,,,,,Açaí shop,1.32e+19,Ananindeua,BR,0x92a45f003830d739:0xb7c6ca8c3cfb7555,,,-1.3566066,-48.3927983,,Cidade Nova,+55 91 98051-2182,5590000000000.0,ChIJOdcwOABfpJIRVXX7PIzKxrc,67133-018,,45.0,,1.0,1.0,0.0,0.0,0.0,0.0,State of Pará,Tv. We-59 Cidade Nova 5,Tv. We-59 Cidade Nova 5,,Açaí do Heitor,Açaí Do Heitor,5.0,https://www.google.com/maps/search/?api=1&query=A%C3%A7a%C3%AD%20do%20Heitor&query_place_id=ChIJOdcwOABfpJIRVXX7PIzKxrc,,Monday: Closed; Tuesday-Sunday: 9 AM to 2 PM
"Tv. We Sessenta e Oito - Coqueiro, Ananindeua - PA, 67143-440, Brazil","Tv. We Sessenta E Oito - Coqueiro, Ananindeua - Pa, 67143-440, Brazil",Açaí shop,,,,,,,,,Açaí shop,1.76e+19,Ananindeua,BR,0x92a45f0a5f00875f:0xf4468eaccfb7b6ec,,,-1.3524627,-48.3881804,,Coqueiro,+55 91 98601-4399,5590000000000.0,ChIJX4cAXwpfpJIR7La3z6yORvQ,67143-440,,42.0,,1.0,1.0,0.0,0.0,0.0,0.0,State of Pará,Tv. We Sessenta e Oito,Tv. We Sessenta E Oito,,Açaí Marajó,Açaí Marajó,5.0,https://www.google.com/maps/search/?api=1&query=A%C3%A7a%C3%AD%20Maraj%C3%B3&query_place_id=ChIJX4cAXwpfpJIR7La3z6yORvQ,https://instadelivery.com.br/acaimarajo,
"Cidade nova 6, Tv. We Setenta e Dois, n° 942 - Coqueiro, Ananindeua - PA, 67140-000, Brazil","Cidade Nova 6, Tv. We Setenta E Dois, N° 942 - Coqueiro, Ananindeua - Pa, 67140-000, Brazil",Açaí shop,,,,,,,,,Açaí shop,1.22e+19,Ananindeua,BR,0x92a45f95121cf2a3:0xa8aecf9738443bc5,,,-1.3507157,-48.3962197,,Coqueiro,+55 91 98260-2058,5590000000000.0,ChIJo_IcEpVfpJIRxTtEOJfPrqg,67140-000,,20.0,,1.0,1.0,0.0,0.0,0.0,0.0,State of Pará,"Cidade nova 6, Tv. We Setenta e Dois, n° 942","Cidade Nova 6, Tv. We Setenta E Dois, N° 942",,Açaí da jô,Açaí Da Jô,5.0,https://www.google.com/maps/search/?api=1&query=A%C3%A7a%C3%AD%20da%20j%C3%B4&query_place_id=ChIJo_IcEpVfpJIRxTtEOJfPrqg,,Monday-Sunday: 10 AM to 2 PM
"Tv. SN 21, 1281A - Coqueiro, Ananindeua - PA, 67140-630, Brazil","Tv. Sn 21, 1281A - Coqueiro, Ananindeua - Pa, 67140-630, Brazil",Açaí shop,,,,,,,,,Açaí shop,1.53e+19,Ananindeua,BR,0x92a45f0003f85429:0xd3bc3edb71dc1525,,,-1.3530729,-48.3925994,,Coqueiro,+55 91 98264-0505,5590000000000.0,ChIJKVT4AwBfpJIRJRXccds-vNM,67140-630,,19.0,,1.0,1.0,0.0,0.0,0.0,0.0,State of Pará,"Tv. SN 21, 1281A","Tv. Sn 21, 1281A",,Açaí do Painho,Açaí Do Painho,5.0,https://www.google.com/maps/search/?api=1&query=A%C3%A7a%C3%AD%20do%20Painho&query_place_id=ChIJKVT4AwBfpJIRJRXccds-vNM,,Monday-Friday: 11 AM to 7 PM; Saturday-Sunday: Closed
"Guajará 2 - Rua Santarém, Al. A, 2 - Maguari, Ananindeua - PA, 67145-010, Brazil","Guajará 2 - Rua Santarém, Al. A, 2 - Maguari, Ananindeua - Pa, 67145-010, Brazil",Açaí shop,,,,,,,,,Açaí shop,9.09e+18,Ananindeua,BR,0x92a45fcda66969b3:0x7e37cc208925fc0c,,,-1.3486786,-48.3881865,,Maguari,+55 91 98529-8906,5590000000000.0,ChIJs2lpps1fpJIRDPwliSDMN34,67145-010,,16.0,,3.0,3.0,0.0,0.0,0.0,0.0,State of Pará,"Guajará 2 - Rua Santarém, Al. A, 2","Guajará 2 - Rua Santarém, Al. A, 2",,Açaí do Jambeiro,Açaí Do Jambeiro,5.0,https://www.google.com/maps/search/?api=1&query=A%C3%A7a%C3%AD%20do%20Jambeiro&query_place_id=ChIJs2lpps1fpJIRDPwliSDMN34,,Monday-Friday: 10 AM to 7:30 PM; Saturday: 10 AM to 6 PM; Sunday: 10 AM to 5:30 PM
"Coqueiro, Ananindeua - State of Pará, 67133-102, Brazil","Coqueiro, Ananindeua - State Of Pará, 67133-102, Brazil",Açaí shop,Food manufacturing supply,,,,,,,,Açaí shop,8.93e+18,Ananindeua,BR,0x92a45fe296b5b5ab:0x7be529a58ba03024,,,-1.3614184,-48.3974785,,Coqueiro,+55 91 98286-7096,5590000000000.0,ChIJq7W1luJfpJIRJDCgi6Up5Xs,67133-102,R$20–40,15.0,,23.0,14.0,3.0,5.0,1.0,0.0,State of Pará,,,Açaí da Nira,Nira's Açaí,Nira'S Açaí,3.9,https://www.google.com/maps/search/?api=1&query=Nira's%20A%C3%A7a%C3%AD&query_place_id=ChIJq7W1luJfpJIRJDCgi6Up5Xs,,Monday-Friday: 9:30 AM to 2 PM; Saturday: 9 AM to 2 PM; Sunday: 10 AM to 1 AM
"C.nova 6, Tv. We Setenta e Dois, 991, Ananindeua - PA, 67140-000, Brazil","C.Nova 6, Tv. We Setenta E Dois, 991, Ananindeua - Pa, 67140-000, Brazil",Açaí shop,,,,,,,,,Açaí shop,4.75e+18,Ananindeua,BR,0x92a45f1024a1b397:0x41f0949d14ef343a,,,-1.3509982,-48.3955685,,Coqueiro,+55 91 98194-1500,5590000000000.0,ChIJl7OhJBBfpJIROjTvFJ2U8EE,67140-000,,12.0,,1.0,1.0,0.0,0.0,0.0,0.0,State of Pará,"C.nova 6, Tv. We Setenta e Dois, 991","C.Nova 6, Tv. We Setenta E Dois, 991",,Açaí do coragem,Açaí Do Coragem,5.0,https://www.google.com/maps/search/?api=1&query=A%C3%A7a%C3%AD%20do%20coragem&query_place_id=ChIJl7OhJBBfpJIROjTvFJ2U8EE,,
"Avenida Rodolfo Chermont, 658 - Coqueiro, Ananindeua - PA, 67140-030, Brazil","Avenida Rodolfo Chermont, 658 - Coqueiro, Ananindeua - Pa, 67140-030, Brazil",Ice cream shop,,,,,,,,,Açaí shop,1.47e+19,Ananindeua,BR,0x92a48b7605c7da71:0xcbc228fd3b5d2898,,,-1.3563421,-48.3996862,,Coqueiro,+55 91 99254-1342,5590000000000.0,ChIJcdrHBXaLpJIRmChdO_0owss,67140-030,,5.0,,2.0,2.0,0.0,0.0,0.0,0.0,State of Pará,"Avenida Rodolfo Chermont, 658","Avenida Rodolfo Chermont, 658",,M&M Açaí Frozen e Sorveteria,M&M Açaí Frozen E Sorveteria,5.0,https://www.google.com/maps/search/?api=1&query=M%26M%20A%C3%A7a%C3%AD%20Frozen%20e%20Sorveteria&query_place_id=ChIJcdrHBXaLpJIRmChdO_0owss,https://instagram.com/memacaifrozen?utm_source=qr&igshid=OGU0MmVlOWVjOQ==,Monday-Saturday: 10 AM to 2 PM; Sunday: 9 AM to 1 PM
"Cidade Nova 6, we 76, n° 632 Cidade Nova 6, Ananindeua - PA, 67140-170, Brazil","Cidade Nova 6, We 76, N° 632 Cidade Nova 6, Ananindeua - Pa, 67140-170, Brazil",Restaurant,Açaí shop,Convenience store,Delivery Restaurant,Organic food store,,,,,Açaí shop,7.69e+18,Ananindeua,BR,0x92a45f7830a34f7d:0x6ac7b4e3b218af65,,,-1.3489424,-48.3993809,https://wa.me/c/559181767921,Coqueiro,+55 91 98176-7921,5590000000000.0,ChIJfU-jMHhfpJIRZa8YsuO0x2o,67140-170,,11.0,,4.0,4.0,0.0,0.0,0.0,0.0,State of Pará,"Cidade Nova 6, we 76, n° 632 Cidade Nova 6","Cidade Nova 6, We 76, N° 632 Cidade Nova 6",,AÇAÍ du PRIME - Açaí & Conveniência,Açaí Du Prime - Açaí & Conveniência,5.0,https://www.google.com/maps/search/?api=1&query=A%C3%87A%C3%8D%20du%20PRIME%20-%20A%C3%A7a%C3%AD%20%26%20Conveni%C3%AAncia&query_place_id=ChIJfU-jMHhfpJIRZa8YsuO0x2o,,"Monday-Sunday: 9 AM to 2 PM, 6 to 10 PM"
"Av. Arterial 5-A 346 N° 25 - Paar - Maguari, Ananindeua - PA, 67145-074, Brazil","Av. Arterial 5-A 346 N° 25 - Paar - Maguari, Ananindeua - Pa, 67145-074, Brazil",Açaí shop,Convenience store,,,,,,,,Açaí shop,2.6e+18,Ananindeua,BR,0x92a45f30b49ba95d:0x241c8fc36ca863f8,,,-1.3415387,-48.3938541,,Maguari,+55 91 98408-2472,5590000000000.0,ChIJXambtDBfpJIR-GOobMOPHCQ,67145074,,3.0,,1.0,1.0,0.0,0.0,0.0,0.0,State of Pará,Av. Arterial 5-A 346 N° 25 - Paar,Av. Arterial 5-A 346 N° 25 - Paar,,Premium Açaí e Conveniêcia,Premium Açaí E Conveniêcia,5.0,https://www.google.com/maps/search/?api=1&query=Premium%20A%C3%A7a%C3%AD%20e%20Conveni%C3%AAcia&query_place_id=ChIJXambtDBfpJIR-GOobMOPHCQ,,"Monday: 9 AM to 3 PM; Tuesday: 9 AM to 3 PM, 6:30 to 9:30 PM; Wednesday-Sunday: 9 AM to 3 PM"
"Passagem Allan Kardec, 41 - Condor, Belém - PA, 66033-130, Brazil","Passagem Allan Kardec, 41 - Condor, Belém - Pa, 66033-130, Brazil",Restaurant,,,,,,,,,Açaí shop,9.19e+18,Belém,BR,0x92a48e0ad9826439:0x7f956ff9d142b276,,,-1.474977,-48.4809697,,Condor,,,ChIJOWSC2QqOpJIRdrJC0flvlX8,66033-130,,17.0,,4.0,4.0,0.0,0.0,0.0,0.0,State of Pará,"Passagem Allan Kardec, 41","Passagem Allan Kardec, 41",,Açaí Do Rubens,Açaí Do Rubens,5.0,https://www.google.com/maps/search/?api=1&query=A%C3%A7a%C3%AD%20Do%20Rubens&query_place_id=ChIJOWSC2QqOpJIRdrJC0flvlX8,,Monday-Sunday: 9 AM to 11 PM
"Av. José Bonifácio, 2653 - Guamá, Belém - PA, 66065-112, Brazil","Av. José Bonifácio, 2653 - Guamá, Belém - Pa, 66065-112, Brazil",Health food restaurant,,,,,,,,,Açaí shop,6.86e+18,Belém,BR,0x92a48dc355b89b09:0x5f2b615876e156bd,,,-1.4703047,-48.4684676,,Guamá,+55 91 3229-8885,559000000000.0,ChIJCZu4VcONpJIRvVbhdlhhK18,66065-112,,16.0,,21.0,10.0,6.0,0.0,4.0,1.0,State of Pará,"Av. José Bonifácio, 2653","Av. José Bonifácio, 2653",,Açai do Dedel,Açai Do Dedel,4.2,https://www.google.com/maps/search/?api=1&query=A%C3%A7ai%20do%20Dedel&query_place_id=ChIJCZu4VcONpJIRvVbhdlhhK18,,Monday-Saturday: 8 AM to 7:30 PM; Sunday: 8 AM to 3 PM
,,,,,,,,,,,,,,,,,,,,,,,,,,,,,,,,,,,,,,,,,,,,Monday-Saturday: 8 AM to 2 PM; Sunday: 9 AM to 1:30 PM
,,,,,,,,,,,,,,,,,,,,,,,,,,,,,,,,,,,,,,,,,,,,"Monday-Saturday: 9 AM to 2 PM, 7:30 to 9:30 PM; Sunday: 9 AM to 2 PM"
,,,,,,,,,,,,,,,,,,,,,,,,,,,,,,,,,,,,,,,,,,,,Monday-Saturday: 7 AM to 3 PM; Sunday: 7 AM to 2 PM
,,,,,,,,,,,,,,,,,,,,,,,,,,,,,,,,,,,,,,,,,,,,
,,,,,,,,,,,,,,,,,,,,,,,,,,,,,,,,,,,,,,,,,,,,
,,,,,,,,,,,,,,,,,,,,,,,,,,,,,,,,,,,,,,,,,,,,Monday-Tuesday: 9 AM to 11 PM; Wednesday-Saturday: 9 AM to 11:30 PM; Sunday: 9 AM to 2 PM
,,,,,,,,,,,,,,,,,,,,,,,,,,,,,,,,,,,,,,,,,,,,Monday-Friday: 9 AM to 3 PM; Saturday: 9 AM to 2 PM; Sunday: 8:30 AM to 2 PM
,,,,,,,,,,,,,,,,,,,,,,,,,,,,,,,,,,,,,,,,,,,,
,,,,,,,,,,,,,,,,,,,,,,,,,,,,,,,,,,,,,,,,,,,,Monday: 7 AM to 10:30 PM; Tuesday-Thursday: 7 AM to 10 PM; Friday: 7 AM to 10:30 PM; Saturday: 7 AM to 11 PM; Sunday: 7 AM to 10 PM
,,,,,,,,,,,,,,,,,,,,,,,,,,,,,,,,,,,,,,,,,,,,
,,,,,,,,,,,,,,,,,,,,,,,,,,,,,,,,,,,,,,,,,,,,
,,,,,,,,,,,,,,,,,,,,,,,,,,,,,,,,,,,,,,,,,,,,"Monday: 8 AM to 2 PM, 2:59 to 10 PM; Tuesday-Sunday: 8 AM to 2 PM, 6 to 10 PM"
,,,,,,,,,,,,,,,,,,,,,,,,,,,,,,,,,,,,,,,,,,,,
,,,,,,,,,,,,,,,,,,,,,,,,,,,,,,,,,,,,,,,,,,,,Monday-Friday: 8 AM to 12 PM; Saturday: Closed; Sunday: 8 AM to 12 PM
,,,,,,,,,,,,,,,,,,,,,,,,,,,,,,,,,,,,,,,,,,,,Monday-Friday: 9 AM to 4 PM; Saturday: 9 AM to 4:45 PM; Sunday: 9 AM to 4 PM
,,,,,,,,,,,,,,,,,,,,,,,,,,,,,,,,,,,,,,,,,,,,
,,,,,,,,,,,,,,,,,,,,,,,,,,,,,,,,,,,,,,,,,,,,Monday-Sunday: 8 AM to 1:30 PM
,,,,,,,,,,,,,,,,,,,,,,,,,,,,,,,,,,,,,,,,,,,,Monday-Saturday: 8 AM to 8 PM; Sunday: 8 AM to 2 PM
,,,,,,,,,,,,,,,,,,,,,,,,,,,,,,,,,,,,,,,,,,,,
,,,,,,,,,,,,,,,,,,,,,,,,,,,,,,,,,,,,,,,,,,,,Monday-Saturday: 8 AM to 8 PM; Sunday: Closed
,,,,,,,,,,,,,,,,,,,,,,,,,,,,,,,,,,,,,,,,,,,,Monday-Friday: 8:30 AM to 2:30 PM; Saturday: 8:30 AM to 2:30 AM; Sunday: 8 AM to 2:30 PM
,,,,,,,,,,,,,,,,,,,,,,,,,,,,,,,,,,,,,,,,,,,,Monday-Sunday: 8 AM to 3 PM
,,,,,,,,,,,,,,,,,,,,,,,,,,,,,,,,,,,,,,,,,,,,Monday-Sunday: 8 AM to 2 PM
,,,,,,,,,,,,,,,,,,,,,,,,,,,,,,,,,,,,,,,,,,,,Monday-Sunday: 8 AM to 2 PM
,,,,,,,,,,,,,,,,,,,,,,,,,,,,,,,,,,,,,,,,,,,,Monday-Sunday: 8:30 AM to 2 PM
,,,,,,,,,,,,,,,,,,,,,,,,,,,,,,,,,,,,,,,,,,,,Monday-Sunday: 8 AM to 2 PM
,,,,,,,,,,,,,,,,,,,,,,,,,,,,,,,,,,,,,,,,,,,,"Monday-Saturday: 8 AM to 12 PM, 2 to 6 PM; Sunday: 8 AM to 12 PM"
,,,,,,,,,,,,,,,,,,,,,,,,,,,,,,,,,,,,,,,,,,,,Monday-Sunday: 9 AM to 3 PM
,,,,,,,,,,,,,,,,,,,,,,,,,,,,,,,,,,,,,,,,,,,,
,,,,,,,,,,,,,,,,,,,,,,,,,,,,,,,,,,,,,,,,,,,,Monday-Sunday: 10:30 AM to 10:30 PM
,,,,,,,,,,,,,,,,,,,,,,,,,,,,,,,,,,,,,,,,,,,,Monday-Sunday: 8 AM to 10 PM
,,,,,,,,,,,,,,,,,,,,,,,,,,,,,,,,,,,,,,,,,,,,
,,,,,,,,,,,,,,,,,,,,,,,,,,,,,,,,,,,,,,,,,,,,
,,,,,,,,,,,,,,,,,,,,,,,,,,,,,,,,,,,,,,,,,,,,
,,,,,,,,,,,,,,,,,,,,,,,,,,,,,,,,,,,,,,,,,,,,Monday-Sunday: 9 AM to 3 PM
,,,,,,,,,,,,,,,,,,,,,,,,,,,,,,,,,,,,,,,,,,,,
,,,,,,,,,,,,,,,,,,,,,,,,,,,,,,,,,,,,,,,,,,,,Monday-Sunday: 9:30 AM to 6 PM
,,,,,,,,,,,,,,,,,,,,,,,,,,,,,,,,,,,,,,,,,,,,
,,,,,,,,,,,,,,,,,,,,,,,,,,,,,,,,,,,,,,,,,,,,
,,,,,,,,,,,,,,,,,,,,,,,,,,,,,,,,,,,,,,,,,,,,Monday-Sunday: 8 AM to 3 PM
,,,,,,,,,,,,,,,,,,,,,,,,,,,,,,,,,,,,,,,,,,,,Monday-Sunday: 7 AM to 2:30 PM
,,,,,,,,,,,,,,,,,,,,,,,,,,,,,,,,,,,,,,,,,,,,Monday-Sunday: 8 AM to 9 PM
,,,,,,,,,,,,,,,,,,,,,,,,,,,,,,,,,,,,,,,,,,,,Monday-Sunday: 8 AM to 5 PM
,,,,,,,,,,,,,,,,,,,,,,,,,,,,,,,,,,,,,,,,,,,,
,,,,,,,,,,,,,,,,,,,,,,,,,,,,,,,,,,,,,,,,,,,,Monday-Sunday: 8 AM to 2 PM
,,,,,,,,,,,,,,,,,,,,,,,,,,,,,,,,,,,,,,,,,,,,Monday-Sunday: 4 PM to 12 AM
,,,,,,,,,,,,,,,,,,,,,,,,,,,,,,,,,,,,,,,,,,,,Monday-Sunday: 9:30 AM to 2:10 PM
,,,,,,,,,,,,,,,,,,,,,,,,,,,,,,,,,,,,,,,,,,,,Monday-Sunday: 8 AM to 2 PM
,,,,,,,,,,,,,,,,,,,,,,,,,,,,,,,,,,,,,,,,,,,,Monday-Friday: 9:30 AM to 4 PM; Saturday: 9:30 AM to 4:30 PM; Sunday: 9:30 AM to 4 PM
,,,,,,,,,,,,,,,,,,,,,,,,,,,,,,,,,,,,,,,,,,,,Monday-Sunday: 10 AM to 2 PM
,,,,,,,,,,,,,,,,,,,,,,,,,,,,,,,,,,,,,,,,,,,,Monday-Sunday: 9 AM to 1 PM
,,,,,,,,,,,,,,,,,,,,,,,,,,,,,,,,,,,,,,,,,,,,Monday-Sunday: 8 AM to 12 PM
,,,,,,,,,,,,,,,,,,,,,,,,,,,,,,,,,,,,,,,,,,,,Monday-Sunday: 10:30 AM to 10:30 PM
,,,,,,,,,,,,,,,,,,,,,,,,,,,,,,,,,,,,,,,,,,,,Monday-Sunday: 8 AM to 10 PM
,,,,,,,,,,,,,,,,,,,,,,,,,,,,,,,,,,,,,,,,,,,,
,,,,,,,,,,,,,,,,,,,,,,,,,,,,,,,,,,,,,,,,,,,,
,,,,,,,,,,,,,,,,,,,,,,,,,,,,,,,,,,,,,,,,,,,,Monday-Thursday: 9 AM to 8 PM; Friday: 9 AM to 5 PM; Saturday-Sunday: Closed
,,,,,,,,,,,,,,,,,,,,,,,,,,,,,,,,,,,,,,,,,,,,Monday: Closed; Tuesday-Saturday: 9 AM to 2 PM; Sunday: 10 AM to 2 PM
,,,,,,,,,,,,,,,,,,,,,,,,,,,,,,,,,,,,,,,,,,,,Monday-Sunday: 7:40 AM to 3:30 PM
,,,,,,,,,,,,,,,,,,,,,,,,,,,,,,,,,,,,,,,,,,,,Monday-Sunday: 8 AM to 2:30 PM
,,,,,,,,,,,,,,,,,,,,,,,,,,,,,,,,,,,,,,,,,,,,Monday-Sunday: 9 AM to 2:30 PM
,,,,,,,,,,,,,,,,,,,,,,,,,,,,,,,,,,,,,,,,,,,,Monday-Thursday: 9 AM to 9 PM; Friday: 9 AM to 10 PM; Saturday-Sunday: 9 AM to 5 PM
,,,,,,,,,,,,,,,,,,,,,,,,,,,,,,,,,,,,,,,,,,,,
,,,,,,,,,,,,,,,,,,,,,,,,,,,,,,,,,,,,,,,,,,,,Monday-Sunday: 7 AM to 10 PM
,,,,,,,,,,,,,,,,,,,,,,,,,,,,,,,,,,,,,,,,,,,,Monday-Sunday: 7 AM to 2 PM
,,,,,,,,,,,,,,,,,,,,,,,,,,,,,,,,,,,,,,,,,,,,Monday: Closed; Tuesday-Sunday: 9 AM to 2 PM
,,,,,,,,,,,,,,,,,,,,,,,,,,,,,,,,,,,,,,,,,,,,Monday-Friday: 9 AM to 2 PM; Saturday: 9 AM to 12 PM; Sunday: Closed
,,,,,,,,,,,,,,,,,,,,,,,,,,,,,,,,,,,,,,,,,,,,Monday-Sunday: 9 AM to 2:30 PM
,,,,,,,,,,,,,,,,,,,,,,,,,,,,,,,,,,,,,,,,,,,,Monday-Sunday: 8 AM to 3 PM
,,,,,,,,,,,,,,,,,,,,,,,,,,,,,,,,,,,,,,,,,,,,Monday-Friday: 8 AM to 7 PM; Saturday-Sunday: 8 AM to 3 PM
,,,,,,,,,,,,,,,,,,,,,,,,,,,,,,,,,,,,,,,,,,,,Monday-Sunday: 8 AM to 2 PM
,,,,,,,,,,,,,,,,,,,,,,,,,,,,,,,,,,,,,,,,,,,,Monday: 8:30 AM to 2 PM; Tuesday-Thursday: 8:30 AM to 2:30 PM; Friday: 6:30 PM to 12 AM; Saturday: 12 AM to 2:30 PM; Sunday: 8:30 AM to 2:30 PM
,,,,,,,,,,,,,,,,,,,,,,,,,,,,,,,,,,,,,,,,,,,,Monday-Sunday: 9 AM to 2 PM
,,,,,,,,,,,,,,,,,,,,,,,,,,,,,,,,,,,,,,,,,,,,Monday-Saturday: 9 AM to 9 PM; Sunday: 10 AM to 9:30 PM
,,,,,,,,,,,,,,,,,,,,,,,,,,,,,,,,,,,,,,,,,,,,Monday-Sunday: 9 AM to 2 PM
,,,,,,,,,,,,,,,,,,,,,,,,,,,,,,,,,,,,,,,,,,,,Monday-Sunday: 9 AM to 3 PM
,,,,,,,,,,,,,,,,,,,,,,,,,,,,,,,,,,,,,,,,,,,,Monday-Sunday: 9 AM to 2 PM
,,,,,,,,,,,,,,,,,,,,,,,,,,,,,,,,,,,,,,,,,,,,Monday-Sunday: 9 AM to 2 PM
,,,,,,,,,,,,,,,,,,,,,,,,,,,,,,,,,,,,,,,,,,,,Monday: 10 AM to 10 PM; Tuesday: 10 AM to 7 PM; Wednesday-Saturday: 10 AM to 10 PM; Sunday: 10 AM to 3 PM
,,,,,,,,,,,,,,,,,,,,,,,,,,,,,,,,,,,,,,,,,,,,
,,,,,,,,,,,,,,,,,,,,,,,,,,,,,,,,,,,,,,,,,,,,Monday-Saturday: 8 AM to 7 PM; Sunday: Closed
,,,,,,,,,,,,,,,,,,,,,,,,,,,,,,,,,,,,,,,,,,,,Monday-Thursday: 7 AM to 2 PM; Friday: 7 AM to 9 PM; Saturday-Sunday: 7 AM to 2 PM
,,,,,,,,,,,,,,,,,,,,,,,,,,,,,,,,,,,,,,,,,,,,Monday-Saturday: 7 AM to 9 PM; Sunday: 7 AM to 1 PM
,,,,,,,,,,,,,,,,,,,,,,,,,,,,,,,,,,,,,,,,,,,,"Monday-Saturday: 9 AM to 2:30 PM, 6:30 to 10:30 PM; Sunday: 9 AM to 2:30 PM, 6 to 10:30 PM"
,,,,,,,,,,,,,,,,,,,,,,,,,,,,,,,,,,,,,,,,,,,,
,,,,,,,,,,,,,,,,,,,,,,,,,,,,,,,,,,,,,,,,,,,,
,,,,,,,,,,,,,,,,,,,,,,,,,,,,,,,,,,,,,,,,,,,,
,,,,,,,,,,,,,,,,,,,,,,,,,,,,,,,,,,,,,,,,,,,,
,,,,,,,,,,,,,,,,,,,,,,,,,,,,,,,,,,,,,,,,,,,,Monday-Saturday: 9 AM to 12 PM; Sunday: Closed
,,,,,,,,,,,,,,,,,,,,,,,,,,,,,,,,,,,,,,,,,,,,Monday-Sunday: 7 AM to 2 PM
,,,,,,,,,,,,,,,,,,,,,,,,,,,,,,,,,,,,,,,,,,,,
,,,,,,,,,,,,,,,,,,,,,,,,,,,,,,,,,,,,,,,,,,,,Monday-Sunday: 8:30 AM to 6 PM
,,,,,,,,,,,,,,,,,,,,,,,,,,,,,,,,,,,,,,,,,,,,
,,,,,,,,,,,,,,,,,,,,,,,,,,,,,,,,,,,,,,,,,,,,Monday-Saturday: 8 AM to 10 PM; Sunday: 8 AM to 3 PM
,,,,,,,,,,,,,,,,,,,,,,,,,,,,,,,,,,,,,,,,,,,,Monday-Sunday: 9 AM to 2 PM
,,,,,,,,,,,,,,,,,,,,,,,,,,,,,,,,,,,,,,,,,,,,
,,,,,,,,,,,,,,,,,,,,,,,,,,,,,,,,,,,,,,,,,,,,Monday: Closed; Tuesday-Sunday: 10 AM to 4 PM
,,,,,,,,,,,,,,,,,,,,,,,,,,,,,,,,,,,,,,,,,,,,Monday-Friday: 10 AM to 3 PM; Saturday-Sunday: 10 AM to 2 PM
,,,,,,,,,,,,,,,,,,,,,,,,,,,,,,,,,,,,,,,,,,,,Monday: Closed; Tuesday-Sunday: 7 AM to 2 PM
,,,,,,,,,,,,,,,,,,,,,,,,,,,,,,,,,,,,,,,,,,,,Monday-Friday: 10 AM to 3:30 PM; Saturday: 10 AM to 12:30 PM; Sunday: Closed
,,,,,,,,,,,,,,,,,,,,,,,,,,,,,,,,,,,,,,,,,,,,
,,,,,,,,,,,,,,,,,,,,,,,,,,,,,,,,,,,,,,,,,,,,
,,,,,,,,,,,,,,,,,,,,,,,,,,,,,,,,,,,,,,,,,,,,
,,,,,,,,,,,,,,,,,,,,,,,,,,,,,,,,,,,,,,,,,,,,"Monday-Saturday: 8 AM to 2 PM, 4 to 10 PM; Sunday: 8 AM to 2 PM"
,,,,,,,,,,,,,,,,,,,,,,,,,,,,,,,,,,,,,,,,,,,,Monday-Sunday: 8 AM to 8 PM
,,,,,,,,,,,,,,,,,,,,,,,,,,,,,,,,,,,,,,,,,,,,
,,,,,,,,,,,,,,,,,,,,,,,,,,,,,,,,,,,,,,,,,,,,Monday-Saturday: 8 AM to 1 PM; Sunday: Closed
,,,,,,,,,,,,,,,,,,,,,,,,,,,,,,,,,,,,,,,,,,,,Monday-Sunday: 8 AM to 2 PM
,,,,,,,,,,,,,,,,,,,,,,,,,,,,,,,,,,,,,,,,,,,,Monday: 8:30 AM to 2:30 PM; Tuesday: Closed; Wednesday-Sunday: 8:30 AM to 2:30 PM
,,,,,,,,,,,,,,,,,,,,,,,,,,,,,,,,,,,,,,,,,,,,Monday-Sunday: 9 AM to 2 PM
,,,,,,,,,,,,,,,,,,,,,,,,,,,,,,,,,,,,,,,,,,,,Monday-Sunday: 8 AM to 2 PM
,,,,,,,,,,,,,,,,,,,,,,,,,,,,,,,,,,,,,,,,,,,,
,,,,,,,,,,,,,,,,,,,,,,,,,,,,,,,,,,,,,,,,,,,,Monday: 9 AM to 5 PM; Tuesday-Saturday: 8 AM to 9 PM; Sunday: 8 AM to 10 PM
,,,,,,,,,,,,,,,,,,,,,,,,,,,,,,,,,,,,,,,,,,,,Monday-Sunday: 9 AM to 6 PM
,,,,,,,,,,,,,,,,,,,,,,,,,,,,,,,,,,,,,,,,,,,,Monday-Sunday: 7:30 AM to 6 PM
,,,,,,,,,,,,,,,,,,,,,,,,,,,,,,,,,,,,,,,,,,,,Monday-Sunday: 8 AM to 2 PM
,,,,,,,,,,,,,,,,,,,,,,,,,,,,,,,,,,,,,,,,,,,,Monday-Sunday: 9 AM to 5 PM
,,,,,,,,,,,,,,,,,,,,,,,,,,,,,,,,,,,,,,,,,,,,"Monday-Saturday: 8 AM to 2 PM, 5 to 8 PM; Sunday: 8 AM to 2 PM"
,,,,,,,,,,,,,,,,,,,,,,,,,,,,,,,,,,,,,,,,,,,,Monday-Sunday: 8 AM to 2 PM
,,,,,,,,,,,,,,,,,,,,,,,,,,,,,,,,,,,,,,,,,,,,Monday-Saturday: 7 AM to 10 PM; Sunday: 7 AM to 3:30 PM
,,,,,,,,,,,,,,,,,,,,,,,,,,,,,,,,,,,,,,,,,,,,Monday-Saturday: 9 AM to 10 PM; Sunday: 9 AM to 10:30 PM
,,,,,,,,,,,,,,,,,,,,,,,,,,,,,,,,,,,,,,,,,,,,Monday-Sunday: 8 AM to 1:30 PM
,,,,,,,,,,,,,,,,,,,,,,,,,,,,,,,,,,,,,,,,,,,,Monday-Sunday: 8 AM to 2:30 PM
,,,,,,,,,,,,,,,,,,,,,,,,,,,,,,,,,,,,,,,,,,,,Monday-Sunday: 9 AM to 2:30 PM
,,,,,,,,,,,,,,,,,,,,,,,,,,,,,,,,,,,,,,,,,,,,Monday-Saturday: 8 AM to 10 PM; Sunday: 8 AM to 2 PM
,,,,,,,,,,,,,,,,,,,,,,,,,,,,,,,,,,,,,,,,,,,,Monday-Sunday: 9 AM to 2:30 PM
,,,,,,,,,,,,,,,,,,,,,,,,,,,,,,,,,,,,,,,,,,,,Monday-Saturday: 8:30 AM to 3 PM; Sunday: 8:30 AM to 2 PM
,,,,,,,,,,,,,,,,,,,,,,,,,,,,,,,,,,,,,,,,,,,,Monday: Closed; Tuesday-Wednesday: 9 AM to 6 PM; Thursday: Open 24 hours; Friday-Saturday: 8 AM to 6 PM; Sunday: 9 AM to 6 PM
,,,,,,,,,,,,,,,,,,,,,,,,,,,,,,,,,,,,,,,,,,,,Monday-Sunday: 8 AM to 5 PM
,,,,,,,,,,,,,,,,,,,,,,,,,,,,,,,,,,,,,,,,,,,,Monday: 7:30 AM to 3 PM; Tuesday-Sunday: 8:30 AM to 3 PM
,,,,,,,,,,,,,,,,,,,,,,,,,,,,,,,,,,,,,,,,,,,,Monday-Saturday: 8 AM to 2 PM; Sunday: 9 AM to 2 PM
,,,,,,,,,,,,,,,,,,,,,,,,,,,,,,,,,,,,,,,,,,,,Monday-Sunday: 7 AM to 3 AM
,,,,,,,,,,,,,,,,,,,,,,,,,,,,,,,,,,,,,,,,,,,,
,,,,,,,,,,,,,,,,,,,,,,,,,,,,,,,,,,,,,,,,,,,,Monday-Saturday: 8 AM to 10 PM; Sunday: 8 AM to 3 PM
,,,,,,,,,,,,,,,,,,,,,,,,,,,,,,,,,,,,,,,,,,,,Monday-Saturday: 8 AM to 10 PM; Sunday: 8:15 AM to 6 PM
,,,,,,,,,,,,,,,,,,,,,,,,,,,,,,,,,,,,,,,,,,,,Monday-Saturday: 8 AM to 7 PM; Sunday: Closed
,,,,,,,,,,,,,,,,,,,,,,,,,,,,,,,,,,,,,,,,,,,,Monday-Thursday: 7 AM to 2 PM; Friday: 7 AM to 9 PM; Saturday-Sunday: 7 AM to 2 PM
,,,,,,,,,,,,,,,,,,,,,,,,,,,,,,,,,,,,,,,,,,,,Monday-Sunday: 7 AM to 2 PM
,,,,,,,,,,,,,,,,,,,,,,,,,,,,,,,,,,,,,,,,,,,,Monday-Tuesday: 8:30 AM to 10 PM; Wednesday: 8:30 AM to 10:30 PM; Thursday-Friday: 8:30 AM to 10 PM; Saturday: 8:30 AM to 4:30 PM; Sunday: 8:30 AM to 2:30 PM
,,,,,,,,,,,,,,,,,,,,,,,,,,,,,,,,,,,,,,,,,,,,Monday-Sunday: 7 AM to 2 PM
,,,,,,,,,,,,,,,,,,,,,,,,,,,,,,,,,,,,,,,,,,,,
,,,,,,,,,,,,,,,,,,,,,,,,,,,,,,,,,,,,,,,,,,,,Monday: Closed; Tuesday-Sunday: 10 AM to 10 PM
,,,,,,,,,,,,,,,,,,,,,,,,,,,,,,,,,,,,,,,,,,,,Monday-Saturday: Open 24 hours; Sunday: 6 AM to 9:30 PM
,,,,,,,,,,,,,,,,,,,,,,,,,,,,,,,,,,,,,,,,,,,,
,,,,,,,,,,,,,,,,,,,,,,,,,,,,,,,,,,,,,,,,,,,,
,,,,,,,,,,,,,,,,,,,,,,,,,,,,,,,,,,,,,,,,,,,,Monday-Sunday: 8 AM to 8 PM
,,,,,,,,,,,,,,,,,,,,,,,,,,,,,,,,,,,,,,,,,,,,Monday-Sunday: 10 AM to 2 PM
,,,,,,,,,,,,,,,,,,,,,,,,,,,,,,,,,,,,,,,,,,,,
,,,,,,,,,,,,,,,,,,,,,,,,,,,,,,,,,,,,,,,,,,,,Monday-Sunday: 8 AM to 2 PM
,,,,,,,,,,,,,,,,,,,,,,,,,,,,,,,,,,,,,,,,,,,,Monday-Sunday: 9 AM to 9 PM
,,,,,,,,,,,,,,,,,,,,,,,,,,,,,,,,,,,,,,,,,,,,Monday-Saturday: 8 AM to 9 PM; Sunday: 8 AM to 2 PM
,,,,,,,,,,,,,,,,,,,,,,,,,,,,,,,,,,,,,,,,,,,,Monday-Saturday: 8 AM to 2 PM; Sunday: 8:30 AM to 2 PM
,,,,,,,,,,,,,,,,,,,,,,,,,,,,,,,,,,,,,,,,,,,,Monday-Saturday: 9 AM to 5 PM; Sunday: Closed
,,,,,,,,,,,,,,,,,,,,,,,,,,,,,,,,,,,,,,,,,,,,Monday-Sunday: 8 AM to 3 PM
,,,,,,,,,,,,,,,,,,,,,,,,,,,,,,,,,,,,,,,,,,,,"Monday-Friday: 8 AM to 11 PM; Saturday: 8 AM to 2 PM, 6 to 11 PM; Sunday: 8 AM to 1 PM"
,,,,,,,,,,,,,,,,,,,,,,,,,,,,,,,,,,,,,,,,,,,,
,,,,,,,,,,,,,,,,,,,,,,,,,,,,,,,,,,,,,,,,,,,,Monday-Sunday: 8 AM to 7:30 PM
,,,,,,,,,,,,,,,,,,,,,,,,,,,,,,,,,,,,,,,,,,,,Monday-Saturday: 9 AM to 9 PM; Sunday: 9 AM to 1 PM
,,,,,,,,,,,,,,,,,,,,,,,,,,,,,,,,,,,,,,,,,,,,Monday: 9 AM to 9 PM; Tuesday-Saturday: 8 AM to 9 PM; Sunday: 9 AM to 4 PM
,,,,,,,,,,,,,,,,,,,,,,,,,,,,,,,,,,,,,,,,,,,,Monday-Sunday: 8 AM to 9 PM
,,,,,,,,,,,,,,,,,,,,,,,,,,,,,,,,,,,,,,,,,,,,
,,,,,,,,,,,,,,,,,,,,,,,,,,,,,,,,,,,,,,,,,,,,Monday-Wednesday: 9 AM to 2:30 PM; Thursday-Friday: 8:30 AM to 5 PM; Saturday: 9 AM to 2:30 PM; Sunday: 8:30 AM to 1 PM
