additionalInfo/Acessibilidade/0/Assento com acessibilidade para pessoas em cadeira de rodas,additionalInfo/Acessibilidade/0/Banheiro com acessibilidade para pessoas em cadeira de rodas,additionalInfo/Acessibilidade/0/Entrada com acessibilidade para pessoas em cadeira de rodas,additionalInfo/Acessibilidade/0/Estacionamento com acessibilidade para pessoas em cadeira de rodas,additionalInfo/Acessibilidade/1/Assento com acessibilidade para pessoas em cadeira de rodas,additionalInfo/Acessibilidade/1/Banheiro com acessibilidade para pessoas em cadeira de rodas,additionalInfo/Acessibilidade/1/Entrada com acessibilidade para pessoas em cadeira de rodas,additionalInfo/Acessibilidade/1/Estacionamento com acessibilidade para pessoas em cadeira de rodas,additionalInfo/Acessibilidade/2/Banheiro com acessibilidade para pessoas em cadeira de rodas,additionalInfo/Acessibilidade/2/Estacionamento com acessibilidade para pessoas em cadeira de rodas,additionalInfo/Acessibilidade/3/Entrada com acessibilidade para pessoas em cadeira de rodas,additionalInfo/Ambiente/0/Aconchegante,additionalInfo/Ambiente/0/Casual,additionalInfo/Ambiente/1/Casual,additionalInfo/Comodidades/0/Banheiro,additionalInfo/Comodidades/0/Wi-Fi,additionalInfo/Comodidades/1/Bar no local,additionalInfo/Comodidades/1/Wi-Fi,additionalInfo/Comodidades/1/Wi-Fi gratuito,additionalInfo/Comodidades/1/Wi-Fi pago,additionalInfo/Comodidades/2/Banheiro,additionalInfo/Comodidades/2/Wi-Fi,additionalInfo/Comodidades/2/Wi-Fi gratuito,additionalInfo/Comodidades/3/Wi-Fi gratuito,additionalInfo/Destaques/0/Esportes,additionalInfo/Destaques/0/Música ao vivo,additionalInfo/Destaques/1/Música ao vivo,additionalInfo/Destaques/1/Shows ao vivo,additionalInfo/Destaques/2/Ótimos coquetéis,additionalInfo/Destaques/3/Shows ao vivo,additionalInfo/Estacionamento/0/Estacionamento descoberto gratuito,additionalInfo/Estacionamento/1/Estacionamento gratuito na rua,additionalInfo/Opções de refeição/0/Café da manhã,additionalInfo/Opções de refeição/0/Lugar para sentar,additionalInfo/Opções de refeição/0/Permite trazer comida de fora,additionalInfo/Opções de serviço/0/Compras na loja,additionalInfo/Opções de serviço/0/Entrega,additionalInfo/Opções de serviço/0/Entrega sem contato,additionalInfo/Opções de serviço/0/Para viagem,additionalInfo/Opções de serviço/0/Refeição no local,additionalInfo/Opções de serviço/0/Retirada na loja,additionalInfo/Opções de serviço/0/Retirada na porta,additionalInfo/Opções de serviço/1/Compras na loja,additionalInfo/Opções de serviço/1/Drive-through,additionalInfo/Opções de serviço/1/Entrega,additionalInfo/Opções de serviço/1/Entrega no mesmo dia,additionalInfo/Opções de serviço/1/Entrega sem contato,additionalInfo/Opções de serviço/1/Refeição no local,additionalInfo/Opções de serviço/1/Retirada na loja,additionalInfo/Opções de serviço/2/Compras na loja,additionalInfo/Opções de serviço/2/Drive-through,additionalInfo/Opções de serviço/2/Entrega,additionalInfo/Opções de serviço/2/Entrega no mesmo dia,additionalInfo/Opções de serviço/2/Para viagem,additionalInfo/Opções de serviço/2/Refeição no local,additionalInfo/Opções de serviço/2/Retirada na loja,additionalInfo/Opções de serviço/3/Compras na loja,additionalInfo/Opções de serviço/3/Entrega,additionalInfo/Opções de serviço/3/Entrega no mesmo dia,additionalInfo/Opções de serviço/3/Para viagem,additionalInfo/Opções de serviço/3/Refeição no local,additionalInfo/Opções de serviço/3/Retirada na loja,additionalInfo/Opções de serviço/4/Compras na loja,additionalInfo/Opções de serviço/4/Entrega,additionalInfo/Opções de serviço/4/Entrega no mesmo dia,additionalInfo/Opções de serviço/4/Refeição no local,additionalInfo/Opções de serviço/5/Entrega no mesmo dia,additionalInfo/Opções de serviço/5/Para viagem,additionalInfo/Opções de serviço/6/Refeição no local,additionalInfo/Opções de serviço/7/Entrega no mesmo dia,additionalInfo/Opções no menu/0/Alimentação,additionalInfo/Opções no menu/0/Alimentos preparados,additionalInfo/Opções no menu/0/Bebidas alcoólicas,additionalInfo/Opções no menu/0/Diesel,additionalInfo/Opções no menu/1/Bebidas alcoólicas,additionalInfo/Opções no menu/1/Bebidas destiladas,additionalInfo/Opções no menu/2/Bebidas destiladas,additionalInfo/Opções no menu/2/Café,additionalInfo/Opções no menu/2/Cerveja,additionalInfo/Opções no menu/3/Cerveja,additionalInfo/Opções no menu/3/Dança,additionalInfo/Opções no menu/4/Comida no bar,additionalInfo/Opções no menu/4/Coquetéis,additionalInfo/Opções no menu/4/Vinho,additionalInfo/Opções no menu/5/Comida tarde da noite,additionalInfo/Opções no menu/5/Coquetéis,additionalInfo/Opções no menu/5/Porções pequenas,additionalInfo/Opções no menu/6/Porções pequenas,additionalInfo/Opções no menu/6/Vinho,additionalInfo/Pagamentos/0/Aceita somente dinheiro,additionalInfo/Pagamentos/0/Cartões de crédito,additionalInfo/Pagamentos/0/Cartões de débito,additionalInfo/Pagamentos/1/Cartão de crédito,additionalInfo/Pagamentos/1/Cartões de crédito,additionalInfo/Pagamentos/1/Cartões de débito,additionalInfo/Pagamentos/1/Pagamentos por dispositivo móvel via NFC,additionalInfo/Pagamentos/2/Cartão de crédito,additionalInfo/Pagamentos/2/Cartões de débito,additionalInfo/Pagamentos/2/Pagamentos por dispositivo móvel via NFC,additionalInfo/Pagamentos/3/Cartão de crédito,additionalInfo/Pagamentos/3/Pagamentos por dispositivo móvel via NFC,additionalInfo/Pagamentos/4/Cartão de crédito,additionalInfo/Planejamento/0/Aceita reservas,additionalInfo/Planejamento/0/Necessário fazer agendamento,additionalInfo/Público/0/Empresa que acolhe a comunidade LGBTQ+,additionalInfo/Público/0/Grupos,additionalInfo/Público/1/Espaço seguro para pessoas transgênero,additionalInfo/Público/2/Grupos,additionalInfo/Reciclagem/0/Garrafas de vidro,additionalInfo/Reciclagem/0/Garrafas plásticas,additionalInfo/Reciclagem/1/Garrafas plásticas,address,categories/0,categories/1,categories/2,categories/3,categories/4,categories/5,categories/6,categories/7,categories/8,categoryName,cid,city,countryCode,fid,googleFoodUrl,locatedIn,location/lat,location/lng,menu,neighborhood,openingHours/0/day,openingHours/0/hours,openingHours/1/day,openingHours/1/hours,openingHours/2/day,openingHours/2/hours,openingHours/3/day,openingHours/3/hours,openingHours/4/day,openingHours/4/hours,openingHours/5/day,openingHours/5/hours,openingHours/6/day,openingHours/6/hours,peopleAlsoSearch/0/reviewsCount,peopleAlsoSearch/0/title,peopleAlsoSearch/0/totalScore,peopleAlsoSearch/1/category,peopleAlsoSearch/1/reviewsCount,peopleAlsoSearch/1/title,peopleAlsoSearch/1/totalScore,peopleAlsoSearch/2/category,peopleAlsoSearch/2/reviewsCount,peopleAlsoSearch/2/title,peopleAlsoSearch/2/totalScore,peopleAlsoSearch/3/category,peopleAlsoSearch/3/reviewsCount,peopleAlsoSearch/3/title,peopleAlsoSearch/3/totalScore,peopleAlsoSearch/4/category,peopleAlsoSearch/4/reviewsCount,peopleAlsoSearch/4/title,peopleAlsoSearch/4/totalScore,phone,phoneUnformatted,placeId,plusCode,popularTimesHistogram/Fr/0/hour,popularTimesHistogram/Fr/0/occupancyPercent,popularTimesHistogram/Fr/1/hour,popularTimesHistogram/Fr/1/occupancyPercent,popularTimesHistogram/Fr/2/hour,popularTimesHistogram/Fr/2/occupancyPercent,popularTimesHistogram/Fr/3/hour,popularTimesHistogram/Fr/3/occupancyPercent,popularTimesHistogram/Fr/4/hour,popularTimesHistogram/Fr/4/occupancyPercent,popularTimesHistogram/Fr/5/hour,popularTimesHistogram/Fr/5/occupancyPercent,popularTimesHistogram/Fr/6/hour,popularTimesHistogram/Fr/6/occupancyPercent,popularTimesHistogram/Fr/7/hour,popularTimesHistogram/Fr/7/occupancyPercent,popularTimesHistogram/Fr/8/hour,popularTimesHistogram/Fr/8/occupancyPercent,popularTimesHistogram/Fr/9/hour,popularTimesHistogram/Fr/9/occupancyPercent,popularTimesHistogram/Fr/10/hour,popularTimesHistogram/Fr/10/occupancyPercent,popularTimesHistogram/Fr/11/hour,popularTimesHistogram/Fr/11/occupancyPercent,popularTimesHistogram/Fr/12/hour,popularTimesHistogram/Fr/12/occupancyPercent,popularTimesHistogram/Fr/13/hour,popularTimesHistogram/Fr/13/occupancyPercent,popularTimesHistogram/Fr/14/hour,popularTimesHistogram/Fr/14/occupancyPercent,popularTimesHistogram/Fr/15/hour,popularTimesHistogram/Fr/15/occupancyPercent,popularTimesHistogram/Fr/16/hour,popularTimesHistogram/Fr/16/occupancyPercent,popularTimesHistogram/Fr/17/hour,popularTimesHistogram/Fr/17/occupancyPercent,popularTimesHistogram/Fr/18/hour,popularTimesHistogram/Fr/18/occupancyPercent,popularTimesHistogram/Fr/19/hour,popularTimesHistogram/Fr/19/occupancyPercent,popularTimesHistogram/Fr/20/hour,popularTimesHistogram/Fr/20/occupancyPercent,popularTimesHistogram/Fr/21/hour,popularTimesHistogram/Fr/21/occupancyPercent,popularTimesHistogram/Fr/22/hour,popularTimesHistogram/Fr/22/occupancyPercent,popularTimesHistogram/Fr/23/hour,popularTimesHistogram/Fr/23/occupancyPercent,popularTimesHistogram/Mo/0/hour,popularTimesHistogram/Mo/0/occupancyPercent,popularTimesHistogram/Mo/1/hour,popularTimesHistogram/Mo/1/occupancyPercent,popularTimesHistogram/Mo/2/hour,popularTimesHistogram/Mo/2/occupancyPercent,popularTimesHistogram/Mo/3/hour,popularTimesHistogram/Mo/3/occupancyPercent,popularTimesHistogram/Mo/4/hour,popularTimesHistogram/Mo/4/occupancyPercent,popularTimesHistogram/Mo/5/hour,popularTimesHistogram/Mo/5/occupancyPercent,popularTimesHistogram/Mo/6/hour,popularTimesHistogram/Mo/6/occupancyPercent,popularTimesHistogram/Mo/7/hour,popularTimesHistogram/Mo/7/occupancyPercent,popularTimesHistogram/Mo/8/hour,popularTimesHistogram/Mo/8/occupancyPercent,popularTimesHistogram/Mo/9/hour,popularTimesHistogram/Mo/9/occupancyPercent,popularTimesHistogram/Mo/10/hour,popularTimesHistogram/Mo/10/occupancyPercent,popularTimesHistogram/Mo/11/hour,popularTimesHistogram/Mo/11/occupancyPercent,popularTimesHistogram/Mo/12/hour,popularTimesHistogram/Mo/12/occupancyPercent,popularTimesHistogram/Mo/13/hour,popularTimesHistogram/Mo/13/occupancyPercent,popularTimesHistogram/Mo/14/hour,popularTimesHistogram/Mo/14/occupancyPercent,popularTimesHistogram/Mo/15/hour,popularTimesHistogram/Mo/15/occupancyPercent,popularTimesHistogram/Mo/16/hour,popularTimesHistogram/Mo/16/occupancyPercent,popularTimesHistogram/Mo/17/hour,popularTimesHistogram/Mo/17/occupancyPercent,popularTimesHistogram/Mo/18/hour,popularTimesHistogram/Mo/18/occupancyPercent,popularTimesHistogram/Mo/19/hour,popularTimesHistogram/Mo/19/occupancyPercent,popularTimesHistogram/Mo/20/hour,popularTimesHistogram/Mo/20/occupancyPercent,popularTimesHistogram/Mo/21/hour,popularTimesHistogram/Mo/21/occupancyPercent,popularTimesHistogram/Mo/22/hour,popularTimesHistogram/Mo/22/occupancyPercent,popularTimesHistogram/Mo/23/hour,popularTimesHistogram/Mo/23/occupancyPercent,popularTimesHistogram/Mo/24/hour,popularTimesHistogram/Mo/24/occupancyPercent,popularTimesHistogram/Sa/0/hour,popularTimesHistogram/Sa/0/occupancyPercent,popularTimesHistogram/Sa/1/hour,popularTimesHistogram/Sa/1/occupancyPercent,popularTimesHistogram/Sa/2/hour,popularTimesHistogram/Sa/2/occupancyPercent,popularTimesHistogram/Sa/3/hour,popularTimesHistogram/Sa/3/occupancyPercent,popularTimesHistogram/Sa/4/hour,popularTimesHistogram/Sa/4/occupancyPercent,popularTimesHistogram/Sa/5/hour,popularTimesHistogram/Sa/5/occupancyPercent,popularTimesHistogram/Sa/6/hour,popularTimesHistogram/Sa/6/occupancyPercent,popularTimesHistogram/Sa/7/hour,popularTimesHistogram/Sa/7/occupancyPercent,popularTimesHistogram/Sa/8/hour,popularTimesHistogram/Sa/8/occupancyPercent,popularTimesHistogram/Sa/9/hour,popularTimesHistogram/Sa/9/occupancyPercent,popularTimesHistogram/Sa/10/hour,popularTimesHistogram/Sa/10/occupancyPercent,popularTimesHistogram/Sa/11/hour,popularTimesHistogram/Sa/11/occupancyPercent,popularTimesHistogram/Sa/12/hour,popularTimesHistogram/Sa/12/occupancyPercent,popularTimesHistogram/Sa/13/hour,popularTimesHistogram/Sa/13/occupancyPercent,popularTimesHistogram/Sa/14/hour,popularTimesHistogram/Sa/14/occupancyPercent,popularTimesHistogram/Sa/15/hour,popularTimesHistogram/Sa/15/occupancyPercent,popularTimesHistogram/Sa/16/hour,popularTimesHistogram/Sa/16/occupancyPercent,popularTimesHistogram/Sa/17/hour,popularTimesHistogram/Sa/17/occupancyPercent,popularTimesHistogram/Sa/18/hour,popularTimesHistogram/Sa/18/occupancyPercent,popularTimesHistogram/Sa/19/hour,popularTimesHistogram/Sa/19/occupancyPercent,popularTimesHistogram/Sa/20/hour,popularTimesHistogram/Sa/20/occupancyPercent,popularTimesHistogram/Sa/21/hour,popularTimesHistogram/Sa/21/occupancyPercent,popularTimesHistogram/Sa/22/hour,popularTimesHistogram/Sa/22/occupancyPercent,popularTimesHistogram/Sa/23/hour,popularTimesHistogram/Sa/23/occupancyPercent,popularTimesHistogram/Su/0/hour,popularTimesHistogram/Su/0/occupancyPercent,popularTimesHistogram/Su/1/hour,popularTimesHistogram/Su/1/occupancyPercent,popularTimesHistogram/Su/2/hour,popularTimesHistogram/Su/2/occupancyPercent,popularTimesHistogram/Su/3/hour,popularTimesHistogram/Su/3/occupancyPercent,popularTimesHistogram/Su/4/hour,popularTimesHistogram/Su/4/occupancyPercent,popularTimesHistogram/Su/5/hour,popularTimesHistogram/Su/5/occupancyPercent,popularTimesHistogram/Su/6/hour,popularTimesHistogram/Su/6/occupancyPercent,popularTimesHistogram/Su/7/hour,popularTimesHistogram/Su/7/occupancyPercent,popularTimesHistogram/Su/8/hour,popularTimesHistogram/Su/8/occupancyPercent,popularTimesHistogram/Su/9/hour,popularTimesHistogram/Su/9/occupancyPercent,popularTimesHistogram/Su/10/hour,popularTimesHistogram/Su/10/occupancyPercent,popularTimesHistogram/Su/11/hour,popularTimesHistogram/Su/11/occupancyPercent,popularTimesHistogram/Su/12/hour,popularTimesHistogram/Su/12/occupancyPercent,popularTimesHistogram/Su/13/hour,popularTimesHistogram/Su/13/occupancyPercent,popularTimesHistogram/Su/14/hour,popularTimesHistogram/Su/14/occupancyPercent,popularTimesHistogram/Su/15/hour,popularTimesHistogram/Su/15/occupancyPercent,popularTimesHistogram/Su/16/hour,popularTimesHistogram/Su/16/occupancyPercent,popularTimesHistogram/Su/17/hour,popularTimesHistogram/Su/17/occupancyPercent,popularTimesHistogram/Su/18/hour,popularTimesHistogram/Su/18/occupancyPercent,popularTimesHistogram/Su/19/hour,popularTimesHistogram/Su/19/occupancyPercent,popularTimesHistogram/Su/20/hour,popularTimesHistogram/Su/20/occupancyPercent,popularTimesHistogram/Su/21/hour,popularTimesHistogram/Su/21/occupancyPercent,popularTimesHistogram/Su/22/hour,popularTimesHistogram/Su/22/occupancyPercent,popularTimesHistogram/Su/23/hour,popularTimesHistogram/Su/23/occupancyPercent,popularTimesHistogram/Th/0/hour,popularTimesHistogram/Th/0/occupancyPercent,popularTimesHistogram/Th/1/hour,popularTimesHistogram/Th/1/occupancyPercent,popularTimesHistogram/Th/2/hour,popularTimesHistogram/Th/2/occupancyPercent,popularTimesHistogram/Th/3/hour,popularTimesHistogram/Th/3/occupancyPercent,popularTimesHistogram/Th/4/hour,popularTimesHistogram/Th/4/occupancyPercent,popularTimesHistogram/Th/5/hour,popularTimesHistogram/Th/5/occupancyPercent,popularTimesHistogram/Th/6/hour,popularTimesHistogram/Th/6/occupancyPercent,popularTimesHistogram/Th/7/hour,popularTimesHistogram/Th/7/occupancyPercent,popularTimesHistogram/Th/8/hour,popularTimesHistogram/Th/8/occupancyPercent,popularTimesHistogram/Th/9/hour,popularTimesHistogram/Th/9/occupancyPercent,popularTimesHistogram/Th/10/hour,popularTimesHistogram/Th/10/occupancyPercent,popularTimesHistogram/Th/11/hour,popularTimesHistogram/Th/11/occupancyPercent,popularTimesHistogram/Th/12/hour,popularTimesHistogram/Th/12/occupancyPercent,popularTimesHistogram/Th/13/hour,popularTimesHistogram/Th/13/occupancyPercent,popularTimesHistogram/Th/14/hour,popularTimesHistogram/Th/14/occupancyPercent,popularTimesHistogram/Th/15/hour,popularTimesHistogram/Th/15/occupancyPercent,popularTimesHistogram/Th/16/hour,popularTimesHistogram/Th/16/occupancyPercent,popularTimesHistogram/Th/17/hour,popularTimesHistogram/Th/17/occupancyPercent,popularTimesHistogram/Th/18/hour,popularTimesHistogram/Th/18/occupancyPercent,popularTimesHistogram/Th/19/hour,popularTimesHistogram/Th/19/occupancyPercent,popularTimesHistogram/Th/20/hour,popularTimesHistogram/Th/20/occupancyPercent,popularTimesHistogram/Th/21/hour,popularTimesHistogram/Th/21/occupancyPercent,popularTimesHistogram/Th/22/hour,popularTimesHistogram/Th/22/occupancyPercent,popularTimesHistogram/Th/23/hour,popularTimesHistogram/Th/23/occupancyPercent,popularTimesHistogram/Tu/0/hour,popularTimesHistogram/Tu/0/occupancyPercent,popularTimesHistogram/Tu/1/hour,popularTimesHistogram/Tu/1/occupancyPercent,popularTimesHistogram/Tu/2/hour,popularTimesHistogram/Tu/2/occupancyPercent,popularTimesHistogram/Tu/3/hour,popularTimesHistogram/Tu/3/occupancyPercent,popularTimesHistogram/Tu/4/hour,popularTimesHistogram/Tu/4/occupancyPercent,popularTimesHistogram/Tu/5/hour,popularTimesHistogram/Tu/5/occupancyPercent,popularTimesHistogram/Tu/6/hour,popularTimesHistogram/Tu/6/occupancyPercent,popularTimesHistogram/Tu/7/hour,popularTimesHistogram/Tu/7/occupancyPercent,popularTimesHistogram/Tu/8/hour,popularTimesHistogram/Tu/8/occupancyPercent,popularTimesHistogram/Tu/9/hour,popularTimesHistogram/Tu/9/occupancyPercent,popularTimesHistogram/Tu/10/hour,popularTimesHistogram/Tu/10/occupancyPercent,popularTimesHistogram/Tu/11/hour,popularTimesHistogram/Tu/11/occupancyPercent,popularTimesHistogram/Tu/12/hour,popularTimesHistogram/Tu/12/occupancyPercent,popularTimesHistogram/Tu/13/hour,popularTimesHistogram/Tu/13/occupancyPercent,popularTimesHistogram/Tu/14/hour,popularTimesHistogram/Tu/14/occupancyPercent,popularTimesHistogram/Tu/15/hour,popularTimesHistogram/Tu/15/occupancyPercent,popularTimesHistogram/Tu/16/hour,popularTimesHistogram/Tu/16/occupancyPercent,popularTimesHistogram/Tu/17/hour,popularTimesHistogram/Tu/17/occupancyPercent,popularTimesHistogram/Tu/18/hour,popularTimesHistogram/Tu/18/occupancyPercent,popularTimesHistogram/Tu/19/hour,popularTimesHistogram/Tu/19/occupancyPercent,popularTimesHistogram/Tu/20/hour,popularTimesHistogram/Tu/20/occupancyPercent,popularTimesHistogram/Tu/21/hour,popularTimesHistogram/Tu/21/occupancyPercent,popularTimesHistogram/Tu/22/hour,popularTimesHistogram/Tu/22/occupancyPercent,popularTimesHistogram/Tu/23/hour,popularTimesHistogram/Tu/23/occupancyPercent,popularTimesHistogram/We/0/hour,popularTimesHistogram/We/0/occupancyPercent,popularTimesHistogram/We/1/hour,popularTimesHistogram/We/1/occupancyPercent,popularTimesHistogram/We/2/hour,popularTimesHistogram/We/2/occupancyPercent,popularTimesHistogram/We/3/hour,popularTimesHistogram/We/3/occupancyPercent,popularTimesHistogram/We/4/hour,popularTimesHistogram/We/4/occupancyPercent,popularTimesHistogram/We/5/hour,popularTimesHistogram/We/5/occupancyPercent,popularTimesHistogram/We/6/hour,popularTimesHistogram/We/6/occupancyPercent,popularTimesHistogram/We/7/hour,popularTimesHistogram/We/7/occupancyPercent,popularTimesHistogram/We/8/hour,popularTimesHistogram/We/8/occupancyPercent,popularTimesHistogram/We/9/hour,popularTimesHistogram/We/9/occupancyPercent,popularTimesHistogram/We/10/hour,popularTimesHistogram/We/10/occupancyPercent,popularTimesHistogram/We/11/hour,popularTimesHistogram/We/11/occupancyPercent,popularTimesHistogram/We/12/hour,popularTimesHistogram/We/12/occupancyPercent,popularTimesHistogram/We/13/hour,popularTimesHistogram/We/13/occupancyPercent,popularTimesHistogram/We/14/hour,popularTimesHistogram/We/14/occupancyPercent,popularTimesHistogram/We/15/hour,popularTimesHistogram/We/15/occupancyPercent,popularTimesHistogram/We/16/hour,popularTimesHistogram/We/16/occupancyPercent,popularTimesHistogram/We/17/hour,popularTimesHistogram/We/17/occupancyPercent,popularTimesHistogram/We/18/hour,popularTimesHistogram/We/18/occupancyPercent,popularTimesHistogram/We/19/hour,popularTimesHistogram/We/19/occupancyPercent,popularTimesHistogram/We/20/hour,popularTimesHistogram/We/20/occupancyPercent,popularTimesHistogram/We/21/hour,popularTimesHistogram/We/21/occupancyPercent,popularTimesHistogram/We/22/hour,popularTimesHistogram/We/22/occupancyPercent,popularTimesHistogram/We/23/hour,popularTimesHistogram/We/23/occupancyPercent,popularTimesLivePercent,postalCode,price,rank,reserveTableUrl,reviewsCount,reviewsDistribution,reviewsDistribution/fiveStar,reviewsDistribution/fourStar,reviewsDistribution/oneStar,reviewsDistribution/threeStar,reviewsDistribution/twoStar,state,street,subTitle,tableReservationLinks/0/name,tableReservationLinks/0/url,title,totalScore,url,website
,,,,,,,,,,,,,,,,,,,,,,,,,,,,,,,,,,,,,,,,,TRUE,,,TRUE,,,,,,,,TRUE,,,,,,,,,,,,,,,,,,,,,,,,,,,,,,,,,,,,,,TRUE,,,,TRUE,,,,TRUE,TRUE,,,,,,,,,,,,"R. Quinze de Agosto, 420 - Cruzeiro, Belém - PA, 66810-070, Brasil",Loja de Conveniência,,,,,,,,,Loja de Conveniência,1.60576E+19,Belém,BR,0x92a465b8d004cd69:0xded83510acf61bb8,,,-1.2973349,-48.4838499,,Cruzeiro,segunda-feira,09:00 to 22:00,terça-feira,09:00 to 22:00,quarta-feira,09:00 to 22:00,quinta-feira,09:00 to 00:00,sexta-feira,09:00 to 00:00,sábado,09:00 to 00:00,domingo,09:00 to 00:00,,,,,,,,,,,,,,,,,,,,+55 91 99331-6403,5591993316403,ChIJac0E0LhlpJIRuBv2rBA12N4,"PG38+3F Cruzeiro, Belém - PA, Brasil",6,0,7,0,8,0,9,30,10,69,11,30,12,15,13,0,14,7,15,30,16,38,17,46,18,23,19,7,20,0,21,7,22,38,23,53,,,,,,,,,,,,,6,0,7,0,8,0,9,15,10,7,11,7,12,15,13,46,14,30,15,23,16,30,17,30,18,61,19,46,20,15,21,0,22,0,23,0,,,,,,,,,,,,,,,6,0,7,0,8,0,9,53,10,69,11,69,12,76,13,38,14,30,15,15,16,30,17,30,18,53,19,61,20,53,21,23,22,7,23,0,,,,,,,,,,,,,6,0,7,0,8,0,9,61,10,46,11,23,12,23,13,46,14,46,15,69,16,53,17,30,18,7,19,7,20,15,21,46,22,53,23,46,,,,,,,,,,,,,6,0,7,0,8,0,9,30,10,38,11,46,12,23,13,23,14,7,15,0,16,7,17,0,18,0,19,7,20,15,21,30,22,15,23,15,,,,,,,,,,,,,6,0,7,0,8,0,9,76,10,38,11,15,12,0,13,7,14,23,15,7,16,7,17,23,18,61,19,61,20,61,21,100,22,0,23,0,,,,,,,,,,,,,6,0,7,0,8,0,9,0,10,0,11,7,12,7,13,0,14,0,15,7,16,30,17,30,18,53,19,30,20,7,21,7,22,0,23,0,,,,,,,,,,,,,,66810-070,,17,,0,,,,,,,Pará,"R. Quinze de Agosto, 420",,,,DELGADO BEBIDAS - A sua Conveniência,,https://www.google.com/maps/search/?api=1&query=DELGADO%20BEBIDAS%20-%20A%20sua%20Conveni%C3%AAncia&query_place_id=ChIJac0E0LhlpJIRuBv2rBA12N4,
,,,,,,,,,,,,,,,,,,,,,,,,,,,,,,,,,,,,,,,,,,,,,,,,,,,,,,,,,,,,,,,,,,,,,,,,,,,,,,,,,,,,,,,,,,TRUE,,,,,,,,,,,,,,,,,,,,,"Estr. do Bonfim - Mosqueiro, Belém - PA, 66920-270, Brasil",Loja de Conveniência,,,,,,,,,Loja de Conveniência,1.57657E+19,Belém,BR,0x92a4156ebda0d0e5:0xdacb27edbac7cc53,,,-1.1130575,-48.4105881,,Mosqueiro,,,,,,,,,,,,,,,3,Bar E Conveniência Caruaru,4.3,Outras pessoas pesquisaram,197,Bar Parada Obrigatória,4.1,,,,,,,,,,,,,+55 91 98912-7661,5591989127661,ChIJ5dCgvW4VpJIRU8zHuu0ny9o,"VHPQ+QQ Mosqueiro, Belém - PA, Brasil",,,,,,,,,,,,,,,,,,,,,,,,,,,,,,,,,,,,,,,,,,,,,,,,,,,,,,,,,,,,,,,,,,,,,,,,,,,,,,,,,,,,,,,,,,,,,,,,,,,,,,,,,,,,,,,,,,,,,,,,,,,,,,,,,,,,,,,,,,,,,,,,,,,,,,,,,,,,,,,,,,,,,,,,,,,,,,,,,,,,,,,,,,,,,,,,,,,,,,,,,,,,,,,,,,,,,,,,,,,,,,,,,,,,,,,,,,,,,,,,,,,,,,,,,,,,,,,,,,,,,,,,,,,,,,,,,,,,,,,,,,,,,,,,,,,,,,,,,,,,,,,,,,,,,,,,,,,,,,,,,,,,,,,,,,,,,,,,,,,,66920-270,,19,,0,,,,,,,Pará,Estr. do Bonfim,,,,Bar e conveniência Parada Obrigatória,,https://www.google.com/maps/search/?api=1&query=Bar%20e%20conveni%C3%AAncia%20Parada%20Obrigat%C3%B3ria&query_place_id=ChIJ5dCgvW4VpJIRU8zHuu0ny9o,
,,,,,,,,,,,,,,TRUE,,,,,,,,,,,,,,,,,,,,,,,,,,,TRUE,,,,,TRUE,,,,,TRUE,,,,,,,,TRUE,,,,,,TRUE,,,,,TRUE,,,,TRUE,,TRUE,,,TRUE,,TRUE,,,,,,,,,,,,,,,,,,,,,,,,,,,,,,"Tv. WE 04, 473 - Tenoné, Belém - PA, 66820-711, Brasil",Bar com karaokê,Loja de Conveniência,Casa noturna,,,,,,,Bar com karaokê,1.66795E+19,Belém,BR,0x92a48dc1cabeb8b3:0xe779516250ea57b0,,,-1.319976,-48.4318451,,Tenoné,,,,,,,,,,,,,,,6,Restaurante Trivial,4.8,Outras pessoas pesquisaram,0,Bibiarestor,0,Outras pessoas pesquisaram,0,Love Buzz Gastro Arte,0,,,,,,,,,+55 91 98622-5297,5591986225297,ChIJs7i-ysGNpJIRsFfqUGJReec,"MHJ9+27 Tenoné, Belém - PA, Brasil",,,,,,,,,,,,,,,,,,,,,,,,,,,,,,,,,,,,,,,,,,,,,,,,,,,,,,,,,,,,,,,,,,,,,,,,,,,,,,,,,,,,,,,,,,,,,,,,,,,,,,,,,,,,,,,,,,,,,,,,,,,,,,,,,,,,,,,,,,,,,,,,,,,,,,,,,,,,,,,,,,,,,,,,,,,,,,,,,,,,,,,,,,,,,,,,,,,,,,,,,,,,,,,,,,,,,,,,,,,,,,,,,,,,,,,,,,,,,,,,,,,,,,,,,,,,,,,,,,,,,,,,,,,,,,,,,,,,,,,,,,,,,,,,,,,,,,,,,,,,,,,,,,,,,,,,,,,,,,,,,,,,,,,,,,,,,,,,,,,,66820-711,,20,,6,,6,0,0,0,0,Pará,"Tv. WE 04, 473",,,,Vytrus,5,https://www.google.com/maps/search/?api=1&query=Vytrus&query_place_id=ChIJs7i-ysGNpJIRsFfqUGJReec,
,,,,,,,,,,,,TRUE,,TRUE,,,,,,,,,,TRUE,,,,,,,,,,,,,,,TRUE,,,,,,,,,,,,,,,,,,,,,,,,,,,,,,,TRUE,,,,TRUE,,TRUE,,,TRUE,,,,,,,,,,,,,,,,,,,,,,,,,,TRUE,,,,,,"Passagem Duque de Caxias - Marco, Belém - PA, 66093-355, Brasil",Bar,,,,,,,,,Bar,3.47879E+18,Belém,BR,0x92a48c0fc830fd75:0x304723eb76819628,,,-1.4363612,-48.4667134,,Marco,segunda-feira,10:00 to 23:00,terça-feira,10:00 to 23:00,quarta-feira,10:00 to 23:00,quinta-feira,10:00 to 23:00,sexta-feira,10:30 to 00:00,sábado,10:00 to 23:00,domingo,10:30 to 00:00,7674,Grill Mix Belém,4.6,Outras pessoas pesquisaram,747,Mercearia Restô,4.3,,,,,,,,,,,,,,,ChIJdf0wyA-MpJIRKJaBdusjRzA,"HG7M+F8 Marco, Belém - PA, Brasil",6,0,7,0,8,0,9,0,10,13,11,33,12,20,13,26,14,20,15,13,16,13,17,6,18,0,19,13,20,13,21,13,22,20,23,20,,,,,,,,,,,,,6,0,7,0,8,0,9,0,10,20,11,0,12,6,13,20,14,53,15,60,16,46,17,46,18,26,19,26,20,13,21,6,22,20,23,0,,,,,,,,,,,,,,,6,0,7,0,8,0,9,0,10,80,11,40,12,20,13,6,14,0,15,6,16,13,17,26,18,20,19,13,20,20,21,40,22,33,23,0,,,,,,,,,,,,,6,0,7,0,8,0,9,0,10,20,11,40,12,53,13,33,14,20,15,33,16,53,17,100,18,66,19,46,20,13,21,13,22,13,23,6,,,,,,,,,,,,,6,0,7,0,8,0,9,0,10,20,11,26,12,26,13,26,14,20,15,6,16,0,17,0,18,0,19,0,20,6,21,13,22,26,23,0,,,,,,,,,,,,,6,0,7,0,8,0,9,0,10,0,11,6,12,13,13,6,14,0,15,20,16,26,17,40,18,26,19,20,20,6,21,6,22,20,23,0,,,,,,,,,,,,,6,0,7,0,8,0,9,0,10,0,11,6,12,20,13,46,14,20,15,13,16,6,17,13,18,6,19,13,20,26,21,40,22,26,23,0,,,,,,,,,,,,,,66093-355,,15,,30,,13,8,3,4,2,Pará,Passagem Duque de Caxias,,,,Mercearia Grill,3.9,https://www.google.com/maps/search/?api=1&query=Mercearia%20Grill&query_place_id=ChIJdf0wyA-MpJIRKJaBdusjRzA,
,,,,,,,,,,,,,,,,,,,,,,,,,,,,,,,,,,,,,,,,,,,,,,,,,,,,,,,,,,,,,,,,,,,,,,,,,,,,,,,,,,,,,,,,,,TRUE,,,,TRUE,,,,TRUE,TRUE,,,,,,,,,,,,"Av. 16 de Novembro, 684 - Farol, Belém - PA, 66913-430, Brasil",Loja de Conveniência,,,,,,,,,Loja de Conveniência,9.87639E+18,Belém,BR,0x92a41506cec39a6f:0x890ff8c19bba48f1,,,-1.1382583,-48.4594697,,Farol,segunda-feira,07:00 to 21:30,terça-feira,07:00 to 21:30,quarta-feira,07:00 to 21:30,quinta-feira,07:00 to 21:30,sexta-feira,07:00 to 21:30,sábado,07:00 to 21:30,domingo,07:00 to 13:00,0,F.P Veículos Conveniência e Lava Jato,0,Outras pessoas pesquisaram,2,Conveniência Dezesseis,5,,,,,,,,,,,,,+55 91 98509-5725,5591985095725,ChIJb5rDzgYVpJIR8Ui6m8H4D4k,"VG6R+M6 Farol, Belém - PA, Brasil",6,0,7,0,8,11,9,29,10,47,11,47,12,35,13,29,14,23,15,23,16,17,17,23,18,17,19,23,20,23,21,41,22,0,23,0,,,,,,,,,,,,,6,0,7,23,8,17,9,5,10,5,11,17,12,29,13,35,14,29,15,29,16,41,17,64,18,70,19,76,20,100,21,82,22,0,23,0,,,,,,,,,,,,,,,6,0,7,0,8,5,9,17,10,23,11,11,12,11,13,11,14,5,15,11,16,23,17,41,18,41,19,47,20,23,21,17,22,0,23,0,,,,,,,,,,,,,6,0,7,35,8,58,9,52,10,58,11,23,12,11,13,0,14,0,15,0,16,0,17,0,18,0,19,0,20,0,21,0,22,0,23,0,,,,,,,,,,,,,6,0,7,35,8,82,9,76,10,64,11,41,12,52,13,23,14,11,15,0,16,0,17,0,18,5,19,17,20,23,21,11,22,0,23,0,,,,,,,,,,,,,6,0,7,29,8,11,9,17,10,11,11,29,12,11,13,11,14,17,15,41,16,52,17,35,18,23,19,29,20,47,21,41,22,0,23,0,,,,,,,,,,,,,6,0,7,11,8,23,9,41,10,82,11,88,12,64,13,35,14,23,15,35,16,17,17,11,18,17,19,47,20,64,21,64,22,0,23,0,,,,,,,,,,,,,,66913-430,,14,,1,,1,0,0,0,0,Pará,"Av. 16 de Novembro, 684",,,,Conveniência Expresso 16,5,https://www.google.com/maps/search/?api=1&query=Conveni%C3%AAncia%20Expresso%2016&query_place_id=ChIJb5rDzgYVpJIR8Ui6m8H4D4k,
,,,TRUE,FALSE,,,,FALSE,,FALSE,,,,,TRUE,,,,TRUE,,,,,,,,,,,,,,,,,,,,,,TRUE,,,TRUE,,,,,,,,,,,TRUE,TRUE,,,,,,,,,,,,,,,,,,,,,,,,,,,,,,,,,,TRUE,,,,TRUE,,,,TRUE,TRUE,,,,,TRUE,,TRUE,,,,,"Rod. Augusto Montenegro, 12 - Parque Verde, Belém - PA, 66635-345, Brasil",Loja de Conveniência,,,,,,,,,Loja de Conveniência,8.26737E+18,Belém,BR,0x92a461bf54f218c9:0x72bb959712d0e359,,,-1.3564335,-48.453957,,Parque Verde,segunda-feira,Atendimento 24 horas,terça-feira,Atendimento 24 horas,quarta-feira,Atendimento 24 horas,quinta-feira,Atendimento 24 horas,sexta-feira,Atendimento 24 horas,sábado,Atendimento 24 horas,domingo,Atendimento 24 horas,1,Parceiro Conveniências,5,Outras pessoas pesquisaram,1,DA HORA CONVENIÊNCIA,5,Outras pessoas pesquisaram,1,Conveniência e hamburgueria Irmãos beer,5,Outras pessoas pesquisaram,0,Conveniência Leal,0,,,,,+55 91 99173-6484,5591991736484,ChIJyRjyVL9hpJIRWePQEpeVu3I,"JGVW+CC Parque Verde, Belém - PA, Brasil",4,4,5,17,6,27,7,51,8,48,9,55,10,46,11,38,12,25,13,21,14,25,15,27,16,44,17,68,18,70,19,85,20,65,21,59,22,46,23,46,0,23,1,10,2,0,3,4,4,10,5,12,6,27,7,38,8,46,9,40,10,42,11,34,12,29,13,14,14,21,15,19,16,42,17,48,18,59,19,63,20,55,21,40,22,21,23,17,0,19,1,14,2,8,3,6,,,4,17,5,23,6,27,7,36,8,40,9,48,10,44,11,36,12,19,13,12,14,21,15,34,16,46,17,51,18,57,19,57,20,74,21,89,22,100,23,100,0,65,1,44,2,25,3,17,4,19,5,19,6,34,7,29,8,36,9,38,10,44,11,31,12,27,13,21,14,14,15,17,16,14,17,25,18,46,19,68,20,82,21,74,22,65,23,53,0,55,1,51,2,42,3,29,4,23,5,31,6,29,7,51,8,59,9,65,10,46,11,34,12,25,13,29,14,40,15,48,16,61,17,59,18,55,19,72,20,65,21,70,22,53,23,38,0,29,1,25,2,21,3,17,4,19,5,21,6,23,7,38,8,42,9,46,10,40,11,40,12,29,13,21,14,8,15,19,16,36,17,65,18,63,19,57,20,72,21,65,22,65,23,51,0,29,1,12,2,10,3,12,4,29,5,27,6,42,7,53,8,59,9,46,10,38,11,36,12,29,13,29,14,27,15,31,16,29,17,55,18,76,19,91,20,70,21,55,22,38,23,23,0,10,1,6,2,14,3,14,,66635-345,,20,,79,,45,17,2,11,4,Pará,"Rod. Augusto Montenegro, 12",,,,Los Hermanos Conveniência,4.3,https://www.google.com/maps/search/?api=1&query=Los%20Hermanos%20Conveni%C3%AAncia&query_place_id=ChIJyRjyVL9hpJIRWePQEpeVu3I,https://sites.google.com/view/loshermanosconveniencia
,,,,,,,,,,,,,,,,,,,,,,,,,,,,,,,,,,,,,,,,,,,,,,,,,,,,,,,,,,,,,,,,,,,,,,,,,,,,,,,,,,,,,,,,,,TRUE,,,,,,,,,,,,,,,,,,,,,"Travessa Siqueira Mendes, 68 - Vila, Belém - PA, 66910-110, Brasil",Loja de Conveniência,,,,,,,,,Loja de Conveniência,1.14915E+19,Belém,BR,0x92a46b0a4e2f9fc7:0x9f7a1c66ce06adb6,,,-1.1653354,-48.4730387,,Vila,segunda-feira,08:30 to 23:00,terça-feira,08:30 to 23:00,quarta-feira,08:30 to 23:00,quinta-feira,08:30 to 23:00,sexta-feira,08:30 to 23:00,sábado,08:30 to 23:30,domingo,08:30 to 23:00,5,Mercadinho Da Vila,3.8,Outras pessoas pesquisaram,1,Point da vila,5,Outras pessoas pesquisaram,25,Mercado Da Praça,4.7,Outras pessoas pesquisaram,7,Mercadinho Savina,3.3,,,,,+55 91 98488-0897,5591984880897,ChIJx58vTgprpJIRtq0GzmYcep8,"RGMG+VQ Vila, Belém - PA, Brasil",6,0,7,0,8,27,9,9,10,18,11,45,12,54,13,45,14,72,15,63,16,36,17,27,18,9,19,18,20,36,21,81,22,54,23,0,,,,,,,,,,,,,6,0,7,0,8,27,9,27,10,54,11,63,12,27,13,9,14,0,15,9,16,0,17,9,18,18,19,9,20,0,21,0,22,0,23,0,,,,,,,,,,,,,,,6,0,7,0,8,36,9,36,10,63,11,27,12,18,13,9,14,27,15,54,16,72,17,81,18,90,19,90,20,54,21,27,22,0,23,9,,,,,,,,,,,,,6,0,7,0,8,9,9,9,10,45,11,54,12,63,13,63,14,54,15,27,16,18,17,45,18,27,19,36,20,18,21,18,22,54,23,0,,,,,,,,,,,,,6,0,7,0,8,27,9,9,10,0,11,18,12,45,13,100,14,45,15,18,16,0,17,0,18,0,19,9,20,0,21,9,22,9,23,0,,,,,,,,,,,,,6,0,7,0,8,18,9,36,10,36,11,18,12,27,13,36,14,81,15,45,16,45,17,27,18,18,19,27,20,27,21,18,22,9,23,0,,,,,,,,,,,,,6,0,7,0,8,9,9,18,10,9,11,9,12,18,13,9,14,0,15,0,16,9,17,18,18,9,19,18,20,18,21,54,22,36,23,0,,,,,,,,,,,,,,66910-110,,13,,2,,2,0,0,0,0,Pará,"Travessa Siqueira Mendes, 68",,,,Armazém da vila,5,https://www.google.com/maps/search/?api=1&query=Armaz%C3%A9m%20da%20vila&query_place_id=ChIJx58vTgprpJIRtq0GzmYcep8,
,,,,,,,,,,,,,,,,,,,,,,,,,,,,,,,,,,,TRUE,,,,,,,,,,,,,,,,,,,,,,,,,,,,,,,,,,,,,,,,,,,,,,,,,,,,,,,,,,,,,,,,,,,,,,,,,,,,"R. Um, 36 - Coqueiro, Belém - PA, 66670-320, Brasil",Loja de Conveniência,,,,,,,,,Loja de Conveniência,4.65201E+17,Belém,BR,0x92a461bb6077ae4f:0x674b9f67a6181d9,,,-1.3490202,-48.450106,,Coqueiro,segunda-feira,17:00 to 00:00,terça-feira,17:00 to 00:00,quarta-feira,17:00 to 00:00,quinta-feira,17:00 to 00:00,sexta-feira,17:00 to 00:00,sábado,17:00 to 00:00,domingo,17:00 to 00:00,1,Conveniência - Nossa União,5,Outras pessoas pesquisaram,0,Ruka Conveniência,0,,,,,,,,,,,,,+55 91 98105-3068,5591981053068,ChIJT653YLthpJIR2YFheva5dAY,"MG2X+9X Coqueiro, Belém - PA, Brasil",,,,,,,,,,,,,,,,,,,,,,,,,,,,,,,,,,,,,,,,,,,,,,,,,,,,,,,,,,,,,,,,,,,,,,,,,,,,,,,,,,,,,,,,,,,,,,,,,,,,,,,,,,,,,,,,,,,,,,,,,,,,,,,,,,,,,,,,,,,,,,,,,,,,,,,,,,,,,,,,,,,,,,,,,,,,,,,,,,,,,,,,,,,,,,,,,,,,,,,,,,,,,,,,,,,,,,,,,,,,,,,,,,,,,,,,,,,,,,,,,,,,,,,,,,,,,,,,,,,,,,,,,,,,,,,,,,,,,,,,,,,,,,,,,,,,,,,,,,,,,,,,,,,,,,,,,,,,,,,,,,,,,,,,,,,,,,,,,,,,66670-320,,17,,2,,2,0,0,0,0,Pará,"R. Um, 36",,,,Conveniência da Nika,5,https://www.google.com/maps/search/?api=1&query=Conveni%C3%AAncia%20da%20Nika&query_place_id=ChIJT653YLthpJIR2YFheva5dAY,https://www.lojalocal.com/44863526000170
,,,,,,,,,,,,,,,,,,,,,,,,,,,,,,,,,,,,,,,,,,,,,,,,,,,,,,,,,,,,,,,,,,,,,,,,,,,,,,,,,,,,,,,,,,,,,,,,,,,,,,,,TRUE,,TRUE,,,,,"R. Dois de Dezembro, 1888 - Ponta Grossa, Belém - PA, 66812-450, Brasil",Depósito,Bar,Loja de Conveniência,Tabacaria,,,,,,Depósito,8.64493E+17,Belém,BR,0x92a46768e8c0918b:0xbff4bdddc0aab27,,,-1.3058005,-48.477574,https://instadelivery.com.br/CARECADPC,Ponta Grossa,segunda-feira,09:00 to 22:00,terça-feira,Fechado,quarta-feira,09:00 to 22:00,quinta-feira,09:00 to 22:00,sexta-feira,09:00 to 22:00,sábado,09:00 to 23:00,domingo,09:00 to 20:00,,,,,,,,,,,,,,,,,,,,+55 91 98566-0757,5591985660757,ChIJi5HA6GhnpJIRJ6sK3N1L_ws,"MGVC+MX Ponta Grossa, Belém - PA, Brasil",,,,,,,,,,,,,,,,,,,,,,,,,,,,,,,,,,,,,,,,,,,,,,,,,,,,,,,,,,,,,,,,,,,,,,,,,,,,,,,,,,,,,,,,,,,,,,,,,,,,,,,,,,,,,,,,,,,,,,,,,,,,,,,,,,,,,,,,,,,,,,,,,,,,,,,,,,,,,,,,,,,,,,,,,,,,,,,,,,,,,,,,,,,,,,,,,,,,,,,,,,,,,,,,,,,,,,,,,,,,,,,,,,,,,,,,,,,,,,,,,,,,,,,,,,,,,,,,,,,,,,,,,,,,,,,,,,,,,,,,,,,,,,,,,,,,,,,,,,,,,,,,,,,,,,,,,,,,,,,,,,,,,,,,,,,,,,,,,,,,66812-450,,12,,1,,1,0,0,0,0,Pará,"R. Dois de Dezembro, 1888",,,,Deposito do careca,5,https://www.google.com/maps/search/?api=1&query=Deposito%20do%20careca&query_place_id=ChIJi5HA6GhnpJIRJ6sK3N1L_ws,https://instadelivery.com.br/CARECADPC
,,,,,,,,,,,,,,,,,,,,,,,,,,,,,,,,,,,,,,,,,,,,,,,,,,,,,,,,,,,,,,,,,,,,,,,,,,,,,,,,,,,,,,,,,,,,,,,,,,,,,,,,,,,,,,,"R. T 1 Cj Carneirinho, 13 - Cabanagem, Belém - PA, 66625-265, Brasil",Loja de Conveniência,,,,,,,,,Loja de Conveniência,9.60555E+18,Belém,BR,0x92a461b5478c0301:0x854dc6d5e83eb7ca,,,-1.3575105,-48.4415957,,Cabanagem,segunda-feira,08:00 to 22:00,terça-feira,08:00 to 22:00,quarta-feira,08:00 to 22:00,quinta-feira,08:00 to 22:00,sexta-feira,08:00 to 22:00,sábado,08:00 to 22:00,domingo,09:00 to 20:00,0,Depósito e conveniência NIK’s,0,,,,,,,,,,,,,,,,,+55 91 99812-2874,5591998122874,ChIJAQOMR7VhpJIRyrc-6NXGTYU,"JHR5+X9 Cabanagem, Belém - PA, Brasil",6,0,7,0,8,57,9,21,10,7,11,7,12,28,13,21,14,7,15,0,16,0,17,0,18,0,19,7,20,14,21,14,22,0,23,0,,,,,,,,,,,,,6,0,7,0,8,21,9,0,10,0,11,14,12,35,13,50,14,64,15,57,16,64,17,35,18,50,19,50,20,85,21,92,22,0,23,0,,,,,,,,,,,,,,,6,0,7,0,8,21,9,7,10,7,11,14,12,14,13,28,14,57,15,57,16,42,17,35,18,57,19,42,20,71,21,78,22,0,23,0,,,,,,,,,,,,,6,0,7,0,8,0,9,0,10,7,11,21,12,50,13,35,14,21,15,28,16,21,17,21,18,35,19,57,20,0,21,0,22,0,23,0,,,,,,,,,,,,,6,0,7,0,8,0,9,0,10,7,11,21,12,21,13,35,14,35,15,35,16,14,17,14,18,21,19,42,20,21,21,14,22,0,23,0,,,,,,,,,,,,,6,0,7,0,8,21,9,35,10,57,11,100,12,64,13,42,14,28,15,57,16,35,17,42,18,21,19,28,20,28,21,50,22,0,23,0,,,,,,,,,,,,,6,0,7,0,8,85,9,78,10,50,11,50,12,28,13,35,14,42,15,71,16,57,17,28,18,7,19,7,20,28,21,28,22,0,23,0,,,,,,,,,,,,,,66625-265,,16,,1,,1,0,0,0,0,Pará,"R. T 1 Cj Carneirinho, 13",,,,Nicolipe variedades,5,https://www.google.com/maps/search/?api=1&query=Nicolipe%20variedades&query_place_id=ChIJAQOMR7VhpJIRyrc-6NXGTYU,
,,,,,,,,,,,,,,,,,,,,,,,,,,,,,,,,,,,,TRUE,,,,,,TRUE,,,,,,,,,,,,,,,,,,,,,,,,,,,,,,,,,,,,,,,,,,,,,,,,,,,,,,,,,,,,,,,,,,,,,"R. Maria de Nazaré, 52 - Tapanã, Belém - PA, 66825-650, Brasil",Loja de Conveniência,,,,,,,,,Loja de Conveniência,4.03227E+18,Belém,BR,0x92a4611d0ef173bb:0x37f5811469da22bb,,,-1.3271087,-48.4692581,,Tapanã,segunda-feira,08:00 to 22:00,terça-feira,08:00 to 22:00,quarta-feira,08:00 to 22:00,quinta-feira,08:00 to 22:00,sexta-feira,08:00 to 00:00,sábado,08:00 to 00:00,domingo,Fechado,2,Larrara Conveniência,5,Outras pessoas pesquisaram,4,Pachecão conveniência,3.8,Outras pessoas pesquisaram,2,Depósito de Bebida LAN,5,,,,,,,,,+55 91 98519-4474,5591985194474,ChIJu3PxDh1hpJIRuyLaaRSB9Tc,"MGFJ+57 Tapanã, Belém - PA, Brasil",,,,,,,,,,,,,,,,,,,,,,,,,,,,,,,,,,,,,,,,,,,,,,,,,,,,,,,,,,,,,,,,,,,,,,,,,,,,,,,,,,,,,,,,,,,,,,,,,,,,,,,,,,,,,,,,,,,,,,,,,,,,,,,,,,,,,,,,,,,,,,,,,,,,,,,,,,,,,,,,,,,,,,,,,,,,,,,,,,,,,,,,,,,,,,,,,,,,,,,,,,,,,,,,,,,,,,,,,,,,,,,,,,,,,,,,,,,,,,,,,,,,,,,,,,,,,,,,,,,,,,,,,,,,,,,,,,,,,,,,,,,,,,,,,,,,,,,,,,,,,,,,,,,,,,,,,,,,,,,,,,,,,,,,,,,,,,,,,,,,66825-650,,14,,2,,2,0,0,0,0,Pará,"R. Maria de Nazaré, 52",,,,Araújo Conveniência,5,https://www.google.com/maps/search/?api=1&query=Ara%C3%BAjo%20Conveni%C3%AAncia&query_place_id=ChIJu3PxDh1hpJIRuyLaaRSB9Tc,
,,,,,,,,,,,,,,,TRUE,,,TRUE,,,,,,,,,,,,,,,,,,,,,,,TRUE,,,TRUE,,,,,,,,,,,,,,,,,,,,,,,,,,,,,,,,,,,,,,,,,,,,,,TRUE,,,,,,,,,,,,,,TRUE,,TRUE,,,,,"conjunto cohab - Tv. S-4, 227 - Campina de Icoaraci, Belém - PA, 66813-400, Brasil",Loja de Conveniência,,,,,,,,,Loja de Conveniência,8.33068E+18,Belém,BR,0x92a46725d9f6a115:0x739c88ac5230b455,,,-1.299949,-48.4641052,,Campina de Icoaraci,segunda-feira,Atendimento 24 horas,terça-feira,Atendimento 24 horas,quarta-feira,Atendimento 24 horas,quinta-feira,Atendimento 24 horas,sexta-feira,Atendimento 24 horas,sábado,Atendimento 24 horas,domingo,Atendimento 24 horas,,,,,,,,,,,,,,,,,,,,+55 91 3227-1413,559132271413,ChIJFaH22SVnpJIRVbQwUqyInHM,"PG2P+29 Campina de Icoaraci, Belém - PA, Brasil",4,18,5,0,6,0,7,6,8,18,9,12,10,25,11,50,12,50,13,37,14,25,15,25,16,25,17,50,18,93,19,100,20,100,21,68,22,37,23,31,0,25,1,37,2,68,3,43,4,31,5,18,6,12,7,12,8,12,9,6,10,12,11,6,12,6,13,12,14,6,15,0,16,6,17,12,18,12,19,18,20,43,21,18,22,6,23,6,0,18,1,37,2,43,3,37,,,4,50,5,25,6,25,7,6,8,6,9,18,10,18,11,31,12,62,13,62,14,56,15,56,16,25,17,25,18,18,19,12,20,18,21,25,22,18,23,31,0,18,1,31,2,62,3,68,4,18,5,25,6,43,7,50,8,68,9,87,10,50,11,37,12,37,13,25,14,12,15,25,16,18,17,18,18,18,19,43,20,50,21,31,22,18,23,31,0,25,1,43,2,37,3,43,4,25,5,12,6,12,7,6,8,6,9,12,10,31,11,31,12,56,13,62,14,50,15,18,16,12,17,18,18,31,19,56,20,62,21,25,22,6,23,0,0,0,1,0,2,12,3,18,4,25,5,31,6,37,7,31,8,37,9,37,10,43,11,43,12,68,13,31,14,18,15,25,16,18,17,12,18,12,19,25,20,68,21,68,22,81,23,31,0,18,1,18,2,37,3,31,4,25,5,25,6,43,7,31,8,18,9,18,10,31,11,68,12,75,13,81,14,81,15,37,16,18,17,18,18,43,19,50,20,43,21,56,22,50,23,43,0,25,1,25,2,43,3,25,,66813-400,,10,,4,,4,0,0,0,0,Pará,"conjunto cohab - Tv. S-4, 227",,,,S4 Conveniência - Mercearia e Bebidas em geral,5,https://www.google.com/maps/search/?api=1&query=S4%20Conveni%C3%AAncia%20-%20Mercearia%20e%20Bebidas%20em%20geral&query_place_id=ChIJFaH22SVnpJIRVbQwUqyInHM,https://www.instagram.com/s4conveniencia/
,,,,,,,,,,,,,,,,,,,,,,,,,,,,,,,,,,,,,,,,,,,,,,,,,,,,,,,,,,,,,,,,,,,,,,,,,,,,,,,,,,,,,,,,,,,,,,,,,,,,,,,,,,,,,,,"Conj. Parque do Milênio - Quadra 06 - Número 06 - Coqueiro, Ananindeua - PA, 66650-000, Brasil",Loja de Conveniência,,,,,,,,,Loja de Conveniência,8.72856E+18,Ananindeua,BR,0x92a4614f88cbe71b:0x792211f5f9763d05,,,-1.3566941,-48.4342383,,Coqueiro,segunda-feira,07:00 to 22:00,terça-feira,07:00 to 22:00,quarta-feira,07:00 to 22:00,quinta-feira,07:00 to 22:00,sexta-feira,07:00 to 22:00,sábado,07:00 to 22:00,domingo,07:00 to 22:00,1,Conveniência Select MP,5,Outras pessoas pesquisaram,0,O Camelô Variedades,0,,,,,,,,,,,,,+55 91 98355-8866,5591983558866,ChIJG-fLiE9hpJIRBT12-fURInk,"JHV8+88 Coqueiro, Belém - PA, Brasil",6,0,7,5,8,11,9,11,10,25,11,28,12,34,13,40,14,34,15,37,16,51,17,54,18,80,19,82,20,74,21,60,22,0,23,0,,,,,,,,,,,,,6,0,7,20,8,28,9,42,10,48,11,48,12,45,13,34,14,42,15,34,16,22,17,28,18,42,19,45,20,48,21,57,22,0,23,0,,,,,,,,,,,,,,,6,0,7,2,8,5,9,20,10,25,11,48,12,40,13,48,14,34,15,45,16,48,17,65,18,65,19,62,20,68,21,94,22,0,23,0,,,,,,,,,,,,,6,0,7,14,8,11,9,25,10,37,11,51,12,62,13,57,14,65,15,74,16,74,17,65,18,45,19,34,20,34,21,48,22,0,23,0,,,,,,,,,,,,,6,0,7,31,8,48,9,51,10,51,11,45,12,34,13,14,14,5,15,5,16,14,17,17,18,31,19,37,20,60,21,57,22,0,23,0,,,,,,,,,,,,,6,0,7,17,8,17,9,28,10,31,11,34,12,34,13,17,14,17,15,22,16,28,17,22,18,17,19,28,20,45,21,68,22,0,23,0,,,,,,,,,,,,,6,0,7,25,8,22,9,17,10,25,11,42,12,68,13,62,14,71,15,65,16,68,17,62,18,77,19,97,20,100,21,88,22,0,23,0,,,,,,,,,,,,,,66650-000,,11,,5,,5,0,0,0,0,Pará,Conj. Parque do Milênio - Quadra 06 - Número 06,,,,CONVENIÊNCIA VOLTE SEMPRE,5,https://www.google.com/maps/search/?api=1&query=CONVENI%C3%8ANCIA%20VOLTE%20SEMPRE&query_place_id=ChIJG-fLiE9hpJIRBT12-fURInk,
,,,,,,,,,,,,,,,,,,,,,,,,,,,,,,,,,,,,,,,,,,,,,,,,,,,,,,,,,,,,,,,,,,,,,,,,,,,,,,,,,,,,,,,,,,TRUE,,,,,,,,,,,,,,,,,,,,,"Av. Nova República - Água Boa, Belém - PA, 66843-110, Brasil",Loja de Conveniência,,,,,,,,,Loja de Conveniência,1.72702E+19,Belém,BR,0x92a469112462b579:0xefac22e7a29be6eb,,,-1.2509163,-48.4514169,,Água Boa,segunda-feira,08:00 to 23:00,terça-feira,08:00 to 23:00,quarta-feira,08:00 to 20:00,quinta-feira,08:00 to 22:00,sexta-feira,08:00 to 23:30,sábado,08:00 to 00:00,domingo,07:00 to 00:00,1,Casa do Paulo,5,Outras pessoas pesquisaram,105,Edifício São Paulo,4.5,Outras pessoas pesquisaram,0,Casa do Joaquim,0,Outras pessoas pesquisaram,0,SP Bebidas,0,,,,,,,ChIJebViJBFppJIR6-aboucirO8,"PGXX+JC Água Boa, Belém - PA, Brasil",,,,,,,,,,,,,,,,,,,,,,,,,,,,,,,,,,,,,,,,,,,,,,,,,,,,,,,,,,,,,,,,,,,,,,,,,,,,,,,,,,,,,,,,,,,,,,,,,,,,,,,,,,,,,,,,,,,,,,,,,,,,,,,,,,,,,,,,,,,,,,,,,,,,,,,,,,,,,,,,,,,,,,,,,,,,,,,,,,,,,,,,,,,,,,,,,,,,,,,,,,,,,,,,,,,,,,,,,,,,,,,,,,,,,,,,,,,,,,,,,,,,,,,,,,,,,,,,,,,,,,,,,,,,,,,,,,,,,,,,,,,,,,,,,,,,,,,,,,,,,,,,,,,,,,,,,,,,,,,,,,,,,,,,,,,,,,,,,,,,66843-110,,9,,0,,,,,,,Pará,Av. Nova República,,,,Conveniência São Paulo,,https://www.google.com/maps/search/?api=1&query=Conveni%C3%AAncia%20S%C3%A3o%20Paulo&query_place_id=ChIJebViJBFppJIR6-aboucirO8,
,,,,,,,,,,,,,,,,,,,,,,,,,,,,,,,,,,,,,,,,,,,,,,,,,,,,,,,,,,,,,,,,,,,,,,,,,,,,,,,,,,,,,,,,,,TRUE,,,,,,,,,,,,,,,,,,,,,"Tv. Três, 2 - Tenoné, Belém - PA, 66820-802, Brasil",Loja de Conveniência,,,,,,,,,Loja de Conveniência,1.23164E+19,Belém,BR,0x92a461547bed37cb:0xaaeca847a3ee2a95,,,-1.3258276,-48.4394572,,Tenoné,,,,,,,,,,,,,,,0,George Pina Conveniência,0,Outras pessoas pesquisaram,0,Conveniências Central,0,,,,,,,,,,,,,+55 91 98372-4389,5591983724389,ChIJyzfte1RhpJIRlSruo0eo7Ko,"MHF6+M6 Tenoné, Belém - PA, Brasil",,,,,,,,,,,,,,,,,,,,,,,,,,,,,,,,,,,,,,,,,,,,,,,,,,,,,,,,,,,,,,,,,,,,,,,,,,,,,,,,,,,,,,,,,,,,,,,,,,,,,,,,,,,,,,,,,,,,,,,,,,,,,,,,,,,,,,,,,,,,,,,,,,,,,,,,,,,,,,,,,,,,,,,,,,,,,,,,,,,,,,,,,,,,,,,,,,,,,,,,,,,,,,,,,,,,,,,,,,,,,,,,,,,,,,,,,,,,,,,,,,,,,,,,,,,,,,,,,,,,,,,,,,,,,,,,,,,,,,,,,,,,,,,,,,,,,,,,,,,,,,,,,,,,,,,,,,,,,,,,,,,,,,,,,,,,,,,,,,,,66820-802,,10,,1,,1,0,0,0,0,Pará,"Tv. Três, 2",,,,Conveniência George,5,https://www.google.com/maps/search/?api=1&query=Conveni%C3%AAncia%20George&query_place_id=ChIJyzfte1RhpJIRlSruo0eo7Ko,
,,,,,,,,,,,,,,TRUE,,,,,,,,,,,,,,,,,,,,,,,TRUE,,,,,,,TRUE,,,,,,,,,,,TRUE,TRUE,,,,,,,,,,,,,,,,,,,,,,,,,,,,,,,,,,TRUE,,,,,,,,,,,,,,,,,,,,,"Passagem Santa Rita, 1 - Parque Verde, Belém - PA, 66635-610, Brasil",Loja de Conveniência,Bar,,,,,,,,Loja de Conveniência,1.37431E+19,Belém,BR,0x92a461debdd4ad4b:0xbeb97027d1d6e846,,,-1.3574214,-48.4441109,,Parque Verde,segunda-feira,08:00 to 22:00,terça-feira,08:00 to 22:00,quarta-feira,08:00 to 22:00,quinta-feira,08:00 to 22:00,sexta-feira,08:00 to 22:00,sábado,08:00 to 22:00,domingo,08:00 to 12:00,0,Depositos Postais,0,Outras pessoas pesquisaram,10,Depósito Benjamin Sodré,4.8,Outras pessoas pesquisaram,0,Deposito Água Cristalina,0,Outras pessoas pesquisaram,5,Depósito Moreira,5,,,,,+55 91 98550-1101,5591985501101,ChIJS63Uvd5hpJIRRujW0Sdwub4,"JHV4+29 Parque Verde, Belém - PA, Brasil",6,0,7,0,8,0,9,0,10,20,11,60,12,100,13,80,14,40,15,40,16,30,17,10,18,20,19,60,20,80,21,80,22,0,23,0,,,,,,,,,,,,,6,0,7,0,8,20,9,40,10,20,11,10,12,0,13,20,14,20,15,40,16,20,17,10,18,0,19,0,20,0,21,0,22,0,23,0,,,,,,,,,,,,,,,6,0,7,0,8,0,9,0,10,0,11,0,12,0,13,0,14,0,15,0,16,0,17,10,18,0,19,0,20,0,21,0,22,0,23,0,,,,,,,,,,,,,6,0,7,0,8,60,9,30,10,20,11,20,12,0,13,0,14,0,15,0,16,0,17,0,18,0,19,0,20,0,21,0,22,0,23,0,,,,,,,,,,,,,6,0,7,0,8,10,9,0,10,0,11,10,12,40,13,70,14,30,15,30,16,50,17,50,18,20,19,20,20,40,21,30,22,0,23,0,,,,,,,,,,,,,6,0,7,0,8,0,9,10,10,20,11,50,12,20,13,20,14,30,15,40,16,80,17,80,18,40,19,20,20,30,21,30,22,0,23,0,,,,,,,,,,,,,6,0,7,0,8,10,9,30,10,70,11,70,12,40,13,10,14,0,15,10,16,30,17,70,18,90,19,40,20,20,21,0,22,0,23,0,,,,,,,,,,,,,,66635-610,,9,,0,,,,,,,Pará,"Passagem Santa Rita, 1",,,,Depósito Cristal,,https://www.google.com/maps/search/?api=1&query=Dep%C3%B3sito%20Cristal&query_place_id=ChIJS63Uvd5hpJIRRujW0Sdwub4,https://www.lojalocal.com/amstel/41533382000104
,,,,,,,,,,,,,,,,,,,,,,,,,,,,,,,,,,,TRUE,,,,,,,,,,,,,,,,,,,,,,,,,,,,,,,,,,,,,,,,,,,,,,,,,,,,,,,TRUE,,,,,,,,,,,,,,,,,,,,,"Rua dos escoteiros Chapéu Virado (Mosqueiro, PA, 66913-050, Brasil",Loja de Conveniência,,,,,,,,,Loja de Conveniência,1.65746E+19,Belém,BR,0x92a46bd8ab7b8e5f:0xe604d4ab5cdfb374,,,-1.1395112,-48.4664523,,Farol,segunda-feira,07:00 to 00:00,terça-feira,07:00 to 00:00,quarta-feira,07:00 to 00:00,quinta-feira,07:00 to 00:00,sexta-feira,07:00 to 00:00,sábado,07:00 to 00:00,domingo,07:00 to 00:00,0,Prime Conveniência,0,Outras pessoas pesquisaram,0,Primer conveniência,0,Outras pessoas pesquisaram,1,Anne Kelly conveniência,5,,,,,,,,,+55 91 98548-7971,5591985487971,ChIJX457q9hrpJIRdLPfXKvUBOY,"VG6M+5C Mosqueiro, Belém - PA, Brasil",6,0,7,5,8,23,9,52,10,58,11,47,12,52,13,52,14,41,15,29,16,35,17,23,18,29,19,17,20,23,21,11,22,17,23,5,,,,,,,,,,,,,6,0,7,29,8,29,9,47,10,76,11,47,12,52,13,41,14,58,15,58,16,58,17,41,18,23,19,17,20,29,21,11,22,11,23,11,,,,,,,,,,,,,,,6,0,7,0,8,0,9,0,10,0,11,5,12,11,13,29,14,23,15,11,16,0,17,5,18,17,19,17,20,17,21,35,22,64,23,52,,,,,,,,,,,,,6,0,7,47,8,47,9,35,10,41,11,76,12,100,13,88,14,82,15,58,16,41,17,29,18,17,19,29,20,29,21,23,22,17,23,29,,,,,,,,,,,,,6,0,7,5,8,11,9,29,10,52,11,47,12,29,13,5,14,5,15,11,16,11,17,17,18,35,19,23,20,5,21,0,22,0,23,5,,,,,,,,,,,,,6,0,7,23,8,35,9,52,10,29,11,23,12,17,13,35,14,58,15,47,16,35,17,47,18,17,19,5,20,0,21,0,22,0,23,0,,,,,,,,,,,,,6,0,7,35,8,41,9,17,10,11,11,11,12,5,13,5,14,11,15,29,16,29,17,29,18,35,19,23,20,5,21,5,22,17,23,41,,,,,,,,,,,,,,66913-050,,8,,4,,4,0,0,0,0,PA,Rua dos escoteiros Chapéu Virado (Mosqueiro,,,,Conveniência Prime,5,https://www.google.com/maps/search/?api=1&query=Conveni%C3%AAncia%20Prime&query_place_id=ChIJX457q9hrpJIRdLPfXKvUBOY,
,,,,,,,,,,,,,,,,,,,,,,,,,,,,,,,,,,,,,,,,,,,,,,,,,,,,,,,,,,,,,,,,,,,,,,,,,,,,,,,,,,,,,,,,,,,,,,,,,,,,,,,,,,,,,,,"Av. São Pedro, 24 - Coqueiro, Belém - PA, 66650-020, Brasil",Loja de Conveniência,,,,,,,,,Loja de Conveniência,5.31346E+18,Belém,BR,0x92a461996c19e5c9:0x49bd32343bdce3af,,,-1.3513917,-48.4365055,,Coqueiro,segunda-feira,07:30 to 23:00,terça-feira,07:30 to 23:00,quarta-feira,07:30 to 23:00,quinta-feira,07:30 to 00:00,sexta-feira,07:30 to 02:00,sábado,07:30 to 02:00,domingo,07:30 to 00:00,2,Conveniência da Loira,5,Outras pessoas pesquisaram,0,Blat's conveniência,0,,,,,,,,,,,,,+55 91 98941-8104,5591989418104,ChIJyeUZbJlhpJIRr-PcOzQyvUk,"JHX7+C9 Coqueiro, Belém - PA, Brasil",6,0,7,12,8,12,9,28,10,28,11,12,12,12,13,20,14,32,15,32,16,44,17,84,18,96,19,100,20,80,21,60,22,48,23,32,0,32,1,12,,,,,,,,,6,0,7,16,8,8,9,16,10,36,11,52,12,48,13,52,14,60,15,60,16,44,17,36,18,56,19,68,20,48,21,20,22,8,23,0,,,,,,,,,,,,,,,6,0,7,8,8,32,9,68,10,92,11,100,12,92,13,76,14,44,15,36,16,40,17,56,18,76,19,60,20,28,21,8,22,0,23,0,0,0,1,4,,,,,,,,,6,0,7,8,8,16,9,40,10,48,11,68,12,52,13,56,14,56,15,64,16,44,17,24,18,16,19,28,20,12,21,8,22,4,23,12,,,,,,,,,,,,,6,0,7,28,8,28,9,48,10,40,11,48,12,24,13,16,14,20,15,28,16,64,17,84,18,100,19,84,20,68,21,44,22,20,23,12,,,,,,,,,,,,,6,0,7,20,8,16,9,28,10,16,11,12,12,16,13,20,14,32,15,20,16,24,17,36,18,40,19,40,20,32,21,20,22,8,23,0,,,,,,,,,,,,,6,0,7,0,8,0,9,4,10,20,11,32,12,52,13,44,14,36,15,28,16,24,17,28,18,48,19,64,20,48,21,36,22,24,23,0,,,,,,,,,,,,,,66650-020,,8,,2,,2,0,0,0,0,Pará,"Av. São Pedro, 24",,,,Lanchonete & conveniência da loira.,5,https://www.google.com/maps/search/?api=1&query=Lanchonete%20%26%20conveni%C3%AAncia%20da%20loira.&query_place_id=ChIJyeUZbJlhpJIRr-PcOzQyvUk,
,,,,,,,,,,,,,,,,,,,,,,,,,,,,,,,,,,,,,,,,,,,,,,,,,,,,,,,,,,,,,,,,,,,,,,,,,,,,,,,,,,,,,,,,,,TRUE,,,,,,,,,,,,,,,,,,,,,"Tv. Pimenta Bueno, 1125 - Cruzeiro, Belém - PA, 66810-250, Brasil",Loja de Conveniência,,,,,,,,,Loja de Conveniência,1.32349E+17,Belém,BR,0x92a465fa451dd7a7:0x1d6327933108dd4,,,-1.2959874,-48.4802863,,Cruzeiro,segunda-feira,Atendimento 24 horas,terça-feira,Atendimento 24 horas,quarta-feira,Atendimento 24 horas,quinta-feira,Atendimento 24 horas,sexta-feira,Atendimento 24 horas,sábado,Atendimento 24 horas,domingo,Atendimento 24 horas,,,,,,,,,,,,,,,,,,,,,,ChIJp9cdRfplpJIR1I0QM3ky1gE,"PG39+JV Cruzeiro, Belém - PA, Brasil",4,50,5,50,6,14,7,7,8,0,9,7,10,7,11,14,12,28,13,21,14,14,15,7,16,14,17,35,18,57,19,64,20,92,21,50,22,42,23,7,0,0,1,7,2,14,3,42,4,7,5,0,6,0,7,0,8,7,9,28,10,64,11,78,12,35,13,21,14,21,15,28,16,14,17,28,18,64,19,64,20,35,21,21,22,28,23,28,0,35,1,71,2,50,3,35,,,4,0,5,0,6,7,7,14,8,28,9,21,10,21,11,7,12,14,13,14,14,28,15,21,16,21,17,28,18,14,19,7,20,0,21,21,22,28,23,42,0,14,1,7,2,0,3,0,4,0,5,0,6,14,7,14,8,28,9,21,10,28,11,28,12,28,13,21,14,28,15,35,16,42,17,28,18,14,19,7,20,21,21,42,22,50,23,42,0,21,1,14,2,7,3,0,4,21,5,35,6,50,7,42,8,50,9,57,10,50,11,28,12,28,13,7,14,0,15,0,16,7,17,21,18,7,19,0,20,14,21,35,22,50,23,42,0,42,1,14,2,14,3,21,4,21,5,7,6,7,7,14,8,35,9,28,10,14,11,7,12,35,13,64,14,100,15,78,16,57,17,21,18,7,19,21,20,28,21,57,22,71,23,100,0,78,1,71,2,50,3,28,4,14,5,35,6,64,7,35,8,42,9,14,10,7,11,7,12,14,13,35,14,21,15,7,16,0,17,0,18,0,19,0,20,0,21,7,22,21,23,7,0,0,1,0,2,0,3,0,,66810-250,,6,,0,,,,,,,Pará,"Tv. Pimenta Bueno, 1125",,,,Conveniência favela,,https://www.google.com/maps/search/?api=1&query=Conveni%C3%AAncia%20favela&query_place_id=ChIJp9cdRfplpJIR1I0QM3ky1gE,
,,,,,,,,,,,,,,,,,,,,,,,,,,,,,,,,,,,,,,,,,,,,,,,,,,,,,,,,,,,,,,,,,,,,,,,,,,,,,,,,,,,,,,,,,,,,,,,,,,,,,,,,,,,,,,,"R. Marcos Machado, 100 - Tapanã, Belém - PA, 66643-166, Brasil",Loja de Conveniência,,,,,,,,,Loja de Conveniência,1.09155E+19,Belém,BR,0x92a461065da4ad6f:0x977bb94d6b3b1277,,,-1.3574773,-48.4604017,,Tapanã,,,,,,,,,,,,,,,3,Zero Grau Conveniência,4.3,Outras pessoas pesquisaram,0,DG conveniência,0,Outras pessoas pesquisaram,3,Gr Conveniéncia,3.7,,,,,,,,,+55 91 98956-4893,5591989564893,ChIJb62kXQZhpJIRdxI7a025e5c,"JGVQ+2R Tapanã, Belém - PA, Brasil",,,,,,,,,,,,,,,,,,,,,,,,,,,,,,,,,,,,,,,,,,,,,,,,,,,,,,,,,,,,,,,,,,,,,,,,,,,,,,,,,,,,,,,,,,,,,,,,,,,,,,,,,,,,,,,,,,,,,,,,,,,,,,,,,,,,,,,,,,,,,,,,,,,,,,,,,,,,,,,,,,,,,,,,,,,,,,,,,,,,,,,,,,,,,,,,,,,,,,,,,,,,,,,,,,,,,,,,,,,,,,,,,,,,,,,,,,,,,,,,,,,,,,,,,,,,,,,,,,,,,,,,,,,,,,,,,,,,,,,,,,,,,,,,,,,,,,,,,,,,,,,,,,,,,,,,,,,,,,,,,,,,,,,,,,,,,,,,,,,,66643-166,,7,,3,,3,0,0,0,0,Pará,"R. Marcos Machado, 100",,,,Conveniência do Gléo,5,https://www.google.com/maps/search/?api=1&query=Conveni%C3%AAncia%20do%20Gl%C3%A9o&query_place_id=ChIJb62kXQZhpJIRdxI7a025e5c,
,,,TRUE,,,,,,,,,,,,,,,,,,,,,,,,,,,,,,,,,,,,,,,,,,,,,,,,,,,,,,,,,,,,,,,,,,,,,,,,,,,,,,,,,,,,,,,TRUE,,,,,,,,,,,,,,,,,,,,,"Av. Padre Bruno Sechi - Tapanã, Belém - PA, 66833-605, Brasil",Loja de Conveniência,,,,,,,,,Loja de Conveniência,2.33827E+18,Belém,BR,0x92a46116cb89b643:0x2073321c5af30e5a,,,-1.3560183,-48.4586565,,Tapanã,segunda-feira,Atendimento 24 horas,terça-feira,Atendimento 24 horas,quarta-feira,Atendimento 24 horas,quinta-feira,Atendimento 24 horas,sexta-feira,Atendimento 24 horas,sábado,Atendimento 24 horas,domingo,Atendimento 24 horas,1,Comercial Avenida,5,Outras pessoas pesquisaram,0,Conveniência 24 H,0,Outras pessoas pesquisaram,1,DB Conveniência,5,,,,,,,,,+55 91 98478-8800,5591984788800,ChIJQ7aJyxZhpJIRWg7zWhwycyA,"JGVR+HG Tapanã, Belém - PA, Brasil",4,100,5,64,6,57,7,14,8,7,9,0,10,0,11,0,12,14,13,14,14,7,15,0,16,7,17,21,18,7,19,7,20,28,21,21,22,14,23,28,0,21,1,14,2,42,3,78,4,21,5,7,6,0,7,0,8,0,9,14,10,28,11,35,12,21,13,21,14,7,15,7,16,21,17,42,18,42,19,28,20,21,21,14,22,21,23,50,0,50,1,28,2,28,3,21,,,4,7,5,21,6,7,7,21,8,28,9,42,10,35,11,35,12,7,13,0,14,0,15,0,16,0,17,14,18,14,19,35,20,14,21,7,22,0,23,0,0,0,1,0,2,0,3,0,4,50,5,35,6,42,7,28,8,21,9,35,10,42,11,35,12,21,13,7,14,0,15,7,16,14,17,7,18,14,19,28,20,28,21,35,22,14,23,14,0,7,1,21,2,57,3,71,4,0,5,7,6,0,7,0,8,0,9,0,10,0,11,0,12,7,13,7,14,0,15,7,16,7,17,7,18,21,19,42,20,21,21,21,22,14,23,14,0,14,1,14,2,0,3,0,4,0,5,0,6,7,7,21,8,50,9,21,10,7,11,0,12,0,13,0,14,14,15,35,16,50,17,35,18,57,19,21,20,7,21,7,22,21,23,50,0,50,1,35,2,21,3,7,4,50,5,21,6,14,7,0,8,7,9,21,10,35,11,35,12,35,13,14,14,7,15,0,16,0,17,0,18,0,19,0,20,0,21,7,22,21,23,50,0,28,1,28,2,14,3,21,,66833-605,,6,,6,,6,0,0,0,0,Pará,Av. Padre Bruno Sechi,,,,Conveniência Empório Espanha,5,https://www.google.com/maps/search/?api=1&query=Conveni%C3%AAncia%20Emp%C3%B3rio%20Espanha&query_place_id=ChIJQ7aJyxZhpJIRWg7zWhwycyA,
,,,,,,,,,,,,,,,,,,,,,,,,,,,,,,,,,,,,,,,,TRUE,,TRUE,,,,,,,,,,,,,,,,,,,,,,,,,,,,,,,,,,,,,,,,,,,,,,,,TRUE,,,,,,,,,,,,,,,,,,,,,"Av. Padre Bruno Sechi - Tapanã, Belém - PA, 66833-605, Brasil",Loja de Conveniência,,,,,,,,,Loja de Conveniência,1.09782E+18,Belém,BR,0x92a461665087275d:0xf3c3ec2500e244d,,,-1.3537165,-48.4592234,,Tapanã,segunda-feira,16:00 to 22:00,terça-feira,16:00 to 22:00,quarta-feira,16:00 to 22:00,quinta-feira,16:00 to 22:00,sexta-feira,16:00 to 02:00,sábado,08:00 to 02:00,domingo,08:00 to 00:00,10,House Conveniência - Tapanã,3.4,Outras pessoas pesquisaram,9,BETA CONVENIÊNCIA,5,,,,,,,,,,,,,+55 91 98053-4831,5591980534831,ChIJXSeHUGZhpJIRTSQOUMI-PA8,"JGWR+G8 Tapanã, Belém - PA, Brasil",6,0,7,0,8,0,9,0,10,0,11,0,12,0,13,0,14,0,15,0,16,0,17,10,18,30,19,70,20,100,21,95,22,90,23,75,0,70,1,35,,,,,,,,,6,0,7,0,8,0,9,0,10,0,11,0,12,0,13,0,14,0,15,0,16,20,17,15,18,20,19,50,20,60,21,50,22,0,23,0,,,,,,,,,,,,,,,6,0,7,0,8,15,9,5,10,10,11,20,12,30,13,25,14,30,15,50,16,75,17,85,18,100,19,85,20,100,21,80,22,75,23,45,0,20,1,10,,,,,,,,,6,0,7,0,8,30,9,30,10,10,11,10,12,15,13,40,14,45,15,60,16,65,17,60,18,45,19,35,20,55,21,75,22,65,23,50,,,,,,,,,,,,,6,0,7,0,8,0,9,0,10,0,11,0,12,0,13,0,14,0,15,0,16,25,17,20,18,15,19,15,20,45,21,35,22,0,23,0,,,,,,,,,,,,,6,0,7,0,8,0,9,0,10,0,11,0,12,0,13,0,14,0,15,0,16,35,17,55,18,75,19,60,20,40,21,45,22,0,23,0,,,,,,,,,,,,,6,0,7,0,8,0,9,0,10,0,11,0,12,0,13,0,14,0,15,0,16,40,17,60,18,80,19,70,20,80,21,85,22,0,23,0,,,,,,,,,,,,,,66833-605,,5,,1,,1,0,0,0,0,Pará,Av. Padre Bruno Sechi,,,,DB Conveniência,5,https://www.google.com/maps/search/?api=1&query=DB%20Conveni%C3%AAncia&query_place_id=ChIJXSeHUGZhpJIRTSQOUMI-PA8,https://www.lojalocal.com/41509120000104
,,,,,,,,,,,,,,,,,,,,,,,,,,,,,,,,,,,,,,,,,,,,,,,,,,,,,,,,,,,,,,,,,,,,,,,,,,,,,,,,,,,,,,,,,,,,,,,,,,,,,,,,,,,,,,,,Loja de Conveniência,Service establishment,,,,,,,,Loja de Conveniência,1.103E+19,,,0x2028df2cb1336be5:0x991247908b6ab42c,,,-1.341352,-48.4468639,,,segunda-feira,Atendimento 24 horas,terça-feira,Atendimento 24 horas,quarta-feira,Atendimento 24 horas,quinta-feira,Atendimento 24 horas,sexta-feira,Atendimento 24 horas,sábado,Atendimento 24 horas,domingo,Atendimento 24 horas,,,,,,,,,,,,,,,,,,,,+55 91 99145-5753,5591991455753,ChIJ5WszsSzfKCARLLRqi5BHEpk,,,,,,,,,,,,,,,,,,,,,,,,,,,,,,,,,,,,,,,,,,,,,,,,,,,,,,,,,,,,,,,,,,,,,,,,,,,,,,,,,,,,,,,,,,,,,,,,,,,,,,,,,,,,,,,,,,,,,,,,,,,,,,,,,,,,,,,,,,,,,,,,,,,,,,,,,,,,,,,,,,,,,,,,,,,,,,,,,,,,,,,,,,,,,,,,,,,,,,,,,,,,,,,,,,,,,,,,,,,,,,,,,,,,,,,,,,,,,,,,,,,,,,,,,,,,,,,,,,,,,,,,,,,,,,,,,,,,,,,,,,,,,,,,,,,,,,,,,,,,,,,,,,,,,,,,,,,,,,,,,,,,,,,,,,,,,,,,,,,,,,,4,,0,,,,,,,,,,,,WT Sorveteria & Bares Pará,,https://www.google.com/maps/search/?api=1&query=WT%20Sorveteria%20%26%20Bares%20Par%C3%A1&query_place_id=ChIJ5WszsSzfKCARLLRqi5BHEpk,
,,,,,,,,,,,,TRUE,,,,,,,,,,,,,,,,,,,,,,,,,,TRUE,,,,,,,,,TRUE,,,,,,,,,,,,,,,,,,,,,,,,,,,,,,,,,,,,,,,,,,,,,,,,,,,,,,,,,,TRUE,,,,,,"Rua São Clemente Alameda Kentaque, 13 - Tapanã, Belém - PA, 66643-055, Brasil",Lanchonete,Loja de Conveniência,,,,,,,,Lanchonete,1.38525E+19,Belém,BR,0x92a4615925649293:0xc03ddbf3cb4aba0f,,,-1.3552931,-48.466114,,Tapanã,segunda-feira,17:30 to 00:00,terça-feira,17:30 to 00:00,quarta-feira,17:30 to 00:00,quinta-feira,17:30 to 00:00,sexta-feira,17:30 to 00:00,sábado,17:30 to 00:00,domingo,17:30 to 00:00,5,Delícias Da Maria,4.8,Outras pessoas pesquisaram,9,Malcher lanches,4.8,Outras pessoas pesquisaram,4,burguer house artesanal,4,Outras pessoas pesquisaram,14,Green House,5,Outras pessoas pesquisaram,27,Hevelly Hamburgueria,4.1,+55 91 98059-8419,5591980598419,ChIJk5JkJVlhpJIRD7pKy_PbPcA,"JGVM+VH Tapanã, Belém - PA, Brasil",,,,,,,,,,,,,,,,,,,,,,,,,,,,,,,,,,,,,,,,,,,,,,,,,,,,,,,,,,,,,,,,,,,,,,,,,,,,,,,,,,,,,,,,,,,,,,,,,,,,,,,,,,,,,,,,,,,,,,,,,,,,,,,,,,,,,,,,,,,,,,,,,,,,,,,,,,,,,,,,,,,,,,,,,,,,,,,,,,,,,,,,,,,,,,,,,,,,,,,,,,,,,,,,,,,,,,,,,,,,,,,,,,,,,,,,,,,,,,,,,,,,,,,,,,,,,,,,,,,,,,,,,,,,,,,,,,,,,,,,,,,,,,,,,,,,,,,,,,,,,,,,,,,,,,,,,,,,,,,,,,,,,,,,,,,,,,,,,,,,66643-055,,4,,5,,5,0,0,0,0,PA,"Rua São Clemente Alameda Kentaque, 13",,,,MackBeer,5,https://www.google.com/maps/search/?api=1&query=MackBeer&query_place_id=ChIJk5JkJVlhpJIRD7pKy_PbPcA,https://www.lojalocal.com/43395226000141
,,,,,,,,,,,,,,TRUE,,,,,,,,,,,TRUE,,TRUE,,,,,,TRUE,,,,,,,,TRUE,,,,,TRUE,,,,,TRUE,,,,,,,,FALSE,,,,,,,,,,,,,TRUE,,,TRUE,,,TRUE,,TRUE,,,TRUE,,,,,,,TRUE,,,,TRUE,,,,TRUE,TRUE,,,TRUE,,,TRUE,,,,,,"Av. Padre Bruno Sechi - Parque Verde, Belém - PA, 66630-420, Brasil",Casa noturna,Loja de Conveniência,,,,,,,,Casa noturna,1.73717E+18,Belém,BR,0x92a461dd7ab6e6a9:0x181ba7640a662d30,,,-1.355443,-48.4584867,,Parque Verde,segunda-feira,Atendimento 24 horas,terça-feira,Atendimento 24 horas,quarta-feira,Atendimento 24 horas,quinta-feira,Atendimento 24 horas,sexta-feira,Atendimento 24 horas,sábado,Atendimento 24 horas,domingo,Atendimento 24 horas,0,PUB CONVENIENCIAS 24,0,Outras pessoas pesquisaram,5,CONVENIÊNCIA FK,5,Outras pessoas pesquisaram,368,Pub e Conveniência LITRÃO,4.4,,,,,,,,,,,ChIJqea2et1hpJIRMC1mCmSnGxg,"JGVR+RJ Parque Verde, Belém - PA, Brasil",4,27,5,18,6,18,7,45,8,27,9,27,10,9,11,0,12,9,13,0,14,0,15,0,16,0,17,9,18,18,19,9,20,9,21,18,22,45,23,45,0,63,1,36,2,36,3,54,4,18,5,36,6,27,7,45,8,18,9,18,10,18,11,27,12,27,13,36,14,18,15,9,16,0,17,0,18,0,19,0,20,9,21,0,22,18,23,36,0,45,1,18,2,18,3,18,,,4,90,5,54,6,63,7,45,8,27,9,0,10,9,11,9,12,18,13,9,14,0,15,0,16,0,17,0,18,9,19,18,20,54,21,36,22,36,23,18,0,36,1,27,2,27,3,45,4,100,5,81,6,36,7,9,8,0,9,0,10,0,11,0,12,0,13,0,14,9,15,27,16,27,17,9,18,0,19,9,20,18,21,9,22,0,23,0,0,9,1,18,2,45,3,54,4,27,5,0,6,0,7,9,8,27,9,45,10,36,11,18,12,0,13,18,14,54,15,81,16,63,17,27,18,18,19,18,20,45,21,27,22,45,23,36,0,27,1,45,2,81,3,36,4,27,5,27,6,27,7,9,8,9,9,27,10,18,11,0,12,9,13,27,14,72,15,54,16,18,17,9,18,18,19,18,20,27,21,27,22,9,23,0,0,9,1,27,2,54,3,27,4,27,5,54,6,27,7,9,8,0,9,0,10,0,11,0,12,9,13,18,14,18,15,0,16,0,17,18,18,27,19,9,20,0,21,0,22,0,23,0,0,9,1,18,2,9,3,9,,66630-420,,3,,1,,1,0,0,0,0,Pará,Av. Padre Bruno Sechi,,,,Pub Hall Conveniência 24hs,5,https://www.google.com/maps/search/?api=1&query=Pub%20Hall%20Conveni%C3%AAncia%2024hs&query_place_id=ChIJqea2et1hpJIRMC1mCmSnGxg,
,,,,,,,,,,,,,,,,,,,,,,,,,,,,,,,,,,,TRUE,,,,,,,,,,,,,,,,,,,,,,,,,,,,,,,,,,,,,,,,,,,,,,,,,,,,,,,TRUE,,,,,,,,,,,,,,,,,,,,,"José sidrim - São Braz, Belém - PA, 66600-000, Brasil",Loja de Conveniência,,,,,,,,,Loja de Conveniência,1.09963E+19,Belém,BR,0x92a41595554a32c3:0x989ab93e596b4833,,,-1.1249549,-48.4378367,,São Braz,segunda-feira,Atendimento 24 horas,terça-feira,Atendimento 24 horas,quarta-feira,Atendimento 24 horas,quinta-feira,Atendimento 24 horas,sexta-feira,Atendimento 24 horas,sábado,Atendimento 24 horas,domingo,Atendimento 24 horas,1,Pub bee,5,Outras pessoas pesquisaram,0,PubBeer,0,Outras pessoas pesquisaram,102,Point Beer,4.7,Outras pessoas pesquisaram,0,Comércio Empório 96,0,,,,,+55 91 98995-1023,5591989951023,ChIJwzJKVZUVpJIRM0hrWT65mpg,"VHG6+2V Belém, Pará, Brasil",4,50,5,18,6,6,7,6,8,12,9,6,10,0,11,6,12,18,13,25,14,37,15,25,16,18,17,6,18,0,19,0,20,12,21,25,22,31,23,12,0,25,1,31,2,62,3,43,4,25,5,18,6,25,7,18,8,6,9,0,10,6,11,12,12,6,13,6,14,12,15,31,16,31,17,18,18,0,19,0,20,0,21,0,22,0,23,0,0,0,1,0,2,6,3,12,,,4,6,5,0,6,6,7,12,8,12,9,0,10,0,11,0,12,0,13,0,14,0,15,6,16,12,17,31,18,37,19,12,20,18,21,12,22,6,23,0,0,0,1,0,2,6,3,12,4,0,5,0,6,0,7,6,8,18,9,18,10,6,11,25,12,43,13,100,14,87,15,68,16,25,17,18,18,6,19,6,20,12,21,6,22,6,23,12,0,6,1,0,2,6,3,0,4,31,5,62,6,31,7,18,8,18,9,12,10,18,11,43,12,37,13,12,14,0,15,6,16,12,17,6,18,6,19,12,20,12,21,37,22,43,23,37,0,12,1,12,2,0,3,12,4,18,5,12,6,12,7,12,8,12,9,12,10,12,11,37,12,37,13,37,14,12,15,6,16,0,17,12,18,25,19,31,20,18,21,6,22,6,23,0,0,0,1,6,2,0,3,6,4,37,5,25,6,12,7,18,8,25,9,12,10,6,11,0,12,6,13,12,14,6,15,0,16,12,17,31,18,31,19,12,20,6,21,0,22,0,23,6,0,12,1,31,2,25,3,37,,66600-000,,2,,0,,,,,,,Pará,José sidrim,,,,Beer pub,,https://www.google.com/maps/search/?api=1&query=Beer%20pub&query_place_id=ChIJwzJKVZUVpJIRM0hrWT65mpg,
,,,,,,,,,,,,,,,,,,,,,,,,,,,,,,,,,,,TRUE,,,,,,,,,,,,,,,,,,,,,,,,,,,,,,,,,,,,,,,,,,,,,,,,,,,,,,,TRUE,,,,,,,,,,,,,,,,,,,,,"Al. Ns-16, 97a - Coqueiro, Belém - PA, 66823, Brasil",Loja de Conveniência,,,,,,,,,Loja de Conveniência,1.57026E+19,Belém,BR,0x92a461b6cbeafeb7:0xd9eadeba3d2d9ad9,,,-1.3293295,-48.4415565,,Coqueiro,segunda-feira,08:00 to 22:00,terça-feira,08:00 to 22:00,quarta-feira,08:00 to 22:00,quinta-feira,08:00 to 22:00,sexta-feira,08:00 to 00:00,sábado,08:00 to 00:00,domingo,08:00 to 00:00,1,Expresso Maguari,5,Outras pessoas pesquisaram,0,Conveniência toda hora,0,,,,,,,,,,,,,+55 91 98556-6562,5591985566562,ChIJt_7qy7ZhpJIR2ZotPbre6tk,"MHC5+79 Coqueiro, Belém - PA, Brasil",6,0,7,0,8,27,9,38,10,66,11,38,12,27,13,5,14,0,15,0,16,5,17,16,18,38,19,27,20,16,21,16,22,50,23,72,,,,,,,,,,,,,6,0,7,0,8,22,9,16,10,5,11,5,12,0,13,5,14,16,15,27,16,16,17,22,18,22,19,33,20,16,21,11,22,0,23,0,,,,,,,,,,,,,,,6,0,7,0,8,38,9,50,10,33,11,27,12,11,13,5,14,5,15,11,16,11,17,22,18,38,19,38,20,50,21,88,22,94,23,88,,,,,,,,,,,,,6,0,7,0,8,5,9,11,10,27,11,33,12,38,13,33,14,27,15,33,16,61,17,61,18,44,19,44,20,55,21,55,22,66,23,27,,,,,,,,,,,,,6,0,7,0,8,5,9,0,10,5,11,11,12,22,13,11,14,16,15,11,16,5,17,11,18,22,19,33,20,22,21,16,22,0,23,0,,,,,,,,,,,,,6,0,7,0,8,0,9,0,10,0,11,0,12,16,13,22,14,33,15,22,16,27,17,11,18,5,19,0,20,5,21,11,22,0,23,0,,,,,,,,,,,,,6,0,7,0,8,33,9,61,10,55,11,38,12,11,13,0,14,5,15,33,16,77,17,100,18,61,19,61,20,61,21,61,22,0,23,0,,,,,,,,,,,,,,66823,,2,,2,,2,0,0,0,0,Pará,"Al. Ns-16, 97a",,,,Conveniência Dezesseis,5,https://www.google.com/maps/search/?api=1&query=Conveni%C3%AAncia%20Dezesseis&query_place_id=ChIJt_7qy7ZhpJIR2ZotPbre6tk,
,,TRUE,,,,,TRUE,,,,,,,,,,,,,,,,,,,,,,,,,,,,,,TRUE,,,,,,,TRUE,,,,,,,,,,,TRUE,,,,,,,,,,,,,,,,,,,,,,,,,,,,,,,,,,,TRUE,,,,TRUE,,,,TRUE,TRUE,,,,,,,,,,,,"R. Boaventura da Silva - Nazaré, Belém - PA, 66053-050, Brasil",Loja de Conveniência,,,,,,,,,Loja de Conveniência,4.24989E+17,Belém,BR,0x92a48faf1be6880f:0x5e5dcdbb70e1cf1,,,-1.4489398,-48.48796,,Nazaré,segunda-feira,Atendimento 24 horas,terça-feira,Atendimento 24 horas,quarta-feira,Atendimento 24 horas,quinta-feira,Atendimento 24 horas,sexta-feira,Atendimento 24 horas,sábado,Atendimento 24 horas,domingo,Atendimento 24 horas,14,Tudo Conveniência Antônio Barreto,4.4,Outras pessoas pesquisaram,63,Tudo Conveniencia João Paulo,4.6,Outras pessoas pesquisaram,11,Tudo Conveniência Centenário,4.4,,,,,,,,,,,ChIJD4jmG6-PpJIR8RwOt9vc5QU,"HG26+CR Nazaré, Belém - PA, Brasil",4,27,5,21,6,23,7,33,8,40,9,46,10,50,11,47,12,41,13,40,14,43,15,52,16,63,17,73,18,77,19,73,20,74,21,79,22,88,23,100,0,89,1,77,2,58,3,43,4,13,5,14,6,15,7,25,8,29,9,34,10,34,11,33,12,30,13,29,14,37,15,47,16,60,17,71,18,73,19,63,20,50,21,44,22,44,23,42,0,36,1,28,2,20,3,15,,,4,39,5,32,6,25,7,28,8,29,9,37,10,41,11,44,12,44,13,43,14,39,15,44,16,50,17,59,18,59,19,61,20,65,21,70,22,73,23,83,0,79,1,70,2,60,3,49,4,34,5,29,6,22,7,19,8,18,9,21,10,26,11,30,12,32,13,29,14,27,15,30,16,39,17,47,18,54,19,55,20,55,21,62,22,67,23,70,0,55,1,43,2,35,3,34,4,27,5,22,6,21,7,27,8,34,9,38,10,39,11,37,12,34,13,34,14,43,15,52,16,62,17,67,18,68,19,63,20,61,21,61,22,64,23,66,0,58,1,48,2,40,3,35,4,12,5,9,6,15,7,23,8,33,9,36,10,40,11,40,12,38,13,38,14,44,15,56,16,73,17,81,18,77,19,66,20,56,21,55,22,60,23,62,0,49,1,38,2,28,3,17,4,14,5,11,6,14,7,22,8,33,9,41,10,44,11,42,12,39,13,40,14,44,15,55,16,66,17,76,18,74,19,67,20,59,21,59,22,66,23,74,0,64,1,52,2,39,3,29,48,,,17,,223,,165,34,10,12,2,Pará,R. Boaventura da Silva,,,,Tudo Conveniência Boaventura,4.5,https://www.google.com/maps/search/?api=1&query=Tudo%20Conveni%C3%AAncia%20Boaventura&query_place_id=ChIJD4jmG6-PpJIR8RwOt9vc5QU,
,,,,,,,,,,,,,,,,,,,,,,,,,,,,,,,,,,,,,,,,,,,,,,,,,,,,,,,,,,,,,,,,,,,,,,,,,,,,,,,,,,,,,,,,,,,,,,,,,,,,,,,,,,,,,,,"R. São Miguel, 224 - Jurunas, Belém - PA, 66030-550, Brasil",Loja de Conveniência,,,,,,,,,Loja de Conveniência,1.69525E+19,Belém,BR,0x92a48f27fbbcb737:0xeb435153f3e963cf,,,-1.4698688,-48.4877168,,Jurunas,segunda-feira,Atendimento 24 horas,terça-feira,Atendimento 24 horas,quarta-feira,Atendimento 24 horas,quinta-feira,Atendimento 24 horas,sexta-feira,Atendimento 24 horas,sábado,Atendimento 24 horas,domingo,Atendimento 24 horas,0,CONVENIÊNCIA SP,0,Outras pessoas pesquisaram,3,Conveniência Tupinambás,5,,,,,,,,,,,,,,,ChIJN7e8-yePpJIRz2Pp81NRQ-s,"GGJ6+3W Jurunas, Belém - PA, Brasil",4,20,5,20,6,50,7,20,8,10,9,0,10,10,11,20,12,50,13,60,14,100,15,70,16,30,17,10,18,10,19,0,20,20,21,30,22,30,23,40,0,20,1,20,2,30,3,30,4,50,5,20,6,10,7,0,8,0,9,0,10,0,11,0,12,0,13,0,14,20,15,50,16,80,17,70,18,30,19,10,20,0,21,0,22,10,23,30,0,40,1,30,2,30,3,40,,,4,50,5,40,6,30,7,40,8,60,9,30,10,10,11,0,12,0,13,10,14,30,15,20,16,30,17,60,18,30,19,10,20,0,21,0,22,10,23,30,0,10,1,0,2,10,3,20,4,0,5,20,6,20,7,10,8,0,9,0,10,0,11,0,12,0,13,10,14,20,15,40,16,20,17,10,18,0,19,20,20,40,21,50,22,40,23,40,0,40,1,50,2,30,3,10,4,0,5,0,6,0,7,0,8,0,9,0,10,0,11,0,12,0,13,0,14,0,15,40,16,70,17,90,18,50,19,40,20,20,21,0,22,0,23,0,0,10,1,20,2,10,3,0,4,80,5,40,6,30,7,20,8,10,9,0,10,0,11,0,12,10,13,30,14,60,15,30,16,30,17,50,18,60,19,40,20,20,21,0,22,10,23,0,0,0,1,0,2,20,3,50,4,0,5,10,6,30,7,10,8,0,9,10,10,20,11,50,12,20,13,10,14,0,15,0,16,10,17,20,18,40,19,20,20,10,21,10,22,0,23,0,0,0,1,0,2,0,3,0,,66030-550,,20,,0,,,,,,,Pará,"R. São Miguel, 224",,,,TEM (CONVENIÊNCIA),,https://www.google.com/maps/search/?api=1&query=TEM%20(CONVENI%C3%8ANCIA)&query_place_id=ChIJN7e8-yePpJIRz2Pp81NRQ-s,
,,TRUE,,,,,TRUE,,,,,,,,,,,,,,,,,,,,,,,,,,,,,TRUE,,,,,,,,,,,,,,,,,,,,,,,,,,,,,,,,,,,,,,,,,,,,,,,,,,,,,,TRUE,,,,,,,,,,,,,,,,,,,,,"Av. Conselheiro Furtado, 585 - Batista Campos, Belém - PA, 66025-160, Brasil",Loja de Conveniência,,,,,,,,,Loja de Conveniência,6.80079E+18,Belém,BR,0x92a48f084f01fe63:0x5e6141cbff1e1d63,,,-1.4599548,-48.4927233,,Batista Campos,segunda-feira,07:00 to 22:00,terça-feira,07:00 to 22:00,quarta-feira,07:00 to 22:00,quinta-feira,07:00 to 22:00,sexta-feira,07:00 to 22:00,sábado,07:00 to 22:00,domingo,07:00 to 22:00,9,Tudo Conveniência Serzedelo,3.6,Outras pessoas pesquisaram,8,Tudo Conveniência Brás de Aguiar,3.3,Outras pessoas pesquisaram,223,Tudo Conveniência Boaventura,4.5,,,,,,,,,+55 91 98355-6440,5591983556440,ChIJY_4BTwiPpJIRYx0e_8tBYV4,"GGR4+2W Batista Campos, Belém - PA, Brasil",6,0,7,32,8,42,9,46,10,51,11,46,12,45,13,45,14,54,15,68,16,90,17,100,18,97,19,81,20,68,21,54,22,0,23,0,,,,,,,,,,,,,6,0,7,18,8,30,9,38,10,43,11,46,12,45,13,42,14,40,15,49,16,63,17,76,18,84,19,79,20,68,21,50,22,0,23,0,,,,,,,,,,,,,,,6,0,7,21,8,39,9,54,10,63,11,66,12,58,13,46,14,45,15,50,16,60,17,72,18,81,19,87,20,85,21,67,22,0,23,0,,,,,,,,,,,,,6,0,7,24,8,36,9,49,10,50,11,47,12,39,13,39,14,45,15,54,16,68,17,75,18,85,19,81,20,74,21,54,22,0,23,0,,,,,,,,,,,,,6,0,7,15,8,33,9,42,10,51,11,51,12,45,13,43,14,46,15,52,16,62,17,70,18,80,19,78,20,69,21,49,22,0,23,0,,,,,,,,,,,,,6,0,7,25,8,33,9,35,10,36,11,38,12,45,13,42,14,47,15,61,16,81,17,93,18,98,19,90,20,77,21,55,22,0,23,0,,,,,,,,,,,,,6,0,7,21,8,27,9,36,10,39,11,44,12,45,13,49,14,48,15,62,16,76,17,94,18,99,19,86,20,71,21,53,22,0,23,0,,,,,,,,,,,,,14,66025-160,,19,,7,,4,0,2,0,1,Pará,"Av. Conselheiro Furtado, 585",,,,Tudo Conveniência Conselheiro,3.4,https://www.google.com/maps/search/?api=1&query=Tudo%20Conveni%C3%AAncia%20Conselheiro&query_place_id=ChIJY_4BTwiPpJIRYx0e_8tBYV4,
,,TRUE,,,,,TRUE,,,,,,,,,,,,,,,,,,,,,,,,,,,,,,TRUE,,,,,,,TRUE,,,,,,,,,,,TRUE,,,,,,,,,,,,,,,,,,,,,,,,,,,,,,,,,,,TRUE,,,,TRUE,,,,TRUE,TRUE,,,,,,,,,,,,"Av. Duque de Caxias, 586 - Marco, Belém - PA, 66093-026, Brasil",Loja de Conveniência,,,,,,,,,Loja de Conveniência,9.42401E+18,Belém,BR,0x92a48d6fdbdf362f:0x82c8ce69e94b4a7e,,,-1.4411796,-48.4689418,,Marco,segunda-feira,Atendimento 24 horas,terça-feira,Atendimento 24 horas,quarta-feira,Atendimento 24 horas,quinta-feira,Atendimento 24 horas,sexta-feira,Atendimento 24 horas,sábado,Atendimento 24 horas,domingo,Atendimento 24 horas,63,Tudo Conveniencia João Paulo,4.6,Outras pessoas pesquisaram,14,Tudo Conveniência Antônio Barreto,4.4,Outras pessoas pesquisaram,11,Tudo Conveniência Centenário,4.4,,,,,,,,,,,ChIJLzbf22-NpJIRfkpL6WnOyII,"HG5J+GC Marco, Belém - PA, Brasil",4,43,5,29,6,34,7,44,8,51,9,53,10,51,11,47,12,44,13,47,14,50,15,63,16,71,17,82,18,91,19,94,20,99,21,100,22,96,23,87,0,69,1,59,2,60,3,57,4,20,5,20,6,27,7,31,8,41,9,41,10,42,11,41,12,45,13,47,14,49,15,46,16,53,17,58,18,70,19,65,20,64,21,56,22,56,23,50,0,44,1,31,2,26,3,16,,,4,52,5,43,6,38,7,39,8,46,9,50,10,56,11,57,12,46,13,34,14,28,15,33,16,46,17,51,18,58,19,59,20,70,21,75,22,78,23,71,0,67,1,62,2,60,3,53,4,31,5,33,6,33,7,30,8,30,9,30,10,39,11,44,12,40,13,37,14,35,15,44,16,49,17,59,18,72,19,85,20,93,21,95,22,85,23,68,0,48,1,41,2,28,3,27,4,33,5,29,6,28,7,37,8,51,9,53,10,50,11,41,12,39,13,34,14,46,15,64,16,80,17,85,18,93,19,89,20,89,21,90,22,84,23,85,0,73,1,66,2,50,3,41,4,11,5,14,6,22,7,32,8,41,9,45,10,50,11,39,12,32,13,29,14,44,15,54,16,64,17,71,18,78,19,74,20,73,21,72,22,73,23,75,0,66,1,52,2,34,3,21,4,15,5,14,6,21,7,36,8,50,9,64,10,63,11,59,12,48,13,45,14,46,15,57,16,69,17,78,18,82,19,82,20,80,21,84,22,85,23,87,0,66,1,52,2,36,3,22,64,66093-026,,18,,35,,20,8,7,0,0,Pará,"Av. Duque de Caxias, 586",,,,Tudo Conveniência,4,https://www.google.com/maps/search/?api=1&query=Tudo%20Conveni%C3%AAncia&query_place_id=ChIJLzbf22-NpJIRfkpL6WnOyII,
,,TRUE,,,,,TRUE,,,,,,,,,,,,,,,,,,,,,,,,,,,,,TRUE,,,,,,TRUE,,,,,,,,,,,,,,,,,,,,,,,,,,,,,,,,,,,,,,,,,,,,,,,,TRUE,,TRUE,,,,,,,,,,,,,,,,,,,"Av. Gov Magalhães Barata, 274 - Nazaré, Belém - PA, 66040-170, Brasil",Loja de Conveniência,Caixa eletrônico,Café,Posto de combustível,Loja de sucos,Serviço de troca de óleo,Sanduicheria,Ponto de acesso Wi-Fi,,Loja de Conveniência,4.52675E+18,Belém,BR,0x92a48d076ab3cc1d:0x3ed23a9c0515ef3f,,,-1.4523762,-48.4781592,,Nazaré,segunda-feira,07:00 to 23:00,terça-feira,07:00 to 23:00,quarta-feira,07:00 to 23:00,quinta-feira,07:00 to 23:00,sexta-feira,07:00 to 23:00,sábado,07:00 to 23:00,domingo,07:00 to 23:00,0,AM PM Conveniência,0,Outras pessoas pesquisaram,0,ampm,0,Outras pessoas pesquisaram,11,Mercearia M&P,4.7,Outras pessoas pesquisaram,1,PP Tem conveniência,5,,,,,+55 91 98131-4307,5591981314307,ChIJHcyzageNpJIRP-8VBZw60j4,"GGXC+2P Nazaré, Belém - PA, Brasil",6,0,7,46,8,13,9,0,10,0,11,6,12,0,13,0,14,6,15,13,16,13,17,13,18,6,19,0,20,0,21,0,22,6,23,0,,,,,,,,,,,,,6,0,7,0,8,6,9,20,10,46,11,20,12,6,13,6,14,20,15,46,16,46,17,20,18,6,19,0,20,6,21,0,22,0,23,0,,,,,,,,,,,,,,,6,0,7,6,8,6,9,13,10,13,11,13,12,26,13,13,14,6,15,6,16,20,17,46,18,60,19,26,20,6,21,6,22,13,23,0,,,,,,,,,,,,,6,0,7,13,8,6,9,0,10,0,11,0,12,6,13,26,14,20,15,20,16,13,17,33,18,26,19,20,20,20,21,26,22,26,23,0,,,,,,,,,,,,,6,0,7,20,8,26,9,20,10,40,11,33,12,46,13,40,14,26,15,26,16,13,17,0,18,0,19,6,20,20,21,6,22,6,23,0,,,,,,,,,,,,,6,0,7,0,8,6,9,20,10,26,11,20,12,26,13,46,14,40,15,53,16,20,17,13,18,13,19,26,20,20,21,20,22,26,23,0,,,,,,,,,,,,,6,0,7,33,8,13,9,6,10,0,11,6,12,20,13,13,14,0,15,0,16,26,17,66,18,100,19,46,20,20,21,0,22,6,23,0,,,,,,,,,,,,,,66040-170,,16,,2,,2,0,0,0,0,Pará,"Av. Gov Magalhães Barata, 274",,,,Conveniência AmPm - Ipiranga,5,https://www.google.com/maps/search/?api=1&query=Conveni%C3%AAncia%20AmPm%20-%20Ipiranga&query_place_id=ChIJHcyzageNpJIRP-8VBZw60j4,https://revistakmdevantagens.ipiranga/ofertas-ampm/
,,,,,,,,,,,,,,,,,,,,,,,,,,,,,,,,,,,,,,,,,,,,,,,,,,,,,,,,,,,,,,,,,,,,,,,,,,,,,,,,,,,,,,,,,,TRUE,,,,,,,,,,,,,,,,,,,,,"R. Antônio Barreto, 1380 - Umarizal, Belém - PA, 66060-020, Brasil",Loja de Conveniência,,,,,,,,,Loja de Conveniência,1.31015E+19,Belém,BR,0x92a48d78e93f6e75:0xb5d1eaeff9fd2f45,,Posto Petrobras,-1.4428957,-48.4758863,,Umarizal,segunda-feira,07:00 to 23:00,terça-feira,07:00 to 23:00,quarta-feira,07:00 to 23:00,quinta-feira,07:00 to 23:00,sexta-feira,07:00 to 00:00,sábado,07:00 to 00:00,domingo,07:00 to 23:00,16,Dallas Express - João Paulo II,3.7,Outras pessoas pesquisaram,0,Dallas Express - Pedreira,0,Outras pessoas pesquisaram,3,Dallas Express - Arthur Bernardes,4.7,Outras pessoas pesquisaram,277,Posto Dallas Umarizal,4.3,,,,,,,ChIJdW4_6XiNpJIRRS_9-e_q0bU,"HG4F+RJ Umarizal, Belém - PA, Brasil",6,0,7,54,8,45,9,54,10,70,11,95,12,66,13,45,14,45,15,41,16,37,17,29,18,16,19,16,20,25,21,16,22,29,23,16,,,,,,,,,,,,,6,0,7,45,8,62,9,37,10,16,11,0,12,0,13,8,14,20,15,50,16,37,17,45,18,16,19,16,20,20,21,37,22,37,23,0,,,,,,,,,,,,,,,6,0,7,33,8,29,9,12,10,8,11,4,12,8,13,33,14,41,15,75,16,45,17,33,18,16,19,25,20,41,21,20,22,12,23,12,,,,,,,,,,,,,6,0,7,58,8,58,9,45,10,16,11,4,12,0,13,0,14,0,15,12,16,25,17,50,18,29,19,20,20,20,21,16,22,20,23,0,,,,,,,,,,,,,6,0,7,33,8,20,9,25,10,37,11,29,12,12,13,8,14,0,15,4,16,29,17,62,18,100,19,95,20,45,21,12,22,4,23,0,,,,,,,,,,,,,6,0,7,16,8,4,9,12,10,25,11,54,12,45,13,58,14,70,15,62,16,70,17,100,18,66,19,62,20,50,21,45,22,70,23,0,,,,,,,,,,,,,6,0,7,16,8,0,9,8,10,20,11,37,12,33,13,20,14,12,15,4,16,4,17,12,18,29,19,20,20,20,21,20,22,20,23,0,,,,,,,,,,,,,,66060-020,,15,,2,,2,0,0,0,0,Pará,"R. Antônio Barreto, 1380",,,,Dallas Express - Umarizal,5,https://www.google.com/maps/search/?api=1&query=Dallas%20Express%20-%20Umarizal&query_place_id=ChIJdW4_6XiNpJIRRS_9-e_q0bU,
,,,,,,,,,,,,,,,,,,,,,,,,,,,,,,,,,,,,,,,,,,,,,,,,,,,,,,,,,,,,,,,,,,,,,,,,,,,,,,,,,,,,,,,,,,,,,,,,,,,,,,,,,,,,,,,"R. Osvaldo de Caldas Brito, 10 - Jurunas, Belém - PA, 66025-190, Brasil",Loja de Conveniência,,,,,,,,,Loja de Conveniência,5.64065E+18,Belém,BR,0x92a48f4c555b472b:0x4e479c9c230e6339,,,-1.4723167,-48.5018615,,Jurunas,segunda-feira,08:00 to 00:00,terça-feira,08:00 to 00:00,quarta-feira,08:00 to 00:00,quinta-feira,08:00 to 00:00,sexta-feira,08:00 to 00:00,sábado,12:00 to 04:00,domingo,12:00 to 04:00,0,Gil Deposito,0,Outras pessoas pesquisaram,0,Deposito De Bebidas Coracão De Jesus,0,Outras pessoas pesquisaram,3,Depósito Altas Horas,3.7,Outras pessoas pesquisaram,1,Depósito de bebidas Mauro's,5,,,,,,,ChIJK0dbVUyPpJIROWMOI5ycR04,"GFHX+37 Jurunas, Belém - PA, Brasil",6,0,7,0,8,20,9,10,10,0,11,0,12,10,13,0,14,10,15,20,16,10,17,0,18,10,19,20,20,30,21,50,22,100,23,50,,,,,,,,,,,,,6,0,7,0,8,20,9,10,10,10,11,20,12,20,13,30,14,80,15,50,16,40,17,50,18,50,19,20,20,10,21,0,22,0,23,0,,,,,,,,,,,,,,,6,0,7,0,8,0,9,0,10,0,11,0,12,40,13,20,14,0,15,0,16,20,17,20,18,10,19,0,20,0,21,0,22,10,23,40,0,80,1,70,2,40,3,20,,,,,6,0,7,0,8,0,9,0,10,0,11,0,12,0,13,30,14,60,15,90,16,40,17,20,18,30,19,40,20,50,21,20,22,10,23,0,0,0,1,20,2,50,3,80,,,,,6,0,7,0,8,30,9,60,10,40,11,40,12,10,13,0,14,0,15,0,16,0,17,0,18,10,19,20,20,40,21,20,22,10,23,0,,,,,,,,,,,,,6,0,7,0,8,0,9,0,10,20,11,40,12,100,13,80,14,100,15,60,16,40,17,20,18,20,19,20,20,30,21,20,22,20,23,10,,,,,,,,,,,,,6,0,7,0,8,90,9,80,10,30,11,10,12,0,13,30,14,40,15,50,16,30,17,40,18,80,19,60,20,40,21,40,22,30,23,40,,,,,,,,,,,,,,66025-190,,14,,0,,,,,,,Pará,"R. Osvaldo de Caldas Brito, 10",,,,Conveniência dos irmaos ALVES ( deposito do flamenguinho),,https://www.google.com/maps/search/?api=1&query=Conveni%C3%AAncia%20dos%20irmaos%20ALVES%20(%20deposito%20do%20flamenguinho)&query_place_id=ChIJK0dbVUyPpJIROWMOI5ycR04,
,,,,,,,,,,,,,,,,,,,,,,,,,,,,,,,,,,,,,,,,,,,,,,,,,,,,,,,,,,,,,,,,,,,,,,,,,,,,,,,,,,,,,,,,,,,,,,,,,,,,,,,,,,,,,,,"R. dos Timbiras, 389 - Jurunas, Belém - PA, 66030-610, Brasil",Loja de Conveniência,,,,,,,,,Loja de Conveniência,2.95188E+18,Belém,BR,0x92a48f2eed05a569:0x28f72bc321f7825a,,,-1.4723972,-48.4937897,,Jurunas,segunda-feira,07:30 to 22:30,terça-feira,07:30 to 22:30,quarta-feira,07:30 to 22:30,quinta-feira,07:30 to 22:30,sexta-feira,07:30 to 22:30,sábado,07:30 to 22:30,domingo,07:30 to 22:30,,,,,,,,,,,,,,,,,,,,,,ChIJaaUF7S6PpJIRWoL3IcMr9yg,"GGH4+2F Jurunas, Belém - PA, Brasil",6,0,7,0,8,10,9,0,10,0,11,0,12,0,13,10,14,40,15,30,16,10,17,10,18,30,19,10,20,10,21,20,22,30,23,0,,,,,,,,,,,,,6,0,7,30,8,70,9,70,10,70,11,30,12,10,13,0,14,10,15,20,16,10,17,0,18,10,19,30,20,10,21,0,22,10,23,0,,,,,,,,,,,,,,,6,0,7,0,8,10,9,20,10,10,11,0,12,0,13,10,14,20,15,40,16,30,17,30,18,50,19,20,20,10,21,0,22,0,23,0,,,,,,,,,,,,,6,0,7,20,8,10,9,30,10,50,11,20,12,10,13,10,14,20,15,10,16,0,17,0,18,10,19,30,20,30,21,10,22,0,23,0,,,,,,,,,,,,,6,0,7,10,8,0,9,0,10,0,11,30,12,50,13,100,14,50,15,30,16,20,17,30,18,40,19,50,20,20,21,10,22,0,23,0,,,,,,,,,,,,,6,0,7,20,8,30,9,60,10,60,11,30,12,10,13,0,14,0,15,10,16,20,17,50,18,20,19,10,20,0,21,10,22,30,23,0,,,,,,,,,,,,,6,0,7,20,8,10,9,0,10,10,11,20,12,40,13,20,14,10,15,10,16,30,17,70,18,30,19,10,20,10,21,20,22,20,23,0,,,,,,,,,,,,,,66030-610,,13,,0,,,,,,,Pará,"R. dos Timbiras, 389",,,,MERCEARIA DO SEU MARIO,,https://www.google.com/maps/search/?api=1&query=MERCEARIA%20DO%20SEU%20MARIO&query_place_id=ChIJaaUF7S6PpJIRWoL3IcMr9yg,
,,TRUE,,,,,,,,,,,,,,,,,,,,,,,,,,,,,,,,,,,,,,,,,,,,,,,,,,,,,,,,,,,,,,,,,,,,,,,,,,,,,,,,,,,,,,,,TRUE,,,,,,,,,,,,,,,,,,,,,"Tv. Honório José dos Santos, 462 - Jurunas, Belém - PA, 66033-372, Brasil",Loja de Conveniência,,,,,,,,,Loja de Conveniência,1.80339E+19,Belém,BR,0x92a48e65d8c31c1f:0xfa4571a894b7203d,,Posto Ipiranga,-1.4651494,-48.4950081,,Jurunas,segunda-feira,06:00 to 22:00,terça-feira,06:00 to 22:00,quarta-feira,06:00 to 22:00,quinta-feira,06:00 to 22:00,sexta-feira,06:00 to 22:00,sábado,06:00 to 22:00,domingo,06:00 to 22:00,1,Conveniência AmPm - Ipiranga,4,Outras pessoas pesquisaram,0,AM PM Conveniência,0,Outras pessoas pesquisaram,1,Conveniência am.pm - Posto Capital,5,Outras pessoas pesquisaram,32,Posto Ipiranga,4.3,Outras pessoas pesquisaram,6,Mercadinho Posto Ipiranga,4.3,+55 91 3283-4954,559132834954,ChIJHxzD2GWOpJIRPSC3lKhxRfo,"GGM3+WX Jurunas, Belém - PA, Brasil",5,0,6,30,7,15,8,20,9,30,10,20,11,20,12,40,13,40,14,55,15,25,16,10,17,0,18,0,19,10,20,30,21,70,22,0,,,,,,,,,,,,,5,0,6,55,7,50,8,50,9,85,10,80,11,35,12,20,13,35,14,70,15,65,16,40,17,35,18,15,19,10,20,20,21,45,22,0,,,,,,,,,,,,,,,5,0,6,35,7,45,8,75,9,45,10,55,11,40,12,70,13,30,14,15,15,5,16,10,17,25,18,40,19,65,20,75,21,35,22,0,,,,,,,,,,,,,5,0,6,15,7,5,8,10,9,20,10,15,11,10,12,0,13,5,14,20,15,20,16,40,17,45,18,65,19,100,20,70,21,85,22,0,,,,,,,,,,,,,5,0,6,20,7,25,8,50,9,55,10,25,11,10,12,0,13,0,14,0,15,0,16,0,17,5,18,15,19,40,20,40,21,30,22,0,,,,,,,,,,,,,5,0,6,0,7,10,8,25,9,50,10,55,11,50,12,60,13,70,14,55,15,75,16,60,17,80,18,40,19,35,20,45,21,55,22,0,,,,,,,,,,,,,5,0,6,10,7,20,8,10,9,10,10,15,11,15,12,25,13,10,14,5,15,5,16,30,17,65,18,90,19,85,20,45,21,25,22,0,,,,,,,,,,,,,,66033-372,,11,,2,,2,0,0,0,0,Pará,"Tv. Honório José dos Santos, 462",,,,Am Pm,5,https://www.google.com/maps/search/?api=1&query=Am%20Pm&query_place_id=ChIJHxzD2GWOpJIRPSC3lKhxRfo,http://www.ipiranga.com.br/
,,,,,,,,,,,,TRUE,,TRUE,,,,,,,,,,TRUE,,,,,,,,,,TRUE,,,,,TRUE,,,,,,,,,,,,,,,,,,,,,,,,,,,,,,,TRUE,,,,TRUE,,TRUE,,,TRUE,,TRUE,,,,,,,,,TRUE,,,,TRUE,,,,TRUE,,,,TRUE,,TRUE,,TRUE,TRUE,,,,"Av. Generalíssimo Deodoro, 1354 - Nazaré, Belém - PA, 66035-090, Brasil",Bar,Loja de Conveniência,Bares,,,,,,,Bar,1.46469E+19,Belém,BR,0x92a48f787a17906d:0xcb445fb2ed16ef00,,,-1.4529973,-48.4829617,,Nazaré,segunda-feira,18:00 to 03:00,terça-feira,18:00 to 03:00,quarta-feira,18:00 to 03:00,quinta-feira,18:00 to 03:00,sexta-feira,18:00 to 03:00,sábado,18:00 to 03:00,domingo,18:00 to 03:00,38,Muamba Bar e Coquetéis,4.7,Outras pessoas pesquisaram,319,Meu Boteco Belém,4.4,Outras pessoas pesquisaram,29,Restô samauma,3.8,Outras pessoas pesquisaram,0,King Boteco Bistrô,0,,,,,,,ChIJbZAXeniPpJIRAO8W7bJfRMs,"GGW8+RR Nazaré, Belém - PA, Brasil",6,0,7,0,8,0,9,0,10,0,11,0,12,0,13,0,14,0,15,0,16,0,17,0,18,8,19,13,20,19,21,36,22,54,23,69,0,65,1,62,2,50,,,,,,,6,0,7,0,8,0,9,0,10,0,11,0,12,0,13,0,14,0,15,0,16,0,17,0,18,2,19,1,20,3,21,7,22,12,23,13,0,11,1,8,2,6,,,,,,,,,6,0,7,0,8,0,9,0,10,0,11,0,12,0,13,0,14,0,15,0,16,0,17,0,18,2,19,8,20,22,21,48,22,78,23,100,0,88,1,78,2,60,,,,,,,6,0,7,0,8,0,9,0,10,0,11,0,12,0,13,0,14,0,15,0,16,0,17,0,18,1,19,4,20,11,21,21,22,34,23,41,0,39,1,32,2,25,,,,,,,6,0,7,0,8,0,9,0,10,0,11,0,12,0,13,0,14,0,15,0,16,0,17,0,18,4,19,6,20,12,21,23,22,34,23,42,0,38,1,35,2,28,,,,,,,6,0,7,0,8,0,9,0,10,0,11,0,12,0,13,0,14,0,15,0,16,0,17,0,18,3,19,5,20,13,21,22,22,30,23,34,0,30,1,22,2,13,,,,,,,6,0,7,0,8,0,9,0,10,0,11,0,12,0,13,0,14,0,15,0,16,0,17,0,18,3,19,5,20,12,21,23,22,33,23,40,0,34,1,27,2,17,,,,,,,,66035-090,$,12,,148,,94,30,8,13,3,Pará,"Av. Generalíssimo Deodoro, 1354",,,,Bar Samaúma,4.3,https://www.google.com/maps/search/?api=1&query=Bar%20Sama%C3%BAma&query_place_id=ChIJbZAXeniPpJIRAO8W7bJfRMs,https://www.instagram.com/barsamauma?igsh=eTFnZmd2bm1yaHly
,,TRUE,,,,,,,,,,,,,,,,,,,,,,,,,,,,,,,,,TRUE,,,,,,,,,,,,,,,,,,,,,,,,,,,,,,,,,,,,,,,,,,,,,,,,,,,,,,,TRUE,,TRUE,,,,,,,,,,,,,,,,,,,"Tv. Rui Barbosa, 2083 - Batista Campos, Belém - PA, 66035-220, Brasil",Loja de Conveniência,Caixa eletrônico,Café,Posto de combustível,Loja de sucos,Serviço de troca de óleo,Sanduicheria,Ponto de acesso Wi-Fi,,Loja de Conveniência,8.63969E+18,Belém,BR,0x92a48e7d85acd043:0x77e65a7ea2f9887b,,Posto Ipiranga,-1.459864,-48.485815,,Batista Campos,segunda-feira,07:00 to 23:00,terça-feira,07:00 to 23:00,quarta-feira,07:00 to 23:00,quinta-feira,07:00 to 23:00,sexta-feira,07:00 to 23:00,sábado,07:00 to 23:00,domingo,07:00 to 23:00,,,,,,,,,,,,,,,,,,,,+55 91 98895-1394,5591988951394,ChIJQ9CshX2OpJIRe4j5on5a5nc,"GGR7+3M Batista Campos, Belém - PA, Brasil",6,0,7,84,8,92,9,57,10,26,11,19,12,34,13,38,14,15,15,7,16,7,17,3,18,0,19,0,20,0,21,3,22,11,23,0,,,,,,,,,,,,,6,0,7,0,8,0,9,3,10,0,11,0,12,3,13,7,14,3,15,0,16,0,17,0,18,3,19,11,20,11,21,19,22,15,23,0,,,,,,,,,,,,,,,6,0,7,7,8,23,9,26,10,42,11,57,12,80,13,61,14,50,15,26,16,26,17,50,18,42,19,57,20,23,21,15,22,11,23,0,,,,,,,,,,,,,6,0,7,34,8,23,9,30,10,50,11,46,12,26,13,15,14,7,15,19,16,19,17,34,18,30,19,42,20,46,21,23,22,7,23,0,,,,,,,,,,,,,6,0,7,7,8,3,9,0,10,15,11,46,12,80,13,100,14,76,15,73,16,30,17,19,18,15,19,7,20,3,21,0,22,7,23,0,,,,,,,,,,,,,6,0,7,30,8,38,9,69,10,42,11,23,12,19,13,34,14,42,15,23,16,19,17,7,18,11,19,19,20,38,21,19,22,7,23,0,,,,,,,,,,,,,6,0,7,92,8,76,9,30,10,11,11,11,12,26,13,38,14,30,15,38,16,61,17,30,18,15,19,3,20,15,21,23,22,50,23,0,,,,,,,,,,,,,,66035-220,,10,,0,,,,,,,Pará,"Tv. Rui Barbosa, 2083",,,,Am Pm,,https://www.google.com/maps/search/?api=1&query=Am%20Pm&query_place_id=ChIJQ9CshX2OpJIRe4j5on5a5nc,https://revistakmdevantagens.ipiranga/ofertas-ampm/
,,TRUE,,,,,,,,,,,,,,,,,,,,,,,,,,,,,,,,,,,,,,,,,,,,,,,,,,,,,,,,,,,,,,,,,,,,,,,,,,,,,,,,,,,,,,,,TRUE,,,,TRUE,,,,TRUE,TRUE,,,,,,,,,,,,"Av. Serzedelo Corrêa, 11 - Nazaré, Belém - PA, 66035-400, Brasil",Loja de Conveniência,,,,,,,,,Loja de Conveniência,6.68284E+18,Belém,BR,0x92a48f40e651c329:0x5cbe3a25276892f2,,Edifício Manoel Pinto da Silva,-1.45427,-48.4925993,,Nazaré,segunda-feira,Atendimento 24 horas,terça-feira,Atendimento 24 horas,quarta-feira,Atendimento 24 horas,quinta-feira,06:20 to 22:20,sexta-feira,06:20 to 22:20,sábado,06:20 to 22:20,domingo,06:20 to 22:20,14,Tudo Conveniência Antônio Barreto,4.4,Outras pessoas pesquisaram,63,Tudo Conveniencia João Paulo,4.6,Outras pessoas pesquisaram,11,Tudo Conveniência Centenário,4.4,Outras pessoas pesquisaram,131,Premium Conveniência | Doca,4.9,,,,,,,ChIJKcNR5kCPpJIR8pJoJyU6vlw,"GGW4+7X Nazaré, Belém - PA, Brasil",5,0,6,18,7,39,8,47,9,47,10,42,11,28,12,31,13,39,14,34,15,26,16,15,17,21,18,34,19,52,20,55,21,50,22,21,,,,,,,,,,,,,0,0,1,0,2,0,3,5,4,34,5,21,6,15,7,21,8,26,9,39,10,34,11,52,12,26,13,28,14,21,15,42,16,36,17,44,18,31,19,44,20,57,21,39,22,39,23,15,,,5,0,6,50,7,57,8,55,9,28,10,18,11,21,12,34,13,36,14,28,15,39,16,39,17,55,18,63,19,57,20,39,21,23,22,28,,,,,,,,,,,,,5,0,6,34,7,60,8,44,9,47,10,18,11,10,12,7,13,15,14,23,15,23,16,39,17,52,18,57,19,63,20,68,21,36,22,13,,,,,,,,,,,,,5,0,6,100,7,100,8,63,9,23,10,7,11,5,12,10,13,23,14,52,15,60,16,63,17,31,18,36,19,44,20,71,21,65,22,52,,,,,,,,,,,,,0,7,1,2,2,13,3,26,4,26,5,18,6,26,7,36,8,52,9,26,10,13,11,7,12,7,13,15,14,44,15,65,16,78,17,84,18,65,19,63,20,36,21,47,22,57,23,65,0,50,1,31,2,15,3,15,4,10,5,26,6,26,7,23,8,36,9,44,10,36,11,26,12,10,13,15,14,28,15,47,16,34,17,26,18,13,19,15,20,44,21,52,22,71,23,34,,66035-400,,8,,9,,5,0,2,1,1,Pará,"Av. Serzedelo Corrêa, 11",,,,Tudo Conveniência Serzedelo,3.6,https://www.google.com/maps/search/?api=1&query=Tudo%20Conveni%C3%AAncia%20Serzedelo&query_place_id=ChIJKcNR5kCPpJIR8pJoJyU6vlw,
,,,,,,,,,,,,,,,,,,,,,,,,,,,,,,,,,,,,,,,,,,,,,,,,,,,,,,,,,,,,,,,,,,,,,,,,,,,,,,,,,,,,,,,,,,TRUE,,,,,,,,,,,,,,,,,,,,,"R. Osvaldo de Caldas Brito, 486 - Jurunas, Belém - PA, 66025-190, Brasil",Loja de Conveniência,,,,,,,,,Loja de Conveniência,1.63922E+18,Belém,BR,0x92a48f39f92a9713:0x16bfaa8fb4b68c06,,,-1.468479,-48.498804,,Jurunas,segunda-feira,06:00 to 22:00,terça-feira,06:00 to 22:00,quarta-feira,06:00 to 22:00,quinta-feira,06:00 to 22:00,sexta-feira,06:00 to 22:00,sábado,06:00 to 22:00,domingo,06:00 to 22:00,1,PiX CONVENIÊNCIA OFiCIAL,5,Outras pessoas pesquisaram,1,Comercial Farias,5,Outras pessoas pesquisaram,3,Mercadinho Portal,3.3,Outras pessoas pesquisaram,1,Depósito e Conveniência 3 Irmãos,5,,,,,+55 91 98243-4423,5591982434423,ChIJE5cq-TmPpJIRBoy2tI-qvxY,"GGJ2+JF Jurunas, Belém - PA, Brasil",5,0,6,7,7,23,8,7,9,7,10,23,11,7,12,0,13,15,14,46,15,84,16,69,17,38,18,7,19,15,20,15,21,7,22,0,,,,,,,,,,,,,5,0,6,15,7,38,8,30,9,15,10,0,11,0,12,15,13,23,14,7,15,15,16,23,17,23,18,7,19,0,20,7,21,15,22,0,,,,,,,,,,,,,,,5,0,6,30,7,15,8,46,9,30,10,38,11,15,12,23,13,23,14,7,15,7,16,23,17,30,18,61,19,100,20,84,21,69,22,0,,,,,,,,,,,,,5,0,6,23,7,38,8,38,9,30,10,15,11,23,12,30,13,46,14,53,15,53,16,23,17,15,18,23,19,46,20,30,21,23,22,0,,,,,,,,,,,,,5,0,6,100,7,92,8,53,9,46,10,61,11,69,12,38,13,23,14,15,15,15,16,0,17,0,18,0,19,7,20,15,21,38,22,0,,,,,,,,,,,,,5,0,6,30,7,38,8,46,9,61,10,61,11,76,12,92,13,84,14,84,15,92,16,38,17,15,18,0,19,23,20,46,21,69,22,0,,,,,,,,,,,,,5,0,6,38,7,15,8,7,9,0,10,0,11,0,12,15,13,38,14,38,15,61,16,38,17,30,18,46,19,46,20,76,21,46,22,0,,,,,,,,,,,,,,66025-190,,9,,0,,,,,,,Pará,"R. Osvaldo de Caldas Brito, 486",,,,Pik Conveniência,,https://www.google.com/maps/search/?api=1&query=Pik%20Conveni%C3%AAncia&query_place_id=ChIJE5cq-TmPpJIRBoy2tI-qvxY,
,,,,,,,,,,,,,,,,,,,,,,,,,,,,,,,,,,,,TRUE,,,,,,,,,,,,,,,,,,,,,,,,,,,,,,,,,,,,,,,,,,,,,,,,,,,,,,TRUE,,,,TRUE,,,,TRUE,TRUE,,,,,,,,,,,,"R. Ângelo Custódio, 402 - Cidade Velha, Belém - PA, 66020-710, Brasil",Loja de Conveniência,,,,,,,,,Loja de Conveniência,1.46895E+18,Belém,BR,0x92a48ef5611d13d7:0x1462c17375c42315,,,-1.4598262,-48.5002636,,Cidade Velha,segunda-feira,07:00 to 23:00,terça-feira,07:00 to 23:00,quarta-feira,07:00 to 23:00,quinta-feira,Atendimento 24 horas,sexta-feira,07:00 to 23:30,sábado,00:00 to 23:30,domingo,07:00 to 23:00,5,SOS Loja de Conveniências,3.8,Outras pessoas pesquisaram,0,SOS Conveniência.,0,Outras pessoas pesquisaram,0,S.O.S Conveniência Pedreira,0,Outras pessoas pesquisaram,1,Conveniência S.O.S. Bebidas,5,,,,,+55 91 98156-9576,5591981569576,ChIJ1xMdYfWOpJIRFSPEdXPBYhQ,"GFRX+3V Cidade Velha, Belém - PA, Brasil",6,0,7,90,8,40,9,20,10,0,11,0,12,0,13,0,14,0,15,10,16,20,17,10,18,10,19,20,20,10,21,0,22,0,23,10,,,,,,,,,,,,,6,0,7,20,8,20,9,20,10,30,11,30,12,40,13,10,14,10,15,40,16,30,17,40,18,20,19,10,20,20,21,20,22,30,23,0,,,,,,,,,,,,,,,0,0,1,10,2,20,3,40,4,10,5,0,6,10,7,20,8,20,9,20,10,10,11,0,12,10,13,30,14,80,15,50,16,20,17,0,18,0,19,0,20,10,21,30,22,20,23,20,6,0,7,10,8,20,9,10,10,0,11,20,12,50,13,70,14,40,15,20,16,10,17,30,18,10,19,0,20,10,21,30,22,10,23,0,,,,,,,,,,,,,0,70,1,70,2,40,3,60,4,0,5,10,6,20,7,50,8,40,9,30,10,0,11,0,12,0,13,10,14,20,15,10,16,0,17,10,18,20,19,50,20,40,21,30,22,40,23,40,6,0,7,20,8,60,9,60,10,100,11,40,12,30,13,20,14,20,15,30,16,40,17,60,18,40,19,50,20,50,21,60,22,30,23,0,,,,,,,,,,,,,6,0,7,0,8,0,9,10,10,20,11,40,12,20,13,10,14,0,15,0,16,0,17,0,18,0,19,10,20,20,21,60,22,90,23,0,,,,,,,,,,,,,,66020-710,,7,,2,,2,0,0,0,0,Pará,"R. Ângelo Custódio, 402",,,,SOS Loja de Conveniência,5,https://www.google.com/maps/search/?api=1&query=SOS%20Loja%20de%20Conveni%C3%AAncia&query_place_id=ChIJ1xMdYfWOpJIRFSPEdXPBYhQ,
,TRUE,,,,,,,,,,,,,TRUE,,,,,,,,,,,,,,,,,,,,,,,,,,,,,,,,,,,,,,,,,,,,,,,,,,,,,,,,,,,TRUE,,,,,,,,,,,,,,,,,,,,,,,,,,,,,,,,,,,,,,"Tv. Honório José dos Santos, 462 - Jurunas, Belém - PA, 66025-280, Brasil",Posto de combustível,Lava-rápido,Loja de Conveniência,Serviço de troca de óleo,Restaurante,,,,,Posto de combustível,1.82046E+19,Belém,BR,0x92a48e6432e98f99:0xfca3d4836a8e0201,,,-1.4651591,-48.4951247,,Jurunas,segunda-feira,Atendimento 24 horas,terça-feira,Atendimento 24 horas,quarta-feira,Atendimento 24 horas,quinta-feira,Atendimento 24 horas,sexta-feira,Atendimento 24 horas,sábado,Atendimento 24 horas,domingo,Atendimento 24 horas,3,Posto Petrobras,3,Outras pessoas pesquisaram,0,Posto Rebouças,0,Outras pessoas pesquisaram,52,Posto Petrobras,3.6,Outras pessoas pesquisaram,2,Posto Náutico,4,,,,,+55 91 3283-4953,559132834953,ChIJmY_pMmSOpJIRAQKOaoPUo_w,"GGM3+WX Jurunas, Belém - PA, Brasil",4,5,5,10,6,26,7,45,8,62,9,72,10,71,11,66,12,58,13,55,14,58,15,66,16,75,17,86,18,95,19,100,20,92,21,79,22,52,23,32,0,15,1,6,2,2,3,3,4,2,5,8,6,23,7,47,8,68,9,71,10,65,11,53,12,44,13,42,14,46,15,52,16,62,17,75,18,77,19,70,20,54,21,43,22,26,23,17,0,7,1,3,2,1,3,2,,,4,4,5,10,6,19,7,33,8,54,9,74,10,82,11,81,12,75,13,64,14,53,15,53,16,63,17,74,18,79,19,73,20,66,21,51,22,33,23,17,0,8,1,3,2,2,3,1,4,3,5,6,6,10,7,17,8,28,9,38,10,49,11,55,12,53,13,46,14,40,15,38,16,43,17,49,18,57,19,56,20,50,21,35,22,23,23,12,0,9,1,4,2,3,3,2,4,6,5,9,6,22,7,40,8,59,9,67,10,66,11,61,12,53,13,51,14,53,15,57,16,65,17,77,18,82,19,81,20,67,21,50,22,28,23,16,0,8,1,4,2,3,3,5,4,3,5,7,6,18,7,35,8,51,9,60,10,65,11,62,12,56,13,48,14,52,15,56,16,66,17,71,18,76,19,72,20,59,21,39,22,20,23,12,0,7,1,3,2,2,3,1,4,4,5,11,6,25,7,39,8,56,9,63,10,63,11,59,12,51,13,46,14,48,15,51,16,60,17,65,18,72,19,70,20,61,21,48,22,33,23,20,0,12,1,7,2,3,3,1,60,66025-280,,6,,343,,174,92,14,56,7,Pará,"Tv. Honório José dos Santos, 462",,,,Posto Ipiranga,4.2,https://www.google.com/maps/search/?api=1&query=Posto%20Ipiranga&query_place_id=ChIJmY_pMmSOpJIRAQKOaoPUo_w,https://portal.ipiranga/
,,TRUE,,,,,TRUE,,,,,,,TRUE,,,TRUE,,,,,TRUE,,,,,,,,,,,,,,,,,,,TRUE,,,,,TRUE,,,,,TRUE,,,,,,,,,,TRUE,TRUE,,,,TRUE,,,,,TRUE,,,,,,,,,,,,,,,,,,,TRUE,,,,TRUE,,TRUE,,,,,,,,,,,,,,,"Av. Visc. de Souza Franco, 963 - Umarizal, Belém - PA, 66053-000, Brasil",Loja de Conveniência,,,,,,,,,Loja de Conveniência,8.83239E+18,Belém,BR,0x92a48ebc6c60757b:0x7a92ef7b8ce02fd3,,,-1.4464793,-48.4876767,,Umarizal,segunda-feira,08:00 to 00:00,terça-feira,07:00 to 00:00,quarta-feira,08:00 to 00:00,quinta-feira,08:00 to 01:00,sexta-feira,08:00 to 02:00,sábado,08:00 to 02:00,domingo,08:00 to 00:00,0,CONVENIENCIA MUNICIPAL,0,Outras pessoas pesquisaram,9,Tudo Conveniência Serzedelo,3.6,Outras pessoas pesquisaram,223,Tudo Conveniência Boaventura,4.5,Outras pessoas pesquisaram,0,Mega Conveniência,0,Outras pessoas pesquisaram,14,Tudo Conveniência Antônio Barreto,4.4,+55 91 99235-0011,5591992350011,ChIJe3VgbLyOpJIR0y_gjHvvkno,"HG36+CW Umarizal, Belém - PA, Brasil",6,0,7,0,8,22,9,27,10,31,11,34,12,42,13,44,14,39,15,40,16,49,17,64,18,68,19,72,20,72,21,76,22,88,23,99,0,82,1,54,,,,,,,,,6,0,7,0,8,17,9,24,10,24,11,23,12,19,13,21,14,31,15,42,16,50,17,55,18,51,19,49,20,45,21,43,22,41,23,41,,,,,,,,,,,,,,,6,0,7,0,8,12,9,15,10,25,11,23,12,28,13,26,14,21,15,22,16,25,17,38,18,41,19,43,20,42,21,54,22,74,23,87,0,69,1,44,,,,,,,,,6,0,7,0,8,18,9,20,10,22,11,25,12,30,13,28,14,25,15,26,16,29,17,28,18,34,19,38,20,39,21,41,22,48,23,44,,,,,,,,,,,,,6,0,7,0,8,12,9,22,10,28,11,33,12,27,13,25,14,24,15,32,16,43,17,50,18,57,19,57,20,56,21,58,22,59,23,50,0,31,,,,,,,,,,,6,0,7,12,8,25,9,28,10,29,11,24,12,22,13,23,14,30,15,39,16,44,17,46,18,50,19,50,20,46,21,44,22,45,23,42,,,,,,,,,,,,,6,0,7,0,8,18,9,22,10,33,11,29,12,26,13,27,14,34,15,44,16,54,17,55,18,61,19,58,20,64,21,78,22,96,23,100,,,,,,,,,,,,,,66053-000,,4,,131,,129,0,2,0,0,Pará,"Av. Visc. de Souza Franco, 963",,,,Premium Conveniência | Doca,4.9,https://www.google.com/maps/search/?api=1&query=Premium%20Conveni%C3%AAncia%20%7C%20Doca&query_place_id=ChIJe3VgbLyOpJIR0y_gjHvvkno,https://www.instagram.com/premium_conveniencia_doca?igsh=MTlvNHo4MHJzbTh2cA%3D%3D&utm_source=qr
,,,,,,,,,,,,,,,,,,,,,,,,,,,,,,,,,,,,,,,,,,,,,,,,,,,,,,,,,,,,,,,,,,,,,,,,,,,,,,,,,,,,,,,,,,TRUE,,,,,,,,,,,,,,,,,,,,,"R. Domingos Marreiros, 500 - Umarizal, Belém - PA, 66055-240, Brasil",Loja de Conveniência,,,,,,,,,Loja de Conveniência,1.58104E+19,Belém,BR,0x92a48fd1595406bd:0xdb69d275f105eb5a,,,-1.4461033,-48.48303,,Umarizal,segunda-feira,09:00 to 00:00,terça-feira,09:00 to 00:00,quarta-feira,09:00 to 00:00,quinta-feira,09:00 to 00:00,sexta-feira,09:00 to 00:00,sábado,09:00 to 00:00,domingo,09:00 to 14:00,168,STEAK 1001 - Boutique de Carnes,4.4,Outras pessoas pesquisaram,1517,The Premium Steaks,4.5,,,,,,,,,,,,,,,ChIJvQZUWdGPpJIRWusF8XXSads,"HG38+HQ Umarizal, Belém - PA, Brasil",6,0,7,0,8,0,9,100,10,100,11,62,12,75,13,50,14,75,15,50,16,62,17,37,18,50,19,50,20,12,21,0,22,0,23,0,,,,,,,,,,,,,6,0,7,0,8,0,9,12,10,0,11,0,12,12,13,0,14,0,15,0,16,0,17,0,18,0,19,0,20,0,21,12,22,25,23,50,,,,,,,,,,,,,,,6,0,7,0,8,0,9,12,10,25,11,12,12,0,13,0,14,0,15,25,16,50,17,100,18,50,19,25,20,0,21,25,22,37,23,12,,,,,,,,,,,,,6,0,7,0,8,0,9,50,10,50,11,12,12,0,13,25,14,0,15,0,16,0,17,0,18,0,19,0,20,0,21,0,22,0,23,0,,,,,,,,,,,,,6,0,7,0,8,0,9,37,10,37,11,50,12,50,13,62,14,37,15,62,16,25,17,25,18,37,19,50,20,75,21,50,22,25,23,25,,,,,,,,,,,,,6,0,7,0,8,0,9,25,10,12,11,37,12,75,13,50,14,12,15,0,16,0,17,0,18,25,19,37,20,12,21,0,22,12,23,25,,,,,,,,,,,,,6,0,7,0,8,0,9,12,10,12,11,37,12,100,13,75,14,75,15,87,16,50,17,12,18,0,19,0,20,12,21,50,22,87,23,62,,,,,,,,,,,,,,66055-240,,3,,2,,2,0,0,0,0,Pará,"R. Domingos Marreiros, 500",,,,PRIME BELÉM - STEAK BAR,5,https://www.google.com/maps/search/?api=1&query=PRIME%20BEL%C3%89M%20-%20STEAK%20BAR&query_place_id=ChIJvQZUWdGPpJIRWusF8XXSads,
,,,,,,,,,,,,,,,,,,,,,,,,,,,,,,,,,,,,,,,,,,,,,,,,,,,,,,,,,,,,,,,,,,,,,,,,,,,,,,,,,,,,,,,,,,,,,,,,,,,,,,,,,,,,,,,"Passagem Helena Dias, 42 - Jurunas, Belém - PA, 66030-280, Brasil",Loja de Conveniência,,,,,,,,,Loja de Conveniência,1.29967E+19,Belém,BR,0x92a48f4695c6d4a5:0xb45d89cee6c0cc9a,,,-1.474895,-48.4903138,,Jurunas,segunda-feira,Atendimento 24 horas,terça-feira,Atendimento 24 horas,quarta-feira,Atendimento 24 horas,quinta-feira,Atendimento 24 horas,sexta-feira,Atendimento 24 horas,sábado,Atendimento 24 horas,domingo,Atendimento 24 horas,,,,,,,,,,,,,,,,,,,,+55 91 99818-9589,5591998189589,ChIJpdTGlUaPpJIRmszA5s6JXbQ,"GGG5+2V Jurunas, Belém - PA, Brasil",4,14,5,7,6,21,7,7,8,0,9,7,10,21,11,50,12,35,13,42,14,21,15,14,16,21,17,42,18,42,19,28,20,28,21,50,22,42,23,64,0,42,1,35,2,50,3,35,4,28,5,35,6,42,7,28,8,14,9,0,10,0,11,7,12,28,13,28,14,42,15,21,16,7,17,7,18,14,19,28,20,14,21,14,22,21,23,57,0,35,1,28,2,35,3,35,,,4,0,5,7,6,21,7,50,8,28,9,21,10,14,11,21,12,50,13,42,14,28,15,28,16,14,17,7,18,21,19,57,20,100,21,85,22,42,23,21,0,7,1,0,2,0,3,0,4,57,5,28,6,28,7,21,8,7,9,0,10,0,11,0,12,7,13,0,14,7,15,14,16,7,17,14,18,21,19,28,20,14,21,28,22,50,23,78,0,57,1,50,2,64,3,64,4,42,5,35,6,21,7,28,8,42,9,35,10,28,11,50,12,64,13,78,14,57,15,42,16,14,17,14,18,28,19,35,20,71,21,50,22,64,23,42,0,21,1,21,2,57,3,64,4,35,5,21,6,28,7,14,8,14,9,14,10,7,11,0,12,0,13,7,14,21,15,7,16,7,17,14,18,28,19,21,20,7,21,7,22,14,23,14,0,14,1,35,2,50,3,28,4,28,5,21,6,0,7,0,8,7,9,14,10,7,11,7,12,28,13,21,14,28,15,14,16,7,17,0,18,7,19,0,20,28,21,42,22,64,23,35,0,14,1,14,2,28,3,57,,66030-280,,2,,2,,2,0,0,0,0,Pará,"Passagem Helena Dias, 42",,,,Império das bebidas,5,https://www.google.com/maps/search/?api=1&query=Imp%C3%A9rio%20das%20bebidas&query_place_id=ChIJpdTGlUaPpJIRmszA5s6JXbQ,https://www.instagram.com/imperiodasbebidas0.1?igsh=aWNmdGQwY3g5Nzll
,,,,,,,,,,,,,,,,,,,,,,,,,,,,,,,,,,,,,,,,,,,,,,,,,,,,,,,,,,,,,,,,,,,,,,,,,,,,,,,,,,,,,,,,,,,,,,,,,,,,,,,,,,,,,,,"Mosqueiro, Belém - PA, Brasil",Loja de Conveniência,,,,,,,,,Loja de Conveniência,8.08273E+18,Belém,BR,0x92a415b5eaa17683:0x702b9d52581e84d0,,,-1.1055752,-48.4143371,,Mosqueiro,,,,,,,,,,,,,,,0,Bar e conveniência Parada Obrigatória,0,Outras pessoas pesquisaram,1,Conveniência michelly,5,Outras pessoas pesquisaram,1,Oliveira Conveniência e Sorveteria,5,,,,,,,,,,,ChIJg3ah6rUVpJIR0IQeWFKdK3A,"VHVP+Q7 Mosqueiro, Belém - PA, Brasil",,,,,,,,,,,,,,,,,,,,,,,,,,,,,,,,,,,,,,,,,,,,,,,,,,,,,,,,,,,,,,,,,,,,,,,,,,,,,,,,,,,,,,,,,,,,,,,,,,,,,,,,,,,,,,,,,,,,,,,,,,,,,,,,,,,,,,,,,,,,,,,,,,,,,,,,,,,,,,,,,,,,,,,,,,,,,,,,,,,,,,,,,,,,,,,,,,,,,,,,,,,,,,,,,,,,,,,,,,,,,,,,,,,,,,,,,,,,,,,,,,,,,,,,,,,,,,,,,,,,,,,,,,,,,,,,,,,,,,,,,,,,,,,,,,,,,,,,,,,,,,,,,,,,,,,,,,,,,,,,,,,,,,,,,,,,,,,,,,,,,,19,,0,,,,,,,Pará,,,,,Sid's bar,,https://www.google.com/maps/search/?api=1&query=Sid's%20bar&query_place_id=ChIJg3ah6rUVpJIR0IQeWFKdK3A,
,,,,,,,,,,,,,,,,,,,,,,,,,,,,,,,,,,,,,,,,,TRUE,,,,,TRUE,,,,,TRUE,,,,,,,,,,TRUE,TRUE,,,,TRUE,,,,,,,,,,,,,,,,,,,,,,,,TRUE,,,,TRUE,,,,TRUE,TRUE,,,,,,,,,,,,"Tv. de Breves, Nº 890 - Jurunas, Belém - PA, 66030-140, Brasil",Loja de Conveniência,,,,,,,,,Loja de Conveniência,5.25637E+18,Belém,BR,0x92a48f82a5b058ed:0x48f25ca8cf46f8a2,,,-1.4679019,-48.4979291,,Jurunas,segunda-feira,08:00 to 23:00,terça-feira,08:00 to 23:00,quarta-feira,08:00 to 23:00,quinta-feira,08:00 to 23:00,sexta-feira,08:00 to 23:00,sábado,08:00 to 23:00,domingo,08:00 to 23:00,0,R/A Conveniência,0,Outras pessoas pesquisaram,1,Ceará alimentos,5,,,,,,,,,,,,,+55 91 98106-2889,5591981062889,ChIJ7ViwpYKPpJIRovhGz6hc8kg,"GGJ2+RR Jurunas, Belém - PA, Brasil",6,0,7,0,8,18,9,21,10,37,11,37,12,28,13,34,14,37,15,34,16,31,17,40,18,59,19,81,20,93,21,75,22,59,23,0,,,,,,,,,,,,,6,0,7,0,8,28,9,53,10,37,11,28,12,12,13,9,14,21,15,21,16,25,17,21,18,25,19,37,20,43,21,43,22,31,23,0,,,,,,,,,,,,,,,6,0,7,0,8,21,9,21,10,43,11,43,12,40,13,37,14,37,15,40,16,75,17,96,18,100,19,81,20,65,21,53,22,50,23,0,,,,,,,,,,,,,6,0,7,0,8,3,9,15,10,46,11,65,12,81,13,71,14,46,15,43,16,40,17,53,18,53,19,53,20,28,21,18,22,6,23,0,,,,,,,,,,,,,6,0,7,0,8,21,9,40,10,53,11,46,12,40,13,18,14,15,15,21,16,18,17,21,18,31,19,18,20,25,21,40,22,56,23,0,,,,,,,,,,,,,6,0,7,0,8,34,9,46,10,53,11,46,12,40,13,28,14,25,15,18,16,37,17,31,18,40,19,34,20,43,21,31,22,34,23,0,,,,,,,,,,,,,6,0,7,0,8,25,9,31,10,46,11,50,12,40,13,21,14,15,15,12,16,31,17,53,18,75,19,81,20,68,21,46,22,25,23,0,,,,,,,,,,,,,,66030-140,,1,,2,,2,0,0,0,0,Pará,"Tv. de Breves, Nº 890",,,,CONVENIÊNCIA R & S MARTINS,5,https://www.google.com/maps/search/?api=1&query=CONVENI%C3%8ANCIA%20R%20%26%20S%20MARTINS&query_place_id=ChIJ7ViwpYKPpJIRovhGz6hc8kg,https://www.lojalocal.com/40270160000175
,,,,,,,,,,,,,,,,,,,,,,,,,,,,,,,,,,,TRUE,,,,,,,,,,,,,,,,,,,,,,,,,,,,,,,,,,,,,,,,,,,,,,,,,,,,,,,,,,,,,,,,,,,,,,,,,,,,"Av. Beira Mar - Ariramba, Belém - PA, 66919-620, Brasil",Loja de Conveniência,,,,,,,,,Loja de Conveniência,1.45348E+19,Belém,BR,0x92a4157aba455f07:0xc9b60f2685f9d269,,,-1.1204821,-48.4391749,,Ariramba,segunda-feira,09:00 to 17:00,terça-feira,09:00 to 17:00,quarta-feira,09:00 to 17:00,quinta-feira,09:00 to 17:00,sexta-feira,09:00 to 17:00,sábado,09:00 to 19:30,domingo,09:00 to 20:00,5,Kiosque do Buja's,4.8,Outras pessoas pesquisaram,3,Conveniencia Beira Mar,5,,,,,,,,,,,,,+55 91 99219-0258,5591992190258,ChIJB19FunoVpJIRadL5hSYPtsk,"VHH6+R8 Belém, PA, Brasil",,,,,,,,,,,,,,,,,,,,,,,,,,,,,,,,,,,,,,,,,,,,,,,,,,,,,,,,,,,,,,,,,,,,,,,,,,,,,,,,,,,,,,,,,,,,,,,,,,,,,,,,,,,,,,,,,,,,,,,,,,,,,,,,,,,,,,,,,,,,,,,,,,,,,,,,,,,,,,,,,,,,,,,,,,,,,,,,,,,,,,,,,,,,,,,,,,,,,,,,,,,,,,,,,,,,,,,,,,,,,,,,,,,,,,,,,,,,,,,,,,,,,,,,,,,,,,,,,,,,,,,,,,,,,,,,,,,,,,,,,,,,,,,,,,,,,,,,,,,,,,,,,,,,,,,,,,,,,,,,,,,,,,,,,,,,,,,,,,,,66919-620,,16,,1,,1,0,0,0,0,Pará,Av. Beira Mar,,,,Quiosque do Buja's,5,https://www.google.com/maps/search/?api=1&query=Quiosque%20do%20Buja's&query_place_id=ChIJB19FunoVpJIRadL5hSYPtsk,
,,,,,,,,,,,,TRUE,,TRUE,,TRUE,,,,,TRUE,,TRUE,,,,,,,TRUE,TRUE,,,,,,,,,,TRUE,,,TRUE,,,,,,TRUE,,,,,,,,,TRUE,,,,,,TRUE,,,,,,,TRUE,,,TRUE,,TRUE,,TRUE,,,TRUE,,,,TRUE,,,,TRUE,,,,TRUE,,,,TRUE,TRUE,,,,,,TRUE,,,,,,"Av. Beira Mar - Murubira, Belém - PA, 66918-030, Brasil",Restaurante,Bar,Loja de Conveniência,Pousada,,,,,,Restaurante,1.57666E+18,Belém,BR,0x92a415a4098f835d:0x15e16c0817024fd3,,,-1.1209301,-48.4420624,,Murubira,,,,,,,,,,,,,,,0,"rua César Augusto nº 58 Murubira, Mosqueiro",0,Outras pessoas pesquisaram,42,BAR SÓ LATINHA,3.7,Outras pessoas pesquisaram,1,RESTAURANTE O BARBUDO,3,,,,,,,,,+55 91 98505-0691,5591985050691,ChIJXYOPCaQVpJIR008CFwhs4RU,"VHH5+J5 Murubira, Belém - PA, Brasil",4,0,5,0,6,0,7,0,8,0,9,63,10,36,11,27,12,36,13,27,14,36,15,18,16,36,17,63,18,90,19,63,20,27,21,9,22,0,23,9,0,0,1,0,2,0,3,0,4,0,5,0,6,0,7,0,8,0,9,81,10,36,11,27,12,0,13,18,14,18,15,9,16,18,17,27,18,45,19,18,20,18,21,9,22,18,23,18,0,27,1,0,2,0,3,0,,,4,0,5,0,6,0,7,0,8,0,9,9,10,0,11,0,12,9,13,27,14,9,15,0,16,0,17,9,18,18,19,45,20,18,21,9,22,9,23,18,0,18,1,0,2,0,3,0,4,0,5,0,6,0,7,0,8,0,9,18,10,27,11,36,12,18,13,18,14,45,15,27,16,45,17,81,18,63,19,45,20,27,21,18,22,36,23,45,0,45,1,0,2,0,3,0,4,0,5,0,6,0,7,0,8,0,9,0,10,0,11,0,12,0,13,9,14,27,15,36,16,9,17,0,18,0,19,0,20,0,21,9,22,18,23,9,0,0,1,0,2,0,3,0,4,0,5,0,6,0,7,0,8,0,9,0,10,0,11,9,12,27,13,63,14,81,15,36,16,9,17,0,18,0,19,9,20,9,21,27,22,54,23,63,0,27,1,0,2,0,3,0,4,0,5,0,6,0,7,0,8,0,9,18,10,36,11,18,12,18,13,9,14,0,15,0,16,0,17,9,18,27,19,27,20,45,21,100,22,63,23,81,0,63,1,0,2,0,3,0,,66918-030,,15,,1,,1,0,0,0,0,Pará,Av. Beira Mar,,,,Muru Beach,5,https://www.google.com/maps/search/?api=1&query=Muru%20Beach&query_place_id=ChIJXYOPCaQVpJIR008CFwhs4RU,
,,,,,,,,,,,,,,,,,,,,,,,,,,,,,,,,,,,,,,,,,,,,,,,,,,,,,,,,,,,,,,,,,,,,,,,,,,,,,,,,,,,,,,,,,,,,,,,,,,,,,,,,,,,,,,,"Estr. do Dner - Carananduba (Mosqueiro), Belém - PA, Brasil",Loja de Conveniência,,,,,,,,,Loja de Conveniência,1.18277E+18,Belém,BR,0x92a43f0073ad98bf:0x106a0aaa1d9f37f4,,,-1.0931843,-48.398545,,Carananduba (Mosqueiro),,,,,,,,,,,,,,,,,,,,,,,,,,,,,,,,,,,,ChIJv5itcwA_pJIR9DefHaoKahA,"WJ42+PH Carananduba (Mosqueiro), Belém - PA, Brasil",,,,,,,,,,,,,,,,,,,,,,,,,,,,,,,,,,,,,,,,,,,,,,,,,,,,,,,,,,,,,,,,,,,,,,,,,,,,,,,,,,,,,,,,,,,,,,,,,,,,,,,,,,,,,,,,,,,,,,,,,,,,,,,,,,,,,,,,,,,,,,,,,,,,,,,,,,,,,,,,,,,,,,,,,,,,,,,,,,,,,,,,,,,,,,,,,,,,,,,,,,,,,,,,,,,,,,,,,,,,,,,,,,,,,,,,,,,,,,,,,,,,,,,,,,,,,,,,,,,,,,,,,,,,,,,,,,,,,,,,,,,,,,,,,,,,,,,,,,,,,,,,,,,,,,,,,,,,,,,,,,,,,,,,,,,,,,,,,,,,,,12,,0,,,,,,,Pará,Estr. do Dner,,,,Deposito e conveniência js,,https://www.google.com/maps/search/?api=1&query=Deposito%20e%20conveni%C3%AAncia%20js&query_place_id=ChIJv5itcwA_pJIR9DefHaoKahA,
,,,,,,,,,,,,,,,,,,,,,,,,,,,,,,,,,,,,,,,,,,,,,,,,,,,,,,,,,,,,,,,,,,,,,,,,,,,,,,,,,,,,,,,,,,,,,,,,,,,,,,,,,,,,,,,"Carananduba (Mosqueiro), Belém - PA, 66923-120, Brasil",Loja de Conveniência,,,,,,,,,Loja de Conveniência,1.76074E+19,Belém,BR,0x92a4154fb7c49391:0xf45a1c191836a979,,,-1.0950692,-48.4090692,,Carananduba (Mosqueiro),segunda-feira,08:00 to 22:00,terça-feira,08:00 to 22:00,quarta-feira,08:00 to 22:00,quinta-feira,08:00 to 22:00,sexta-feira,08:00 to 22:00,sábado,08:00 to 22:00,domingo,08:00 to 22:00,2,DEPOSITO COPACABANA DELIVERY,5,Outras pessoas pesquisaram,2,Deposito vale,5,Outras pessoas pesquisaram,14,Deposito de bebidas LA CASA DE BEBIDAS,4.4,Outras pessoas pesquisaram,3,Depósito Noronha,5,,,,,+55 91 98074-6613,5591980746613,ChIJkZPEt08VpJIReak2GBkcWvQ,"WH3R+X9 Carananduba (Mosqueiro), Belém - PA, Brasil",6,0,7,0,8,3,9,15,10,26,11,23,12,34,13,19,14,11,15,15,16,19,17,26,18,50,19,61,20,34,21,19,22,0,23,0,,,,,,,,,,,,,6,0,7,0,8,7,9,11,10,19,11,34,12,42,13,30,14,34,15,15,16,7,17,7,18,7,19,19,20,7,21,7,22,0,23,0,,,,,,,,,,,,,,,6,0,7,0,8,50,9,88,10,100,11,96,12,42,13,15,14,0,15,3,16,7,17,19,18,30,19,42,20,19,21,7,22,0,23,0,,,,,,,,,,,,,6,0,7,0,8,50,9,84,10,100,11,80,12,61,13,23,14,7,15,0,16,3,17,11,18,26,19,19,20,19,21,30,22,0,23,0,,,,,,,,,,,,,6,0,7,0,8,0,9,0,10,3,11,7,12,3,13,3,14,0,15,0,16,3,17,11,18,30,19,26,20,34,21,19,22,0,23,0,,,,,,,,,,,,,6,0,7,0,8,3,9,7,10,15,11,7,12,3,13,3,14,3,15,15,16,15,17,30,18,34,19,38,20,53,21,38,22,0,23,0,,,,,,,,,,,,,6,0,7,0,8,19,9,19,10,23,11,15,12,7,13,0,14,0,15,11,16,15,17,19,18,7,19,3,20,3,21,0,22,0,23,0,,,,,,,,,,,,,,,,10,,2,,2,0,0,0,0,Pará,,,,,Depósito João Gonzaga,5,https://www.google.com/maps/search/?api=1&query=Dep%C3%B3sito%20Jo%C3%A3o%20Gonzaga&query_place_id=ChIJkZPEt08VpJIReak2GBkcWvQ,
,,,,,,,,,,,,,,,,,,,,,,,,,,,,,,,,,,,TRUE,,,,,,,,,,,,,,,,,,,,,,,,,,,,,,,,,,,,,,,,,,,,,,,,,,,,,,,TRUE,,,,,,,,,,,,,,,,,,,,,"R. Lalor Mota - Carananduba (Mosqueiro), Belém - PA, 66923-060, Brasil",Loja de Conveniência,,,,,,,,,Loja de Conveniência,9.07954E+18,Belém,BR,0x92a415187be2b74b:0x7e00fe61a8b49209,,,-1.0928577,-48.4078109,,Carananduba (Mosqueiro),segunda-feira,06:30 to 22:00,terça-feira,Atendimento 24 horas,quarta-feira,Fechado,quinta-feira,06:30 to 22:00,sexta-feira,06:30 to 22:00,sábado,Atendimento 24 horas,domingo,Atendimento 24 horas,0,Conveniência TDA,0,Outras pessoas pesquisaram,0,TF Variedades / Comercial Mãe e Filha,0,Outras pessoas pesquisaram,9,Comercial Tá na mão,5,Outras pessoas pesquisaram,20,W&C Conveniência,4.1,,,,,+55 91 98581-2871,5591985812871,ChIJS7fiexgVpJIRCZK0qGH-AH4,"WH4R+VV Carananduba (Mosqueiro), Belém - PA, Brasil",5,0,6,0,7,10,8,10,9,20,10,10,11,0,12,10,13,20,14,40,15,50,16,20,17,10,18,0,19,0,20,0,21,10,22,0,,,,,,,,,,,,,5,0,6,10,7,10,8,30,9,50,10,40,11,30,12,0,13,0,14,10,15,30,16,60,17,30,18,10,19,0,20,0,21,0,22,0,,,,,,,,,,,,,,,0,40,1,50,2,20,3,20,4,30,5,60,6,100,7,40,8,20,9,0,10,0,11,0,12,0,13,0,14,0,15,0,16,0,17,0,18,10,19,30,20,60,21,70,22,70,23,70,0,60,1,30,2,10,3,0,4,50,5,20,6,10,7,10,8,20,9,20,10,20,11,20,12,20,13,10,14,0,15,0,16,0,17,0,18,10,19,40,20,30,21,10,22,10,23,40,5,0,6,50,7,80,8,60,9,70,10,40,11,20,12,10,13,20,14,60,15,40,16,20,17,0,18,0,19,0,20,0,21,10,22,0,,,,,,,,,,,,,0,10,1,10,2,20,3,10,4,30,5,10,6,0,7,20,8,50,9,100,10,50,11,40,12,20,13,10,14,0,15,10,16,20,17,40,18,30,19,10,20,10,21,20,22,60,23,80,,,,,,,,,,,,,,,,,,,,,,,,,,,,,,,,,,,,,,,,,,,,,,,,,,66923-060,,9,,0,,,,,,,Pará,R. Lalor Mota,,,,F&A CONVENIÊNCIA,,https://www.google.com/maps/search/?api=1&query=F%26A%20CONVENI%C3%8ANCIA&query_place_id=ChIJS7fiexgVpJIRCZK0qGH-AH4,
,,,,,,,,,,,,,,,,,,,,,,,,,,,,,,,,,,,,,,,,,TRUE,,,TRUE,,,,,,,,,,,TRUE,TRUE,,,,,,,,TRUE,,,,,,,,,,,,,,,,,,,,,,,,,,,,,,,,,,,,,,,,,,,,,,,"Estr. do Cajueiro - Carananduba (Mosqueiro), Belém - PA, 66920-780, Brasil",Loja de Conveniência,,,,,,,,,Loja de Conveniência,3.92494E+18,Belém,BR,0x92a415c54c0c79eb:0x36782d48ebf41538,,,-1.102761,-48.4131926,,Carananduba (Mosqueiro),,,,,,,,,,,,,,,0,Pk CONVENIÊNCIA,0,Outras pessoas pesquisaram,6,Tudo Conveniência Mosqueiro,5,,,,,,,,,,,,,+55 91 98068-4484,5591980684484,ChIJ63kMTMUVpJIROBX060gteDY,"VHWP+VP Carananduba (Mosqueiro), Belém - PA, Brasil",,,,,,,,,,,,,,,,,,,,,,,,,,,,,,,,,,,,,,,,,,,,,,,,,,,,,,,,,,,,,,,,,,,,,,,,,,,,,,,,,,,,,,,,,,,,,,,,,,,,,,,,,,,,,,,,,,,,,,,,,,,,,,,,,,,,,,,,,,,,,,,,,,,,,,,,,,,,,,,,,,,,,,,,,,,,,,,,,,,,,,,,,,,,,,,,,,,,,,,,,,,,,,,,,,,,,,,,,,,,,,,,,,,,,,,,,,,,,,,,,,,,,,,,,,,,,,,,,,,,,,,,,,,,,,,,,,,,,,,,,,,,,,,,,,,,,,,,,,,,,,,,,,,,,,,,,,,,,,,,,,,,,,,,,,,,,,,,,,,,66920-780,,19,,0,,,,,,,Pará,Estr. do Cajueiro,,,,Conveniência 24 horas,,https://www.google.com/maps/search/?api=1&query=Conveni%C3%AAncia%2024%20horas&query_place_id=ChIJ63kMTMUVpJIROBX060gteDY,
,,,,,,,,,,,,,,,,,,,,,,,,,,,,,,,,,,,,,,,,,,,,,,,,,,,,,,,,,,,,,,,,,,,,,,,,,,,,,,,,,,,,,,,,,,TRUE,,,,TRUE,,,,TRUE,TRUE,,,,,,,,,,,,"Av. 16 de Novembro - Mosqueiro, Belém - PA, Brasil",Loja de Conveniência,,,,,,,,,Loja de Conveniência,3.08466E+18,Belém,BR,0x92a46bb1da632197:0x2aceebd7567cfa60,,,-1.1450289,-48.4628159,,Mosqueiro,segunda-feira,Fechado,terça-feira,09:00 to 00:00,quarta-feira,09:00 to 00:00,quinta-feira,09:00 to 00:00,sexta-feira,09:00 to 00:00,sábado,09:00 to 00:00,domingo,09:00 to 00:00,0,GF_TRANÇAS,0,Outras pessoas pesquisaram,2,.,5,,,,,,,,,,,,,+55 91 98345-5668,5591983455668,ChIJlyFj2rFrpJIRYPp8Vtfrzio,"VG3P+XV Mosqueiro, Belém - PA, Brasil",6,0,7,0,8,0,9,8,10,7,11,2,12,2,13,3,14,4,15,4,16,3,17,8,18,13,19,22,20,25,21,33,22,35,23,32,,,,,,,,,,,,,,,,,,,,,,,,,,,,,,,,,,,,,,,,,,,,,,,,,,,,,,,,,,,,,,,6,0,7,0,8,0,9,5,10,4,11,4,12,4,13,8,14,5,15,7,16,11,17,17,18,23,19,26,20,38,21,67,22,92,23,100,,,,,,,,,,,,,6,0,7,0,8,0,9,4,10,7,11,5,12,2,13,2,14,4,15,7,16,14,17,13,18,11,19,13,20,20,21,21,22,25,23,24,,,,,,,,,,,,,6,0,7,0,8,0,9,10,10,4,11,4,12,10,13,13,14,13,15,10,16,6,17,10,18,10,19,11,20,12,21,17,22,23,23,26,,,,,,,,,,,,,6,0,7,0,8,0,9,4,10,7,11,6,12,7,13,3,14,1,15,2,16,6,17,13,18,16,19,16,20,14,21,17,22,21,23,26,,,,,,,,,,,,,6,0,7,0,8,0,9,5,10,5,11,5,12,5,13,2,14,2,15,2,16,2,17,4,18,12,19,13,20,18,21,21,22,31,23,28,,,,,,,,,,,,,,,,18,,20,,14,3,0,3,0,Pará,Av. 16 de Novembro,,,,Mercants16,4.6,https://www.google.com/maps/search/?api=1&query=Mercants16&query_place_id=ChIJlyFj2rFrpJIRYPp8Vtfrzio,
,,,,,,,,,,,,,,,,,,,,,,,,,,,,,,,,,,,TRUE,,,,,,,,,,,,,,,,,,,,,,,,,,,,,,,,,,,,,,,,,,,,,,,,,,,,,,,,,,,,,,,,,,,,,,,,,,,,"R. Variante, 30 - Ariramba, Belém - PA, 66900-013, Brasil",Loja de Conveniência,,,,,,,,,Loja de Conveniência,1.33841E+19,Belém,BR,0x92a415c79ff32751:0xb9be09314a8d0f91,,,-1.1229955,-48.4337052,,Ariramba,segunda-feira,11:00 to 00:00,terça-feira,11:00 to 00:00,quarta-feira,11:00 to 00:00,quinta-feira,11:00 to 00:00,sexta-feira,11:00 to 00:00,sábado,11:00 to 00:00,domingo,11:00 to 00:00,0,Conveniência fé no pai,0,Outras pessoas pesquisaram,1,Conveniência e deposito 2D,1,Outras pessoas pesquisaram,2,Depósito de Bebidas Matheus,5,Outras pessoas pesquisaram,0,Depósito E Conveniência Do louro,0,,,,,+55 91 98110-0628,5591981100628,ChIJUSfzn8cVpJIRkQ-NSjEJvrk,"VHG8+RG Ariramba, Belém - PA, Brasil",6,0,7,0,8,0,9,0,10,0,11,50,12,70,13,100,14,90,15,60,16,50,17,60,18,50,19,40,20,60,21,80,22,60,23,30,,,,,,,,,,,,,6,0,7,0,8,0,9,0,10,0,11,10,12,10,13,20,14,40,15,20,16,10,17,0,18,0,19,10,20,30,21,30,22,10,23,30,,,,,,,,,,,,,,,6,0,7,0,8,0,9,0,10,0,11,0,12,0,13,0,14,0,15,0,16,10,17,0,18,0,19,0,20,10,21,30,22,10,23,0,,,,,,,,,,,,,6,0,7,0,8,0,9,0,10,0,11,70,12,100,13,80,14,80,15,50,16,70,17,100,18,100,19,60,20,20,21,0,22,10,23,30,,,,,,,,,,,,,6,0,7,0,8,0,9,0,10,0,11,0,12,20,13,50,14,70,15,30,16,10,17,10,18,40,19,60,20,40,21,30,22,50,23,70,,,,,,,,,,,,,6,0,7,0,8,0,9,0,10,0,11,70,12,40,13,30,14,20,15,20,16,30,17,30,18,40,19,10,20,20,21,30,22,20,23,20,,,,,,,,,,,,,6,0,7,0,8,0,9,0,10,0,11,60,12,20,13,10,14,0,15,0,16,10,17,30,18,60,19,70,20,30,21,20,22,20,23,60,,,,,,,,,,,,,,66900-013,,14,,0,,,,,,,Pará,"R. Variante, 30",,,,Depósito e conveniência Diego,,https://www.google.com/maps/search/?api=1&query=Dep%C3%B3sito%20e%20conveni%C3%AAncia%20Diego&query_place_id=ChIJUSfzn8cVpJIRkQ-NSjEJvrk,https://www.lojalocal.com/00000739488295
,,TRUE,,,,,TRUE,,,,,,,,,,,,,,,,,,,,,,,,,,,,,,,,,,,,,,,,,,,,,,,,,,,,,,,,,,,,,,,,,,,,,,,,,,,,,,,,,,,TRUE,,,,,,,,,,,,,,,,,,,,,"Av. 16 de Novembro, 55 - Chapéu Virado, Belém - PA, 66913-430, Brasil",Loja de Conveniência,,,,,,,,,Loja de Conveniência,1.83043E+19,Belém,BR,0x92a4152a36250b91:0xfe060db17dc85051,,,-1.1332791,-48.4572088,,Chapéu Virado,segunda-feira,06:00 to 22:00,terça-feira,06:00 to 22:00,quarta-feira,06:00 to 22:00,quinta-feira,06:00 to 22:00,sexta-feira,Atendimento 24 horas,sábado,Atendimento 24 horas,domingo,06:00 to 22:00,14,Tudo Conveniência Antônio Barreto,4.4,Outras pessoas pesquisaram,63,Tudo Conveniencia João Paulo,4.6,Outras pessoas pesquisaram,33,Mercado Municipal do Chapéu Virado,3.9,,,,,,,,,+55 91 98055-8487,5591980558487,ChIJkQslNioVpJIRUVDIfbENBv4,"VG8V+M4 Chapéu Virado, Belém - PA, Brasil",0,13,1,9,2,7,3,5,4,5,5,7,6,15,7,27,8,43,9,52,10,61,11,60,12,55,13,50,14,54,15,62,16,72,17,83,18,84,19,81,20,82,21,77,22,69,23,50,5,0,6,19,7,28,8,41,9,50,10,57,11,53,12,46,13,42,14,44,15,52,16,63,17,73,18,77,19,70,20,59,21,46,22,0,,,,,,,,,,,,,,,0,31,1,18,2,12,3,8,4,11,5,12,6,21,7,37,8,62,9,82,10,94,11,94,12,80,13,71,14,65,15,70,16,74,17,84,18,89,19,95,20,99,21,100,22,89,23,68,5,0,6,20,7,32,8,47,9,60,10,72,11,69,12,60,13,52,14,55,15,63,16,68,17,65,18,63,19,62,20,62,21,52,22,0,,,,,,,,,,,,,5,0,6,7,7,17,8,29,9,40,10,44,11,44,12,41,13,40,14,43,15,50,16,63,17,74,18,79,19,73,20,63,21,48,22,0,,,,,,,,,,,,,5,0,6,14,7,28,8,39,9,48,10,50,11,48,12,44,13,42,14,44,15,52,16,65,17,83,18,86,19,75,20,61,21,45,22,0,,,,,,,,,,,,,5,0,6,12,7,24,8,35,9,47,10,49,11,44,12,40,13,38,14,43,15,55,16,71,17,84,18,82,19,73,20,59,21,45,22,0,,,,,,,,,,,,,,66913-430,,17,,6,,6,0,0,0,0,Pará,"Av. 16 de Novembro, 55",,,,Tudo Conveniência Mosqueiro,5,https://www.google.com/maps/search/?api=1&query=Tudo%20Conveni%C3%AAncia%20Mosqueiro&query_place_id=ChIJkQslNioVpJIRUVDIfbENBv4,https://instagram.com/tudoconveniencia?igshid=MzRlODBiNWFlZA==
,,,,,,,,,,,,,,,,,,,,,,,,,,,,,,,,,,,,,,,,,,,,,,,,,,,,,,,,,,,,,,,,,,,,,,,,,,,,,,,,,,,,,,,,,,,,,,,,,,,,,,,,,,,,,,,"Av. 16 de Novembro, 218 - São João do Outeiro (Outeiro), Belém - PA, 66913-430, Brasil",Loja de Conveniência,,,,,,,,,Loja de Conveniência,2.09757E+18,Belém,BR,0x92a415c8e223d68f:0x1d1c0dbeb4fcc453,,,-1.1087061,-48.4172298,,São João do Outeiro (Outeiro),segunda-feira,08:00 to 23:30,terça-feira,08:00 to 23:30,quarta-feira,08:00 to 23:30,quinta-feira,08:00 to 23:30,sexta-feira,08:00 to 23:30,sábado,08:00 to 23:30,domingo,08:00 to 23:30,4,COMERCIA PALOMA,4.8,Outras pessoas pesquisaram,1,COMERCIAL MENDONÇA,5,Outras pessoas pesquisaram,2,Comercial mao forte,4.5,,,,,,,,,,,ChIJj9Yj4sgVpJIRU8T8tL4NHB0,"VHRM+G4 Belém, Pará, Brasil",,,,,,,,,,,,,,,,,,,,,,,,,,,,,,,,,,,,,,,,,,,,,,,,,,,,,,,,,,,,,,,,,,,,,,,,,,,,,,,,,,,,,,,,,,,,,,,,,,,,,,,,,,,,,,,,,,,,,,,,,,,,,,,,,,,,,,,,,,,,,,,,,,,,,,,,,,,,,,,,,,,,,,,,,,,,,,,,,,,,,,,,,,,,,,,,,,,,,,,,,,,,,,,,,,,,,,,,,,,,,,,,,,,,,,,,,,,,,,,,,,,,,,,,,,,,,,,,,,,,,,,,,,,,,,,,,,,,,,,,,,,,,,,,,,,,,,,,,,,,,,,,,,,,,,,,,,,,,,,,,,,,,,,,,,,,,,,,,,,,66913-430,,12,,1,,1,0,0,0,0,Pará,"Av. 16 de Novembro, 218",,,,Comercial Paloma,5,https://www.google.com/maps/search/?api=1&query=Comercial%20Paloma&query_place_id=ChIJj9Yj4sgVpJIRU8T8tL4NHB0,
,,,,,,,,,,,,,,,,,,,,,,,,,,,,,,,,,,,,,,,,,,,,,,,,,,,,,,,,,,,,,,,,,,,,,,,,,,,,,,,,,,,,,,,,,,TRUE,,,,,,,,,,,,,,,,,,,,,"São Francisco, Belém - PA, Brasil",Loja de Conveniência,,,,,,,,,Loja de Conveniência,1.53833E+19,Belém,BR,0x92a41509b53bea1d:0xd57c768cb751983e,,,-1.107106,-48.4148438,,São Francisco,segunda-feira,Atendimento 24 horas,terça-feira,Atendimento 24 horas,quarta-feira,Atendimento 24 horas,quinta-feira,Atendimento 24 horas,sexta-feira,Atendimento 24 horas,sábado,Atendimento 24 horas,domingo,Atendimento 24 horas,14,COMERCIAL TRINDADE,4.1,Outras pessoas pesquisaram,0,F&A CONVENIÊNCIA,0,,,,,,,,,,,,,,,ChIJHeo7tQkVpJIRPphRt4x2fNU,"VHVP+53 São Francisco, Belém - PA, Brasil",4,46,5,53,6,30,7,23,8,30,9,30,10,38,11,46,12,15,13,7,14,0,15,0,16,0,17,7,18,23,19,46,20,23,21,7,22,0,23,7,0,23,1,30,2,53,3,84,4,7,5,15,6,15,7,7,8,23,9,46,10,23,11,7,12,0,13,0,14,7,15,23,16,46,17,23,18,7,19,0,20,0,21,0,22,0,23,0,0,0,1,0,2,0,3,0,,,4,7,5,0,6,0,7,7,8,23,9,53,10,53,11,46,12,53,13,30,14,46,15,15,16,15,17,23,18,23,19,15,20,15,21,7,22,0,23,0,0,7,1,0,2,7,3,15,4,46,5,23,6,15,7,7,8,23,9,46,10,30,11,15,12,0,13,7,14,23,15,46,16,46,17,61,18,30,19,23,20,30,21,15,22,7,23,0,0,0,1,0,2,15,3,30,4,23,5,23,6,23,7,30,8,46,9,30,10,23,11,15,12,15,13,15,14,30,15,23,16,53,17,84,18,100,19,76,20,38,21,30,22,53,23,38,0,38,1,23,2,15,3,7,4,15,5,15,6,7,7,0,8,7,9,15,10,30,11,15,12,7,13,15,14,46,15,61,16,23,17,7,18,0,19,0,20,0,21,0,22,15,23,30,0,69,1,30,2,23,3,15,4,7,5,0,6,7,7,15,8,30,9,23,10,30,11,53,12,23,13,7,14,15,15,30,16,69,17,30,18,15,19,7,20,30,21,38,22,38,23,15,0,15,1,7,2,23,3,15,,,,8,,0,,,,,,,Pará,,,,,Conveniência TDA,,https://www.google.com/maps/search/?api=1&query=Conveni%C3%AAncia%20TDA&query_place_id=ChIJHeo7tQkVpJIRPphRt4x2fNU,
,,,,,,,,,,,,,,,,,,,,,,,,,,,,,,,,,,,TRUE,,,,,,,,,,,,,,,,,,,,,,,,,,,,,,,,,,,,,,,,,,,,,,,,,,,,,,,,,,,,,,,,,,,,,,,,,,,,"São Francisco, Belém - PA, Brasil",Loja de Conveniência,,,,,,,,,Loja de Conveniência,1.47042E+19,Belém,BR,0x92a415cd80fbb6ff:0xcc0fe6f4271f882f,,,-1.1085209,-48.4173361,,São Francisco,segunda-feira,08:00 to 00:00,terça-feira,08:00 to 00:00,quarta-feira,08:00 to 00:00,quinta-feira,08:00 to 00:00,sexta-feira,08:00 to 00:00,sábado,08:00 to 00:00,domingo,08:00 to 00:00,14,COMERCIAL TRINDADE,4.1,Outras pessoas pesquisaram,50,GELADAO DA ILHA - Bebidas e Conveniência,4.7,,,,,,,,,,,,,+55 91 98529-0919,5591985290919,ChIJ_7b7gM0VpJIRL4gfJ_TmD8w,"VHRM+H3 São Francisco, Belém - PA, Brasil",6,0,7,0,8,5,9,10,10,23,11,36,12,63,13,71,14,52,15,36,16,23,17,15,18,21,19,31,20,42,21,52,22,44,23,36,,,,,,,,,,,,,6,0,7,0,8,0,9,5,10,7,11,13,12,26,13,26,14,15,15,5,16,5,17,5,18,5,19,10,20,31,21,52,22,55,23,28,,,,,,,,,,,,,,,6,0,7,0,8,10,9,7,10,7,11,21,12,42,13,52,14,42,15,28,16,18,17,21,18,36,19,55,20,63,21,78,22,89,23,76,,,,,,,,,,,,,6,0,7,0,8,0,9,5,10,23,11,47,12,94,13,100,14,86,15,44,16,23,17,7,18,13,19,18,20,31,21,36,22,31,23,13,,,,,,,,,,,,,6,0,7,0,8,5,9,5,10,13,11,23,12,44,13,55,14,39,15,23,16,13,17,7,18,10,19,21,20,47,21,55,22,63,23,55,,,,,,,,,,,,,6,0,7,0,8,10,9,7,10,7,11,7,12,10,13,26,14,23,15,18,16,7,17,13,18,26,19,31,20,26,21,23,22,21,23,28,,,,,,,,,,,,,6,0,7,0,8,18,9,10,10,5,11,7,12,10,13,7,14,13,15,21,16,26,17,23,18,36,19,31,20,39,21,31,22,23,23,7,,,,,,,,,,,,,,,,5,,1,,1,0,0,0,0,Pará,,,,,Oliveira Conveniência e Sorveteria,5,https://www.google.com/maps/search/?api=1&query=Oliveira%20Conveni%C3%AAncia%20e%20Sorveteria&query_place_id=ChIJ_7b7gM0VpJIRL4gfJ_TmD8w,
,,,,,,,,,,,,,,,,,,,,,,,,,,,,,,,,,,,TRUE,,,,,,,,,,,,,,,,,,,,,,,,,,,,,,,,,,,,,,,,,,,,,,,,,,,,,,,,,,,,,,,,,,,,,,,,,,,,"São Francisco, Belém - PA, Brasil",Loja de Conveniência,,,,,,,,,Loja de Conveniência,9.57012E+18,Belém,BR,0x92a415b360839b81:0x84cfe7598fad3d23,,,-1.1075753,-48.4240344,,São Francisco,segunda-feira,08:00 to 01:00,terça-feira,08:00 to 01:00,quarta-feira,08:00 to 01:00,quinta-feira,08:00 to 01:00,sexta-feira,08:00 to 01:00,sábado,08:00 to 01:00,domingo,08:00 to 01:00,0,Michelle CONVENIÊNCIA,0,Outras pessoas pesquisaram,4,Dalila Moda Praia,5,Outras pessoas pesquisaram,1,Oliveira Conveniência e Sorveteria,5,,,,,,,,,+55 91 98865-3810,5591988653810,ChIJgZuDYLMVpJIRIz2tj1nnz4Q,"VHRG+X9 Mosqueiro, Belém - PA, Brasil",6,0,7,0,8,22,9,11,10,0,11,0,12,0,13,0,14,0,15,11,16,33,17,66,18,44,19,44,20,88,21,66,22,77,23,44,0,44,,,,,,,,,,,6,0,7,0,8,44,9,66,10,33,11,11,12,0,13,11,14,22,15,22,16,22,17,44,18,22,19,33,20,22,21,11,22,11,23,22,0,22,,,,,,,,,,,,,6,0,7,0,8,33,9,55,10,22,11,11,12,11,13,44,14,100,15,100,16,66,17,22,18,0,19,0,20,0,21,0,22,0,23,22,0,55,,,,,,,,,,,6,0,7,0,8,55,9,77,10,77,11,55,12,22,13,11,14,33,15,33,16,66,17,44,18,55,19,33,20,44,21,33,22,22,23,33,0,77,,,,,,,,,,,6,0,7,0,8,22,9,11,10,0,11,0,12,0,13,11,14,0,15,0,16,11,17,0,18,22,19,55,20,55,21,22,22,11,23,0,0,0,,,,,,,,,,,6,0,7,0,8,11,9,0,10,0,11,0,12,0,13,0,14,0,15,11,16,33,17,66,18,44,19,44,20,22,21,0,22,22,23,22,0,11,,,,,,,,,,,6,0,7,0,8,22,9,11,10,44,11,88,12,88,13,55,14,66,15,22,16,22,17,22,18,11,19,11,20,22,21,44,22,22,23,22,0,33,,,,,,,,,,,,,,4,,1,,1,0,0,0,0,Pará,,,,,Conveniência michelly,5,https://www.google.com/maps/search/?api=1&query=Conveni%C3%AAncia%20michelly&query_place_id=ChIJgZuDYLMVpJIRIz2tj1nnz4Q,
,,,,,,,,,,,,,,,,,,,,,,,,,,,,,,,,,,,TRUE,,,,,,,,,,,,,,,,,,,,,,,,,,,,,,,,,,,,,,,,,,,,,,,,,,,,,,,TRUE,,,,,,,,,,,,,,,,,,,,,"Rod. BL 19 - Carananduba (Mosqueiro), Belém - PA, 66923-370, Brasil",Loja de Conveniência,,,,,,,,,Loja de Conveniência,1.84241E+19,Belém,BR,0x92a415aaeff0c539:0xffaf8412ba86c733,,,-1.1030597,-48.401346,,Carananduba (Mosqueiro),segunda-feira,08:00 to 23:00,terça-feira,08:00 to 23:00,quarta-feira,08:00 to 23:00,quinta-feira,08:00 to 23:00,sexta-feira,08:00 to 00:00,sábado,08:00 to 00:00,domingo,08:00 to 00:00,0,Pimenta Conveniência,0,Outras pessoas pesquisaram,1,Depósito L & A,5,Outras pessoas pesquisaram,1,Oliveira Conveniência e Sorveteria,5,,,,,,,,,,,ChIJOcXw76oVpJIRM8eGuhKEr_8,"VHWX+QF Carananduba (Mosqueiro), Belém - PA, Brasil",6,0,7,0,8,47,9,54,10,54,11,52,12,52,13,62,14,77,15,88,16,92,17,81,18,77,19,60,20,60,21,52,22,47,23,26,,,,,,,,,,,,,6,0,7,0,8,45,9,58,10,64,11,58,12,41,13,32,14,28,15,35,16,37,17,50,18,54,19,50,20,43,21,39,22,37,23,0,,,,,,,,,,,,,,,6,0,7,0,8,45,9,60,10,67,11,60,12,33,13,32,14,39,15,64,16,83,17,77,18,77,19,77,20,71,21,75,22,69,23,64,,,,,,,,,,,,,6,0,7,0,8,26,9,50,10,83,11,96,12,100,13,92,14,84,15,71,16,50,17,39,18,47,19,56,20,64,21,67,22,54,23,37,,,,,,,,,,,,,6,0,7,0,8,35,9,50,10,50,11,49,12,35,13,22,14,24,15,32,16,50,17,66,18,62,19,56,20,47,21,32,22,22,23,0,,,,,,,,,,,,,6,0,7,0,8,41,9,47,10,54,11,45,12,32,13,28,14,22,15,26,16,30,17,26,18,30,19,26,20,33,21,28,22,20,23,0,,,,,,,,,,,,,6,0,7,0,8,50,9,56,10,62,11,47,12,30,13,20,14,18,15,18,16,24,17,35,18,37,19,41,20,35,21,22,22,15,23,0,,,,,,,,,,,,,,66923-370,,3,,1,,1,0,0,0,0,Pará,Rod. BL 19,,,,Conveniência L&L silva,5,https://www.google.com/maps/search/?api=1&query=Conveni%C3%AAncia%20L%26L%20silva&query_place_id=ChIJOcXw76oVpJIRM8eGuhKEr_8,
,,,,,,,,,,,,,,,,,,,,,,,,,,,,,,,,,,,,,,,,,,,,,,,,,,,,,,,,,,,,,,,,,,,,,,,,,,,,,,,,,,,,,,,,,,TRUE,,,,,,,,,,,,,,,,,,,,,"Rod. Augusto Meira Filho - Mosqueiro, Belém - PA, 66923-120, Brasil",Loja de Conveniência,,,,,,,,,Loja de Conveniência,2.18611E+17,Belém,BR,0x92a4158232396c73:0x308a9cdba4c13e2,,,-1.1299595,-48.4496496,,Mosqueiro,segunda-feira,09:00 to 23:00,terça-feira,09:00 to 23:00,quarta-feira,09:00 to 23:00,quinta-feira,09:00 to 23:00,sexta-feira,09:00 to 23:00,sábado,09:00 to 23:00,domingo,09:00 to 23:00,6,Tudo Conveniência Mosqueiro,5,Outras pessoas pesquisaram,0,Comercial kaka,0,Outras pessoas pesquisaram,0,Conveniência TDA,0,Outras pessoas pesquisaram,0,F&A CONVENIÊNCIA,0,,,,,+55 91 98339-8693,5591983398693,ChIJc2w5MoIVpJIR4hNMus2pCAM,"VHC2+24 Mosqueiro, Belém - PA, Brasil",6,0,7,0,8,0,9,18,10,32,11,32,12,27,13,10,14,2,15,5,16,10,17,29,18,45,19,45,20,32,21,32,22,27,23,0,,,,,,,,,,,,,6,0,7,0,8,0,9,35,10,43,11,62,12,43,13,35,14,32,15,35,16,21,17,16,18,24,19,10,20,5,21,8,22,16,23,0,,,,,,,,,,,,,,,6,0,7,0,8,0,9,21,10,29,11,37,12,37,13,37,14,43,15,43,16,37,17,35,18,59,19,86,20,97,21,100,22,78,23,0,,,,,,,,,,,,,6,0,7,0,8,0,9,16,10,40,11,56,12,72,13,64,14,51,15,32,16,27,17,40,18,56,19,56,20,59,21,56,22,56,23,0,,,,,,,,,,,,,6,0,7,0,8,0,9,5,10,16,11,27,12,29,13,21,14,21,15,13,16,18,17,16,18,29,19,21,20,21,21,18,22,16,23,0,,,,,,,,,,,,,6,0,7,0,8,0,9,27,10,32,11,29,12,16,13,13,14,10,15,16,16,13,17,21,18,32,19,32,20,35,21,21,22,27,23,0,,,,,,,,,,,,,6,0,7,0,8,0,9,13,10,10,11,5,12,5,13,10,14,24,15,18,16,10,17,8,18,2,19,2,20,2,21,16,22,32,23,0,,,,,,,,,,,,,,66923-120,,9,,9,,9,0,0,0,0,Pará,Rod. Augusto Meira Filho,,,,Comercial Tá na mão,5,https://www.google.com/maps/search/?api=1&query=Comercial%20T%C3%A1%20na%20m%C3%A3o&query_place_id=ChIJc2w5MoIVpJIR4hNMus2pCAM,
,,,,,,,,,,,,,,,,,,,,,,,,,,,,,,,,,,,,,,,,,,,,,,,,,,,,,,,,,,,,,,,,,,,,,,,,,,,,,,,,,,,,,,,,,,TRUE,,,,,,,,,,,,,,,,,,,,,"Av. 16 de Novembro, 149 - Chapéu Virado, Belém - PA, 66913-430, Brasil",Loja de Conveniência,,,,,,,,,Loja de Conveniência,1.92322E+18,Belém,BR,0x92a415805ff7e833:0x1ab0a68984dd835e,,,-1.1297918,-48.4498448,,Chapéu Virado,,,,,,,,,,,,,,,0,Comercial da ilha,0,Outras pessoas pesquisaram,289,Depósito Comercial Bucólica,4.1,Outras pessoas pesquisaram,3,Depósito Noronha,5,Outras pessoas pesquisaram,50,GELADAO DA ILHA - Bebidas e Conveniência,4.7,Outras pessoas pesquisaram,6,Tudo Conveniência Mosqueiro,5,+55 91 99148-0218,5591991480218,ChIJM-j3X4AVpJIRXoPdhImmsBo,"VHC2+33 Chapéu Virado, Belém - PA, Brasil",,,,,,,,,,,,,,,,,,,,,,,,,,,,,,,,,,,,,,,,,,,,,,,,,,,,,,,,,,,,,,,,,,,,,,,,,,,,,,,,,,,,,,,,,,,,,,,,,,,,,,,,,,,,,,,,,,,,,,,,,,,,,,,,,,,,,,,,,,,,,,,,,,,,,,,,,,,,,,,,,,,,,,,,,,,,,,,,,,,,,,,,,,,,,,,,,,,,,,,,,,,,,,,,,,,,,,,,,,,,,,,,,,,,,,,,,,,,,,,,,,,,,,,,,,,,,,,,,,,,,,,,,,,,,,,,,,,,,,,,,,,,,,,,,,,,,,,,,,,,,,,,,,,,,,,,,,,,,,,,,,,,,,,,,,,,,,,,,,,,66913-430,,5,,1,,1,0,0,0,0,Pará,"Av. 16 de Novembro, 149",,,,Empório da Ilha - Depósito e Conveniência,5,https://www.google.com/maps/search/?api=1&query=Emp%C3%B3rio%20da%20Ilha%20-%20Dep%C3%B3sito%20e%20Conveni%C3%AAncia&query_place_id=ChIJM-j3X4AVpJIRXoPdhImmsBo,
,,,,,,,,,,,,,,,,,,,,,,,,,,,,,,,,,,,,,,,,,,,,,,,,,,,,,,,,,,,,,,,,,,,,,,,,,,,,,,,,,,,,,,,,,,TRUE,,,,,,,,,,,,,,,,,,,,,"Tv. Maracajá, 365 - Maracajá, Belém - PA, 66911-010, Brasil",Loja de Conveniência,,,,,,,,,Loja de Conveniência,8.98879E+18,Belém,BR,0x92a46b3c3a431537:0x7cbe97aef2845189,,,-1.1674125,-48.4646127,,Maracajá,,,,,,,,,,,,,,,,,,,,,,,,,,,,,,,,,,,,ChIJNxVDOjxrpJIRiVGE8q6Xvnw,"RGMP+25 Maracajá, Belém - PA, Brasil",,,,,,,,,,,,,,,,,,,,,,,,,,,,,,,,,,,,,,,,,,,,,,,,,,,,,,,,,,,,,,,,,,,,,,,,,,,,,,,,,,,,,,,,,,,,,,,,,,,,,,,,,,,,,,,,,,,,,,,,,,,,,,,,,,,,,,,,,,,,,,,,,,,,,,,,,,,,,,,,,,,,,,,,,,,,,,,,,,,,,,,,,,,,,,,,,,,,,,,,,,,,,,,,,,,,,,,,,,,,,,,,,,,,,,,,,,,,,,,,,,,,,,,,,,,,,,,,,,,,,,,,,,,,,,,,,,,,,,,,,,,,,,,,,,,,,,,,,,,,,,,,,,,,,,,,,,,,,,,,,,,,,,,,,,,,,,,,,,,,66911-010,,18,,2,,0,2,0,0,0,Pará,"Tv. Maracajá, 365",,,,Comercial Pai e Filho,4,https://www.google.com/maps/search/?api=1&query=Comercial%20Pai%20e%20Filho&query_place_id=ChIJNxVDOjxrpJIRiVGE8q6Xvnw,
,,,,,,,,,,,,,,,,,,,,,,,,,,,,,,,,,,,,,,,,,,,,,,,,,,,,,,,,,,,,,,,,,,,,,,,,,,,,,,,,,,,,,,,,,,TRUE,,,,,,,,,,,,,,,,,,,,,"Tv. Souza Franco, 1186 - Ponta Grossa, Belém - PA, 66812-430, Brasil",Loja de Conveniência,,,,,,,,,Loja de Conveniência,1.35651E+19,Belém,BR,0x92a467790227cecf:0xbc40db517c1f4df4,,,-1.3042719,-48.4785638,,Ponta Grossa,segunda-feira,Fechado,terça-feira,08:30 to 22:00,quarta-feira,08:30 to 22:00,quinta-feira,08:30 to 22:00,sexta-feira,08:30 to 22:00,sábado,08:30 to 22:00,domingo,08:30 to 22:00,102,Point Beer,4.7,Outras pessoas pesquisaram,1,Point da vila,5,Outras pessoas pesquisaram,11,Conveniência Bom de Bico,4.6,,,,,,,,,+55 91 99820-7010,5591998207010,ChIJz84nAnlnpJIR9E0ffFHbQLw,"MGWC+7H Ponta Grossa, Belém - PA, Brasil",6,0,7,0,8,17,9,23,10,17,11,29,12,58,13,52,14,35,15,47,16,58,17,52,18,41,19,23,20,23,21,11,22,0,23,0,,,,,,,,,,,,,,,,,,,,,,,,,,,,,,,,,,,,,,,,,,,,,,,,,,,,,,,,,,,,,,,6,0,7,0,8,23,9,64,10,64,11,70,12,47,13,58,14,58,15,52,16,41,17,35,18,70,19,94,20,100,21,94,22,0,23,0,,,,,,,,,,,,,6,0,7,0,8,29,9,17,10,23,11,23,12,35,13,41,14,47,15,47,16,82,17,64,18,47,19,11,20,11,21,5,22,0,23,0,,,,,,,,,,,,,6,0,7,0,8,0,9,5,10,0,11,5,12,0,13,11,14,23,15,29,16,17,17,35,18,35,19,70,20,58,21,64,22,0,23,0,,,,,,,,,,,,,6,0,7,0,8,11,9,17,10,29,11,29,12,35,13,17,14,23,15,41,16,35,17,17,18,11,19,11,20,29,21,23,22,0,23,0,,,,,,,,,,,,,6,0,7,0,8,23,9,17,10,29,11,23,12,35,13,23,14,35,15,35,16,41,17,52,18,23,19,23,20,23,21,35,22,0,23,0,,,,,,,,,,,,,,66812-430,,16,,1,,1,0,0,0,0,Pará,"Tv. Souza Franco, 1186",,,,Point Beer Conveniência,5,https://www.google.com/maps/search/?api=1&query=Point%20Beer%20Conveni%C3%AAncia&query_place_id=ChIJz84nAnlnpJIR9E0ffFHbQLw,
,,TRUE,,,,,TRUE,,,,,,,,,,,,,,,,,,,,,,,,,,,,,,,,,,,,,,,,,,,,,,,,,,,,,,,,,,,,,,,,,,,,,,,,,,,,,,,,,,,TRUE,,,,,,,,,,,,,,,,,,,,,"R. Monsenhor José Maria Azevedo, 28 - Icoaraci, Belém - PA, 66813-640, Brasil",Loja de Conveniência,Caixa eletrônico,Café,Posto de combustível,Loja de sucos,Serviço de troca de óleo,Sanduicheria,Lanchonete,Ponto de acesso Wi-Fi,Loja de Conveniência,1.39211E+19,Belém,BR,0x92a4676129d1ccc9:0xc131b95f90983735,,,-1.2974881,-48.4758715,,Icoaraci,segunda-feira,07:30 to 22:30,terça-feira,07:30 to 22:30,quarta-feira,07:30 to 22:30,quinta-feira,07:30 to 22:30,sexta-feira,07:30 to 22:30,sábado,07:30 to 22:30,domingo,07:30 to 22:30,1,Conveniência canto certo,4,Outras pessoas pesquisaram,321,Posto Petrobras,4.3,Outras pessoas pesquisaram,0,Duda Conveniência,0,,,,,,,,,,,ChIJyczRKWFnpJIRNTeYkF-5McE,"PG3F+2M Icoaraci, Belém - PA, Brasil",6,0,7,58,8,33,9,8,10,0,11,25,12,50,13,91,14,58,15,91,16,75,17,83,18,33,19,16,20,8,21,33,22,25,23,0,,,,,,,,,,,,,6,0,7,33,8,58,9,33,10,58,11,50,12,58,13,25,14,16,15,8,16,16,17,25,18,66,19,75,20,33,21,8,22,8,23,0,,,,,,,,,,,,,,,6,0,7,16,8,25,9,41,10,25,11,33,12,50,13,33,14,33,15,58,16,33,17,33,18,58,19,41,20,50,21,25,22,25,23,0,,,,,,,,,,,,,6,0,7,8,8,0,9,0,10,8,11,25,12,25,13,16,14,16,15,33,16,41,17,58,18,100,19,83,20,41,21,33,22,25,23,0,,,,,,,,,,,,,6,0,7,8,8,0,9,8,10,25,11,25,12,16,13,16,14,8,15,0,16,0,17,8,18,25,19,8,20,0,21,0,22,8,23,0,,,,,,,,,,,,,6,0,7,8,8,8,9,25,10,58,11,25,12,8,13,0,14,16,15,25,16,8,17,0,18,0,19,8,20,8,21,25,22,25,23,0,,,,,,,,,,,,,6,0,7,0,8,0,9,0,10,8,11,33,12,25,13,41,14,25,15,25,16,8,17,0,18,0,19,0,20,8,21,25,22,8,23,0,,,,,,,,,,,,,,66813-640,,15,,5,,4,0,0,1,0,Pará,"R. Monsenhor José Maria Azevedo, 28",,,,BR Mania Conveniência,4.6,https://www.google.com/maps/search/?api=1&query=BR%20Mania%20Conveni%C3%AAncia&query_place_id=ChIJyczRKWFnpJIRNTeYkF-5McE,http://www.br.com.br/pc/produtos-e-servicos/para-voce/br-mania/br+mania
FALSE,,,,,FALSE,,,,,,,,,,TRUE,,,TRUE,,FALSE,,,,,,,,,,,,,,,,,,,,,TRUE,,,TRUE,,,,,,,,,,,TRUE,TRUE,,,,,,,,TRUE,,,,,,,,,,,,,,,,,,,,,,,,,TRUE,,,,,,,,,,,,,,,TRUE,,TRUE,,TRUE,,TRUE,"Tv. Pimenta Bueno, 506 - Cruzeiro, Belém - PA, 66810-250, Brasil",Loja de Conveniência,,,,,,,,,Loja de Conveniência,1.72951E+19,Belém,BR,0x92a4653105f74ad9:0xf00478d824c14257,,,-1.296436,-48.4843696,,Cruzeiro,segunda-feira,07:30 to 22:00,terça-feira,07:30 to 22:00,quarta-feira,07:30 to 22:00,quinta-feira,07:30 to 22:00,sexta-feira,07:30 to 00:00,sábado,07:30 to 00:00,domingo,07:30 to 21:00,,,,,,,,,,,,,,,,,,,,+55 91 98231-5338,5591982315338,ChIJ2Ur3BTFlpJIRV0LBJNh4BPA,"PG38+C7 Cruzeiro, Belém - PA, Brasil",6,0,7,31,8,50,9,31,10,50,11,56,12,81,13,62,14,31,15,18,16,6,17,0,18,0,19,6,20,18,21,50,22,50,23,37,,,,,,,,,,,,,6,0,7,18,8,18,9,12,10,12,11,6,12,0,13,6,14,25,15,50,16,68,17,56,18,68,19,56,20,50,21,43,22,0,23,0,,,,,,,,,,,,,,,6,0,7,62,8,56,9,18,10,12,11,25,12,56,13,43,14,18,15,12,16,31,17,62,18,62,19,50,20,62,21,75,22,62,23,62,,,,,,,,,,,,,6,0,7,18,8,37,9,25,10,12,11,18,12,18,13,12,14,0,15,0,16,6,17,12,18,6,19,0,20,0,21,0,22,0,23,0,,,,,,,,,,,,,6,0,7,31,8,31,9,25,10,37,11,50,12,31,13,25,14,12,15,0,16,0,17,0,18,6,19,12,20,25,21,12,22,0,23,0,,,,,,,,,,,,,6,0,7,6,8,0,9,0,10,6,11,0,12,0,13,6,14,12,15,50,16,81,17,100,18,56,19,37,20,18,21,31,22,0,23,0,,,,,,,,,,,,,6,0,7,25,8,50,9,25,10,31,11,43,12,81,13,50,14,18,15,0,16,0,17,6,18,0,19,0,20,0,21,0,22,0,23,0,,,,,,,,,,,,,,66810-250,,13,,14,,14,0,0,0,0,Pará,"Tv. Pimenta Bueno, 506",,,,Rosinha Conveniência,5,https://www.google.com/maps/search/?api=1&query=Rosinha%20Conveni%C3%AAncia&query_place_id=ChIJ2Ur3BTFlpJIRV0LBJNh4BPA,
,TRUE,,,,,,,,,,,,,TRUE,,,TRUE,,,,,TRUE,,,,,,,,,,,,,,,,,TRUE,,,,,,,,,,,,,,,,,,,,,,,,,,,,,,,TRUE,,,,TRUE,,TRUE,,,TRUE,,,,,,,,,,TRUE,,,,,,,,,,,,,,,,TRUE,,,,,,"Tv. Santa Catarina, 198 - Sacramenta, Belém - PA, 66083-530, Brasil",Bar,Loja de Conveniência,Bar informal,Loja de bebidas alcoólicas,Depósito,,,,,Bar,1.84165E+19,Belém,BR,0x92a48be27d40d75f:0xff949ea6b5945051,,,-1.4210793,-48.4781473,,Sacramenta,segunda-feira,Fechado,terça-feira,08:00 to 22:00,quarta-feira,08:00 to 22:00,quinta-feira,08:00 to 22:00,sexta-feira,08:00 to 22:00,sábado,08:00 to 00:00,domingo,08:00 to 23:00,1,Conveniência S.O.S. Bebidas,5,Outras pessoas pesquisaram,1,SOS Loja de Conveniência,5,Outras pessoas pesquisaram,0,S.O.S Conveniência Pedreira,0,Outras pessoas pesquisaram,0,SOS Conveniência.,0,Outras pessoas pesquisaram,2,Conveniência Clandestino,4,+55 91 98033-8997,5591980338997,ChIJX9dAfeKLpJIRUVCUtaaelP8,"HGHC+HP Sacramenta, Belém - PA, Brasil",6,0,7,0,8,5,9,10,10,15,11,25,12,25,13,40,14,25,15,25,16,25,17,45,18,90,19,100,20,75,21,65,22,0,23,0,,,,,,,,,,,,,,,,,,,,,,,,,,,,,,,,,,,,,,,,,,,,,,,,,,,,,,,,,,,,,,,6,0,7,0,8,20,9,15,10,40,11,25,12,30,13,30,14,25,15,35,16,50,17,55,18,70,19,70,20,60,21,45,22,35,23,30,,,,,,,,,,,,,6,0,7,0,8,40,9,20,10,25,11,55,12,70,13,65,14,40,15,50,16,35,17,40,18,20,19,20,20,45,21,90,22,85,23,0,,,,,,,,,,,,,6,0,7,0,8,20,9,10,10,10,11,5,12,20,13,30,14,45,15,50,16,75,17,70,18,75,19,65,20,35,21,25,22,0,23,0,,,,,,,,,,,,,6,0,7,0,8,30,9,35,10,35,11,20,12,15,13,20,14,30,15,40,16,60,17,60,18,50,19,60,20,95,21,90,22,0,23,0,,,,,,,,,,,,,6,0,7,0,8,50,9,70,10,90,11,75,12,55,13,30,14,10,15,5,16,5,17,15,18,30,19,35,20,60,21,50,22,0,23,0,,,,,,,,,,,,,,66083-530,,10,,1,,1,0,0,0,0,Pará,"Tv. Santa Catarina, 198",,,,S.o.S Conveniência,5,https://www.google.com/maps/search/?api=1&query=S.o.S%20Conveni%C3%AAncia&query_place_id=ChIJX9dAfeKLpJIRUVCUtaaelP8,
,,,,,,,,,,,,,,,,,,,,,,,,,,,,,,,,,,,,,,,,,,,,,,,,,,,,,,,,,,,,,,,,,,,,,,,,,,,,,,,,,,,,,,,,,,TRUE,,,,,,,,,,,,,,,,,,,,,"R. Morumbi - Outeiro, Belém - PA, 66846-330, Brasil",Loja de Conveniência,,,,,,,,,Loja de Conveniência,1.3569E+19,Belém,BR,0x92a471a7c42c4325:0xbc4eabb2ebb84a2e,,,-1.2538276,-48.5600078,,Outeiro,,,,,,,,,,,,,,,11,Conveniência Mel Miranda.,5,Outras pessoas pesquisaram,2,Comercial mao forte,4.5,Outras pessoas pesquisaram,1,JK VARIEDADES,5,,,,,,,,,+55 91 98590-0690,5591985900690,ChIJJUMsxKdxpJIRLkq467KrTrw,"PCWQ+FX Outeiro, Belém - PA, Brasil",,,,,,,,,,,,,,,,,,,,,,,,,,,,,,,,,,,,,,,,,,,,,,,,,,,,,,,,,,,,,,,,,,,,,,,,,,,,,,,,,,,,,,,,,,,,,,,,,,,,,,,,,,,,,,,,,,,,,,,,,,,,,,,,,,,,,,,,,,,,,,,,,,,,,,,,,,,,,,,,,,,,,,,,,,,,,,,,,,,,,,,,,,,,,,,,,,,,,,,,,,,,,,,,,,,,,,,,,,,,,,,,,,,,,,,,,,,,,,,,,,,,,,,,,,,,,,,,,,,,,,,,,,,,,,,,,,,,,,,,,,,,,,,,,,,,,,,,,,,,,,,,,,,,,,,,,,,,,,,,,,,,,,,,,,,,,,,,,,,,66846-330,,3,,0,,,,,,,Pará,R. Morumbi,,,,Melo coral,,https://www.google.com/maps/search/?api=1&query=Melo%20coral&query_place_id=ChIJJUMsxKdxpJIRLkq467KrTrw,
,,,,,,,,,,,,TRUE,,TRUE,,,,,,,,,,,,,,,,,,,,,,TRUE,,,,,,,,,,,TRUE,,,,,,,,,,,,,,,,,,,,,,,TRUE,,,,TRUE,,TRUE,,,TRUE,,,TRUE,,,,,,,,TRUE,,,,,,,,,,,,,,,TRUE,,,,,,"Av. Rodolfo Chermont, 440 - Marambaia, Belém - PA, 66615-170, Brasil",Bar,Loja de Conveniência,Delivery,,,,,,,Bar,4.01851E+18,Belém,BR,0x92a48b3f7e7970a3:0x37c499b22d5493d7,,,-1.4054342,-48.4530212,,Marambaia,segunda-feira,Fechado,terça-feira,Fechado,quarta-feira,19:00 to 00:00,quinta-feira,19:00 to 00:00,sexta-feira,19:00 to 03:00,sábado,19:00 to 03:00,domingo,19:00 to 00:00,,,,,,,,,,,,,,,,,,,,+55 91 99287-0288,5591992870288,ChIJo3B5fj-LpJIR15NULbKZxDc,"HGVW+RQ Marambaia, Belém - PA, Brasil",,,,,,,,,,,,,,,,,,,,,,,,,,,,,,,,,,,,,,,,,,,,,,,,,,,,,,,,,,,,,,,,,,,,,,,,,,,,,,,,,,,,,,,,,,,,,,,,,,,,,,,,,,,,,,,,,,,,,,,,,,,,,,,,,,,,,,,,,,,,,,,,,,,,,,,,,,,,,,,,,,,,,,,,,,,,,,,,,,,,,,,,,,,,,,,,,,,,,,,,,,,,,,,,,,,,,,,,,,,,,,,,,,,,,,,,,,,,,,,,,,,,,,,,,,,,,,,,,,,,,,,,,,,,,,,,,,,,,,,,,,,,,,,,,,,,,,,,,,,,,,,,,,,,,,,,,,,,,,,,,,,,,,,,,,,,,,,,,,,,66615-170,,16,,3,,3,0,0,0,0,Pará,"Av. Rodolfo Chermont, 440",,,,Esquenta 021,5,https://www.google.com/maps/search/?api=1&query=Esquenta%20021&query_place_id=ChIJo3B5fj-LpJIR15NULbKZxDc,https://www.lojalocal.com/51833910000196
,,,,,,,,,,,,,,,,,,,,,,,,,,,,,,,,,,,TRUE,,,,,,,,,,,,,,,,,,,,,,,,,,,,,,,,,,,,,,,,,,,,,,,,,,,,,,,,,,,,,,,,,,,,,,,,,,,,"R. Netuno - Parque Verde, Belém - PA, 66823-060, Brasil",Loja de Conveniência,,,,,,,,,Loja de Conveniência,8.01599E+18,Belém,BR,0x92a461f45ab25e23:0x6f3e84ce377b0d58,,,-1.3548884,-48.4512867,,Parque Verde,segunda-feira,08:00 to 20:00,terça-feira,08:00 to 20:00,quarta-feira,08:00 to 20:00,quinta-feira,08:00 to 22:00,sexta-feira,08:00 to 00:00,sábado,08:00 to 00:00,domingo,08:00 to 18:00,1,Parazão Conveniência,5,Outras pessoas pesquisaram,1,Mkpconveniencia,5,Outras pessoas pesquisaram,0,Alice convêniencia,0,,,,,,,,,+55 91 98764-1073,5591987641073,ChIJI16yWvRhpJIRWA17N86EPm8,"JGWX+2F Parque Verde, Belém - PA, Brasil",6,0,7,0,8,60,9,70,10,70,11,40,12,50,13,90,14,100,15,50,16,40,17,10,18,0,19,10,20,20,21,50,22,20,23,10,,,,,,,,,,,,,6,0,7,0,8,90,9,30,10,20,11,0,12,0,13,0,14,0,15,10,16,20,17,10,18,0,19,30,20,0,21,0,22,0,23,0,,,,,,,,,,,,,,,6,0,7,0,8,0,9,0,10,0,11,10,12,40,13,50,14,80,15,40,16,20,17,10,18,20,19,40,20,30,21,40,22,10,23,20,,,,,,,,,,,,,6,0,7,0,8,30,9,30,10,50,11,30,12,30,13,20,14,10,15,40,16,90,17,100,18,0,19,0,20,0,21,0,22,0,23,0,,,,,,,,,,,,,6,0,7,0,8,80,9,70,10,50,11,20,12,20,13,50,14,40,15,60,16,50,17,50,18,10,19,10,20,20,21,20,22,0,23,0,,,,,,,,,,,,,6,0,7,0,8,70,9,50,10,40,11,30,12,40,13,20,14,10,15,0,16,0,17,0,18,10,19,20,20,0,21,0,22,0,23,0,,,,,,,,,,,,,6,0,7,0,8,20,9,30,10,80,11,70,12,90,13,50,14,40,15,40,16,30,17,40,18,30,19,20,20,0,21,0,22,0,23,0,,,,,,,,,,,,,,66823-060,,18,,0,,,,,,,Pará,R. Netuno,,,,Home Convenience,,https://www.google.com/maps/search/?api=1&query=Home%20Convenience&query_place_id=ChIJI16yWvRhpJIRWA17N86EPm8,
,,,,,,,,,,,,,,,,,,,,,,,,,,,,,,,,,,,,,,,,,,,,,,,,,,,,,,,,,,,,,,,,,,,,,,,,,,,,,,,,,,,,,,,,,,,,,,,,,,,,,,,,,,,,,,,"Maracangalha, Belém - PA, 66110-073, Brasil",Loja de Conveniência,,,,,,,,,Loja de Conveniência,5.42103E+18,Belém,BR,0x92a48b0077964b81:0x4b3b6008eac9f9ef,,,-1.3975226,-48.4780828,,Maracangalha,segunda-feira,08:00 to 22:00,terça-feira,08:00 to 22:00,quarta-feira,08:00 to 22:00,quinta-feira,08:00 to 22:00,sexta-feira,08:00 to 00:00,sábado,09:00 to 02:00,domingo,09:00 to 02:00,,,,,,,,,,,,,,,,,,,,+55 91 98248-9064,5591982489064,ChIJgUuWdwCLpJIR7_nJ6ghgO0s,"JG2C+XQ Maracangalha, Belém - PA, Brasil",6,0,7,0,8,30,9,53,10,38,11,15,12,7,13,0,14,0,15,7,16,0,17,7,18,7,19,0,20,7,21,15,22,7,23,7,,,,,,,,,,,,,6,0,7,0,8,0,9,0,10,15,11,30,12,23,13,46,14,38,15,38,16,15,17,15,18,46,19,46,20,53,21,53,22,0,23,0,,,,,,,,,,,,,,,6,0,7,0,8,0,9,0,10,0,11,0,12,0,13,15,14,15,15,7,16,0,17,7,18,0,19,0,20,15,21,30,22,46,23,23,0,23,1,30,,,,,,,,,6,0,7,0,8,0,9,23,10,7,11,0,12,7,13,15,14,15,15,23,16,53,17,38,18,30,19,23,20,15,21,30,22,38,23,76,0,100,1,76,,,,,,,,,6,0,7,0,8,46,9,53,10,23,11,7,12,0,13,0,14,0,15,0,16,7,17,23,18,23,19,38,20,30,21,38,22,0,23,0,,,,,,,,,,,,,6,0,7,0,8,23,9,7,10,0,11,7,12,23,13,7,14,0,15,7,16,0,17,7,18,0,19,7,20,0,21,0,22,0,23,0,,,,,,,,,,,,,6,0,7,0,8,0,9,15,10,15,11,7,12,0,13,0,14,0,15,15,16,15,17,7,18,7,19,15,20,15,21,30,22,0,23,0,,,,,,,,,,,,,,66110-073,,18,,0,,,,,,,Pará,,,,,La Casa de Beer,,https://www.google.com/maps/search/?api=1&query=La%20Casa%20de%20Beer&query_place_id=ChIJgUuWdwCLpJIR7_nJ6ghgO0s,
,,,,,,,,,,,,,,,,,,,,,,,,,,,,,,,,,,,,,,,,,,,,,,,,,,,,,,,,,,,,,,,,,,,,,,,,,,,,,,,,,,,,,,,,,,TRUE,,,,,,,,,,,,,,,,,,,,,"Av. Arthur Bernardes, 151 - Sacramenta, Belém - PA, 66115-000, Brasil",Loja de Conveniência,,,,,,,,,Loja de Conveniência,6.00068E+18,Belém,BR,0x92a4894dffa69041:0x5346b680af6c040b,,,-1.3725542,-48.4791652,,Sacramenta,segunda-feira,08:00 to 22:00,terça-feira,08:00 to 22:00,quarta-feira,08:00 to 22:00,quinta-feira,08:00 to 22:00,sexta-feira,08:00 to 22:00,sábado,08:00 to 22:00,domingo,08:00 to 22:00,2,Conveniência AmPm - Ipiranga,1,Outras pessoas pesquisaram,2,Conveniência AmPm - Ipiranga,4.5,Outras pessoas pesquisaram,1,Conveniência am.pm - Posto Capital,5,,,,,,,,,+55 91 3244-4686,559132444686,ChIJQZCm_02JpJIRCwRsr4C2RlM,"JGGC+X8 Sacramenta, Belém - PA, Brasil",6,0,7,0,8,12,9,0,10,12,11,12,12,37,13,12,14,0,15,12,16,25,17,12,18,12,19,25,20,12,21,0,22,0,23,0,,,,,,,,,,,,,6,0,7,0,8,0,9,12,10,25,11,25,12,50,13,37,14,12,15,12,16,25,17,12,18,12,19,25,20,25,21,12,22,0,23,0,,,,,,,,,,,,,,,6,0,7,0,8,12,9,25,10,12,11,0,12,0,13,0,14,0,15,12,16,25,17,25,18,0,19,0,20,0,21,12,22,0,23,0,,,,,,,,,,,,,6,0,7,0,8,0,9,12,10,50,11,50,12,50,13,50,14,50,15,37,16,12,17,0,18,12,19,37,20,12,21,0,22,0,23,0,,,,,,,,,,,,,6,0,7,0,8,0,9,0,10,0,11,0,12,12,13,25,14,50,15,25,16,12,17,12,18,12,19,37,20,37,21,62,22,0,23,0,,,,,,,,,,,,,6,0,7,0,8,0,9,0,10,0,11,0,12,12,13,50,14,37,15,62,16,50,17,75,18,50,19,25,20,0,21,0,22,0,23,0,,,,,,,,,,,,,6,0,7,0,8,0,9,0,10,12,11,37,12,87,13,37,14,25,15,37,16,62,17,75,18,100,19,37,20,12,21,12,22,0,23,0,,,,,,,,,,,,,,66115-000,,19,,0,,,,,,,Pará,"Av. Arthur Bernardes, 151",,,,AM PM Conveniência,,https://www.google.com/maps/search/?api=1&query=AM%20PM%20Conveni%C3%AAncia&query_place_id=ChIJQZCm_02JpJIRCwRsr4C2RlM,
,,,,,,,,,,,,,,,,,,,,,,,,,,,,,,,,,,,,,,,,,,,,,,,,,,,,,,,,,,,,,,,,,,,,,,,,,,,,,,,,,,,,,,,,,TRUE,,,,TRUE,,,,TRUE,,,TRUE,TRUE,,,,,,,,,,"R. Novo Horizonte, 93 - Mangueirão, Belém - PA, 66640-775, Brasil",Loja de Conveniência,,,,,,,,,Loja de Conveniência,4.07282E+18,Belém,BR,0x92a48b004f689801:0x38858e973fd15fc1,,,-1.3839175,-48.4512456,,Mangueirão,segunda-feira,Atendimento 24 horas,terça-feira,Atendimento 24 horas,quarta-feira,Atendimento 24 horas,quinta-feira,Atendimento 24 horas,sexta-feira,Atendimento 24 horas,sábado,Atendimento 24 horas,domingo,Atendimento 24 horas,,,,,,,,,,,,,,,,,,,,+55 91 98234-2457,5591982342457,ChIJAZhoTwCLpJIRwV_RP5eOhTg,"JG8X+CG Mangueirão, Belém - PA, Brasil",4,18,5,37,6,25,7,12,8,18,9,37,10,18,11,12,12,12,13,37,14,31,15,43,16,37,17,18,18,6,19,0,20,0,21,12,22,12,23,31,0,12,1,12,2,12,3,12,4,31,5,12,6,0,7,6,8,0,9,0,10,6,11,12,12,12,13,0,14,6,15,12,16,18,17,18,18,6,19,0,20,0,21,0,22,0,23,0,0,6,1,31,2,62,3,68,,,4,68,5,37,6,50,7,81,8,93,9,50,10,31,11,31,12,25,13,31,14,25,15,37,16,50,17,25,18,18,19,18,20,25,21,12,22,12,23,6,0,6,1,18,2,50,3,68,4,6,5,25,6,62,7,100,8,81,9,50,10,50,11,18,12,6,13,6,14,31,15,56,16,56,17,50,18,25,19,18,20,25,21,12,22,12,23,12,0,6,1,6,2,12,3,6,4,43,5,18,6,12,7,6,8,18,9,37,10,18,11,12,12,18,13,18,14,6,15,6,16,18,17,18,18,6,19,6,20,25,21,37,22,56,23,37,0,25,1,31,2,37,3,62,4,31,5,31,6,25,7,6,8,0,9,0,10,12,11,12,12,37,13,25,14,12,15,6,16,0,17,0,18,12,19,25,20,50,21,31,22,25,23,12,0,12,1,25,2,18,3,18,4,37,5,25,6,31,7,37,8,25,9,18,10,6,11,18,12,43,13,18,14,12,15,25,16,31,17,50,18,37,19,43,20,50,21,37,22,56,23,56,0,56,1,68,2,75,3,50,,66640-775,,17,,0,,,,,,,Pará,"R. Novo Horizonte, 93",,,,RESENHA BEER,,https://www.google.com/maps/search/?api=1&query=RESENHA%20BEER&query_place_id=ChIJAZhoTwCLpJIRwV_RP5eOhTg,
,,,,,,,,,,,,,,,,,,,,,,,,,,,,,,,,,,,TRUE,,,,,,,,,,,,,,,,,,,,,,,,,,,,,,,,,,,,,,,,,,,,,,,,,,,,,,,TRUE,,,,,,,,,,,,,,,,,,,,,"Tv. Portel - Marambaia, Belém - PA, 66620-160, Brasil",Loja de Conveniência,,,,,,,,,Loja de Conveniência,1.19368E+19,Belém,BR,0x92a48b6177000d35:0xa5a81448adc12b18,,,-1.3960412,-48.4512066,,Marambaia,segunda-feira,Atendimento 24 horas,terça-feira,Atendimento 24 horas,quarta-feira,Atendimento 24 horas,quinta-feira,Atendimento 24 horas,sexta-feira,Atendimento 24 horas,sábado,Atendimento 24 horas,domingo,Atendimento 24 horas,2,Deposito de Bebidas Marambaia Zero Hora,5,Outras pessoas pesquisaram,2,Moura Conveniência & Distribuidora de Bebidas na Marambaia.,5,Outras pessoas pesquisaram,34,Tudo Conveniência Entroncamento,4.1,,,,,,,,,+55 91 98566-4180,5591985664180,ChIJNQ0Ad2GLpJIRGCvBrUgUqKU,"JG3X+HG Marambaia, Belém - PA, Brasil",4,54,5,27,6,36,7,27,8,18,9,9,10,0,11,0,12,0,13,0,14,0,15,9,16,27,17,9,18,0,19,0,20,9,21,18,22,45,23,36,0,54,1,27,2,45,3,45,4,54,5,27,6,18,7,36,8,27,9,36,10,18,11,9,12,9,13,18,14,9,15,9,16,27,17,63,18,27,19,9,20,9,21,27,22,63,23,45,0,54,1,18,2,18,3,27,,,4,0,5,9,6,18,7,45,8,18,9,9,10,18,11,36,12,54,13,27,14,9,15,0,16,0,17,0,18,0,19,0,20,18,21,45,22,100,23,45,0,27,1,9,2,18,3,9,4,9,5,9,6,0,7,9,8,9,9,18,10,36,11,18,12,9,13,0,14,9,15,0,16,0,17,9,18,27,19,36,20,45,21,18,22,9,23,0,0,9,1,18,2,9,3,0,4,36,5,27,6,36,7,36,8,9,9,9,10,36,11,36,12,54,13,27,14,18,15,18,16,36,17,18,18,18,19,0,20,0,21,9,22,9,23,18,0,9,1,0,2,18,3,18,4,72,5,45,6,54,7,36,8,18,9,9,10,18,11,45,12,45,13,36,14,9,15,9,16,18,17,45,18,18,19,9,20,0,21,0,22,0,23,0,0,0,1,9,2,36,3,72,4,9,5,0,6,0,7,0,8,0,9,9,10,18,11,18,12,18,13,45,14,27,15,27,16,18,17,18,18,18,19,9,20,9,21,27,22,54,23,27,0,18,1,18,2,36,3,18,,66620-160,,16,,1,,1,0,0,0,0,Pará,Tv. Portel,,,,bet conveniência,5,https://www.google.com/maps/search/?api=1&query=bet%20conveni%C3%AAncia&query_place_id=ChIJNQ0Ad2GLpJIRGCvBrUgUqKU,
,,,,,,,,,,,,,,,,,,,,,,,,,,,,,,,,,,,,,,,,,,,,,,,,,,,,,,,,,,,,,,,,,,,,,,,,,,,,,,,,,,,,,,,,,,TRUE,,,,,,,,,,,,,,,,,,,,,"Passagem Ferreira Filho - Benguí, Belém - PA, 66630-200, Brasil",Loja de Conveniência,,,,,,,,,Loja de Conveniência,4.55564E+18,Belém,BR,0x92a48b24b56f4753:0x3f38e13e27a2d7f5,,,-1.3747862,-48.4629199,,Benguí,segunda-feira,Atendimento 24 horas,terça-feira,Atendimento 24 horas,quarta-feira,Atendimento 24 horas,quinta-feira,Atendimento 24 horas,sexta-feira,Atendimento 24 horas,sábado,00:00 to 17:00,domingo,Atendimento 24 horas,0,Point 3M,0,Outras pessoas pesquisaram,1,Point Beer Conveniência,5,Outras pessoas pesquisaram,0,supermax conveniência,0,Outras pessoas pesquisaram,1,Point da vila,5,,,,,+55 91 98608-0065,5591986080065,ChIJU0dvtSSLpJIR9deiJz7hOD8,"JGGP+3R Benguí, Belém - PA, Brasil",0,7,1,15,2,38,3,15,4,0,5,0,6,0,7,7,8,15,9,15,10,15,11,23,12,30,13,61,14,30,15,15,16,0,17,0,18,15,19,30,20,53,21,46,22,69,23,30,0,23,1,7,2,0,3,0,4,46,5,38,6,46,7,53,8,46,9,23,10,15,11,15,12,15,13,38,14,30,15,38,16,38,17,30,18,30,19,23,20,23,21,46,22,46,23,38,,,0,15,1,0,2,0,3,7,4,30,5,23,6,7,7,0,8,0,9,0,10,7,11,23,12,46,13,100,14,61,15,30,16,0,17,0,,,,,,,,,,,,,0,7,1,0,2,0,3,7,4,0,5,7,6,30,7,46,8,53,9,30,10,15,11,15,12,23,13,23,14,15,15,7,16,15,17,15,18,0,19,0,20,0,21,7,22,15,23,30,0,23,1,38,2,84,3,76,4,7,5,0,6,15,7,23,8,7,9,0,10,0,11,7,12,15,13,23,14,30,15,38,16,15,17,15,18,30,19,69,20,69,21,30,22,7,23,0,0,46,1,61,2,46,3,61,4,38,5,53,6,23,7,7,8,7,9,23,10,61,11,38,12,23,13,23,14,15,15,15,16,30,17,23,18,23,19,30,20,23,21,7,22,7,23,15,0,7,1,7,2,15,3,46,4,38,5,23,6,30,7,38,8,23,9,23,10,7,11,7,12,15,13,7,14,0,15,15,16,30,17,30,18,7,19,15,20,46,21,100,22,84,23,46,,66630-200,,13,,1,,1,0,0,0,0,Pará,Passagem Ferreira Filho,,,,Point After,5,https://www.google.com/maps/search/?api=1&query=Point%20After&query_place_id=ChIJU0dvtSSLpJIR9deiJz7hOD8,
,,,,,,,,,,,,,,,,,,,,,,,,,,,,,,,,,,,,,,,,,,,,,,,,,,,,,,,,,,,,,,,,,,,,,,,,,,,,,,,,,,,,,,,,,,,,,,,,,,,,,,,,,,,,,,,"Av. Júlio César, 1773 - Val-de-Cães, Belém - PA, 66613-010, Brasil",Loja de Conveniência,,,,,,,,,Loja de Conveniência,1.36649E+19,Belém,BR,0x92a48b26dc9cd121:0xbda39264a4fce5e2,,,-1.4028743,-48.4705125,,Val-de-Cães,segunda-feira,Atendimento 24 horas,terça-feira,Atendimento 24 horas,quarta-feira,Atendimento 24 horas,quinta-feira,Atendimento 24 horas,sexta-feira,Atendimento 24 horas,sábado,Atendimento 24 horas,domingo,Atendimento 24 horas,4,Conveniência do Zeca Marambaia,4,Outras pessoas pesquisaram,4,Conveniência do Zeca,4,Outras pessoas pesquisaram,7,CERVEJARIA ZERO GRAU,5,Outras pessoas pesquisaram,39,César Conveniência,4.7,Outras pessoas pesquisaram,4,Seu Zé Conveniência de Bebidas,5,,,ChIJIdGc3CaLpJIR4uX8pGSSo70,"HGWH+VQ Val-de-Cães, Belém - PA, Brasil",4,50,5,75,6,62,7,62,8,50,9,25,10,50,11,75,12,37,13,37,14,37,15,75,16,100,17,75,18,100,19,62,20,25,21,0,22,0,23,0,0,0,1,25,2,25,3,62,4,25,5,25,6,0,7,0,8,0,9,0,10,12,11,12,12,37,13,12,14,12,15,37,16,12,17,0,18,0,19,0,20,0,21,0,22,0,23,12,0,25,1,25,2,25,3,50,,,4,12,5,12,6,25,7,12,8,0,9,0,10,0,11,0,12,12,13,37,14,25,15,25,16,50,17,25,18,25,19,12,20,25,21,25,22,37,23,37,0,25,1,37,2,25,3,37,4,0,5,0,6,12,7,25,8,50,9,25,10,12,11,0,12,0,13,0,14,0,15,0,16,0,17,0,18,0,19,25,20,37,21,87,22,62,23,87,0,87,1,100,2,62,3,25,4,62,5,75,6,87,7,87,8,62,9,62,10,25,11,12,12,0,13,25,14,25,15,12,16,12,17,0,18,0,19,0,20,12,21,37,22,75,23,50,0,37,1,25,2,25,3,50,4,25,5,25,6,62,7,50,8,62,9,25,10,25,11,0,12,0,13,12,14,25,15,62,16,25,17,12,18,0,19,12,20,25,21,37,22,62,23,87,0,50,1,25,2,0,3,0,4,0,5,12,6,37,7,12,8,0,9,0,10,0,11,12,12,0,13,0,14,12,15,25,16,12,17,0,18,0,19,12,20,37,21,37,22,62,23,50,0,37,1,37,2,12,3,0,,66613-010,,14,,4,,3,0,1,0,0,Pará,"Av. Júlio César, 1773",,,,Conveniência do Zeca Júlio César,4,https://www.google.com/maps/search/?api=1&query=Conveni%C3%AAncia%20do%20Zeca%20J%C3%BAlio%20C%C3%A9sar&query_place_id=ChIJIdGc3CaLpJIR4uX8pGSSo70,
,,,,,,,,,,,,,,TRUE,,,,,,,,,,,,,,,,,,,,,,,,,,,,,,,,,,,,,,,,,,,,,,,,,,,,,,,,,,,,,,,,,,,,,,,,,,,,,,,,,,,,,,,,,,,,,,,,,"R. Sete, 1 - Maracangalha, Belém - PA, 66110-000, Brasil",Loja de Conveniência,Bar,,,,,,,,Loja de Conveniência,6.05561E+18,Belém,BR,0x92a48bf71e1cc8fd:0x5409d892bbfc0048,,,-1.3974529,-48.4770372,,Maracangalha,segunda-feira,Fechado,terça-feira,"10:00 to 14:00, 16:00 to 22:00",quarta-feira,"10:00 to 14:00, 16:00 to 22:00",quinta-feira,"10:00 to 14:00, 16:00 to 23:00",sexta-feira,"10:00 to 14:00, 16:00 to 23:00",sábado,"10:00 to 14:00, 16:00 to 23:00",domingo,13:00 to 18:00,3,Zero Grau Conveniência,4.3,Outras pessoas pesquisaram,27,cervejaria zero grau,4.9,Outras pessoas pesquisaram,31,Zero Grau - Conveniência,4.1,,,,,,,,,+55 91 99238-8318,5591992388318,ChIJ_cgcHveLpJIRSAD8u5LYCVQ,"JG3F+25 Maracangalha, Belém - PA, Brasil",,,,,,,,,,,,,,,,,,,,,,,,,,,,,,,,,,,,,,,,,,,,,,,,,,,,,,,,,,,,,,,,,,,,,,,,,,,,,,,,,,,,,,,,,,,,,,,,,,,,,,,,,,,,,,,,,,,,,,,,,,,,,,,,,,,,,,,,,,,,,,,,,,,,,,,,,,,,,,,,,,,,,,,,,,,,,,,,,,,,,,,,,,,,,,,,,,,,,,,,,,,,,,,,,,,,,,,,,,,,,,,,,,,,,,,,,,,,,,,,,,,,,,,,,,,,,,,,,,,,,,,,,,,,,,,,,,,,,,,,,,,,,,,,,,,,,,,,,,,,,,,,,,,,,,,,,,,,,,,,,,,,,,,,,,,,,,,,,,,,66110-000,,12,,7,,7,0,0,0,0,Pará,"R. Sete, 1",,,,CERVEJARIA ZERO GRAU,5,https://www.google.com/maps/search/?api=1&query=CERVEJARIA%20ZERO%20GRAU&query_place_id=ChIJ_cgcHveLpJIRSAD8u5LYCVQ,
,,,,,,,,,,,,,,,,,,,,,,,,,,,,,,,,,,,,,,,,,,,,,,,,,,,,,,,,,,,,,,,,,,,,,,,,,,,,,,,,,,,,,,,,,,TRUE,,,,,,,,,,,,,,,,,,,,,"Av. Pedro Álvares Cabral, 3604 - Sacramenta, Belém - PA, 66120-620, Brasil",Loja de Conveniência,,,,,,,,,Loja de Conveniência,1.80384E+19,Belém,BR,0x92a4890555d5b7c1:0xfa55441ff511d8e3,,,-1.4168843,-48.4815303,,Sacramenta,segunda-feira,09:00 to 23:00,terça-feira,09:00 to 23:00,quarta-feira,09:00 to 23:00,quinta-feira,09:00 to 23:00,sexta-feira,09:00 to 23:00,sábado,09:00 to 23:00,domingo,09:00 to 23:00,842,Quintal 500,4.4,Outras pessoas pesquisaram,15,Fiel Beer Espetaria,4.7,Outras pessoas pesquisaram,39,César Conveniência,4.7,Outras pessoas pesquisaram,13,Buteko Beer,5,Outras pessoas pesquisaram,0,Cervejaria Império,0,+55 91 98032-6822,5591980326822,ChIJwbfVVQWJpJIR49gR9R9EVfo,"HGM9+69 Sacramenta, Belém - PA, Brasil",6,0,7,0,8,0,9,40,10,10,11,0,12,10,13,0,14,0,15,0,16,10,17,40,18,40,19,30,20,50,21,50,22,20,23,0,,,,,,,,,,,,,6,0,7,0,8,0,9,20,10,30,11,40,12,50,13,20,14,20,15,0,16,10,17,30,18,60,19,50,20,60,21,80,22,60,23,0,,,,,,,,,,,,,,,6,0,7,0,8,0,9,30,10,70,11,100,12,50,13,50,14,40,15,30,16,40,17,30,18,30,19,50,20,20,21,50,22,70,23,0,,,,,,,,,,,,,6,0,7,0,8,0,9,70,10,90,11,60,12,40,13,10,14,10,15,40,16,80,17,80,18,40,19,50,20,50,21,60,22,30,23,0,,,,,,,,,,,,,6,0,7,0,8,0,9,40,10,50,11,60,12,100,13,50,14,30,15,10,16,0,17,0,18,0,19,0,20,0,21,10,22,0,23,0,,,,,,,,,,,,,6,0,7,0,8,0,9,0,10,0,11,10,12,40,13,40,14,20,15,0,16,0,17,0,18,0,19,0,20,20,21,50,22,70,23,0,,,,,,,,,,,,,6,0,7,0,8,0,9,0,10,0,11,10,12,0,13,0,14,0,15,0,16,0,17,20,18,50,19,70,20,30,21,10,22,0,23,0,,,,,,,,,,,,,,66120-620,,10,,0,,,,,,,Pará,"Av. Pedro Álvares Cabral, 3604",,,,Quintal espetaria e cervejaria,,https://www.google.com/maps/search/?api=1&query=Quintal%20espetaria%20e%20cervejaria&query_place_id=ChIJwbfVVQWJpJIR49gR9R9EVfo,
,,TRUE,,,,,TRUE,,,,,,,,,,,,,,,,,,,,,,,,,,,,,TRUE,,,,,,,,,,,,TRUE,,,,,,,,,,,,,,,,,,,,,,,,,,,,,,,,,,,,,,,,,,TRUE,,,,TRUE,,,,TRUE,TRUE,,,,,,,,,,,,"Tv. Mauriti, 1444 - Marco, Belém - PA, 66093-180, Brasil",Loja de Conveniência,Loja de bebidas,,,,,,,,Loja de Conveniência,4.32393E+18,Belém,BR,0x92a48c0cfe403cd3:0x3c01ab567d7b0d64,,,-1.4352163,-48.4609741,,Marco,segunda-feira,07:30 to 02:00,terça-feira,07:30 to 02:00,quarta-feira,07:30 to 02:00,quinta-feira,07:30 to 02:00,sexta-feira,07:30 to 02:00,sábado,07:30 to 02:00,domingo,07:30 to 00:00,2,BR Mania,4.5,Outras pessoas pesquisaram,9,BR Mania Conveniência,5,,,,,,,,,,,,,+55 91 3085-2849,559130852849,ChIJ0zxA_gyMpJIRZA17fVarATw,"HG7Q+WJ Marco, Belém - PA, Brasil",6,0,7,10,8,11,9,22,10,30,11,38,12,31,13,30,14,30,15,35,16,55,17,77,18,91,19,88,20,85,21,88,22,93,23,100,0,80,1,58,,,,,,,,,6,0,7,9,8,14,9,25,10,29,11,29,12,19,13,16,14,13,15,19,16,24,17,32,18,33,19,39,20,40,21,53,22,55,23,44,0,28,1,15,,,,,,,,,,,6,0,7,5,8,8,9,18,10,22,11,33,12,32,13,26,14,19,15,27,16,38,17,50,18,44,19,52,20,59,21,74,22,77,23,78,0,57,1,44,,,,,,,,,6,0,7,1,8,2,9,2,10,7,11,16,12,23,13,23,14,19,15,23,16,31,17,41,18,55,19,62,20,66,21,61,22,50,23,40,,,,,,,,,,,,,6,0,7,9,8,20,9,29,10,26,11,27,12,24,13,28,14,27,15,32,16,33,17,42,18,50,19,58,20,61,21,66,22,66,23,63,0,48,1,26,,,,,,,,,6,0,7,10,8,11,9,13,10,19,11,16,12,13,13,10,14,16,15,21,16,33,17,41,18,43,19,52,20,62,21,63,22,72,23,74,0,61,1,43,,,,,,,,,6,0,7,7,8,3,9,4,10,8,11,19,12,17,13,10,14,11,15,18,16,23,17,20,18,33,19,48,20,66,21,72,22,61,23,52,0,36,1,22,,,,,,,,,95,66093-180,,11,,33,,19,6,6,2,0,Pará,"Tv. Mauriti, 1444",,,,Bonazo Conveniencia,4,https://www.google.com/maps/search/?api=1&query=Bonazo%20Conveniencia&query_place_id=ChIJ0zxA_gyMpJIRZA17fVarATw,
,,,,,,,,,,,,,,,,,,,,,,,,,,,,,,,,,,,TRUE,,,,,,,,,,,,,,,,,,,,,,,,,,,,,,,,,,,,,,,,,,,,,,,,,,,,,,,TRUE,,,,TRUE,,TRUE,,,,,,,,,,,,,,,"Passagem Santos Dumont - Barreiro, Belém - PA, 66117-320, Brasil",Loja de Conveniência,,,,,,,,,Loja de Conveniência,5.31307E+18,Belém,BR,0x92a48958a0251d3b:0x49bbd12b05c70ebb,,,-1.4166075,-48.485849,,Barreiro,segunda-feira,09:00 to 00:00,terça-feira,"00:00 to 07:00, 09:00 to 21:00",quarta-feira,09:00 to 20:30,quinta-feira,09:00 to 21:00,sexta-feira,08:00 to 23:00,sábado,08:00 to 23:30,domingo,09:00 to 23:30,6,Rota 68 conveniência,5,Outras pessoas pesquisaram,1,Rota76 Ice Beer,1,Outras pessoas pesquisaram,0,Conveniência Rota Brasil,0,Outras pessoas pesquisaram,2,Rota 59,5,,,,,+55 91 98425-2291,5591984252291,ChIJOx0loFiJpJIRuw7HBSvRu0k,"HGM7+9M Barreiro, Belém - PA, Brasil",6,0,7,0,8,4,9,14,10,28,11,33,12,28,13,33,14,33,15,33,16,23,17,19,18,23,19,38,20,42,21,38,22,47,23,0,,,,,,,,,,,,,6,0,7,0,8,0,9,23,10,28,11,38,12,42,13,23,14,9,15,4,16,23,17,28,18,52,19,42,20,42,21,42,22,28,23,14,0,19,1,9,2,4,3,0,4,47,5,38,6,38,6,0,7,0,8,23,9,42,10,42,11,28,12,28,13,28,14,33,15,23,16,38,17,33,18,33,19,28,20,28,21,23,22,14,23,23,,,,,,,,,,,,,6,0,7,0,8,0,9,9,10,0,11,4,12,9,13,4,14,0,15,0,16,4,17,19,18,38,19,38,20,14,21,9,22,9,23,4,,,,,,,,,,,,,6,0,7,0,8,0,9,9,10,14,11,33,12,23,13,14,14,4,15,9,16,19,17,14,18,23,19,47,20,42,21,0,22,0,23,0,,,,,,,,,,,,,6,0,7,0,8,0,9,9,10,19,11,19,12,23,13,38,14,33,15,28,16,14,17,23,18,57,19,95,20,100,21,0,22,0,23,0,,,,,,,,,,,,,6,0,7,0,8,0,9,42,10,33,11,23,12,23,13,38,14,33,15,14,16,9,17,4,18,14,19,14,20,9,21,0,22,0,23,0,,,,,,,,,,,,,,66117-320,,9,,1,,1,0,0,0,0,Pará,Passagem Santos Dumont,,,,Conveniência ROTA33,5,https://www.google.com/maps/search/?api=1&query=Conveni%C3%AAncia%20ROTA33&query_place_id=ChIJOx0loFiJpJIRuw7HBSvRu0k,
,,,,,,,,,,,,,,TRUE,,,,,,,,,,,,,,,,,,,,,,,,,TRUE,,,,,,,,,,,,,,,,,,,,,,,,,,,,,,,TRUE,,,,TRUE,,TRUE,,,TRUE,,,TRUE,,,,,,,,,,,,,,,,,,,,,,,TRUE,,,,,,"Vila da Paz, 9 - Benguí, Belém - PA, 66630-175, Brasil",Bar,Loja de Conveniência,,,,,,,,Bar,8.62925E+18,Belém,BR,0x92a48bb583777f1b:0x77c13efd8a914c77,,,-1.3757333,-48.4645592,,Benguí,segunda-feira,09:00 to 00:00,terça-feira,09:00 to 00:00,quarta-feira,09:00 to 00:00,quinta-feira,09:00 to 00:00,sexta-feira,09:00 to 00:00,sábado,09:00 to 00:00,domingo,09:00 to 00:00,0,PubBeer,0,Outras pessoas pesquisaram,197,Bar Parada Obrigatória,4.1,Outras pessoas pesquisaram,1,Prime PUB,5,,,,,,,,,,,ChIJG393g7WLpJIRd0yRiv0-wXc,"JGFP+P5 Benguí, Belém - PA, Brasil",6,0,7,0,8,0,9,17,10,7,11,7,12,14,13,25,14,14,15,14,16,14,17,25,18,21,19,21,20,25,21,50,22,35,23,28,,,,,,,,,,,,,6,0,7,0,8,0,9,21,10,7,11,14,12,35,13,57,14,42,15,25,16,14,17,10,18,17,19,25,20,32,21,50,22,39,23,25,,,,,,,,,,,,,,,6,0,7,0,8,0,9,14,10,3,11,3,12,10,13,17,14,25,15,32,16,42,17,28,18,35,19,39,20,57,21,53,22,50,23,39,,,,,,,,,,,,,6,0,7,0,8,0,9,7,10,10,11,21,12,25,13,21,14,7,15,3,16,14,17,39,18,42,19,50,20,53,21,92,22,100,23,67,,,,,,,,,,,,,6,0,7,0,8,0,9,7,10,3,11,10,12,25,13,25,14,32,15,32,16,28,17,28,18,25,19,42,20,50,21,60,22,39,23,39,,,,,,,,,,,,,6,0,7,0,8,0,9,14,10,25,11,28,12,42,13,42,14,39,15,25,16,17,17,10,18,17,19,17,20,25,21,35,22,25,23,17,,,,,,,,,,,,,6,0,7,0,8,0,9,3,10,3,11,0,12,0,13,7,14,10,15,10,16,17,17,17,18,28,19,28,20,39,21,42,22,39,23,21,,,,,,,,,,,,,,66630-175,,5,,0,,,,,,,Pará,"Vila da Paz, 9",,,,Vila Pub,,https://www.google.com/maps/search/?api=1&query=Vila%20Pub&query_place_id=ChIJG393g7WLpJIRd0yRiv0-wXc,
,,,,,,,,,,,,,,,,,,,,,,,,,,,,,,,,,,,,,,,,,TRUE,TRUE,,,,,,,,,,,,,,,,,,,,,,,,,,,,,,,,,,,,,,,,,,,,,,,,TRUE,,,,TRUE,,,,TRUE,TRUE,,,,,,,,,,,,"R. Nova, 75A - Tapanã, Belém - PA, 66816-180, Brasil",Loja de Conveniência,,,,,,,,,Loja de Conveniência,3.70756E+18,Belém,BR,0x92a461e5b9f18cad:0x3373e7fc3e30d3a5,,,-1.3535368,-48.4739134,,Tapanã,segunda-feira,08:00 to 00:00,terça-feira,08:00 to 00:00,quarta-feira,08:00 to 00:00,quinta-feira,08:00 to 00:00,sexta-feira,08:00 to 00:00,sábado,08:00 to 00:00,domingo,08:00 to 00:00,,,,,,,,,,,,,,,,,,,,+55 91 98765-4321,5591987654321,ChIJrYzxueVhpJIRpdMwPvznczM,"JGWG+HC Tapanã, Belém - PA, Brasil",6,0,7,0,8,15,9,0,10,7,11,0,12,0,13,7,14,15,15,30,16,23,17,7,18,7,19,23,20,7,21,0,22,7,23,30,,,,,,,,,,,,,6,0,7,0,8,46,9,61,10,23,11,15,12,15,13,15,14,0,15,7,16,23,17,7,18,7,19,23,20,23,21,7,22,7,23,0,,,,,,,,,,,,,,,6,0,7,0,8,53,9,46,10,30,11,30,12,23,13,15,14,23,15,53,16,84,17,100,18,76,19,46,20,30,21,30,22,38,23,61,,,,,,,,,,,,,6,0,7,0,8,76,9,38,10,15,11,15,12,23,13,23,14,38,15,23,16,23,17,7,18,7,19,30,20,23,21,30,22,30,23,23,,,,,,,,,,,,,6,0,7,0,8,53,9,46,10,69,11,30,12,23,13,23,14,23,15,7,16,7,17,15,18,15,19,7,20,38,21,61,22,76,23,30,,,,,,,,,,,,,6,0,7,0,8,7,9,7,10,15,11,7,12,0,13,0,14,0,15,0,16,15,17,30,18,53,19,53,20,84,21,61,22,38,23,7,,,,,,,,,,,,,6,0,7,0,8,76,9,30,10,15,11,15,12,7,13,7,14,23,15,46,16,23,17,7,18,23,19,30,20,38,21,15,22,7,23,0,,,,,,,,,,,,,,66816-180,,7,,1,,1,0,0,0,0,Pará,"R. Nova, 75A",,,,Damares's Mercearia e Conveniência,5,https://www.google.com/maps/search/?api=1&query=Damares's%20Mercearia%20e%20Conveni%C3%AAncia&query_place_id=ChIJrYzxueVhpJIRpdMwPvznczM,
,,TRUE,,,,,TRUE,,,,,,,,,,,,,,,,,,,,,,,,,,,,,,,,,,,,,,,,,,,,,,,,,,,,,,,,,,,,,,,,,,,,,,,,,,,,,,,,,,,TRUE,,,,,,,,,,,,,,,,,,,,,"Av. Arthur Bernardes, 16964 - Val-de-Cães, Belém - PA, 66814-000, Brasil",Loja de Conveniência,,,,,,,,,Loja de Conveniência,9.52617E+18,Belém,BR,0x92a489fd2b64e713:0x8433bfc850dcd76a,,,-1.3932394,-48.4879321,,Val-de-Cães,segunda-feira,08:00 to 22:00,terça-feira,08:00 to 22:00,quarta-feira,08:00 to 22:00,quinta-feira,08:00 to 22:00,sexta-feira,08:00 to 22:00,sábado,08:00 to 22:00,domingo,08:00 to 22:00,0,AM PM Conveniência,0,Outras pessoas pesquisaram,2,Conveniência AmPm - Ipiranga,1,,,,,,,,,,,,,,,ChIJE-dkK_2JpJIRatfcUMi_M4Q,"JG46+PR Val-de-Cães, Belém - PA, Brasil",6,0,7,0,8,25,9,12,10,12,11,37,12,12,13,0,14,0,15,0,16,12,17,25,18,62,19,50,20,62,21,25,22,0,23,0,,,,,,,,,,,,,6,0,7,0,8,50,9,62,10,37,11,12,12,0,13,0,14,12,15,25,16,75,17,50,18,25,19,12,20,0,21,0,22,0,23,0,,,,,,,,,,,,,,,6,0,7,0,8,0,9,25,10,37,11,87,12,37,13,37,14,50,15,100,16,50,17,37,18,25,19,12,20,0,21,0,22,0,23,0,,,,,,,,,,,,,6,0,7,0,8,12,9,37,10,37,11,37,12,87,13,75,14,25,15,12,16,37,17,37,18,37,19,87,20,50,21,62,22,0,23,0,,,,,,,,,,,,,6,0,7,0,8,0,9,12,10,25,11,50,12,25,13,12,14,0,15,0,16,12,17,25,18,25,19,12,20,50,21,37,22,0,23,0,,,,,,,,,,,,,6,0,7,0,8,37,9,25,10,50,11,25,12,12,13,0,14,0,15,25,16,25,17,62,18,37,19,50,20,25,21,25,22,0,23,0,,,,,,,,,,,,,6,0,7,0,8,0,9,0,10,0,11,0,12,0,13,0,14,0,15,0,16,12,17,0,18,12,19,25,20,12,21,0,22,0,23,0,,,,,,,,,,,,,,66814-000,,4,,1,,1,0,0,0,0,Pará,"Av. Arthur Bernardes, 16964",,,,Conveniência am.pm - Posto Capital,5,https://www.google.com/maps/search/?api=1&query=Conveni%C3%AAncia%20am.pm%20-%20Posto%20Capital&query_place_id=ChIJE-dkK_2JpJIRatfcUMi_M4Q,
,,,FALSE,,,,,,,,,,,,,,,,,,,,,,,,,,,,,,,,TRUE,,,,,,,,,,,,,,,,,,,,,,,,,,,,,,,,,,,,,,,,,,,,,,,,,,,,,,,TRUE,,,,,,,,,,,,,,,,,,,,,"R. Ajax de Oliveira, 72 - Benguí, Belém - PA, 66630-000, Brasil",Loja de Conveniência,Loja de bebidas,,,,,,,,Loja de Conveniência,1.56576E+19,Belém,BR,0x92a48a732f4573e5:0xd94af0d9f0b50735,,,-1.3765006,-48.4578301,,Benguí,segunda-feira,Atendimento 24 horas,terça-feira,Atendimento 24 horas,quarta-feira,Atendimento 24 horas,quinta-feira,Atendimento 24 horas,sexta-feira,Atendimento 24 horas,sábado,Atendimento 24 horas,domingo,Atendimento 24 horas,3,Conveniência oliveira bengui,5,Outras pessoas pesquisaram,1,CONVENIÊNCIA TOP BEER,5,Outras pessoas pesquisaram,6,Conveniência Saideira,4.8,,,,,,,,,+55 91 99833-2113,5591998332113,ChIJ5XNFL3OKpJIRNQe18NnwStk,"JGFR+9V Benguí, Belém - PA, Brasil",4,14,5,8,6,6,7,13,8,24,9,24,10,29,11,34,12,40,13,36,14,29,15,19,16,13,17,14,18,14,19,31,20,44,21,62,22,73,23,86,0,78,1,63,2,39,3,24,4,3,5,3,6,8,7,14,8,32,9,44,10,44,11,39,12,22,13,26,14,24,15,29,16,31,17,34,18,40,19,45,20,45,21,55,22,57,23,59,0,39,1,31,2,16,3,11,,,4,36,5,32,6,26,7,18,8,18,9,29,10,39,11,37,12,44,13,45,14,45,15,49,16,54,17,60,18,55,19,59,20,60,21,85,22,85,23,93,0,78,1,73,2,63,3,52,4,27,5,31,6,37,7,26,8,22,9,31,10,34,11,27,12,31,13,44,14,59,15,60,16,50,17,55,18,60,19,68,20,72,21,90,22,98,23,100,0,80,1,62,2,36,3,26,4,6,5,11,6,13,7,11,8,14,9,26,10,32,11,36,12,37,13,34,14,37,15,42,16,40,17,39,18,39,19,42,20,45,21,54,22,68,23,73,0,50,1,24,2,11,3,8,4,16,5,22,6,32,7,37,8,37,9,36,10,32,11,27,12,22,13,19,14,16,15,26,16,36,17,39,18,24,19,27,20,39,21,52,22,55,23,55,0,40,1,24,2,9,3,8,4,14,5,19,6,26,7,27,8,29,9,32,10,37,11,40,12,32,13,31,14,31,15,29,16,27,17,31,18,34,19,40,20,47,21,60,22,72,23,73,0,50,1,39,2,22,3,21,,66630-000,,2,,10,,9,0,1,0,0,Pará,"R. Ajax de Oliveira, 72",,,,Conveniência Allan Soares,4.6,https://www.google.com/maps/search/?api=1&query=Conveni%C3%AAncia%20Allan%20Soares&query_place_id=ChIJ5XNFL3OKpJIRNQe18NnwStk,https://www.facebook.com/Conveniencia-439050229766099/
,,,TRUE,,,,,,,,,TRUE,,TRUE,,,,,,,,,,TRUE,,,,,,,,,,,,,,,TRUE,,,,,,,,,,,,,,,,,,,,,,,,,,,,,,,TRUE,,,,TRUE,,TRUE,,,TRUE,,,,,,,,,,,,,,,,,,,,,,,,,,TRUE,,,,,,"R. Natal do Murubira, 96 - Natal do Murubira, Belém - PA, 66913-290, Brasil",Bar,,,,,,,,,Bar,9.74681E+18,Belém,BR,0x92a41570893475eb:0x87439f1e1b3a11d7,,,-1.1324932,-48.4532104,,Natal do Murubira,,,,,,,,,,,,,,,0,Point da Econômica,0,Outras pessoas pesquisaram,0,Cerveja e Jogo,0,,,,,,,,,,,,,+55 91 98033-2121,5591980332121,ChIJ63U0iXAVpJIR1xE6Gx6fQ4c,"VG9W+2P Natal do Murubira, Belém - PA, Brasil",,,,,,,,,,,,,,,,,,,,,,,,,,,,,,,,,,,,,,,,,,,,,,,,,,,,,,,,,,,,,,,,,,,,,,,,,,,,,,,,,,,,,,,,,,,,,,,,,,,,,,,,,,,,,,,,,,,,,,,,,,,,,,,,,,,,,,,,,,,,,,,,,,,,,,,,,,,,,,,,,,,,,,,,,,,,,,,,,,,,,,,,,,,,,,,,,,,,,,,,,,,,,,,,,,,,,,,,,,,,,,,,,,,,,,,,,,,,,,,,,,,,,,,,,,,,,,,,,,,,,,,,,,,,,,,,,,,,,,,,,,,,,,,,,,,,,,,,,,,,,,,,,,,,,,,,,,,,,,,,,,,,,,,,,,,,,,,,,,,,66913-290,,19,,0,,,,,,,Pará,"R. Natal do Murubira, 96",,,,Comércio Empório 96,,https://www.google.com/maps/search/?api=1&query=Com%C3%A9rcio%20Emp%C3%B3rio%2096&query_place_id=ChIJ63U0iXAVpJIR1xE6Gx6fQ4c,https://www.lojalocal.com/00085112453249
,,TRUE,,,,,TRUE,,,,,,,,TRUE,,,,TRUE,,,,,,,,,,,,,,,,,,,,,,TRUE,,,,,,,TRUE,TRUE,,,,,,,,FALSE,,,,,,,FALSE,,,,,,,,,,,,,,,,,,,,,,,,,,TRUE,,,,TRUE,,TRUE,,,,,,,,,,,,,,,"R. do Aeroporto, 02 - Aeroporto, Belém - PA, 66915-010, Brasil",Loja de Conveniência,,,,,,,,,Loja de Conveniência,1.66617E+19,Belém,BR,0x92a46b3620645fbd:0xe73a388c7ed75a42,,,-1.1431231,-48.4587145,,Aeroporto,segunda-feira,08:00 to 21:00,terça-feira,08:00 to 21:00,quarta-feira,08:00 to 21:00,quinta-feira,08:00 to 21:00,sexta-feira,08:00 to 21:00,sábado,08:00 to 23:30,domingo,08:00 to 12:00,6,J.W.S,4.7,Outras pessoas pesquisaram,2,J & S Variedades Guamá,5,,,,,,,,,,,,,,,ChIJvV9kIDZrpJIRQlrXfow4Ouc,"VG4R+QG Aeroporto, Belém - PA, Brasil",6,0,7,0,8,21,9,25,10,25,11,32,12,28,13,35,14,25,15,17,16,21,17,21,18,17,19,21,20,35,21,0,22,0,23,0,,,,,,,,,,,,,6,0,7,0,8,28,9,10,10,3,11,7,12,14,13,28,14,17,15,17,16,28,17,17,18,17,19,28,20,42,21,0,22,0,23,0,,,,,,,,,,,,,,,6,0,7,0,8,32,9,39,10,35,11,35,12,35,13,39,14,21,15,21,16,28,17,50,18,57,19,60,20,85,21,100,22,92,23,67,,,,,,,,,,,,,6,0,7,0,8,10,9,35,10,50,11,53,12,0,13,0,14,0,15,0,16,0,17,0,18,0,19,0,20,0,21,0,22,0,23,0,,,,,,,,,,,,,6,0,7,0,8,21,9,17,10,28,11,35,12,46,13,21,14,10,15,7,16,14,17,35,18,60,19,67,20,67,21,0,22,0,23,0,,,,,,,,,,,,,6,0,7,0,8,21,9,28,10,50,11,53,12,46,13,39,14,42,15,32,16,21,17,28,18,35,19,39,20,21,21,0,22,0,23,0,,,,,,,,,,,,,6,0,7,0,8,25,9,39,10,46,11,35,12,35,13,25,14,21,15,10,16,7,17,21,18,25,19,42,20,32,21,0,22,0,23,0,,,,,,,,,,,,,,66915-010,,18,,17,,10,4,1,2,0,Pará,"R. do Aeroporto, 02",,,,Conveniência JGS & variedades,4.3,https://www.google.com/maps/search/?api=1&query=Conveni%C3%AAncia%20JGS%20%26%20variedades&query_place_id=ChIJvV9kIDZrpJIRQlrXfow4Ouc,http://cidinhadailha.blogspot.com.br/
,,,,,,,,,,,,,,,,,,,,,,,,,,,,,,,,,,,,,,,,,,,,,,,,,,,,,,,,,,,,,,,,,,,,,,,,,,,,,,,,,,,,,,,,,,,,,,,,,,,,,,,,,,,,,,,"Tv. WE 06 - com sn9, Belém - PA, 66820-170, Brasil",Loja de Conveniência,,,,,,,,,Loja de Conveniência,1.49787E+19,Belém,BR,0x92a4617bb933df71:0xcfdefbc0d8b497b2,,,-1.3174032,-48.4318559,,com sn9,segunda-feira,Atendimento 24 horas,terça-feira,Atendimento 24 horas,quarta-feira,Atendimento 24 horas,quinta-feira,Atendimento 24 horas,sexta-feira,Atendimento 24 horas,sábado,Atendimento 24 horas,domingo,Atendimento 24 horas,0,Conveniência a Referência,0,,,,,,,,,,,,,,,,,+55 91 98588-2364,5591985882364,ChIJcd8zuXthpJIRspe02MD73s8,"MHM9+27 Belém, Pará, Brasil",4,4,5,18,6,31,7,40,8,54,9,40,10,36,11,13,12,9,13,4,14,9,15,27,16,22,17,22,18,22,19,40,20,59,21,50,22,31,23,27,0,18,1,9,2,0,3,4,4,13,5,13,6,22,7,13,8,13,9,13,10,22,11,54,12,50,13,45,14,36,15,40,16,22,17,31,18,22,19,9,20,18,21,54,22,90,23,100,0,72,1,36,2,27,3,18,,,4,13,5,13,6,27,7,59,8,45,9,27,10,27,11,45,12,50,13,40,14,36,15,22,16,45,17,59,18,68,19,63,20,40,21,36,22,36,23,63,0,77,1,72,2,54,3,36,4,27,5,13,6,4,7,4,8,9,9,13,10,27,11,40,12,54,13,54,14,36,15,45,16,27,17,22,18,27,19,13,20,9,21,13,22,22,23,22,0,31,1,40,2,22,3,22,4,27,5,27,6,31,7,13,8,18,9,4,10,0,11,4,12,9,13,18,14,13,15,4,16,0,17,0,18,0,19,0,20,4,21,4,22,13,23,18,0,4,1,9,2,13,3,13,4,13,5,27,6,18,7,27,8,13,9,13,10,22,11,27,12,27,13,27,14,22,15,22,16,9,17,4,18,4,19,4,20,18,21,18,22,36,23,40,0,27,1,27,2,9,3,13,4,9,5,22,6,18,7,9,8,0,9,0,10,13,11,31,12,59,13,36,14,27,15,27,16,27,17,18,18,22,19,50,20,90,21,100,22,100,23,86,0,63,1,40,2,13,3,9,,66820-170,,19,,1,,1,0,0,0,0,Pará,Tv. WE 06,,,,Conveniência Deus proverá,5,https://www.google.com/maps/search/?api=1&query=Conveni%C3%AAncia%20Deus%20prover%C3%A1&query_place_id=ChIJcd8zuXthpJIRspe02MD73s8,
,,,,,,,,,,,,,,,,,,,,,,,,,,,,,,,,,,,,,,,,,,,,,,,,,,,,,,,,,,,,,,,,,,,,,,,,,,,,,,,,,,,,,,,,,,,,,,,,,,,,,,,,,,,,,,,"R. das Orquídeas, 1054 - Brasília, Belém - PA, 66845-410, Brasil",Loja de Conveniência,,,,,,,,,Loja de Conveniência,1.65156E+19,Belém,BR,0x92a4675027924513:0xe5332c4b922488ad,,,-1.2779983,-48.472194,,Brasília,segunda-feira,08:00 to 23:00,terça-feira,08:00 to 23:00,quarta-feira,08:00 to 23:00,quinta-feira,08:00 to 23:00,sexta-feira,08:00 to 23:00,sábado,08:00 to 23:00,domingo,08:00 to 23:00,1,Conveniência Dubai,5,Outras pessoas pesquisaram,6,"ANDREAS, BAR",4.7,Outras pessoas pesquisaram,5,As Patroas Conveniência & lanchonete,4.2,Outras pessoas pesquisaram,16,Conveniência T&D,5,Outras pessoas pesquisaram,5,Conveniência do Queiroz,4.4,+55 91 98144-6677,5591981446677,ChIJE0WSJ1BnpJIRrYgkkkssM-U,"PGCH+R4 Brasília, Belém - PA, Brasil",6,0,7,0,8,20,9,35,10,60,11,95,12,70,13,50,14,40,15,20,16,10,17,10,18,40,19,65,20,80,21,60,22,25,23,0,,,,,,,,,,,,,6,0,7,0,8,5,9,5,10,15,11,35,12,45,13,35,14,55,15,45,16,50,17,30,18,35,19,55,20,65,21,40,22,20,23,0,,,,,,,,,,,,,,,6,0,7,0,8,25,9,25,10,45,11,40,12,30,13,35,14,55,15,60,16,80,17,95,18,80,19,75,20,95,21,100,22,85,23,0,,,,,,,,,,,,,6,0,7,0,8,20,9,40,10,30,11,45,12,30,13,50,14,55,15,90,16,90,17,70,18,85,19,85,20,80,21,65,22,65,23,0,,,,,,,,,,,,,6,0,7,0,8,30,9,45,10,40,11,45,12,20,13,20,14,5,15,5,16,10,17,25,18,25,19,25,20,40,21,55,22,50,23,0,,,,,,,,,,,,,6,0,7,0,8,20,9,30,10,25,11,25,12,30,13,20,14,15,15,25,16,40,17,30,18,25,19,10,20,10,21,25,22,25,23,0,,,,,,,,,,,,,6,0,7,0,8,25,9,40,10,55,11,80,12,70,13,50,14,30,15,15,16,10,17,15,18,30,19,45,20,70,21,80,22,70,23,0,,,,,,,,,,,,,,66845-410,,16,,1,,1,0,0,0,0,Pará,"R. das Orquídeas, 1054",,,,Andresa Conveniência,5,https://www.google.com/maps/search/?api=1&query=Andresa%20Conveni%C3%AAncia&query_place_id=ChIJE0WSJ1BnpJIRrYgkkkssM-U,
,,,,,,,,,,,,,,,,,,,,,,,,,,,,,,,,,,,,,,,,,,,,,,,,,,,,,,,,,,,,,,,,,,,,,,,,,,,,,,,,,,,,,,,,,,TRUE,,,,TRUE,,,,TRUE,TRUE,,,,,,,,,,,,"R. Tiradentes, 11 - Paracuri, Belém - PA, 66821-205, Brasil",Loja de Conveniência,,,,,,,,,Loja de Conveniência,6.87547E+18,Belém,BR,0x92a46777a3c67e0b:0x5f6a92ecfff67704,,,-1.3111753,-48.4767798,,Paracuri,segunda-feira,Atendimento 24 horas,terça-feira,Atendimento 24 horas,quarta-feira,Atendimento 24 horas,quinta-feira,Atendimento 24 horas,sexta-feira,Atendimento 24 horas,sábado,Atendimento 24 horas,domingo,Atendimento 24 horas,2,Conveniência do marquinho,5,Outras pessoas pesquisaram,1,conveniência Santos,5,Outras pessoas pesquisaram,5,Armazem,3.6,Outras pessoas pesquisaram,1,Conveniência canto certo,4,Outras pessoas pesquisaram,0,Conveniência Renascer,0,+55 91 98182-0224,5591981820224,ChIJC37Go3dnpJIRBHf2_-ySal8,"MGQF+G7 Paracuri, Belém - PA, Brasil",4,0,5,0,6,7,7,0,8,0,9,7,10,7,11,15,12,7,13,0,14,7,15,15,16,38,17,23,18,30,19,23,20,15,21,23,22,69,23,76,0,100,1,53,2,23,3,0,4,30,5,15,6,7,7,15,8,7,9,0,10,0,11,0,12,0,13,15,14,15,15,30,16,15,17,7,18,0,19,7,20,15,21,7,22,0,23,7,0,23,1,30,2,23,3,38,,,4,53,5,46,6,23,7,15,8,30,9,53,10,53,11,38,12,53,13,92,14,76,15,46,16,46,17,23,18,23,19,30,20,30,21,30,22,23,23,7,0,7,1,23,2,46,3,38,4,92,5,53,6,30,7,23,8,23,9,7,10,7,11,15,12,30,13,15,14,15,15,23,16,46,17,23,18,7,19,0,20,7,21,15,22,15,23,23,0,23,1,30,2,38,3,46,4,15,5,7,6,7,7,30,8,46,9,30,10,15,11,23,12,61,13,46,14,53,15,46,16,30,17,7,18,7,19,23,20,38,21,30,22,46,23,46,0,30,1,15,2,0,3,7,4,7,5,15,6,7,7,0,8,0,9,0,10,0,11,7,12,30,13,53,14,46,15,30,16,23,17,15,18,15,19,38,20,30,21,46,22,46,23,69,0,46,1,30,2,7,3,0,4,23,5,30,6,53,7,46,8,15,9,7,10,15,11,46,12,38,13,23,14,23,15,7,16,23,17,30,18,76,19,53,20,76,21,46,22,46,23,46,0,53,1,46,2,46,3,15,,,,20,,1,,1,0,0,0,0,Pará,"R. Tiradentes, 11",,,,Comercial Miriam,5,https://www.google.com/maps/search/?api=1&query=Comercial%20Miriam&query_place_id=ChIJC37Go3dnpJIRBHf2_-ySal8,
,,,,,,,,,,,,,,,,,,,,,,,,,,,,,,,,,,,TRUE,,,,,,,,,,,,,,,,,,,,,,,,,,,,,,,,,,,,,,,,,,,,,,,,,,,,,,,TRUE,,,,,,,,,,,,,,,,,,,,,"Rod. Augusto Montenegro, 174 - Agulha, Belém - PA, 66645-001, Brasil",Loja de Conveniência,,,,,,,,,Loja de Conveniência,1.72304E+18,Belém,BR,0x92a46777f2fc1e79:0x17e97bac8a7c6243,,,-1.3017065,-48.4690458,,Agulha,segunda-feira,09:00 to 04:00,terça-feira,09:00 to 03:00,quarta-feira,08:00 to 03:00,quinta-feira,08:00 to 03:00,sexta-feira,08:00 to 04:30,sábado,08:00 to 04:30,domingo,09:00 to 04:30,1,CONVENIÊNCIA,5,Outras pessoas pesquisaram,0,Conveniência do loucão,0,Outras pessoas pesquisaram,368,Pub e Conveniência LITRÃO,4.4,,,,,,,,,+55 91 98583-7680,5591985837680,ChIJeR788ndnpJIRQ2J8iqx76Rc,"MGXJ+89 Agulha, Belém - PA, Brasil",6,0,7,0,8,30,9,40,10,20,11,10,12,0,13,0,14,0,15,0,16,0,17,0,18,10,19,30,20,10,21,0,22,0,23,0,0,30,1,60,2,90,3,40,4,50,,,6,0,7,0,8,0,9,0,10,0,11,10,12,0,13,0,14,10,15,20,16,50,17,50,18,50,19,20,20,20,21,40,22,20,23,20,0,30,1,10,2,0,3,0,,,,,,,6,0,7,0,8,60,9,30,10,20,11,30,12,60,13,30,14,20,15,20,16,40,17,20,18,10,19,0,20,0,21,0,22,10,23,20,0,10,1,0,2,30,3,40,4,0,,,6,0,7,0,8,0,9,80,10,40,11,20,12,20,13,20,14,40,15,40,16,100,17,60,18,40,19,0,20,10,21,20,22,50,23,20,0,20,1,30,2,10,3,0,4,0,,,6,0,7,0,8,50,9,30,10,10,11,0,12,10,13,30,14,30,15,20,16,50,17,50,18,60,19,40,20,20,21,0,22,10,23,40,0,40,1,30,2,60,,,,,,,6,0,7,0,8,0,9,10,10,30,11,70,12,90,13,70,14,30,15,10,16,0,17,10,18,20,19,20,20,20,21,50,22,40,23,60,0,40,1,20,2,0,,,,,,,6,0,7,0,8,50,9,30,10,40,11,30,12,10,13,0,14,0,15,0,16,0,17,0,18,20,19,40,20,70,21,60,22,70,23,50,0,20,1,10,2,10,,,,,,,,66645-001,,19,,1,,1,0,0,0,0,Pará,"Rod. Augusto Montenegro, 174",,,,Conv Pague Leve,5,https://www.google.com/maps/search/?api=1&query=Conv%20Pague%20Leve&query_place_id=ChIJeR788ndnpJIRQ2J8iqx76Rc,
,,,,,,,,,,,,,,,,,,,,,,,,,,,,,,,,,,,TRUE,,,,,,,,,,,,,,,,,,,,,,,,,,,,,,,,,,,,,,,,,,,,,,,,,,,,,,,TRUE,,,,TRUE,,TRUE,,,,,,,,,,,,,,,"R. Maria de Nazaré, 75 - Tapanã, Belém - PA, 66825-650, Brasil",Loja de Conveniência,,,,,,,,,Loja de Conveniência,1.63574E+19,Belém,BR,0x92a4612d5ad7c877:0xe3013d95e5b05cb7,,,-1.3272561,-48.4695308,,Tapanã,segunda-feira,09:30 to 00:30,terça-feira,09:30 to 00:30,quarta-feira,09:30 to 00:30,quinta-feira,09:30 to 00:30,sexta-feira,09:30 to 00:30,sábado,09:30 to 03:00,domingo,09:30 to 00:00,1,Point After,5,Outras pessoas pesquisaram,5,Conveniência AmPm - Ipiranga,1,Outras pessoas pesquisaram,1,Point Beer Conveniência,5,Outras pessoas pesquisaram,1,Point da vila,5,Outras pessoas pesquisaram,0,Conveniência 3IRMÃOS,0,+55 91 99828-8274,5591998288274,ChIJd8jXWi1hpJIRt1yw5ZU9AeM,"MGFJ+35 Tapanã, Belém - PA, Brasil",6,0,7,0,8,0,9,25,10,37,11,62,12,100,13,100,14,37,15,25,16,25,17,62,18,62,19,25,20,0,21,12,22,0,23,0,0,0,,,,,,,,,,,6,0,7,0,8,0,9,37,10,12,11,12,12,25,13,50,14,25,15,50,16,50,17,100,18,62,19,62,20,37,21,75,22,87,23,75,0,25,,,,,,,,,,,,,6,0,7,0,8,0,9,25,10,50,11,37,12,37,13,37,14,25,15,37,16,25,17,62,18,50,19,62,20,50,21,75,22,100,23,37,0,12,1,0,2,0,,,,,,,6,0,7,0,8,0,9,0,10,0,11,25,12,37,13,75,14,100,15,75,16,25,17,12,18,25,19,25,20,37,21,75,22,37,23,12,,,,,,,,,,,,,6,0,7,0,8,0,9,87,10,75,11,100,12,37,13,12,14,0,15,0,16,12,17,25,18,75,19,50,20,100,21,75,22,100,23,50,0,25,,,,,,,,,,,6,0,7,0,8,0,9,25,10,37,11,50,12,62,13,37,14,12,15,12,16,50,17,62,18,75,19,25,20,12,21,0,22,0,23,12,0,25,,,,,,,,,,,6,0,7,0,8,0,9,0,10,0,11,0,12,12,13,0,14,0,15,0,16,12,17,25,18,12,19,25,20,25,21,12,22,0,23,0,0,0,,,,,,,,,,,,66825-650,,20,,0,,,,,,,Pará,"R. Maria de Nazaré, 75",,,,Point 3M,,https://www.google.com/maps/search/?api=1&query=Point%203M&query_place_id=ChIJd8jXWi1hpJIRt1yw5ZU9AeM,https://instagram.com/comercial3m2019?igshid=YmMyMTA2M2Y=
,,,,,,,,,,,,,,,,,,,,,,,,,,,,,,,,,,,,TRUE,,,,,,,,,,,,,,,,,,,,,,,,,,,,,,,,,,,,,,,,,,,,,,,,,,,,,,TRUE,,,,TRUE,,,,TRUE,TRUE,,,,,,,,,,,,"CONJUNTO CORDEIRO DE FARIAS, Av. Perimetral, 145b - Tapanã, Belém - PA, 66095-780, Brasil",Loja de Conveniência,,,,,,,,,Loja de Conveniência,1.44253E+19,Belém,BR,0x92a4611b73ac6b47:0xc830fdbedea27558,,,-1.3486029,-48.4632539,,Tapanã,segunda-feira,16:00 to 02:00,terça-feira,16:00 to 02:00,quarta-feira,16:00 to 02:00,quinta-feira,16:00 to 02:00,sexta-feira,16:00 to 02:00,sábado,16:00 to 02:00,domingo,16:00 to 02:00,0,Conveniência Leal,0,Outras pessoas pesquisaram,0,Floresta Conveniência,0,Outras pessoas pesquisaram,1,DB Conveniência,5,Outras pessoas pesquisaram,0,H. Conveniências,0,Outras pessoas pesquisaram,1,Suprema Conveniência.,5,+55 91 3085-6453,559130856453,ChIJR2uscxthpJIRWHWi3r79MMg,"MG2P+HM Tapanã, Belém - PA, Brasil",6,0,7,0,8,0,9,0,10,0,11,0,12,0,13,0,14,0,15,0,16,3,17,7,18,12,19,21,20,30,21,44,22,55,23,55,0,41,1,27,,,,,,,,,6,0,7,0,8,0,9,0,10,0,11,0,12,0,13,0,14,0,15,0,16,1,17,4,18,8,19,13,20,18,21,23,22,25,23,21,0,16,1,11,,,,,,,,,,,6,0,7,0,8,0,9,0,10,0,11,0,12,0,13,0,14,0,15,0,16,7,17,11,18,15,19,23,20,35,21,51,22,64,23,66,0,51,1,35,,,,,,,,,6,0,7,0,8,0,9,0,10,0,11,0,12,0,13,0,14,0,15,0,16,5,17,9,18,13,19,23,20,42,21,71,22,93,23,100,0,76,1,47,,,,,,,,,6,0,7,0,8,0,9,0,10,0,11,0,12,0,13,0,14,0,15,0,16,2,17,6,18,9,19,18,20,29,21,44,22,53,23,56,0,42,1,28,,,,,,,,,6,0,7,0,8,0,9,0,10,0,11,0,12,0,13,0,14,0,15,0,16,4,17,7,18,12,19,18,20,27,21,34,22,38,23,39,0,30,1,21,,,,,,,,,6,0,7,0,8,0,9,0,10,0,11,0,12,0,13,0,14,0,15,0,16,5,17,6,18,11,19,17,20,27,21,35,22,42,23,44,0,35,1,26,,,,,,,,,,66095-780,,19,,10,,4,2,3,1,0,PA,"CONJUNTO CORDEIRO DE FARIAS, Av. Perimetral, 145b",,,,House Conveniência - Tapanã,3.4,https://www.google.com/maps/search/?api=1&query=House%20Conveni%C3%AAncia%20-%20Tapan%C3%A3&query_place_id=ChIJR2uscxthpJIRWHWi3r79MMg,http://www.instagram.com/house.conveniencia
,,,,,,,,,,,,,,,,,,,,,,,,,,,,,,,,,,,,,,,,,,,,,,,,,,,,,,,,,,,,,,,,,,,,,,,,,,,,,,,,,,,,,,,,,,TRUE,,,,,,,,,,,,,,,,,,,,,"R. Oscar Niemeyer - Tapanã, Belém - PA, 66833-025, Brasil",Loja de Conveniência,,,,,,,,,Loja de Conveniência,1.79724E+19,Belém,BR,0x92a461bad0b24d73:0xf96af6359856f0d5,,,-1.3455699,-48.464611,,Tapanã,segunda-feira,08:00 to 23:00,terça-feira,08:00 to 23:00,quarta-feira,08:00 to 23:00,quinta-feira,08:00 to 23:00,sexta-feira,08:00 to 23:00,sábado,08:00 to 23:00,domingo,08:00 to 23:00,10,House Conveniência - Tapanã,3.4,Outras pessoas pesquisaram,0,Hora extra conveniência,0,Outras pessoas pesquisaram,0,Conveniência O forasteiro,0,Outras pessoas pesquisaram,0,Conveniência Renascer,0,Outras pessoas pesquisaram,1,DB Conveniência,5,,,ChIJc02y0LphpJIR1fBWmDX2avk,"MG3P+Q5 Tapanã, Belém - PA, Brasil",6,0,7,0,8,45,9,45,10,45,11,20,12,40,13,50,14,85,15,75,16,65,17,50,18,45,19,25,20,20,21,15,22,10,23,0,,,,,,,,,,,,,6,0,7,0,8,10,9,5,10,5,11,15,12,20,13,10,14,15,15,35,16,30,17,50,18,60,19,65,20,40,21,50,22,55,23,0,,,,,,,,,,,,,,,6,0,7,0,8,20,9,40,10,35,11,40,12,60,13,45,14,60,15,80,16,100,17,90,18,65,19,50,20,55,21,35,22,25,23,0,,,,,,,,,,,,,6,0,7,0,8,15,9,25,10,25,11,35,12,25,13,40,14,25,15,30,16,35,17,50,18,65,19,50,20,40,21,40,22,30,23,0,,,,,,,,,,,,,6,0,7,0,8,25,9,5,10,15,11,25,12,35,13,20,14,15,15,25,16,30,17,55,18,40,19,45,20,35,21,20,22,20,23,0,,,,,,,,,,,,,6,0,7,0,8,15,9,20,10,30,11,55,12,50,13,30,14,10,15,10,16,25,17,35,18,25,19,45,20,50,21,45,22,45,23,0,,,,,,,,,,,,,6,0,7,0,8,20,9,30,10,35,11,40,12,30,13,25,14,25,15,15,16,30,17,20,18,30,19,35,20,35,21,50,22,70,23,0,,,,,,,,,,,,,,66833-025,,15,,0,,,,,,,Pará,R. Oscar Niemeyer,,,,Floresta Conveniência,,https://www.google.com/maps/search/?api=1&query=Floresta%20Conveni%C3%AAncia&query_place_id=ChIJc02y0LphpJIR1fBWmDX2avk,https://instagram.com/florestaconveniencia?igshid=YmMyMTA2M2Y=
,,TRUE,,,,,TRUE,,,,,,,,,,,,,,,,,,,,,,,,,,,,,,,,,,,,,,,,,,,,,,,,,,,,,,,,,,,,,,,,,,,,,,,,,,,,,,,,,,,TRUE,,,,,,,,,,,,,,,,,,,,,"Av. Arthur Bernardes, 0 - Pratinha, Belém - PA, 66816-000, Brasil",Loja de Conveniência,,,,,,,,,Loja de Conveniência,1.45725E+19,Belém,BR,0x92a461da3467d151:0xca3c11e98ffb0e57,,,-1.3602661,-48.4770195,,Pratinha,segunda-feira,09:00 to 22:00,terça-feira,09:00 to 22:00,quarta-feira,09:00 to 22:00,quinta-feira,09:00 to 22:00,sexta-feira,09:00 to 20:00,sábado,09:00 to 22:00,domingo,09:00 to 22:00,,,,,,,,,,,,,,,,,,,,+55 800 728 1616,,ChIJUdFnNNphpJIRVw77j-kRPMo,"JGQF+V5 Pratinha, Belém - PA, Brasil",6,0,7,0,8,0,9,22,10,22,11,55,12,55,13,66,14,22,15,22,16,0,17,0,18,11,19,22,20,0,21,0,22,0,23,0,,,,,,,,,,,,,6,0,7,0,8,0,9,22,10,11,11,0,12,0,13,0,14,11,15,22,16,11,17,0,18,0,19,0,20,0,21,0,22,0,23,0,,,,,,,,,,,,,,,6,0,7,0,8,0,9,22,10,22,11,22,12,55,13,33,14,33,15,22,16,33,17,77,18,66,19,22,20,0,21,0,22,0,23,0,,,,,,,,,,,,,6,0,7,0,8,0,9,11,10,11,11,22,12,44,13,33,14,55,15,100,16,88,17,66,18,77,19,44,20,44,21,11,22,0,23,0,,,,,,,,,,,,,6,0,7,0,8,0,9,33,10,22,11,22,12,44,13,22,14,22,15,33,16,22,17,0,18,0,19,11,20,44,21,44,22,0,23,0,,,,,,,,,,,,,6,0,7,0,8,0,9,22,10,55,11,33,12,55,13,44,14,44,15,22,16,33,17,22,18,22,19,11,20,11,21,33,22,0,23,0,,,,,,,,,,,,,6,0,7,0,8,0,9,0,10,0,11,0,12,0,13,0,14,11,15,22,16,11,17,0,18,0,19,0,20,0,21,0,22,0,23,0,,,,,,,,,,,,,,66816-000,,17,,0,,,,,,,Pará,"Av. Arthur Bernardes, 0",,,,Shell Café,,https://www.google.com/maps/search/?api=1&query=Shell%20Caf%C3%A9&query_place_id=ChIJUdFnNNphpJIRVw77j-kRPMo,https://www.encontreumaselect.com.br/?utm_source=google&utm_medium=maps&utm_campaign=mirum-1101321
,,,,,,,,,,,,,,,,,,,,,,,,,,,,,,,,,,,,,,,,,,,,,,,,,,,,,,,,,,,,,,,,,,,,,,,,,,,,,,,,,,,,,,,,,,TRUE,,,,TRUE,,,,TRUE,TRUE,,,,,,,,,,,,"Passagem Samauma - São Clemente, Belém - PA, 66816-310, Brasil",Loja de Conveniência,,,,,,,,,Loja de Conveniência,5.73554E+18,Belém,BR,0x92a4610dcbe5a027:0x4f98bafcd7f73b88,,,-1.3597049,-48.4677845,,São Clemente,segunda-feira,Atendimento 24 horas,terça-feira,Fechado,quarta-feira,Fechado,quinta-feira,Fechado,sexta-feira,Atendimento 24 horas,sábado,Atendimento 24 horas,domingo,Atendimento 24 horas,0,CONVENIÊNCIA DA 11,0,Outras pessoas pesquisaram,0,Conveniência do papai,0,Outras pessoas pesquisaram,0,Shell Select,0,,,,,,,,,+55 91 98181-1650,5591981811650,ChIJJ6Dlyw1hpJIRiDv31_y6mE8,"JGRJ+4V Belém, Pará, Brasil",,,,,,,,,,,,,,,,,,,,,,,,,,,,,,,,,,,,,,,,,,,,,,,,,,,,,,,,,,,,,,,,,,,,,,,,,,,,,,,,,,,,,,,,,,,,,,,,,,,,,,,,,,,,,,,,,,,,,,,,,,,,,,,,,,,,,,,,,,,,,,,,,,,,,,,,,,,,,,,,,,,,,,,,,,,,,,,,,,,,,,,,,,,,,,,,,,,,,,,,,,,,,,,,,,,,,,,,,,,,,,,,,,,,,,,,,,,,,,,,,,,,,,,,,,,,,,,,,,,,,,,,,,,,,,,,,,,,,,,,,,,,,,,,,,,,,,,,,,,,,,,,,,,,,,,,,,,,,,,,,,,,,,,,,,,,,,,,,,,,66816-310,,14,,0,,,,,,,Pará,Passagem Samauma,,,,Conveniência da Val,,https://www.google.com/maps/search/?api=1&query=Conveni%C3%AAncia%20da%20Val&query_place_id=ChIJJ6Dlyw1hpJIRiDv31_y6mE8,
,,,,,,,,,,,,,,,,,,,,,,,,,,,,,,,,,,,,,,,,,,,,,,,,,,,,,,,,,,,,,,,,,,,,,,,,,,,,,,,,,,,,,,,,,,,,,,,,,,,,,,,,,,,,,,,"Al. Jatobá - Tapanã, Belém - PA, 66830-650, Brasil",Loja de Conveniência,,,,,,,,,Loja de Conveniência,1.40482E+18,Belém,BR,0x92a461ca9254fd45:0x137eedfdc7c64ccc,,,-1.3577297,-48.4636225,,Tapanã,segunda-feira,Atendimento 24 horas,terça-feira,Atendimento 24 horas,quarta-feira,Atendimento 24 horas,quinta-feira,Atendimento 24 horas,sexta-feira,Atendimento 24 horas,sábado,Atendimento 24 horas,domingo,Atendimento 24 horas,1,A.L conveniência,5,Outras pessoas pesquisaram,2,Depósito de Bebida LAN,5,Outras pessoas pesquisaram,0,Conveniência Leal,0,Outras pessoas pesquisaram,50,Mercadinho Cléia,4.1,,,,,,,ChIJRf1UksphpJIRzEzGx_3tfhM,"JGRP+WH Tapanã, Belém - PA, Brasil",4,13,5,20,6,6,7,0,8,0,9,0,10,6,11,13,12,33,13,66,14,40,15,13,16,0,17,0,18,0,19,0,20,0,21,0,22,6,23,0,0,6,1,20,2,40,3,20,4,33,5,20,6,26,7,46,8,66,9,73,10,60,11,40,12,20,13,13,14,13,15,0,16,0,17,6,18,0,19,6,20,20,21,33,22,26,23,13,0,20,1,6,2,13,3,33,,,4,33,5,46,6,60,7,80,8,33,9,13,10,6,11,26,12,33,13,53,14,53,15,33,16,33,17,13,18,26,19,46,20,100,21,80,22,40,23,6,0,6,1,13,2,33,3,40,4,20,5,26,6,40,7,33,8,40,9,53,10,33,11,40,12,26,13,40,14,13,15,20,16,26,17,40,18,13,19,6,20,0,21,6,22,13,23,6,0,0,1,6,2,13,3,26,4,13,5,0,6,13,7,20,8,20,9,6,10,6,11,20,12,6,13,0,14,0,15,0,16,6,17,0,18,0,19,6,20,0,21,0,22,6,23,20,0,33,1,33,2,53,3,26,4,6,5,6,6,13,7,13,8,40,9,40,10,46,11,40,12,26,13,6,14,6,15,20,16,26,17,20,18,6,19,0,20,6,21,0,22,0,23,0,0,6,1,6,2,26,3,26,4,26,5,40,6,26,7,46,8,26,9,13,10,0,11,0,12,0,13,6,14,0,15,0,16,0,17,6,18,20,19,6,20,6,21,13,22,26,23,20,0,6,1,6,2,0,3,13,,66830-650,,13,,0,,,,,,,Pará,Al. Jatobá,,,,Conveniência A e L,,https://www.google.com/maps/search/?api=1&query=Conveni%C3%AAncia%20A%20e%20L&query_place_id=ChIJRf1UksphpJIRzEzGx_3tfhM,
,,TRUE,,,,,TRUE,,,,,,,,,,,,,,,,,,,,,,,,,,,,,,,,,,,,,,,,,,,,,,,,,,,,,,,,,,,,,,,,,,,,,,,,,,,,,,,,,,,TRUE,,,,,,,,,,,,,,,,,,,,,"Av. Arthur Bernardes, 5550 - Tapanã, Belém - PA, 66825-000, Brasil",Loja de Conveniência,,,,,,,,,Loja de Conveniência,4.83733E+18,Belém,BR,0x92a463ee27600cd5:0x4321a87705a40e45,,,-1.3314846,-48.4804439,,Tapanã,segunda-feira,09:00 to 22:00,terça-feira,09:00 to 22:00,quarta-feira,09:00 to 22:00,quinta-feira,09:00 to 22:00,sexta-feira,09:00 to 20:00,sábado,09:00 to 22:00,domingo,09:00 to 22:00,0,Select Maguari,0,,,,,,,,,,,,,,,,,+55 800 728 1616,,ChIJ1QxgJ-5jpJIRRQ6kBXeoIUM,"MG99+CR Tapanã, Belém - PA, Brasil",,,,,,,,,,,,,,,,,,,,,,,,,,,,,,,,,,,,,,,,,,,,,,,,,,,,,,,,,,,,,,,,,,,,,,,,,,,,,,,,,,,,,,,,,,,,,,,,,,,,,,,,,,,,,,,,,,,,,,,,,,,,,,,,,,,,,,,,,,,,,,,,,,,,,,,,,,,,,,,,,,,,,,,,,,,,,,,,,,,,,,,,,,,,,,,,,,,,,,,,,,,,,,,,,,,,,,,,,,,,,,,,,,,,,,,,,,,,,,,,,,,,,,,,,,,,,,,,,,,,,,,,,,,,,,,,,,,,,,,,,,,,,,,,,,,,,,,,,,,,,,,,,,,,,,,,,,,,,,,,,,,,,,,,,,,,,,,,,,,,66825-000,,11,,1,,1,0,0,0,0,Pará,"Av. Arthur Bernardes, 5550",,,,Shell Select,5,https://www.google.com/maps/search/?api=1&query=Shell%20Select&query_place_id=ChIJ1QxgJ-5jpJIRRQ6kBXeoIUM,https://www.encontreumaselect.com.br/?utm_source=google&utm_medium=maps&utm_campaign=mirum-1090167
,,TRUE,,,,,TRUE,,,,,,,,,,,,,,,,,,,,,,,,,,,,,,,,,,,,,,,,,,,,,,,,,,,,,,,,,,,,,,,,,,,,,,,,,,,,,,,,,,,TRUE,,,,,,,,,,,,,,,,,,,,,"Av. Arthur Bernardes, 160 - Tapanã, Belém - PA, 66115-000, Brasil",Loja de Conveniência,,,,,,,,,Loja de Conveniência,9.48969E+18,Belém,BR,0x92a4617167aa5c31:0x83b226379855bc0f,,,-1.344036,-48.4782707,,Tapanã,,,,,,,,,,,,,,,2,Dallas Express - Umarizal,5,Outras pessoas pesquisaram,0,Dallas Express - Pedreira,0,Outras pessoas pesquisaram,16,Dallas Express - João Paulo II,3.7,Outras pessoas pesquisaram,0,Casa Santos - Lanchonete/Mercado/Xerox,0,,,,,,,ChIJMVyqZ3FhpJIRD7xVmDcmsoM,"MG4C+9M Tapanã, Belém - PA, Brasil",,,,,,,,,,,,,,,,,,,,,,,,,,,,,,,,,,,,,,,,,,,,,,,,,,,,,,,,,,,,,,,,,,,,,,,,,,,,,,,,,,,,,,,,,,,,,,,,,,,,,,,,,,,,,,,,,,,,,,,,,,,,,,,,,,,,,,,,,,,,,,,,,,,,,,,,,,,,,,,,,,,,,,,,,,,,,,,,,,,,,,,,,,,,,,,,,,,,,,,,,,,,,,,,,,,,,,,,,,,,,,,,,,,,,,,,,,,,,,,,,,,,,,,,,,,,,,,,,,,,,,,,,,,,,,,,,,,,,,,,,,,,,,,,,,,,,,,,,,,,,,,,,,,,,,,,,,,,,,,,,,,,,,,,,,,,,,,,,,,,66115-000,,10,,3,,2,1,0,0,0,Pará,"Av. Arthur Bernardes, 160",,,,Dallas Express - Arthur Bernardes,4.7,https://www.google.com/maps/search/?api=1&query=Dallas%20Express%20-%20Arthur%20Bernardes&query_place_id=ChIJMVyqZ3FhpJIRD7xVmDcmsoM,
,,,,,,,,,,,,,,TRUE,,,TRUE,,,,,TRUE,,,,,,,,,,,,,,FALSE,,,,,,,,,FALSE,,,,,,,,,,,,,,,,,,,,,,,,,,,,,,,,,,,,,,,,,,,,,TRUE,,,,TRUE,,TRUE,,,,,,,,TRUE,,TRUE,,,,,"Rua Bacabeira, Alameda Tocantins, 3, Belém - PA, 66821-175, Brasil",Loja de Conveniência,,,,,,,,,Loja de Conveniência,1.27677E+19,Belém,BR,0x92a461bddba9a9b9:0xb12ff54672439ec6,,,-1.3390974,-48.4601105,,Tapanã,segunda-feira,09:00 to 00:00,terça-feira,09:00 to 00:00,quarta-feira,09:00 to 00:00,quinta-feira,09:00 to 00:00,sexta-feira,Atendimento 24 horas,sábado,Atendimento 24 horas,domingo,Atendimento 24 horas,2,Açaí do Povo,5,Outras pessoas pesquisaram,0,Conveniência Renascer,0,Outras pessoas pesquisaram,0,Floresta Conveniência,0,,,,,,,,,,,ChIJuamp271hpJIRxp5Dckb1L7E,"MG6Q+9X Belém, Pará, Brasil",0,33,1,13,2,0,3,0,4,0,5,0,6,6,7,20,8,6,9,13,10,40,11,73,12,66,13,60,14,53,15,46,16,60,17,60,18,86,19,73,20,86,21,66,22,60,23,60,6,0,7,0,8,0,9,13,10,13,11,20,12,20,13,40,14,33,15,20,16,26,17,46,18,46,19,33,20,33,21,33,22,20,23,13,,,,,,,,,,,,,,,0,86,1,73,2,46,3,13,4,46,5,26,6,26,7,26,8,53,9,33,10,26,11,26,12,46,13,40,14,53,15,66,16,40,17,40,18,40,19,53,20,60,21,46,22,73,23,86,0,53,1,20,2,13,3,40,4,0,5,0,6,0,7,0,8,0,9,6,10,20,11,6,12,13,13,26,14,33,15,20,16,33,17,33,18,26,19,26,20,26,21,26,22,46,23,40,6,0,7,0,8,0,9,33,10,40,11,46,12,73,13,73,14,66,15,46,16,46,17,53,18,53,19,66,20,53,21,46,22,46,23,66,,,,,,,,,,,,,6,0,7,0,8,0,9,13,10,6,11,20,12,40,13,60,14,40,15,46,16,60,17,73,18,53,19,46,20,20,21,40,22,60,23,60,,,,,,,,,,,,,6,0,7,0,8,0,9,13,10,20,11,46,12,46,13,26,14,13,15,13,16,33,17,33,18,13,19,0,20,13,21,46,22,80,23,100,,,,,,,,,,,,,,66821-175,,7,,1,,1,0,0,0,0,PA,"Rua Bacabeira, Alameda Tocantins, 3",,,,Felipe Conveniência,5,https://www.google.com/maps/search/?api=1&query=Felipe%20Conveni%C3%AAncia&query_place_id=ChIJuamp271hpJIRxp5Dckb1L7E,
,,,,,,,,,,,,,,,,,,,,,,,,,,,,,,,,,,,,,,,,,,,,,,,,,,,,,,,,,,,,,,,,,,,,,,,,,,,,,,,,,,,,,,,,,,TRUE,,,,,,,,,,,,,,,,,,,,,"Rod. Augusto Montenegro, 11800 - Icoaraci, Belém - PA, 66811-000, Brasil",Loja de Conveniência,,,,,,,,,Loja de Conveniência,1.56144E+19,Belém,BR,0x92a467001f852ea5:0xd8b158d822c8860b,,,-1.3065325,-48.4614986,,Icoaraci,segunda-feira,08:00 to 00:00,terça-feira,08:00 to 00:00,quarta-feira,08:00 to 00:00,quinta-feira,08:00 to 00:00,sexta-feira,08:00 to 02:00,sábado,08:00 to 02:00,domingo,08:00 to 00:00,,,,,,,,,,,,,,,,,,,,,,ChIJpS6FHwBnpJIRC4bIIthYsdg,"MGVQ+9C Icoaraci, Belém - PA, Brasil",,,,,,,,,,,,,,,,,,,,,,,,,,,,,,,,,,,,,,,,,,,,,,,,,,,,,,,,,,,,,,,,,,,,,,,,,,,,,,,,,,,,,,,,,,,,,,,,,,,,,,,,,,,,,,,,,,,,,,,,,,,,,,,,,,,,,,,,,,,,,,,,,,,,,,,,,,,,,,,,,,,,,,,,,,,,,,,,,,,,,,,,,,,,,,,,,,,,,,,,,,,,,,,,,,,,,,,,,,,,,,,,,,,,,,,,,,,,,,,,,,,,,,,,,,,,,,,,,,,,,,,,,,,,,,,,,,,,,,,,,,,,,,,,,,,,,,,,,,,,,,,,,,,,,,,,,,,,,,,,,,,,,,,,,,,,,,,,,,,,66811-000,,18,,2,,1,0,1,0,0,Pará,"Rod. Augusto Montenegro, 11800",,,,Bahia Conveniência,3,https://www.google.com/maps/search/?api=1&query=Bahia%20Conveni%C3%AAncia&query_place_id=ChIJpS6FHwBnpJIRC4bIIthYsdg,
,,,,,,,,,,,,,,,,,,,,,,,,,,,,,,,,,,,,,,,,,,,,,,,,,,,,,,,,,,,,,,,,,,,,,,,,,,,,,,,,,,,,,,,,,,,,,,,,,,,,,,,,,,,,,,,"Rod. Augusto Montenegro, n° 418 - Campina de Icoaraci, Belém - PA, 66813-000, Brasil",Loja de Conveniência,,,,,,,,,Loja de Conveniência,1.4301E+19,Belém,BR,0x92a467cace4c2aa3:0xc6773514833a4c27,,,-1.303857,-48.4646119,,Campina de Icoaraci,segunda-feira,09:30 to 01:00,terça-feira,09:30 to 01:00,quarta-feira,09:30 to 01:00,quinta-feira,09:30 to 01:00,sexta-feira,09:30 to 01:00,sábado,09:30 to 01:00,domingo,09:00 to 20:00,1,DA HORA CONVENIÊNCIA,5,Outras pessoas pesquisaram,0,Duda Conveniência,0,,,,,,,,,,,,,+55 91 98949-0655,5591989490655,ChIJoypMzspnpJIRJ0w6gxQ1d8Y,"MGWP+F5 Campina de Icoaraci, Belém - PA, Brasil",6,0,7,0,8,0,9,92,10,71,11,42,12,28,13,14,14,14,15,42,16,28,17,14,18,7,19,21,20,7,21,0,22,7,23,0,0,0,,,,,,,,,,,6,0,7,0,8,0,9,14,10,42,11,64,12,50,13,64,14,57,15,85,16,71,17,78,18,71,19,35,20,21,21,14,22,14,23,14,0,21,,,,,,,,,,,,,6,0,7,0,8,0,9,78,10,64,11,57,12,28,13,28,14,42,15,28,16,28,17,50,18,50,19,64,20,28,21,28,22,28,23,14,0,7,,,,,,,,,,,6,0,7,0,8,0,9,100,10,50,11,21,12,0,13,7,14,21,15,14,16,21,17,35,18,28,19,14,20,0,21,0,22,0,23,0,,,,,,,,,,,,,6,0,7,0,8,0,9,71,10,42,11,21,12,7,13,28,14,42,15,21,16,14,17,28,18,57,19,57,20,21,21,7,22,7,23,14,0,7,,,,,,,,,,,6,0,7,0,8,0,9,42,10,50,11,28,12,28,13,57,14,42,15,42,16,57,17,71,18,78,19,50,20,42,21,35,22,21,23,28,0,14,,,,,,,,,,,6,0,7,0,8,0,9,14,10,28,11,57,12,57,13,50,14,35,15,21,16,7,17,7,18,14,19,42,20,28,21,50,22,35,23,28,0,7,,,,,,,,,,,,66813-000,,16,,1,,1,0,0,0,0,Pará,"Rod. Augusto Montenegro, n° 418",,,,Point da vila,5,https://www.google.com/maps/search/?api=1&query=Point%20da%20vila&query_place_id=ChIJoypMzspnpJIRJ0w6gxQ1d8Y,
,,,,,,,,,,,,,,,,,,,,,,,,,,,,,,,,,,,,,,,,,TRUE,,,FALSE,,,,,,,,FALSE,,,,,,,,,,,,,,,,,,,,,,,,,,,,,,,,,,,,,TRUE,,,,,,,,,,,,,,,,,,,,,,"Av jader barbalho - Outeiro, Belém - PA, 66843-650, Brasil",Loja de Conveniência,,,,,,,,,Loja de Conveniência,1.10711E+19,Belém,BR,0x92a4675f1894b5f5:0x99a49e0dc78187f9,,,-1.2722691,-48.4383149,,Outeiro,segunda-feira,08:00 to 18:00,terça-feira,08:00 to 18:00,quarta-feira,08:00 to 18:00,quinta-feira,08:00 to 18:00,sexta-feira,08:00 to 18:00,sábado,08:00 to 18:00,domingo,08:00 to 18:00,1,Conveniência 3 irmãs,5,,,,,,,,,,,,,,,,,+55 91 98873-3941,5591988733941,ChIJ9bWUGF9npJIR-YeBxw2epJk,"PHH6+3M Outeiro, Belém - PA, Brasil",6,0,7,0,8,56,9,65,10,47,11,43,12,21,13,30,14,47,15,52,16,86,17,100,18,0,19,0,20,0,21,0,22,0,23,0,,,,,,,,,,,,,6,0,7,0,8,65,9,65,10,60,11,39,12,34,13,17,14,13,15,34,16,43,17,52,18,0,19,0,20,0,21,0,22,0,23,0,,,,,,,,,,,,,,,6,0,7,0,8,47,9,52,10,56,11,78,12,91,13,91,14,82,15,65,16,60,17,39,18,0,19,0,20,0,21,0,22,0,23,0,,,,,,,,,,,,,6,0,7,0,8,34,9,39,10,43,11,65,12,47,13,52,14,26,15,34,16,60,17,69,18,0,19,0,20,0,21,0,22,0,23,0,,,,,,,,,,,,,6,0,7,0,8,47,9,60,10,78,11,91,12,82,13,82,14,65,15,69,16,69,17,60,18,0,19,0,20,0,21,0,22,0,23,0,,,,,,,,,,,,,6,0,7,0,8,21,9,34,10,43,11,60,12,60,13,60,14,56,15,60,16,69,17,47,18,0,19,0,20,0,21,0,22,0,23,0,,,,,,,,,,,,,6,0,7,0,8,52,9,56,10,47,11,47,12,52,13,78,14,65,15,82,16,73,17,73,18,0,19,0,20,0,21,0,22,0,23,0,,,,,,,,,,,,,,66843-650,,14,,3,,2,1,0,0,0,Pará,Av jader barbalho,,,,Conveniência Moraes,4.7,https://www.google.com/maps/search/?api=1&query=Conveni%C3%AAncia%20Moraes&query_place_id=ChIJ9bWUGF9npJIR-YeBxw2epJk,https://instagram.com/convenienciamoraess?igshid=MzNlNGNkZWQ4Mg==
,,,,,,,,,,,,,,,,,,,,,,,,,,,,,,,,,,,,TRUE,,,,,,,,,,,,TRUE,TRUE,,,,,,,,,TRUE,,,,,,,,,,,,,,,,,,,,,,,,,,,,,,,,TRUE,,,,,,,,,,,,,,,,,,,,,"R. Airton Senna, 2 - Paracuri, Belém - PA, 66814-015, Brasil",Loja de Conveniência,,,,,,,,,Loja de Conveniência,3.23692E+18,Belém,BR,0x92a467bbd23c58c7:0x2cebd55a1991454f,,,-1.3120747,-48.4747468,,Paracuri,segunda-feira,08:30 to 23:00,terça-feira,08:30 to 23:00,quarta-feira,Fechado,quinta-feira,08:30 to 23:00,sexta-feira,08:30 to 23:00,sábado,08:30 to 23:00,domingo,08:30 to 23:00,1,conveniência Santos,5,Outras pessoas pesquisaram,1,Conveniência do pizza,3,Outras pessoas pesquisaram,5,BR Mania Conveniência,4.6,Outras pessoas pesquisaram,0,Conveniência Silva,0,,,,,+55 91 98280-8280,5591982808280,ChIJx1g80rtnpJIRT0WRGVrV6yw,"MGQG+54 Paracuri, Belém - PA, Brasil",6,0,7,0,8,8,9,16,10,41,11,33,12,16,13,8,14,25,15,8,16,8,17,33,18,50,19,50,20,25,21,8,22,0,23,0,,,,,,,,,,,,,6,0,7,0,8,25,9,8,10,0,11,0,12,0,13,0,14,0,15,8,16,16,17,8,18,8,19,25,20,58,21,75,22,33,23,0,,,,,,,,,,,,,,,6,0,7,0,8,41,9,50,10,83,11,41,12,16,13,8,14,33,15,41,16,75,17,50,18,33,19,33,20,50,21,66,22,33,23,0,,,,,,,,,,,,,6,0,7,0,8,0,9,0,10,0,11,8,12,0,13,0,14,8,15,0,16,16,17,50,18,100,19,83,20,41,21,8,22,0,23,0,,,,,,,,,,,,,6,0,7,0,8,16,9,16,10,16,11,16,12,16,13,8,14,0,15,8,16,25,17,41,18,33,19,16,20,8,21,16,22,8,23,0,,,,,,,,,,,,,6,0,7,0,8,50,9,33,10,33,11,66,12,66,13,100,14,58,15,41,16,33,17,75,18,58,19,33,20,25,21,8,22,8,23,0,,,,,,,,,,,,,,,,,,,,,,,,,,,,,,,,,,,,,,,,,,,,,,,,,,,,,,,,,,,,,,66814-015,,12,,1,,0,1,0,0,0,Pará,"R. Airton Senna, 2",,,,Conveniência canto certo,4,https://www.google.com/maps/search/?api=1&query=Conveni%C3%AAncia%20canto%20certo&query_place_id=ChIJx1g80rtnpJIRT0WRGVrV6yw,
,,,,,,,,,,,,,,TRUE,,,TRUE,,,,,TRUE,,,,,,,,,,,,,,,,,,,TRUE,,,TRUE,,,,,,,,TRUE,,,,,,,,,,,,,,,,,,,TRUE,,,,,,,,,,,,,,,,,,,TRUE,,,,TRUE,,,,TRUE,,,,,,TRUE,,TRUE,,,TRUE,,"Av. Paulo Costa - Agua Boa (Outeiro), Belém - PA, 66843-440, Brasil",Loja de Conveniência,,,,,,,,,Loja de Conveniência,8.78248E+18,Belém,BR,0x92a46898d27f471d:0x79e19fd306d7dc03,,,-1.2508213,-48.4568332,,Agua Boa (Outeiro),segunda-feira,12:00 to 00:00,terça-feira,10:00 to 00:00,quarta-feira,10:00 to 01:00,quinta-feira,08:00 to 16:00,sexta-feira,08:00 to 01:00,sábado,10:00 to 03:00,domingo,08:00 to 00:00,0,Conveniencia-sa,0,Outras pessoas pesquisaram,0,Alice convêniencia,0,Outras pessoas pesquisaram,0,Comercial da ilha,0,,,,,,,,,+55 91 98858-4422,5591988584422,ChIJHUd_0phopJIRA9zXBtOf4Xk,"PGXV+M7 Belém, Pará, Brasil",6,0,7,0,8,10,9,19,10,42,11,55,12,67,13,53,14,34,15,18,16,12,17,18,18,19,19,25,20,24,21,20,22,17,23,15,0,11,,,,,,,,,,,6,0,7,0,8,0,9,0,10,0,11,0,12,40,13,42,14,32,15,23,16,19,17,19,18,12,19,6,20,1,21,0,22,0,23,0,,,,,,,,,,,,,,,6,0,7,0,8,0,9,0,10,27,11,37,12,49,13,49,14,37,15,23,16,18,17,18,18,25,19,29,20,32,21,31,22,27,23,27,0,19,1,16,2,9,,,,,,,6,0,7,0,8,12,9,22,10,45,11,74,12,94,13,100,14,89,15,73,16,60,17,48,18,38,19,30,20,26,21,23,22,20,23,15,,,,,,,,,,,,,6,0,7,0,8,11,9,19,10,27,11,36,12,45,13,36,14,27,15,18,16,0,17,0,18,0,19,0,20,0,21,0,22,0,23,0,,,,,,,,,,,,,6,0,7,0,8,0,9,0,10,26,11,38,12,45,13,35,14,21,15,8,16,4,17,6,18,9,19,11,20,9,21,4,22,2,23,3,,,,,,,,,,,,,6,0,7,0,8,0,9,0,10,30,11,45,12,51,13,42,14,27,15,11,16,9,17,13,18,19,19,22,20,17,21,15,22,10,23,6,0,4,,,,,,,,,,,,66843-440,,11,,8,,8,0,0,0,0,Pará,Av. Paulo Costa,,,,Conveniência Da Shirley,5,https://www.google.com/maps/search/?api=1&query=Conveni%C3%AAncia%20Da%20Shirley&query_place_id=ChIJHUd_0phopJIRA9zXBtOf4Xk,
,,,,,,,,,,,,,,,,,,,,,,,,,,,,,,,,,,,,,,,,,TRUE,,,TRUE,,,,,,,,,,,TRUE,TRUE,,,,,,,,TRUE,,,,,,,,,,,,,,,,,,,,,,,,,,,,,,,,,,,,,,,,,,,,,,,"Estr. Velha do Outeiro, 1525 - Itaiteua, Belém - PA, 66813-250, Brasil",Loja de Conveniência,,,,,,,,,Loja de Conveniência,4.51759E+18,Belém,BR,0x92a467921befdff1:0x3eb1b8940dc30af9,,,-1.2936193,-48.4664084,,Itaiteua,segunda-feira,14:00 to 01:00,terça-feira,04:00 to 01:00,quarta-feira,16:00 to 01:00,quinta-feira,16:00 to 01:00,sexta-feira,09:00 to 02:00,sábado,09:00 to 03:00,domingo,09:00 to 02:00,0,DEPOSITO DO VITOR,0,Outras pessoas pesquisaram,3,C&M distribuidora de bebidas,5,Outras pessoas pesquisaram,0,Deposito e conveniência WP,0,Outras pessoas pesquisaram,5,Deposito de bebidas jm,5,Outras pessoas pesquisaram,0,Depósito do Maninho,0,+55 91 99287-7419,5591992877419,ChIJ8d_vG5JnpJIR-QrDDZS4sT4,"PG4M+HC Itaiteua, Belém - PA, Brasil",6,0,7,0,8,0,9,11,10,0,11,0,12,11,13,0,14,11,15,33,16,11,17,0,18,11,19,44,20,55,21,44,22,22,23,44,0,100,1,88,,,,,,,,,6,0,7,0,8,0,9,0,10,0,11,0,12,0,13,0,14,0,15,0,16,0,17,0,18,11,19,22,20,55,21,44,22,66,23,22,0,11,,,,,,,,,,,,,6,0,7,0,8,0,9,44,10,55,11,22,12,22,13,11,14,0,15,0,16,11,17,22,18,11,19,22,20,55,21,77,22,66,23,33,0,11,1,0,2,0,,,,,,,6,0,7,0,8,0,9,55,10,66,11,55,12,66,13,66,14,33,15,33,16,33,17,66,18,66,19,44,20,33,21,11,22,0,23,11,0,22,1,66,,,,,,,,,6,0,7,0,8,0,9,0,10,0,11,0,12,0,13,0,14,0,15,0,16,66,17,22,18,11,19,22,20,22,21,0,22,0,23,11,0,33,,,,,,,,,,,3,0,4,22,5,11,6,0,7,0,8,11,9,0,10,0,11,0,12,11,13,11,14,33,15,66,16,88,17,77,18,44,19,11,20,0,21,0,22,0,23,11,0,22,,,,,6,0,7,0,8,0,9,0,10,0,11,0,12,0,13,0,14,0,15,0,16,11,17,22,18,44,19,22,20,11,21,0,22,0,23,0,0,11,,,,,,,,,,,,66813-250,,10,,0,,,,,,,Pará,"Estr. Velha do Outeiro, 1525",,,,Deposito e conveniência TMW,,https://www.google.com/maps/search/?api=1&query=Deposito%20e%20conveni%C3%AAncia%20TMW&query_place_id=ChIJ8d_vG5JnpJIR-QrDDZS4sT4,
,,,,,,,,,,,,,,,,,,,,,,,,,,,,,,,,,,,,,,,,,TRUE,,,TRUE,,,,,,,,,,,TRUE,,,TRUE,,,,,,,,,,,,,,,,,,,,,,,,,,,,,,,,,,,,,,,,,,,,,,,,,,,,,"Travessa Terceira do recanto verde n19 Entre a alameda A e, Al. B, Belém - PA, 66815-210, Brasil",Loja de Conveniência,,,,,,,,,Loja de Conveniência,2.39817E+17,Belém,BR,0x92a46737bc7cc86d:0x35400b2fc193816,,,-1.2986225,-48.4604154,,Maracacuera,segunda-feira,08:00 to 03:00,terça-feira,08:00 to 03:00,quarta-feira,08:00 to 03:00,quinta-feira,08:00 to 03:00,sexta-feira,08:00 to 03:00,sábado,08:00 to 03:00,domingo,08:00 to 03:00,2,Ângelo conveniência,4,Outras pessoas pesquisaram,0,Serve bem comércio varejista em geral,0,Outras pessoas pesquisaram,1,Conveniência - Nossa União,5,,,,,,,,,+55 91 98862-4604,5591988624604,ChIJbch8vDdnpJIRFjgZ_LIAVAM,"PG2Q+HR Belém, Pará, Brasil",6,0,7,0,8,35,9,28,10,7,11,14,12,14,13,7,14,7,15,14,16,28,17,64,18,50,19,57,20,57,21,57,22,64,23,71,0,42,1,50,2,28,,,,,,,6,0,7,0,8,35,9,57,10,21,11,7,12,0,13,7,14,21,15,42,16,85,17,57,18,50,19,42,20,35,21,21,22,35,23,64,0,85,1,64,2,71,,,,,,,,,6,0,7,0,8,21,9,14,10,21,11,50,12,35,13,28,14,42,15,21,16,7,17,0,18,0,19,7,20,21,21,28,22,14,23,21,0,28,1,28,2,35,,,,,,,6,0,7,0,8,28,9,21,10,42,11,28,12,35,13,21,14,14,15,21,16,50,17,35,18,35,19,14,20,14,21,14,22,14,23,21,0,7,1,0,2,0,,,,,,,6,0,7,0,8,14,9,21,10,50,11,28,12,21,13,28,14,21,15,28,16,57,17,64,18,64,19,57,20,64,21,100,22,85,23,35,0,14,1,14,2,14,,,,,,,6,0,7,0,8,50,9,64,10,35,11,14,12,7,13,0,14,7,15,7,16,21,17,21,18,7,19,7,20,21,21,21,22,7,23,0,0,0,1,7,2,14,,,,,,,6,0,7,0,8,0,9,0,10,7,11,0,12,7,13,21,14,35,15,71,16,92,17,50,18,28,19,35,20,71,21,57,22,35,23,14,0,14,1,28,2,14,,,,,,,,66815-210,,9,,0,,,,,,,PA,"Travessa Terceira do recanto verde n19 Entre a alameda A e, Al. B",,,,On conveniência,,https://www.google.com/maps/search/?api=1&query=On%20conveni%C3%AAncia&query_place_id=ChIJbch8vDdnpJIRFjgZ_LIAVAM,
,,,,,,,,,,,,,,,,,,,,,,,,,,,,,,,,,,,,,,,,,,,,,,,,,,,,,,,,,,,,,,,,,,,,,,,,,,,,,,,,,,,,,,,,,,,,,,,,,,,,,,,,,,,,,,,"Av. Paulo Costa, 2153 - Água Boa (Outeiro), Belém - PA, 66843-005, Brasil",Loja de Conveniência,,,,,,,,,Loja de Conveniência,5.96923E+18,Belém,BR,0x92a46735665b1877:0x52d6f329de4c1724,,,-1.2570449,-48.4509804,,Água Boa (Outeiro),,,,,,,,,,,,,,,4,Mercadinho jk,5,Outras pessoas pesquisaram,0,JK Alimentos,0,Outras pessoas pesquisaram,0,Conveniencia-sa,0,,,,,,,,,,,ChIJdxhbZjVnpJIRJBdM3inz1lI,"PGVX+5J Belém, Pará, Brasil",,,,,,,,,,,,,,,,,,,,,,,,,,,,,,,,,,,,,,,,,,,,,,,,,,,,,,,,,,,,,,,,,,,,,,,,,,,,,,,,,,,,,,,,,,,,,,,,,,,,,,,,,,,,,,,,,,,,,,,,,,,,,,,,,,,,,,,,,,,,,,,,,,,,,,,,,,,,,,,,,,,,,,,,,,,,,,,,,,,,,,,,,,,,,,,,,,,,,,,,,,,,,,,,,,,,,,,,,,,,,,,,,,,,,,,,,,,,,,,,,,,,,,,,,,,,,,,,,,,,,,,,,,,,,,,,,,,,,,,,,,,,,,,,,,,,,,,,,,,,,,,,,,,,,,,,,,,,,,,,,,,,,,,,,,,,,,,,,,,,66843-005,,8,,1,,1,0,0,0,0,Pará,"Av. Paulo Costa, 2153",,,,JK VARIEDADES,5,https://www.google.com/maps/search/?api=1&query=JK%20VARIEDADES&query_place_id=ChIJdxhbZjVnpJIRJBdM3inz1lI,
,,,,,,,,,,,,,,,,,,,,,,,,,,,,,,,,,,,,,,,,,,,,,,,,,,,,,,,,,,,,,,,,,,,,,,,,,,,,,,,,,,,,,,,,,,TRUE,,,,,,,,,,,,,,,,,,,,,"Passagem Natal, 228 - Barreiro, Belém - PA, 66117-370, Brasil",Loja de Conveniência,Loja de Presentes,,,,,,,,Loja de Conveniência,2.23029E+18,Belém,BR,0x92a4892c3486b65d:0x1ef393cbc69ad087,,,-1.416582,-48.4904001,,Barreiro,segunda-feira,08:30 to 20:00,terça-feira,08:30 to 20:00,quarta-feira,08:30 to 20:00,quinta-feira,08:30 to 20:00,sexta-feira,08:30 to 20:00,sábado,08:30 to 20:00,domingo,08:30 to 13:00,1,Cyber Fênix Variedades,2,Outras pessoas pesquisaram,1,Yuri Conveniência,5,,,,,,,,,,,,,+55 91 3241-2559,559132412559,ChIJXbaGNCyJpJIRh9CaxsuT8x4,"HGM5+9R Barreiro, Belém - PA, Brasil",6,0,7,0,8,60,9,40,10,80,11,53,12,80,13,66,14,66,15,33,16,40,17,20,18,33,19,20,20,0,21,0,22,0,23,0,,,,,,,,,,,,,6,0,7,0,8,20,9,20,10,6,11,6,12,20,13,6,14,13,15,13,16,13,17,20,18,33,19,13,20,0,21,0,22,0,23,0,,,,,,,,,,,,,,,6,0,7,0,8,6,9,26,10,53,11,53,12,40,13,53,14,20,15,13,16,0,17,20,18,33,19,60,20,0,21,0,22,0,23,0,,,,,,,,,,,,,6,0,7,0,8,6,9,13,10,6,11,0,12,6,13,0,14,0,15,0,16,0,17,0,18,0,19,0,20,0,21,0,22,0,23,0,,,,,,,,,,,,,6,0,7,0,8,0,9,0,10,6,11,26,12,46,13,20,14,13,15,0,16,0,17,6,18,20,19,60,20,0,21,0,22,0,23,0,,,,,,,,,,,,,6,0,7,0,8,20,9,40,10,53,11,53,12,93,13,93,14,100,15,60,16,73,17,80,18,53,19,40,20,0,21,0,22,0,23,0,,,,,,,,,,,,,6,0,7,0,8,26,9,20,10,6,11,20,12,46,13,80,14,80,15,53,16,13,17,20,18,40,19,80,20,0,21,0,22,0,23,0,,,,,,,,,,,,,,66117-370,,19,,0,,,,,,,Pará,"Passagem Natal, 228",,,,Papelaria e Presentes DESTINY,,https://www.google.com/maps/search/?api=1&query=Papelaria%20e%20Presentes%20DESTINY&query_place_id=ChIJXbaGNCyJpJIRh9CaxsuT8x4,
,,,,,,,,,,,,,,,,,,,,,,,,,,,,,,,,,,,TRUE,,,,,,,,,,,,,,,,,,,,,,,,,,,,,,,,,,,,,,,,,,,,,,,,,,,,,,,TRUE,,,,TRUE,,TRUE,,,,,,,,,,,,,,,"Tv. Djalma Dutra, 174 - Telégrafo, Belém - PA, 66113-010, Brasil",Loja de Conveniência,,,,,,,,,Loja de Conveniência,1.19017E+19,Belém,BR,0x92a48f13588dbf49:0xa52b6995ef1dfe75,,,-1.4308436,-48.4893926,,Telégrafo,segunda-feira,07:00 to 21:00,terça-feira,07:00 to 21:00,quarta-feira,07:00 to 21:00,quinta-feira,07:00 to 21:00,sexta-feira,07:00 to 21:00,sábado,07:00 to 21:00,domingo,07:00 to 21:00,5,Conveniencia do Dias,5,Outras pessoas pesquisaram,0,Roger Conveniência,0,,,,,,,,,,,,,+55 91 98850-4745,5591988504745,ChIJSb-NWBOPpJIRdf4d75VpK6U,"HG96+M6 Telégrafo, Belém - PA, Brasil",6,0,7,30,8,23,9,38,10,15,11,7,12,7,13,7,14,15,15,30,16,23,17,23,18,7,19,15,20,23,21,0,22,0,23,0,,,,,,,,,,,,,6,0,7,30,8,7,9,0,10,0,11,15,12,15,13,30,14,23,15,30,16,53,17,30,18,23,19,7,20,7,21,0,22,0,23,0,,,,,,,,,,,,,,,6,0,7,7,8,23,9,30,10,15,11,15,12,15,13,7,14,0,15,0,16,7,17,7,18,15,19,38,20,15,21,0,22,0,23,0,,,,,,,,,,,,,6,0,7,15,8,7,9,0,10,0,11,7,12,23,13,30,14,23,15,30,16,7,17,7,18,23,19,15,20,23,21,0,22,0,23,0,,,,,,,,,,,,,6,0,7,23,8,7,9,0,10,0,11,0,12,7,13,0,14,7,15,15,16,7,17,0,18,0,19,0,20,7,21,0,22,0,23,0,,,,,,,,,,,,,6,0,7,69,8,92,9,84,10,100,11,69,12,46,13,23,14,30,15,15,16,15,17,23,18,15,19,15,20,30,21,0,22,0,23,0,,,,,,,,,,,,,6,0,7,15,8,38,9,38,10,38,11,23,12,15,13,15,14,7,15,7,16,15,17,46,18,38,19,61,20,30,21,0,22,0,23,0,,,,,,,,,,,,,,66113-010,,20,,4,,4,0,0,0,0,Pará,"Tv. Djalma Dutra, 174",,,,Conveniência Darling,5,https://www.google.com/maps/search/?api=1&query=Conveni%C3%AAncia%20Darling&query_place_id=ChIJSb-NWBOPpJIRdf4d75VpK6U,
,,,,,,,,,,,,,,,,,,,,,,,,,,,,,,,,,,,,,,,,,,,,,,,,,,,,,,,,,,,,,,,,,,,,,,,,,,,,,,,,,,,,,,,,,,,,,,,,,,,,,,,,,,,,,,,"R. Mutamba Q3, N°22 - Paracuri, Belém - PA, 66814-040, Brasil",Loja de Conveniência,,,,,,,,,Loja de Conveniência,1.56135E+18,Belém,BR,0x92a4613d651db507:0x15ab07f367cc89dd,,,-1.3149741,-48.4777042,,Paracuri,segunda-feira,07:00 to 22:00,terça-feira,07:00 to 22:00,quarta-feira,07:00 to 22:00,quinta-feira,07:00 to 22:00,sexta-feira,07:00 to 22:00,sábado,07:00 to 22:00,domingo,07:00 to 22:00,5,BR Mania Conveniência,4.6,Outras pessoas pesquisaram,1,Palácio Jhonny's,5,,,,,,,,,,,,,,,ChIJB7UdZT1hpJIR3YnMZ_MHqxU,"MGPC+2W Paracuri, Belém - PA, Brasil",6,0,7,26,8,20,9,13,10,0,11,0,12,6,13,13,14,13,15,26,16,40,17,60,18,46,19,60,20,33,21,13,22,0,23,0,,,,,,,,,,,,,6,0,7,40,8,66,9,46,10,60,11,20,12,6,13,13,14,33,15,53,16,40,17,60,18,66,19,100,20,100,21,66,22,0,23,0,,,,,,,,,,,,,,,6,0,7,26,8,40,9,73,10,73,11,60,12,60,13,33,14,40,15,26,16,53,17,60,18,66,19,46,20,53,21,60,22,0,23,0,,,,,,,,,,,,,6,0,7,66,8,33,9,33,10,13,11,20,12,46,13,66,14,60,15,80,16,60,17,40,18,33,19,40,20,20,21,13,22,0,23,0,,,,,,,,,,,,,6,0,7,26,8,13,9,6,10,0,11,13,12,13,13,6,14,6,15,33,16,60,17,80,18,73,19,33,20,13,21,6,22,0,23,0,,,,,,,,,,,,,6,0,7,20,8,20,9,33,10,26,11,13,12,0,13,0,14,6,15,13,16,33,17,13,18,6,19,0,20,6,21,20,22,0,23,0,,,,,,,,,,,,,6,0,7,26,8,40,9,46,10,20,11,26,12,46,13,80,14,53,15,20,16,0,17,13,18,20,19,40,20,20,21,20,22,0,23,0,,,,,,,,,,,,,,66814-040,,17,,0,,,,,,,PA,"R. Mutamba Q3, N°22",,,,JHONIS CONVENIÊNCIA,,https://www.google.com/maps/search/?api=1&query=JHONIS%20CONVENI%C3%8ANCIA&query_place_id=ChIJB7UdZT1hpJIR3YnMZ_MHqxU,
,,,,,,,,,,,,,,,,,,,,,,,,,,,,,,,,,,,,TRUE,,,,,,,,,,,,,,,,,,,,,,,,,,,,,,,,,,,,,,,,,,,,,,,,,,,,,,TRUE,,,,,,,,,,,,,,,,,,,,,"R. Oito de Setembro, 98 - Campina de Icoaraci, Belém - PA, 66813-010, Brasil",Loja de Conveniência,,,,,,,,,Loja de Conveniência,1.69506E+19,Belém,BR,0x92a4679a3ff9cce3:0xeb3c9d25952d2190,,,-1.29828,-48.4754656,,Campina de Icoaraci,segunda-feira,08:00 to 22:00,terça-feira,08:00 to 22:00,quarta-feira,08:00 to 22:00,quinta-feira,Atendimento 24 horas,sexta-feira,Atendimento 24 horas,sábado,Atendimento 24 horas,domingo,Atendimento 24 horas,0,Conveniência 3IRMÃOS,0,Outras pessoas pesquisaram,1,Point Beer Conveniência,5,Outras pessoas pesquisaram,20,Cohab Depósito & Conveniência,3.9,Outras pessoas pesquisaram,5,BR Mania Conveniência,4.6,,,,,+55 91 98522-9281,5591985229281,ChIJ48z5P5pnpJIRkCEtlSWdPOs,"PG2F+MR Campina de Icoaraci, Belém - PA, Brasil",0,18,1,45,2,18,3,9,4,54,5,18,6,9,7,0,8,0,9,0,10,0,11,0,12,0,13,9,14,45,15,72,16,81,17,36,18,18,19,0,20,9,21,18,22,45,23,18,6,0,7,0,8,18,9,27,10,9,11,0,12,9,13,36,14,72,15,100,16,100,17,45,18,27,19,27,20,18,21,0,22,0,23,0,,,,,,,,,,,,,,,0,27,1,45,2,72,3,81,4,9,5,0,6,0,7,0,8,0,9,9,10,18,11,18,12,18,13,18,14,45,15,45,16,72,17,36,18,18,19,0,20,0,21,0,22,9,23,0,0,9,1,27,2,27,3,18,4,9,5,0,6,9,7,18,8,9,9,9,10,18,11,9,12,0,13,0,14,0,15,0,16,0,17,9,18,18,19,18,20,18,21,27,22,18,23,9,0,36,1,27,2,45,3,27,4,9,5,27,6,9,7,0,8,18,9,18,10,9,11,0,12,0,13,0,14,9,15,0,16,0,17,9,18,0,19,0,20,0,21,0,22,0,23,9,6,0,7,0,8,9,9,9,10,18,11,9,12,9,13,0,14,9,15,27,16,27,17,36,18,18,19,9,20,9,21,27,22,0,23,0,,,,,,,,,,,,,6,0,7,0,8,9,9,0,10,0,11,0,12,0,13,9,14,27,15,54,16,45,17,45,18,72,19,45,20,45,21,45,22,0,23,0,,,,,,,,,,,,,,66813-010,,14,,0,,,,,,,Pará,"R. Oito de Setembro, 98",,,,BRAVO CERVEJARIA,,https://www.google.com/maps/search/?api=1&query=BRAVO%20CERVEJARIA&query_place_id=ChIJ48z5P5pnpJIRkCEtlSWdPOs,
,,,,,,,,,,,,,,,,,,,,,,,,,,,,,,,,,,,,,,,,,,,,,,,,,,,,,,,,,,,,,,,,,,,,,,,,,,,,,,,,,,,,,,,,,,,,,,,,,,,,,,,,,,,,,,,"R. Rio Amazonas - Maracangalha, Belém - PA, 66110-230, Brasil",Loja de Conveniência,,,,,,,,,Loja de Conveniência,1.46744E+19,Belém,BR,0x92a48978ad728e4b:0xcba5e51529fa6b08,,,-1.4014763,-48.4838412,,Maracangalha,,,,,,,,,,,,,,,1,SC ALIMENTOS,5,,,,,,,,,,,,,,,,,,,ChIJS45yrXiJpJIRCGv6KRXlpcs,"HGX8+CF Maracangalha, Belém - PA, Brasil",,,,,,,,,,,,,,,,,,,,,,,,,,,,,,,,,,,,,,,,,,,,,,,,,,,,,,,,,,,,,,,,,,,,,,,,,,,,,,,,,,,,,,,,,,,,,,,,,,,,,,,,,,,,,,,,,,,,,,,,,,,,,,,,,,,,,,,,,,,,,,,,,,,,,,,,,,,,,,,,,,,,,,,,,,,,,,,,,,,,,,,,,,,,,,,,,,,,,,,,,,,,,,,,,,,,,,,,,,,,,,,,,,,,,,,,,,,,,,,,,,,,,,,,,,,,,,,,,,,,,,,,,,,,,,,,,,,,,,,,,,,,,,,,,,,,,,,,,,,,,,,,,,,,,,,,,,,,,,,,,,,,,,,,,,,,,,,,,,,,66110-230,,12,,6,,5,1,0,0,0,Pará,R. Rio Amazonas,,,,Casa Cereja,4.8,https://www.google.com/maps/search/?api=1&query=Casa%20Cereja&query_place_id=ChIJS45yrXiJpJIRCGv6KRXlpcs,
,,,,,,,,,,,,,,,,,,,,,,,,,,,,,,,,,,,,,,,,,,,,,,,,,,,,,,,,,,,,,,,,,,,,,,,,,,,,,,,,,,,,,,,,,,TRUE,,,,TRUE,,,,TRUE,TRUE,,,,,,,,,,,,"Tv. Mauriti, 233 - Telégrafo, Belém - PA, 66083-000, Brasil",Loja de Conveniência,,,,,,,,,Loja de Conveniência,1.1649E+19,Belém,BR,0x92a48976d7b090a9:0xa1a9b846ce263571,,,-1.4225425,-48.4799185,,Telégrafo,segunda-feira,07:30 to 22:00,terça-feira,07:30 to 22:00,quarta-feira,07:30 to 22:00,quinta-feira,07:30 to 22:00,sexta-feira,07:30 to 22:00,sábado,07:30 to 22:00,domingo,10:00 to 13:00,0,Tem aqui Conveniência,0,Outras pessoas pesquisaram,2,Mercantil Ivan E Artur,5,Outras pessoas pesquisaram,8,Tudo Conveniência Brás de Aguiar,3.3,,,,,,,,,+55 91 98745-4204,5591987454204,ChIJqZCw13aJpJIRcTUmzka4qaE,"HGGC+X2 Telégrafo, Belém - PA, Brasil",6,0,7,0,8,0,9,0,10,0,11,0,12,10,13,10,14,20,15,40,16,20,17,10,18,10,19,10,20,30,21,30,22,0,23,0,,,,,,,,,,,,,6,0,7,20,8,0,9,0,10,0,11,0,12,20,13,30,14,20,15,30,16,30,17,30,18,50,19,70,20,40,21,10,22,0,23,0,,,,,,,,,,,,,,,6,0,7,50,8,50,9,80,10,90,11,50,12,40,13,10,14,0,15,0,16,10,17,20,18,20,19,20,20,30,21,30,22,0,23,0,,,,,,,,,,,,,6,0,7,0,8,0,9,0,10,30,11,60,12,60,13,0,14,0,15,0,16,0,17,0,18,0,19,0,20,0,21,0,22,0,23,0,,,,,,,,,,,,,6,0,7,10,8,20,9,10,10,0,11,0,12,0,13,10,14,0,15,0,16,10,17,30,18,40,19,70,20,50,21,60,22,0,23,0,,,,,,,,,,,,,6,0,7,40,8,10,9,0,10,20,11,20,12,30,13,20,14,10,15,20,16,20,17,80,18,90,19,100,20,40,21,40,22,0,23,0,,,,,,,,,,,,,6,0,7,60,8,20,9,20,10,0,11,20,12,40,13,60,14,40,15,10,16,0,17,10,18,20,19,50,20,20,21,10,22,0,23,0,,,,,,,,,,,,,,66083-000,,15,,2,,2,0,0,0,0,Pará,"Tv. Mauriti, 233",,,,Mercearia Big Central,5,https://www.google.com/maps/search/?api=1&query=Mercearia%20Big%20Central&query_place_id=ChIJqZCw13aJpJIRcTUmzka4qaE,
,,TRUE,,,,,TRUE,,,,,,,,,,,,,,,,,,,,,,,,,,,,,,,,,,,,,,,,,,,,,,,,,,,,,,,,,,,,,,,,,,,,,,,,,,,,,,,,,,,TRUE,,,,,,,,,,,,,,,,,,,,,"Tv. Antônio Baena, 300 - Pedreira, Belém - PA, 66093-081, Brasil",Loja de Conveniência,Caixa eletrônico,Café,Posto de combustível,Loja de sucos,Serviço de troca de óleo,Sanduicheria,Lanchonete,Ponto de acesso Wi-Fi,Loja de Conveniência,1.75483E+19,Belém,BR,0x92a48c17db9040c5:0xf38822ded096cc3f,,,-1.440263,-48.4717046,,Pedreira,segunda-feira,06:00 to 22:00,terça-feira,06:00 to 22:00,quarta-feira,06:00 to 22:00,quinta-feira,06:00 to 22:00,sexta-feira,06:00 to 22:00,sábado,06:00 to 22:00,domingo,06:00 to 22:00,399,Posto Petrobras,4.5,Outras pessoas pesquisaram,33,Bonazo Conveniencia,4,Outras pessoas pesquisaram,2,BonazoMania (BR MANIA),4.5,Outras pessoas pesquisaram,9,BR Mania Conveniência,5,,,,,,,ChIJxUCQ2xeMpJIRP8yW0N4iiPM,"HG5H+V8 Pedreira, Belém - PA, Brasil",5,0,6,54,7,45,8,45,9,63,10,27,11,9,12,0,13,0,14,27,15,63,16,100,17,72,18,36,19,18,20,27,21,9,22,0,,,,,,,,,,,,,5,0,6,9,7,27,8,63,9,45,10,18,11,9,12,27,13,36,14,36,15,9,16,9,17,9,18,27,19,36,20,36,21,45,22,0,,,,,,,,,,,,,,,5,0,6,9,7,27,8,9,9,0,10,0,11,9,12,9,13,18,14,18,15,27,16,9,17,0,18,9,19,9,20,27,21,54,22,0,,,,,,,,,,,,,5,0,6,0,7,0,8,0,9,0,10,0,11,0,12,0,13,0,14,0,15,0,16,0,17,9,18,18,19,45,20,36,21,18,22,0,,,,,,,,,,,,,5,0,6,72,7,45,8,45,9,36,10,36,11,45,12,54,13,27,14,9,15,9,16,18,17,36,18,27,19,27,20,54,21,54,22,0,,,,,,,,,,,,,5,0,6,45,7,54,8,63,9,72,10,36,11,9,12,0,13,0,14,0,15,18,16,18,17,9,18,9,19,27,20,45,21,45,22,0,,,,,,,,,,,,,5,0,6,45,7,63,8,54,9,45,10,54,11,81,12,45,13,54,14,45,15,72,16,45,17,27,18,18,19,36,20,18,21,18,22,0,,,,,,,,,,,,,,66093-081,,16,,1,,1,0,0,0,0,Pará,"Tv. Antônio Baena, 300",,,,BR Mania Conveniência,5,https://www.google.com/maps/search/?api=1&query=BR%20Mania%20Conveni%C3%AAncia&query_place_id=ChIJxUCQ2xeMpJIRP8yW0N4iiPM,https://www.postospetrobras.com.br/aproveite-a-parada/br-mania
,,,,,,,,,,,,TRUE,,TRUE,,TRUE,,,,,TRUE,,TRUE,,,,,,,,,,,,,,,,,,TRUE,,TRUE,,,,,,,,,,TRUE,,,,,,,TRUE,,,FALSE,,,,,,,TRUE,,,,TRUE,,TRUE,,,TRUE,,TRUE,,,,,TRUE,,,,TRUE,,,,,,,,,,,,,,,TRUE,,,,,,"R. Padre Júlio Maria, N° 704 - Cruzeiro, Belém - PA, 66810-060, Brasil",Bar de cervejas,Loja de Conveniência,,,,,,,,Bar de cervejas,1.29187E+19,Belém,BR,0x92a46568df1f0ebf:0xb3485a063d8d603d,,,-1.2999632,-48.4858007,,Cruzeiro,segunda-feira,Fechado,terça-feira,Fechado,quarta-feira,15:00 to 02:00,quinta-feira,15:00 to 02:00,sexta-feira,16:00 to 03:00,sábado,15:00 to 03:00,domingo,12:00 to 00:00,2,Bar do Raimundinho,4.5,Outras pessoas pesquisaram,202,Bar do Ferro,4.3,Outras pessoas pesquisaram,0,DISTRIBUIDORA DE BEBIDAS PISTA,0,,,,,,,,,+55 91 98930-0156,5591989300156,ChIJvw4f32hlpJIRPWCNPQZaSLM,"PG27+2M Cruzeiro, Belém - PA, Brasil",6,0,7,0,8,0,9,0,10,0,11,0,12,0,13,0,14,0,15,0,16,2,17,4,18,8,19,9,20,11,21,20,22,30,23,29,0,19,1,9,2,7,,,,,,,,,,,,,,,,,,,,,,,,,,,,,,,,,,,,,,,,,,,,,,,,,,,,,,,,,6,0,7,0,8,0,9,0,10,0,11,0,12,0,13,0,14,0,15,4,16,10,17,12,18,17,19,27,20,49,21,79,22,96,23,100,0,78,1,50,2,33,,,,,,,6,0,7,0,8,0,9,0,10,0,11,0,12,7,13,10,14,8,15,3,16,2,17,2,18,6,19,5,20,6,21,2,22,1,23,1,,,,,,,,,,,,,6,0,7,0,8,0,9,0,10,0,11,0,12,0,13,0,14,0,15,2,16,5,17,4,18,7,19,7,20,12,21,17,22,18,23,19,0,11,1,11,,,,,,,,,,,,,,,,,,,,,,,,,,,,,,,,,,,,,,,,,,,,,,,,,,,,,,,,,6,0,7,0,8,0,9,0,10,0,11,0,12,0,13,0,14,0,15,6,16,2,17,1,18,3,19,7,20,11,21,14,22,11,23,12,0,6,1,3,,,,,,,,,,66810-060,,11,,9,,8,0,1,0,0,Pará,"R. Padre Júlio Maria, N° 704",,,,Iron Beer,4.6,https://www.google.com/maps/search/?api=1&query=Iron%20Beer&query_place_id=ChIJvw4f32hlpJIRPWCNPQZaSLM,https://www.instagram.com/ironbeer_deposito/
,,,,,,,,,,,,,,,,,,,,,,,,,,,,,,,,,,,,TRUE,,,,,,,,,,,,,,,,,,,,,,,,,,,,,,,,,,,,,,,,,,,,,,,,,,,,,,TRUE,,,,,,,,,,,,,,,,,,,,,"Passagem Leitão, 361 - Umarizal, Belém - PA, 66050-250, Brasil",Loja de Conveniência,,,,,,,,,Loja de Conveniência,1.00802E+19,Belém,BR,0x92a48ea907ec6691:0x8be3e7c472ae6ced,,,-1.4352917,-48.4813087,,Umarizal,segunda-feira,08:00 to 21:00,terça-feira,08:00 to 21:00,quarta-feira,08:00 to 21:00,quinta-feira,08:00 to 21:00,sexta-feira,08:00 to 21:00,sábado,09:00 to 21:00,domingo,Fechado,1,CONVENIÊNCIA TOP BEER,5,Outras pessoas pesquisaram,82,Rusty Umarizal,4.4,Outras pessoas pesquisaram,81,F38 - Night Lounge,4.3,,,,,,,,,+55 91 98373-3606,5591983733606,ChIJkWbsB6mOpJIR7WyucsTn44s,"HG79+VF Umarizal, Belém - PA, Brasil",,,,,,,,,,,,,,,,,,,,,,,,,,,,,,,,,,,,,,,,,,,,,,,,,,,,,,,,,,,,,,,,,,,,,,,,,,,,,,,,,,,,,,,,,,,,,,,,,,,,,,,,,,,,,,,,,,,,,,,,,,,,,,,,,,,,,,,,,,,,,,,,,,,,,,,,,,,,,,,,,,,,,,,,,,,,,,,,,,,,,,,,,,,,,,,,,,,,,,,,,,,,,,,,,,,,,,,,,,,,,,,,,,,,,,,,,,,,,,,,,,,,,,,,,,,,,,,,,,,,,,,,,,,,,,,,,,,,,,,,,,,,,,,,,,,,,,,,,,,,,,,,,,,,,,,,,,,,,,,,,,,,,,,,,,,,,,,,,,,,66050-250,,11,,3,,3,0,0,0,0,Pará,"Passagem Leitão, 361",,,,Rustic beer,5,https://www.google.com/maps/search/?api=1&query=Rustic%20beer&query_place_id=ChIJkWbsB6mOpJIR7WyucsTn44s,
,,,,,,,,,,,,,,,,,,,,,,,,,,,,,,,,,,,,,,,,,,,,,,,,,,,,,,,,,,,,,,,,,,,,,,,,,,,,,,,,,,,,,,,,,,,,,,,,,,,,,,,,,,,,,,,"Av. Pedro Álvares Cabral, 1970 - Marambaia, Belém - PA, 66837-216, Brasil",Loja de Conveniência,,,,,,,,,Loja de Conveniência,1.73754E+19,Belém,BR,0x92a489457d336bd1:0xf121de869a9cdcd4,,,-1.4289001,-48.4895733,,Marambaia,segunda-feira,06:00 to 20:00,terça-feira,06:00 to 20:00,quarta-feira,06:00 to 20:00,quinta-feira,06:00 to 20:00,sexta-feira,06:00 to 20:00,sábado,06:00 to 20:00,domingo,06:00 to 20:00,,,,,,,,,,,,,,,,,,,,,,ChIJ0WszfUWJpJIR1NycmobeIfE,"HGC6+C5 Marambaia, Belém - PA, Brasil",5,0,6,36,7,9,8,0,9,9,10,0,11,0,12,0,13,0,14,9,15,27,16,45,17,45,18,36,19,9,20,0,21,0,22,0,,,,,,,,,,,,,5,0,6,18,7,9,8,0,9,0,10,18,11,18,12,9,13,9,14,9,15,18,16,45,17,27,18,27,19,9,20,0,21,0,22,0,,,,,,,,,,,,,,,5,0,6,27,7,45,8,72,9,36,10,18,11,9,12,9,13,27,14,45,15,90,16,90,17,63,18,90,19,63,20,0,21,0,22,0,,,,,,,,,,,,,5,0,6,36,7,27,8,18,9,9,10,0,11,0,12,9,13,18,14,45,15,45,16,63,17,45,18,18,19,0,20,0,21,0,22,0,,,,,,,,,,,,,5,0,6,0,7,9,8,18,9,9,10,0,11,0,12,9,13,9,14,27,15,9,16,0,17,0,18,0,19,0,20,0,21,0,22,0,,,,,,,,,,,,,5,0,6,63,7,36,8,27,9,54,10,63,11,54,12,54,13,27,14,27,15,36,16,72,17,54,18,81,19,100,20,0,21,0,22,0,,,,,,,,,,,,,5,0,6,27,7,63,8,54,9,18,10,0,11,0,12,0,13,0,14,0,15,27,16,54,17,81,18,36,19,18,20,0,21,0,22,0,,,,,,,,,,,,,,66837-216,,10,,1,,1,0,0,0,0,Pará,"Av. Pedro Álvares Cabral, 1970",,,,PRIMME CONVENIÊNCIA,5,https://www.google.com/maps/search/?api=1&query=PRIMME%20CONVENI%C3%8ANCIA&query_place_id=ChIJ0WszfUWJpJIR1NycmobeIfE,
,,TRUE,,,,,TRUE,,,,,,,,,,,,,,,,,,,,,,,,,,,,TRUE,,,,,,,,,,,,,,,,,,,,,,,,,,,,,,,,,,,,,,,,,,,,,,,,,,,,,,,TRUE,,TRUE,,,,,,,,,,,,,,,,,,,"ROD ARTHUR BERNARDES 151 ESQ PEDRO A CA - Telégrafo, Belém - PA, 66825-000, Brasil",Loja de Conveniência,Caixa eletrônico,Café,Posto de combustível,Loja de sucos,Serviço de troca de óleo,Sanduicheria,Ponto de acesso Wi-Fi,,Loja de Conveniência,8.09404E+18,Belém,BR,0x92a489103c3489ef:0x7053d0da64c2b834,,,-1.426953,-48.4890508,,Telégrafo,segunda-feira,07:00 to 23:00,terça-feira,07:00 to 23:00,quarta-feira,07:00 to 23:00,quinta-feira,07:00 to 23:00,sexta-feira,07:00 to 23:00,sábado,07:00 to 23:00,domingo,07:00 to 23:00,,,,,,,,,,,,,,,,,,,,+55 91 98802-1193,5591988021193,ChIJ74k0PBCJpJIRNLjCZNrQU3A,"HGF6+69 Telégrafo, Belém - PA, Brasil",6,0,7,22,8,55,9,77,10,33,11,11,12,0,13,0,14,11,15,33,16,44,17,22,18,0,19,0,20,0,21,0,22,0,23,0,,,,,,,,,,,,,6,0,7,22,8,11,9,11,10,22,11,55,12,33,13,55,14,44,15,11,16,11,17,0,18,0,19,11,20,44,21,33,22,55,23,0,,,,,,,,,,,,,,,6,0,7,66,8,33,9,11,10,22,11,44,12,100,13,55,14,55,15,11,16,0,17,0,18,0,19,0,20,0,21,0,22,0,23,0,,,,,,,,,,,,,6,0,7,0,8,0,9,11,10,33,11,22,12,44,13,66,14,33,15,11,16,0,17,0,18,0,19,11,20,33,21,55,22,55,23,0,,,,,,,,,,,,,6,0,7,11,8,22,9,11,10,11,11,22,12,44,13,22,14,11,15,0,16,0,17,0,18,0,19,0,20,11,21,0,22,0,23,0,,,,,,,,,,,,,6,0,7,55,8,88,9,66,10,77,11,77,12,33,13,11,14,0,15,0,16,0,17,11,18,33,19,33,20,55,21,22,22,11,23,0,,,,,,,,,,,,,6,0,7,22,8,11,9,0,10,0,11,0,12,0,13,0,14,11,15,0,16,33,17,66,18,77,19,88,20,66,21,33,22,33,23,0,,,,,,,,,,,,,,66825-000,,9,,0,,,,,,,PA,ROD ARTHUR BERNARDES 151 ESQ PEDRO A CA,,,,Conveniência AmPm - Ipiranga,,https://www.google.com/maps/search/?api=1&query=Conveni%C3%AAncia%20AmPm%20-%20Ipiranga&query_place_id=ChIJ74k0PBCJpJIRNLjCZNrQU3A,https://revistakmdevantagens.ipiranga/ofertas-ampm/
,,,,,,,,,,,,,,,,,,,,,,,,,,,,,,,,,,,,TRUE,,,,,,,,,,,,,,,,,,,,,,,,,,,,,,,,,,,,,,,,,,,,,,,,,,,,,,TRUE,,,,,,,,,,,,,,,,,,,,,"Av. Arthur Bernardes, 202 - Barreiro, Belém - PA, 66117-370, Brasil",Loja de Conveniência,,,,,,,,,Loja de Conveniência,1.14809E+19,Belém,BR,0x92a489eb941fd71f:0x9f5435d505722490,,,-1.4264847,-48.4887815,,Barreiro,segunda-feira,Atendimento 24 horas,terça-feira,Atendimento 24 horas,quarta-feira,Atendimento 24 horas,quinta-feira,Atendimento 24 horas,sexta-feira,Atendimento 24 horas,sábado,Atendimento 24 horas,domingo,Atendimento 24 horas,2,Quilombo Bar e Restaurante,3.5,Outras pessoas pesquisaram,29,Point Do Rony,4.6,Outras pessoas pesquisaram,379,Silva's Bar,4.3,Outras pessoas pesquisaram,14,Tudo Conveniência Antônio Barreto,4.4,Outras pessoas pesquisaram,223,Tudo Conveniência Boaventura,4.5,,,ChIJH9cflOuJpJIRkCRyBdU1VJ8,"HGF6+CF Barreiro, Belém - PA, Brasil",4,21,5,21,6,24,7,25,8,27,9,27,10,27,11,22,12,18,13,14,14,14,15,18,16,26,17,43,18,55,19,65,20,66,21,74,22,81,23,81,0,69,1,56,2,42,3,31,4,22,5,24,6,25,7,26,8,27,9,26,10,22,11,18,12,14,13,10,14,11,15,16,16,27,17,38,18,50,19,50,20,47,21,53,22,57,23,61,0,44,1,29,2,19,3,18,,,4,30,5,27,6,28,7,35,8,37,9,32,10,24,11,20,12,20,13,26,14,31,15,32,16,37,17,34,18,36,19,40,20,53,21,71,22,87,23,100,0,93,1,77,2,55,3,40,4,40,5,42,6,42,7,37,8,29,9,22,10,20,11,25,12,28,13,29,14,27,15,31,16,35,17,41,18,51,19,59,20,70,21,85,22,90,23,93,0,75,1,61,2,45,3,38,4,22,5,25,6,27,7,31,8,27,9,23,10,20,11,22,12,22,13,19,14,18,15,25,16,38,17,51,18,60,19,61,20,57,21,63,22,67,23,73,0,63,1,45,2,29,3,23,4,14,5,20,6,28,7,31,8,31,9,29,10,27,11,22,12,17,13,11,14,15,15,24,16,33,17,48,18,69,19,81,20,83,21,79,22,81,23,73,0,56,1,35,2,22,3,15,4,18,5,16,6,18,7,19,8,24,9,25,10,26,11,24,12,24,13,22,14,21,15,21,16,26,17,37,18,46,19,48,20,46,21,50,22,60,23,62,0,57,1,44,2,35,3,26,12,66117-370,,8,,1,,0,0,1,0,0,Pará,"Av. Arthur Bernardes, 202",,,,Tudo Conveniência Arthur Bernardes,1,https://www.google.com/maps/search/?api=1&query=Tudo%20Conveni%C3%AAncia%20Arthur%20Bernardes&query_place_id=ChIJH9cflOuJpJIRkCRyBdU1VJ8,
,,,,,,,,,,,,,,,,,,,,,,,,,,,,,,,,,,,,,,,,,,,,,,,,,,,,,,,,,,,,,,,,,,,,,,,,,,,,,,,,,,,,,,,,,,,,,,,,,,,,,,,,,,,,,,,"Av. Pedro Álvares Cabral, 1999 - Telégrafo, Belém - PA, 66120-620, Brasil",Loja de Conveniência,,,,,,,,,Loja de Conveniência,6.80982E+18,Belém,BR,0x92a489baf9a325f5:0x5e815861d24add0d,,,-1.4283542,-48.4897963,,Telégrafo,segunda-feira,09:30 to 21:30,terça-feira,09:30 to 21:30,quarta-feira,09:30 to 21:30,quinta-feira,09:30 to 21:30,sexta-feira,09:00 to 23:00,sábado,09:30 to 23:00,domingo,09:00 to 18:00,0,Quase Conveniência,0,,,,,,,,,,,,,,,,,+55 91 98406-1010,5591984061010,ChIJ9SWj-bqJpJIRDd1K0mFYgV4,"HGC6+M3 Telégrafo, Belém - PA, Brasil",6,0,7,0,8,0,9,11,10,0,11,0,12,0,13,0,14,0,15,11,16,22,17,22,18,22,19,44,20,22,21,11,22,0,23,0,,,,,,,,,,,,,6,0,7,0,8,0,9,44,10,44,11,44,12,55,13,44,14,66,15,66,16,33,17,11,18,22,19,44,20,100,21,55,22,0,23,0,,,,,,,,,,,,,,,6,0,7,0,8,0,9,22,10,33,11,77,12,66,13,33,14,22,15,11,16,0,17,0,18,11,19,0,20,0,21,33,22,44,23,0,,,,,,,,,,,,,6,0,7,0,8,0,9,11,10,0,11,22,12,33,13,33,14,11,15,0,16,0,17,11,18,0,19,0,20,0,21,0,22,0,23,0,,,,,,,,,,,,,6,0,7,0,8,0,9,55,10,55,11,33,12,33,13,11,14,0,15,0,16,0,17,0,18,11,19,33,20,22,21,22,22,0,23,0,,,,,,,,,,,,,6,0,7,0,8,0,9,22,10,11,11,0,12,0,13,0,14,0,15,11,16,22,17,66,18,55,19,77,20,66,21,33,22,0,23,0,,,,,,,,,,,,,6,0,7,0,8,0,9,11,10,33,11,44,12,22,13,11,14,0,15,0,16,0,17,0,18,22,19,44,20,100,21,44,22,0,23,0,,,,,,,,,,,,,,66120-620,,5,,1,,1,0,0,0,0,Pará,"Av. Pedro Álvares Cabral, 1999",,,,Total Conveniencias e Distribuidora,5,https://www.google.com/maps/search/?api=1&query=Total%20Conveniencias%20e%20Distribuidora&query_place_id=ChIJ9SWj-bqJpJIRDd1K0mFYgV4,
,,,,,,,,,,,,,,,,,,,,,,,,,,,,,,,,,,,,,,,,,,,,,,,,,,,,,,,,,,,,,,,,,,,,,,,,,,,,,,,,,,,,,,,,,,TRUE,,,,,,,,,,,,,,,,,,,,,"Passagem Padre Júlião - Telégrafo, Belém - PA, 66115-110, Brasil",Loja de Conveniência,,,,,,,,,Loja de Conveniência,8.74383E+18,Belém,BR,0x92a4896fce8b5011:0x79584ec478cdeee3,,,-1.4260707,-48.4916961,,Telégrafo,segunda-feira,08:00 to 22:30,terça-feira,08:00 to 22:30,quarta-feira,08:00 to 22:30,quinta-feira,08:00 to 22:30,sexta-feira,08:00 to 22:30,sábado,08:00 to 22:30,domingo,08:00 to 15:00,,,,,,,,,,,,,,,,,,,,,,ChIJEVCLzm-JpJIR4-7NeMROWHk,"HGF5+H8 Telégrafo, Belém - PA, Brasil",6,0,7,0,8,0,9,0,10,0,11,10,12,0,13,0,14,0,15,10,16,30,17,10,18,0,19,0,20,10,21,20,22,40,23,0,,,,,,,,,,,,,6,0,7,0,8,0,9,10,10,30,11,70,12,60,13,40,14,30,15,50,16,20,17,10,18,20,19,20,20,40,21,30,22,30,23,0,,,,,,,,,,,,,,,6,0,7,0,8,20,9,20,10,40,11,30,12,50,13,60,14,50,15,60,16,30,17,30,18,40,19,20,20,10,21,0,22,0,23,0,,,,,,,,,,,,,6,0,7,0,8,30,9,20,10,20,11,20,12,10,13,0,14,10,15,0,16,0,17,0,18,0,19,0,20,0,21,0,22,0,23,0,,,,,,,,,,,,,6,0,7,0,8,10,9,0,10,20,11,40,12,60,13,50,14,50,15,30,16,20,17,30,18,30,19,40,20,30,21,30,22,10,23,0,,,,,,,,,,,,,6,0,7,0,8,40,9,60,10,40,11,60,12,30,13,30,14,20,15,30,16,60,17,70,18,40,19,40,20,30,21,30,22,40,23,0,,,,,,,,,,,,,6,0,7,0,8,0,9,10,10,20,11,10,12,0,13,0,14,10,15,20,16,30,17,50,18,100,19,60,20,50,21,10,22,0,23,0,,,,,,,,,,,,,,66115-110,,3,,0,,,,,,,Pará,Passagem Padre Júlião,,,,Mercearia Mauro e Cia,,https://www.google.com/maps/search/?api=1&query=Mercearia%20Mauro%20e%20Cia&query_place_id=ChIJEVCLzm-JpJIR4-7NeMROWHk,
,,,,,,,,,,,,,,,,,,,,,,,,,,,,,,,,,,,,,TRUE,,,,,,,TRUE,,,,,TRUE,,,,,,,,,,,,,,,,,,,,,,,,,,,,,,,,,,,,,,,,,TRUE,,,,TRUE,,,,TRUE,TRUE,,,,,,,,,,,,"R. Prof. Nelson Ribeiro, 505 - Telégrafo, Belém - PA, 66113-075, Brasil",Loja de Conveniência,,,,,,,,,Loja de Conveniência,7.62159E+18,Belém,BR,0x92a489579c66717d:0x69c5536a9f383c5d,,,-1.428026,-48.490332,,Telégrafo,segunda-feira,08:00 to 22:00,terça-feira,08:00 to 22:00,quarta-feira,08:00 to 22:00,quinta-feira,Atendimento 24 horas,sexta-feira,Atendimento 24 horas,sábado,Atendimento 24 horas,domingo,08:00 to 22:00,0,Roger Conveniência,0,Outras pessoas pesquisaram,0,BLACK CERVEJA,0,Outras pessoas pesquisaram,6,MR bebidas,4.8,,,,,,,,,+55 91 98041-4571,5591980414571,ChIJfXFmnFeJpJIRXTw4n2pTxWk,"HGC5+QV Telégrafo, Belém - PA, Brasil",0,25,1,8,2,4,3,12,4,4,5,4,6,8,7,8,8,12,9,25,10,12,11,8,12,8,13,20,14,8,15,12,16,25,17,45,18,20,19,12,20,4,21,12,22,37,23,45,6,0,7,0,8,41,9,29,10,20,11,37,12,29,13,25,14,4,15,16,16,37,17,79,18,87,19,66,20,25,21,12,22,0,23,0,,,,,,,,,,,,,,,0,79,1,54,2,29,3,12,4,12,5,12,6,16,7,12,8,20,9,12,10,29,11,29,12,37,13,20,14,8,15,0,16,0,17,0,18,4,19,12,20,4,21,0,22,0,23,0,6,0,7,0,8,8,9,8,10,20,11,41,12,25,13,20,14,16,15,29,16,29,17,12,18,8,19,8,20,4,21,0,22,0,23,0,,,,,,,,,,,,,0,0,1,12,2,25,3,54,4,8,5,0,6,4,7,16,8,54,9,75,10,100,11,70,12,50,13,12,14,4,15,0,16,12,17,37,18,58,19,62,20,62,21,58,22,58,23,50,6,0,7,0,8,66,9,29,10,12,11,0,12,0,13,12,14,41,15,83,16,95,17,62,18,62,19,29,20,12,21,0,22,0,23,0,,,,,,,,,,,,,6,0,7,0,8,16,9,37,10,37,11,50,12,79,13,91,14,75,15,45,16,37,17,45,18,37,19,62,20,45,21,62,22,0,23,0,,,,,,,,,,,,,,66113-075,,1,,1,,1,0,0,0,0,Pará,"R. Prof. Nelson Ribeiro, 505",,,,Cervejaria MMA,5,https://www.google.com/maps/search/?api=1&query=Cervejaria%20MMA&query_place_id=ChIJfXFmnFeJpJIRXTw4n2pTxWk,https://www.lojalocal.com/34892564000106
,,,,,,,,,,,,,,,,,,,,,,,,,,,,,,,,,,,,,,,,,,,,,,,,,,,,,,,,,,,,,,,,,,,,,,,,,,,,,,,,,,,,,,,,,,TRUE,,,,,,,,,,,,,,,,,,,,,"Natal do Murubira, Belém - PA, Brasil",Loja de Conveniência,,,,,,,,,Loja de Conveniência,1.50381E+19,Belém,BR,0x92a414d744a9e317:0xd0b20d8cc9fad5e9,,,-1.1313918,-48.4428164,,Natal do Murubira,,,,,,,,,,,,,,,0,CONVENIÊNCIA PIT STOP,0,Outras pessoas pesquisaram,0,EDINHO Conveniência,0,Outras pessoas pesquisaram,0,ICE CONVENIÊNCIA,0,Outras pessoas pesquisaram,0,Conveniencia Do Praça,0,,,,,,,ChIJF-OpRNcUpJIR6dX6yYwNstA,"VH94+CV Mosqueiro, Belém - PA, Brasil",,,,,,,,,,,,,,,,,,,,,,,,,,,,,,,,,,,,,,,,,,,,,,,,,,,,,,,,,,,,,,,,,,,,,,,,,,,,,,,,,,,,,,,,,,,,,,,,,,,,,,,,,,,,,,,,,,,,,,,,,,,,,,,,,,,,,,,,,,,,,,,,,,,,,,,,,,,,,,,,,,,,,,,,,,,,,,,,,,,,,,,,,,,,,,,,,,,,,,,,,,,,,,,,,,,,,,,,,,,,,,,,,,,,,,,,,,,,,,,,,,,,,,,,,,,,,,,,,,,,,,,,,,,,,,,,,,,,,,,,,,,,,,,,,,,,,,,,,,,,,,,,,,,,,,,,,,,,,,,,,,,,,,,,,,,,,,,,,,,,,,18,,0,,,,,,,Pará,,,,,CONVENIENCIA FREITAS,,https://www.google.com/maps/search/?api=1&query=CONVENIENCIA%20FREITAS&query_place_id=ChIJF-OpRNcUpJIR6dX6yYwNstA,
,,,,,,,,,,,,,,,,,,,,,,,,,,,,,,,,,,,TRUE,,,,,,,,,,,,,,,,,,,,,,,,,,,,,,,,,,,,,,,,,,,,,,,,,,,,,,,,,,,,,,,,,,,,,,,,,,,,"Estrada da Bateria, 1038-1040 - Farol, Belém - PA, Brasil",Loja de Conveniência,,,,,,,,,Loja de Conveniência,5.02407E+18,Belém,BR,0x92a414ca7f9466bf:0x45b913ac142eadd3,,,-1.1366438,-48.4588323,,Farol,segunda-feira,08:00 to 12:30,terça-feira,08:00 to 12:30,quarta-feira,08:00 to 12:30,quinta-feira,08:00 to 12:30,sexta-feira,08:00 to 12:30,sábado,08:00 to 12:30,domingo,08:00 to 13:00,0,Comercial da ilha,0,Outras pessoas pesquisaram,4,Conveniência Prime,5,Outras pessoas pesquisaram,0,Alice estilo.,0,Outras pessoas pesquisaram,0,Alice convêniencia,0,Outras pessoas pesquisaram,2,Armazém da vila,5,+55 91 98841-8757,5591988418757,ChIJv2aUf8oUpJIR060uFKwTuUU,"VG7R+8F Farol, Belém - PA, Brasil",,,,,,,,,,,,,,,,,,,,,,,,,,,,,,,,,,,,,,,,,,,,,,,,,,,,,,,,,,,,,,,,,,,,,,,,,,,,,,,,,,,,,,,,,,,,,,,,,,,,,,,,,,,,,,,,,,,,,,,,,,,,,,,,,,,,,,,,,,,,,,,,,,,,,,,,,,,,,,,,,,,,,,,,,,,,,,,,,,,,,,,,,,,,,,,,,,,,,,,,,,,,,,,,,,,,,,,,,,,,,,,,,,,,,,,,,,,,,,,,,,,,,,,,,,,,,,,,,,,,,,,,,,,,,,,,,,,,,,,,,,,,,,,,,,,,,,,,,,,,,,,,,,,,,,,,,,,,,,,,,,,,,,,,,,,,,,,,,,,,,,12,,1,,1,0,0,0,0,Pará,"Estrada da Bateria, 1038-1040",,,,Lojinha Da Alice,5,https://www.google.com/maps/search/?api=1&query=Lojinha%20Da%20Alice&query_place_id=ChIJv2aUf8oUpJIR060uFKwTuUU,
,,,,,,,,,,,,,,,,,,,,,,,,,,,,,,,,,,,TRUE,,,,,,,,,,,,,,,,,,,,,,,,,,,,,,,,,,,,,,,,,,,,,,,,,,,,,,,TRUE,,,,,,,,,,,,,,,,,,,,,"R. Dr. José Mariano Cavaleiro de Macedo, 815 - Ariramba, Belém - PA, 66919-140, Brasil",Loja de Conveniência,,,,,,,,,Loja de Conveniência,1.29701E+19,Belém,BR,0x92a415ba4a99446b:0xb3ff0e679f6f4aa6,,,-1.1245353,-48.4251302,,Ariramba,,,,,,,,,,,,,,,0,Depósito e conveniência Diego,0,Outras pessoas pesquisaram,0,F&A CONVENIÊNCIA,0,Outras pessoas pesquisaram,0,Conveniência e Lanchonete do Papão,0,Outras pessoas pesquisaram,2,Conveniência AmPm - Ipiranga,1,,,,,+55 91 98747-0380,5591987470380,ChIJa0SZSroVpJIRpkpvn2cO_7M,"VHGF+5W Ariramba, Belém - PA, Brasil",,,,,,,,,,,,,,,,,,,,,,,,,,,,,,,,,,,,,,,,,,,,,,,,,,,,,,,,,,,,,,,,,,,,,,,,,,,,,,,,,,,,,,,,,,,,,,,,,,,,,,,,,,,,,,,,,,,,,,,,,,,,,,,,,,,,,,,,,,,,,,,,,,,,,,,,,,,,,,,,,,,,,,,,,,,,,,,,,,,,,,,,,,,,,,,,,,,,,,,,,,,,,,,,,,,,,,,,,,,,,,,,,,,,,,,,,,,,,,,,,,,,,,,,,,,,,,,,,,,,,,,,,,,,,,,,,,,,,,,,,,,,,,,,,,,,,,,,,,,,,,,,,,,,,,,,,,,,,,,,,,,,,,,,,,,,,,,,,,,,66919-140,,17,,0,,,,,,,Pará,"R. Dr. José Mariano Cavaleiro de Macedo, 815",,,,Conveniência fé no pai,,https://www.google.com/maps/search/?api=1&query=Conveni%C3%AAncia%20f%C3%A9%20no%20pai&query_place_id=ChIJa0SZSroVpJIRpkpvn2cO_7M,https://www.lojalocal.com/00000379097206
,,,,,,,,,,,,,,,,,,,,,,,,,,,,,,,,,,,,,,,,,,,,,,,,,,,,,,,,,,,,,,,,,,,,,,,,,,,,,,,,,,,,,,,,,,TRUE,,,,,,,,,,,,,,,,,,,,,"Chapéu Virado, Belém - PA, 66915-010, Brasil",Loja de Conveniência,,,,,,,,,Loja de Conveniência,1.60408E+19,Belém,BR,0x92a41500171db279:0xde9c4d50dd76a0ae,,,-1.1381853,-48.4566586,,Chapéu Virado,,,,,,,,,,,,,,,,,,,,,,,,,,,,,,,,,,,,ChIJebIdFwAVpJIRrqB23VBNnN4,"VG6V+P8 Chapéu Virado, Belém - PA, Brasil",,,,,,,,,,,,,,,,,,,,,,,,,,,,,,,,,,,,,,,,,,,,,,,,,,,,,,,,,,,,,,,,,,,,,,,,,,,,,,,,,,,,,,,,,,,,,,,,,,,,,,,,,,,,,,,,,,,,,,,,,,,,,,,,,,,,,,,,,,,,,,,,,,,,,,,,,,,,,,,,,,,,,,,,,,,,,,,,,,,,,,,,,,,,,,,,,,,,,,,,,,,,,,,,,,,,,,,,,,,,,,,,,,,,,,,,,,,,,,,,,,,,,,,,,,,,,,,,,,,,,,,,,,,,,,,,,,,,,,,,,,,,,,,,,,,,,,,,,,,,,,,,,,,,,,,,,,,,,,,,,,,,,,,,,,,,,,,,,,,,,,11,,0,,,,,,,Pará,,,,,MERCEARIA DO TEIXEIRA,,https://www.google.com/maps/search/?api=1&query=MERCEARIA%20DO%20TEIXEIRA&query_place_id=ChIJebIdFwAVpJIRrqB23VBNnN4,
,,,,,,,,,,,,,,,,,,,,,,,,,,,,,,,,,,,,,TRUE,,,,,,,TRUE,,,,,TRUE,,,,,,,,,,,,,,,,,,,,,,,,,,,,,,,,,,,,,,,,,TRUE,,,,,,,,,,,,,,,,,,,,,"Av. 16 de Novembro - Praia Grande, Belém - PA, 66910-140, Brasil",Loja de Conveniência,,,,,,,,,Loja de Conveniência,1.4475E+19,Belém,BR,0x92a46b0a062a3c79:0xc8e1a4255dc95eaf,,,-1.1447566,-48.4626,,Praia Grande,segunda-feira,08:00 to 19:00,terça-feira,08:00 to 19:00,quarta-feira,08:00 to 19:00,quinta-feira,08:00 to 19:00,sexta-feira,08:00 to 19:00,sábado,08:00 to 19:00,domingo,08:00 to 12:00,3,Depósito Noronha,5,Outras pessoas pesquisaram,0,Anna's Sucos,0,Outras pessoas pesquisaram,0,DELICIAS DA ANA,0,Outras pessoas pesquisaram,0,Alice estilo.,0,,,,,+55 91 98309-9522,5591983099522,ChIJeTwqBgprpJIRr17JXSWk4cg,"VG4P+3X Belém, Pará, Brasil",,,,,,,,,,,,,,,,,,,,,,,,,,,,,,,,,,,,,,,,,,,,,,,,,,,,,,,,,,,,,,,,,,,,,,,,,,,,,,,,,,,,,,,,,,,,,,,,,,,,,,,,,,,,,,,,,,,,,,,,,,,,,,,,,,,,,,,,,,,,,,,,,,,,,,,,,,,,,,,,,,,,,,,,,,,,,,,,,,,,,,,,,,,,,,,,,,,,,,,,,,,,,,,,,,,,,,,,,,,,,,,,,,,,,,,,,,,,,,,,,,,,,,,,,,,,,,,,,,,,,,,,,,,,,,,,,,,,,,,,,,,,,,,,,,,,,,,,,,,,,,,,,,,,,,,,,,,,,,,,,,,,,,,,,,,,,,,,,,,,66910-140,,8,,4,,4,0,0,0,0,Pará,Av. 16 de Novembro,,,,Ana Alimentos e Bebidas,5,https://www.google.com/maps/search/?api=1&query=Ana%20Alimentos%20e%20Bebidas&query_place_id=ChIJeTwqBgprpJIRr17JXSWk4cg,https://www.lojalocal.com/amstel/33907546000180
TRUE,,,,,,,,,,,,,,TRUE,,,,,,,,,,,,,,,,,,,,,,,,,,,,,,,,,,,,,,,,,,,,,,,,,,,,,,,,,TRUE,,,,,,,,,,,,,,,,,,,TRUE,,,,,,,,,,,,,,,,,,,,,"Tv. Benjamin Constant, 1793 - Nazaré, Belém - PA, 66035-060, Brasil",Loja de Conveniência,Café,,,,,,,,Loja de Conveniência,1.65363E+19,Belém,BR,0x92a48f060032bcef:0xe57ccbd8a09b91eb,,,-1.4574868,-48.4876836,,Nazaré,segunda-feira,09:00 to 19:00,terça-feira,09:00 to 19:00,quarta-feira,09:00 to 19:00,quinta-feira,09:00 to 19:00,sexta-feira,09:00 to 19:00,sábado,09:00 to 19:00,domingo,09:00 to 15:00,,,,,,,,,,,,,,,,,,,,+55 91 99232-8187,5591992328187,ChIJ77wyAAaPpJIR65GboNjLfOU,"GGV6+2W Nazaré, Belém - PA, Brasil",6,0,7,0,8,0,9,12,10,20,11,20,12,34,13,36,14,28,15,32,16,34,17,48,18,46,19,0,20,0,21,0,22,0,23,0,,,,,,,,,,,,,6,0,7,0,8,0,9,8,10,6,11,4,12,4,13,0,14,2,15,4,16,6,17,6,18,14,19,0,20,0,21,0,22,0,23,0,,,,,,,,,,,,,,,6,0,7,0,8,0,9,18,10,22,11,20,12,12,13,10,14,14,15,26,16,22,17,10,18,2,19,0,20,0,21,0,22,0,23,0,,,,,,,,,,,,,6,0,7,0,8,0,9,77,10,100,11,100,12,69,13,42,14,16,15,0,16,0,17,0,18,0,19,0,20,0,21,0,22,0,23,0,,,,,,,,,,,,,6,0,7,0,8,0,9,24,10,40,11,36,12,26,13,14,14,22,15,24,16,36,17,42,18,51,19,0,20,0,21,0,22,0,23,0,,,,,,,,,,,,,6,0,7,0,8,0,9,8,10,12,11,14,12,20,13,18,14,32,15,44,16,61,17,61,18,61,19,0,20,0,21,0,22,0,23,0,,,,,,,,,,,,,6,0,7,0,8,0,9,6,10,18,11,24,12,34,13,42,14,42,15,44,16,46,17,51,18,53,19,0,20,0,21,0,22,0,23,0,,,,,,,,,,,,,,66035-060,,26,,15,,11,1,1,0,2,Pará,"Tv. Benjamin Constant, 1793",,,,Ver-o-Pesinho Casa & Café,4.3,https://www.google.com/maps/search/?api=1&query=Ver-o-Pesinho%20Casa%20%26%20Caf%C3%A9&query_place_id=ChIJ77wyAAaPpJIR65GboNjLfOU,
,,TRUE,,,,,,,,,,,,,,,,,,,,,,,,,,,,,,,,,,,,,,,,,,,,,,,,,,,,,,,,,,,,,,,,,,,,,,,,,,,,,,,,,,,,,,,,TRUE,,,,,,,,,,,,,,,,,,,,,"Av. Alm. Tamandaré, 870 - Cidade Velha, Belém - PA, 66020-000, Brasil",Loja de Conveniência,Caixa eletrônico,Café,Posto de combustível,Loja de sucos,Serviço de troca de óleo,Sanduicheria,Lanchonete,Ponto de acesso Wi-Fi,Loja de Conveniência,1.73899E+19,Belém,BR,0x92a48fd91ca1deb9:0xf155720ad314bd13,,,-1.4580096,-48.4975725,,Cidade Velha,segunda-feira,06:00 to 22:00,terça-feira,06:00 to 22:00,quarta-feira,06:00 to 22:00,quinta-feira,06:00 to 22:00,sexta-feira,06:00 to 22:00,sábado,06:00 to 22:00,domingo,06:00 to 22:00,,,,,,,,,,,,,,,,,,,,+55 45 2543-4500,554525434500,ChIJud6hHNmPpJIRE70U0wpyVfE,"GGR2+QX Cidade Velha, Belém - PA, Brasil",5,0,6,41,7,75,8,58,9,33,10,25,11,16,12,8,13,0,14,8,15,50,16,58,17,100,18,58,19,41,20,16,21,33,22,0,,,,,,,,,,,,,5,0,6,33,7,16,8,0,9,8,10,16,11,8,12,0,13,0,14,0,15,0,16,8,17,16,18,33,19,16,20,16,21,0,22,0,,,,,,,,,,,,,,,5,0,6,33,7,25,8,33,9,58,10,66,11,41,12,25,13,33,14,16,15,8,16,0,17,0,18,0,19,0,20,8,21,25,22,0,,,,,,,,,,,,,5,0,6,16,7,41,8,41,9,16,10,8,11,0,12,0,13,8,14,25,15,8,16,0,17,8,18,16,19,8,20,8,21,16,22,0,,,,,,,,,,,,,5,0,6,8,7,0,8,0,9,0,10,0,11,0,12,0,13,0,14,0,15,0,16,8,17,25,18,58,19,50,20,66,21,25,22,0,,,,,,,,,,,,,5,0,6,25,7,41,8,16,9,8,10,8,11,33,12,41,13,25,14,8,15,0,16,16,17,16,18,33,19,25,20,16,21,16,22,0,,,,,,,,,,,,,5,0,6,0,7,0,8,0,9,0,10,0,11,0,12,8,13,25,14,33,15,25,16,16,17,25,18,50,19,50,20,25,21,16,22,0,,,,,,,,,,,,,,66020-000,,25,,0,,,,,,,Pará,"Av. Alm. Tamandaré, 870",,,,BR Mania Conveniência,,https://www.google.com/maps/search/?api=1&query=BR%20Mania%20Conveni%C3%AAncia&query_place_id=ChIJud6hHNmPpJIRE70U0wpyVfE,https://www.postospetrobras.com.br/aproveite-a-parada/br-mania
,,TRUE,,,,,TRUE,,,,,,,,,,,,,,,,,,,,,,,,,,,,,,,,,,,,,,,,,,,,,,,,,,,,,,,,,,,,,,,,,,,,,,,,,,,,,,,,,,,TRUE,,,,,,,,,,,,,,,,,,,,,"Tv. Lomas Valentinas, 2629 - Marco, Belém - PA, 66095-770, Brasil",Loja de Conveniência,Caixa eletrônico,Café,Posto de combustível,Loja de sucos,Serviço de troca de óleo,Sanduicheria,Lanchonete,Ponto de acesso Wi-Fi,Loja de Conveniência,1.74016E+19,Belém,BR,0x92a48c73d96a814d:0xf17ef4cb350e7cf6,,,-1.4345001,-48.4539417,,Marco,segunda-feira,06:00 to 22:00,terça-feira,06:00 to 22:00,quarta-feira,06:00 to 22:00,quinta-feira,06:00 to 22:00,sexta-feira,06:00 to 22:00,sábado,06:00 to 22:00,domingo,06:00 to 22:00,33,Bonazo Conveniencia,4,Outras pessoas pesquisaram,2,Conveniência AmPm - Ipiranga,5,Outras pessoas pesquisaram,227,Posto Petrobras,4.2,Outras pessoas pesquisaram,399,Posto Petrobras,4.5,,,,,,,ChIJTYFq2XOMpJIR9nwONcv0fvE,"HG8W+5C Marco, Belém - PA, Brasil",5,0,6,0,7,0,8,0,9,25,10,75,11,100,12,62,13,75,14,62,15,62,16,37,17,37,18,12,19,12,20,25,21,12,22,0,,,,,,,,,,,,,5,0,6,75,7,25,8,0,9,0,10,0,11,0,12,12,13,0,14,0,15,12,16,25,17,25,18,25,19,62,20,25,21,37,22,0,,,,,,,,,,,,,,,5,0,6,37,7,25,8,25,9,25,10,25,11,62,12,25,13,37,14,37,15,12,16,0,17,0,18,0,19,0,20,0,21,0,22,0,,,,,,,,,,,,,5,0,6,0,7,0,8,12,9,37,10,75,11,50,12,37,13,12,14,25,15,50,16,100,17,50,18,25,19,12,20,37,21,37,22,0,,,,,,,,,,,,,5,0,6,50,7,50,8,12,9,0,10,0,11,12,12,50,13,87,14,100,15,62,16,50,17,50,18,50,19,62,20,25,21,12,22,0,,,,,,,,,,,,,5,0,6,25,7,0,8,12,9,0,10,0,11,25,12,50,13,62,14,50,15,62,16,75,17,25,18,12,19,0,20,0,21,0,22,0,,,,,,,,,,,,,5,0,6,50,7,37,8,25,9,25,10,75,11,75,12,62,13,12,14,0,15,12,16,0,17,0,18,12,19,0,20,0,21,0,22,0,,,,,,,,,,,,,,66095-770,,22,,9,,9,0,0,0,0,Pará,"Tv. Lomas Valentinas, 2629",,,,BR Mania Conveniência,5,https://www.google.com/maps/search/?api=1&query=BR%20Mania%20Conveni%C3%AAncia&query_place_id=ChIJTYFq2XOMpJIR9nwONcv0fvE,https://www.postospetrobras.com.br/aproveite-a-parada/br-mania
,,,,,,,,,,,,,,,,,,,,,,,,,,,,,,,,,,,TRUE,,,,,,,,,,,,,,,,,,,,,,,,,,,,,,,,,,,,,,,,,,,,,,,,,,,,,,,TRUE,,,,TRUE,,,,TRUE,TRUE,,,,,,,,,,,,"Passagem Nova Liberdade - Terra Firme, Belém - PA, 66079-700, Brasil",Loja de Conveniência,,,,,,,,,Loja de Conveniência,1.17238E+19,Belém,BR,0x92a48d09c556848d:0xa2b370e40e177c86,,,-1.4637334,-48.4535711,,Terra Firme,segunda-feira,08:00 to 00:00,terça-feira,08:00 to 00:00,quarta-feira,08:00 to 00:00,quinta-feira,08:00 to 00:00,sexta-feira,08:00 to 00:00,sábado,08:00 to 01:00,domingo,08:00 to 01:00,1,Distribuidora & conveniência RE x PA,5,Outras pessoas pesquisaram,2,Supermercado Sol,3,Outras pessoas pesquisaram,14,Drive Beer conveniência,4.9,Outras pessoas pesquisaram,5,Empório conveniência terra firme,4.8,,,,,+55 91 98519-2097,5591985192097,ChIJjYRWxQmNpJIRhnwXDuRws6I,"GGPW+GH Terra Firme, Belém - PA, Brasil",6,0,7,0,8,23,9,46,10,46,11,30,12,26,13,26,14,23,15,13,16,10,17,20,18,46,19,63,20,70,21,76,22,60,23,43,,,,,,,,,,,,,6,0,7,0,8,16,9,30,10,33,11,13,12,3,13,3,14,3,15,3,16,16,17,23,18,33,19,43,20,53,21,46,22,33,23,20,,,,,,,,,,,,,,,6,0,7,0,8,23,9,36,10,60,11,46,12,40,13,33,14,16,15,26,16,40,17,66,18,76,19,70,20,76,21,90,22,93,23,63,0,36,,,,,,,,,,,6,0,7,0,8,50,9,86,10,83,11,60,12,30,13,16,14,23,15,26,16,30,17,40,18,56,19,73,20,100,21,93,22,80,23,53,0,36,,,,,,,,,,,6,0,7,0,8,23,9,26,10,50,11,26,12,13,13,13,14,10,15,20,16,20,17,16,18,6,19,10,20,16,21,16,22,10,23,6,,,,,,,,,,,,,6,0,7,0,8,13,9,26,10,26,11,46,12,46,13,46,14,36,15,16,16,13,17,23,18,36,19,50,20,53,21,30,22,16,23,10,,,,,,,,,,,,,6,0,7,0,8,10,9,30,10,56,11,76,12,50,13,26,14,26,15,26,16,43,17,36,18,43,19,50,20,53,21,46,22,46,23,43,,,,,,,,,,,,,,66079-700,,20,,3,,3,0,0,0,0,Pará,Passagem Nova Liberdade,,,,DRINKS FIRME,5,https://www.google.com/maps/search/?api=1&query=DRINKS%20FIRME&query_place_id=ChIJjYRWxQmNpJIRhnwXDuRws6I,
,,,,,,,,,,,,,,,,,,,,,,,,,,,,,,,,,,,,,,,,,,,,,,,,,,,,,,,,,,,,,,,,,,,,,,,,,,,,,,,,,,,,,,,,,,TRUE,,,,,,,,,,,,,,,,,,,,,"Av. Gentil Bitencourt - São Brás, Belém - PA, 66073-220, Brasil",Loja de Conveniência,,,,,,,,,Loja de Conveniência,1.62439E+19,Belém,BR,0x92a48d41cf358e37:0xe16dd6be4c029396,,,-1.4545496,-48.4658744,,São Brás,segunda-feira,"07:00 to 13:30, 15:00 to 22:00",terça-feira,"07:00 to 13:30, 15:00 to 22:00",quarta-feira,"07:00 to 13:30, 15:00 to 22:00",quinta-feira,"07:00 to 13:30, 15:00 to 22:00",sexta-feira,"07:00 to 13:30, 15:00 to 22:00",sábado,"07:00 to 13:30, 15:00 to 22:00",domingo,Fechado,9,Primo Conveniência,4.7,,,,,,,,,,,,,,,,,+55 91 3200-2024,559132002024,ChIJN441z0GNpJIRlpMCTL7WbeE,"GGWM+5M São Brás, Belém - PA, Brasil",,,,,,,,,,,,,,,,,,,,,,,,,,,,,,,,,,,,,,,,,,,,,,,,,,,,,,,,,,,,,,,,,,,,,,,,,,,,,,,,,,,,,,,,,,,,,,,,,,,,,,,,,,,,,,,,,,,,,,,,,,,,,,,,,,,,,,,,,,,,,,,,,,,,,,,,,,,,,,,,,,,,,,,,,,,,,,,,,,,,,,,,,,,,,,,,,,,,,,,,,,,,,,,,,,,,,,,,,,,,,,,,,,,,,,,,,,,,,,,,,,,,,,,,,,,,,,,,,,,,,,,,,,,,,,,,,,,,,,,,,,,,,,,,,,,,,,,,,,,,,,,,,,,,,,,,,,,,,,,,,,,,,,,,,,,,,,,,,,,,66073-220,,19,,1,,1,0,0,0,0,Pará,Av. Gentil Bitencourt,,,,CONVENIÊNCIA DO CANTO,5,https://www.google.com/maps/search/?api=1&query=CONVENI%C3%8ANCIA%20DO%20CANTO&query_place_id=ChIJN441z0GNpJIRlpMCTL7WbeE,
,,,TRUE,,,,,,,,,,,,,,,,,,,,,,,,,,,,,,,,,TRUE,,,,,,,,,,,,,,,,,,,,,,,,,,,,,,,,,,,,,,,,,,,,,,,,,,,,,,TRUE,,,,,,,,,,,,,,,,,,,,,"Av. Gov. José Malcher, 2484-2498 - Nazaré, Belém - PA, 66090-100, Brasil",Loja de Conveniência,,,,,,,,,Loja de Conveniência,1.41039E+19,Belém,BR,0x92a48c2486d514f3:0xc3bb4b3733f846a9,,Posto Shell - Pit Stop,-1.4485996,-48.4710815,,Nazaré,segunda-feira,08:00 to 22:00,terça-feira,08:00 to 22:00,quarta-feira,08:00 to 22:00,quinta-feira,08:00 to 22:00,sexta-feira,08:00 to 22:00,sábado,08:00 to 22:00,domingo,08:00 to 22:00,63,Tudo Conveniencia João Paulo,4.6,Outras pessoas pesquisaram,0,Conveniência toda hora,0,Outras pessoas pesquisaram,25,Casa Modelo Conveniência,4.2,Outras pessoas pesquisaram,290,Posto Shell - Pit Stop,4.2,,,,,,,ChIJ8xTVhiSMpJIRqUb4MzdLu8M,"HG2H+HH Nazaré, Belém - PA, Brasil",6,0,7,0,8,7,9,19,10,42,11,30,12,19,13,15,14,19,15,7,16,15,17,19,18,42,19,23,20,23,21,11,22,0,23,0,,,,,,,,,,,,,6,0,7,0,8,3,9,15,10,19,11,38,12,46,13,23,14,11,15,7,16,34,17,46,18,73,19,30,20,23,21,15,22,0,23,0,,,,,,,,,,,,,,,6,0,7,0,8,46,9,100,10,100,11,65,12,23,13,3,14,11,15,26,16,50,17,30,18,15,19,3,20,7,21,3,22,0,23,0,,,,,,,,,,,,,6,0,7,0,8,7,9,3,10,0,11,0,12,3,13,3,14,11,15,7,16,7,17,19,18,7,19,7,20,15,21,26,22,0,23,0,,,,,,,,,,,,,6,0,7,0,8,23,9,15,10,0,11,3,12,7,13,3,14,3,15,11,16,3,17,3,18,23,19,46,20,61,21,26,22,0,23,0,,,,,,,,,,,,,6,0,7,0,8,46,9,19,10,15,11,7,12,7,13,7,14,15,15,7,16,3,17,3,18,26,19,46,20,61,21,34,22,0,23,0,,,,,,,,,,,,,6,0,7,0,8,0,9,7,10,23,11,46,12,38,13,15,14,3,15,0,16,0,17,0,18,3,19,7,20,3,21,11,22,0,23,0,,,,,,,,,,,,,,66090-100,,18,,6,,5,0,0,1,0,Pará,"Av. Gov. José Malcher, 2484-2498",,,,Castelo Conveniência,4.7,https://www.google.com/maps/search/?api=1&query=Castelo%20Conveni%C3%AAncia&query_place_id=ChIJ8xTVhiSMpJIRqUb4MzdLu8M,
,,,,,,,,,,,,,,,,,,,,,,,,,,,,,,,,,,,,,,,,,,,,,,,,,,,,,,,,,,,,,,,,,,,,,,,,,,,,,,,,,,,,,,,,,,TRUE,,,,,,,,,,,,,,,,,,,,,"Av. Alm. Barroso, 1814 - Marco, Belém - PA, 66093-020, Brasil",Loja de Conveniência,,,,,,,,,Loja de Conveniência,1.45721E+19,Belém,BR,0x92a48d167b37b3bb:0xca3a57d8ad1701f2,,,-1.4348466,-48.4569818,,Marco,,,,,,,,,,,,,,,9,Primo Conveniência,4.7,Outras pessoas pesquisaram,2,Rota 59,5,Outras pessoas pesquisaram,733,Shell,3.9,Outras pessoas pesquisaram,6,Rota 68 conveniência,5,,,,,,,ChIJu7M3exaNpJIR8gEXrdhXOso,"HG8V+36 Marco, Belém - PA, Brasil",,,,,,,,,,,,,,,,,,,,,,,,,,,,,,,,,,,,,,,,,,,,,,,,,,,,,,,,,,,,,,,,,,,,,,,,,,,,,,,,,,,,,,,,,,,,,,,,,,,,,,,,,,,,,,,,,,,,,,,,,,,,,,,,,,,,,,,,,,,,,,,,,,,,,,,,,,,,,,,,,,,,,,,,,,,,,,,,,,,,,,,,,,,,,,,,,,,,,,,,,,,,,,,,,,,,,,,,,,,,,,,,,,,,,,,,,,,,,,,,,,,,,,,,,,,,,,,,,,,,,,,,,,,,,,,,,,,,,,,,,,,,,,,,,,,,,,,,,,,,,,,,,,,,,,,,,,,,,,,,,,,,,,,,,,,,,,,,,,,,66093-020,,17,,2,,2,0,0,0,0,Pará,"Av. Alm. Barroso, 1814",,,,Café do Rota 66 - Conveniências,5,https://www.google.com/maps/search/?api=1&query=Caf%C3%A9%20do%20Rota%2066%20-%20Conveni%C3%AAncias&query_place_id=ChIJu7M3exaNpJIR8gEXrdhXOso,
,,,,,,,,,,,,,,,,,,,,,,,,,,,,,,,,,,,,TRUE,,,,,,TRUE,,,,,,,,,,,,,,,,,,,,,,,,,,,,,,,,,,,,,,,,,,,,,,,,TRUE,,,,,,,,,,,,,,,,,,,,,"R. Domingos Marreiros - Umarizal, Belém - PA, 66055-210, Brasil",Loja de Conveniência,,,,,,,,,Loja de Conveniência,1.61414E+19,Belém,BR,0x92a48d4616309819:0xe001c0bd37bdc9c0,,,-1.44458,-48.4779586,,Umarizal,segunda-feira,14:00 to 23:00,terça-feira,14:00 to 23:00,quarta-feira,14:00 to 23:00,quinta-feira,14:00 to 00:00,sexta-feira,14:00 to 00:00,sábado,14:00 to 00:00,domingo,Fechado,0,Biritas conveniência,0,Outras pessoas pesquisaram,5,Conveniência AmPm - Ipiranga,1,,,,,,,,,,,,,,,ChIJGZgwFkaNpJIRwMm9N73AAeA,"HG4C+5R Umarizal, Belém - PA, Brasil",,,,,,,,,,,,,,,,,,,,,,,,,,,,,,,,,,,,,,,,,,,,,,,,,,,,,,,,,,,,,,,,,,,,,,,,,,,,,,,,,,,,,,,,,,,,,,,,,,,,,,,,,,,,,,,,,,,,,,,,,,,,,,,,,,,,,,,,,,,,,,,,,,,,,,,,,,,,,,,,,,,,,,,,,,,,,,,,,,,,,,,,,,,,,,,,,,,,,,,,,,,,,,,,,,,,,,,,,,,,,,,,,,,,,,,,,,,,,,,,,,,,,,,,,,,,,,,,,,,,,,,,,,,,,,,,,,,,,,,,,,,,,,,,,,,,,,,,,,,,,,,,,,,,,,,,,,,,,,,,,,,,,,,,,,,,,,,,,,,,66055-210,,11,,3,,3,0,0,0,0,Pará,R. Domingos Marreiros,,,,Los Triboz - Conveniência,5,https://www.google.com/maps/search/?api=1&query=Los%20Triboz%20-%20Conveni%C3%AAncia&query_place_id=ChIJGZgwFkaNpJIRwMm9N73AAeA,https://instagram.com/lostriboz?igshid=YmMyMTA2M2Y=
,,TRUE,,,,,TRUE,,,,,,,,TRUE,,,TRUE,,,,,,,,,,,,,,,,,,TRUE,,,,,,,,,TRUE,,,,,,,,,,,,,,,,,,,,,,,,,,TRUE,,,,,,,,,,,,,,,,,,,TRUE,,,,TRUE,,,,TRUE,TRUE,,,,,,,,,,,,"R. Ferreira Pena, 614 - Umarizal, Belém - PA, 66050-140, Brasil",Loja de Conveniência,,,,,,,,,Loja de Conveniência,1.65951E+19,Belém,BR,0x92a48f82a51f896d:0xe64da50a3572e3b8,,,-1.437548,-48.4793585,,Umarizal,segunda-feira,08:00 to 03:00,terça-feira,08:00 to 03:00,quarta-feira,08:00 to 03:00,quinta-feira,08:00 to 03:00,sexta-feira,08:00 to 03:00,sábado,08:00 to 03:00,domingo,08:00 to 03:00,0,Na Hora Convêniencia,0,Outras pessoas pesquisaram,0,Conveniência 24 H,0,Outras pessoas pesquisaram,0,CONVENIENCIA MUNICIPAL,0,,,,,,,,,+55 91 98919-5279,5591989195279,ChIJbYkfpYKPpJIRuONyNQqlTeY,"HG6C+X7 Umarizal, Belém - PA, Brasil",6,0,7,0,8,18,9,9,10,4,11,0,12,9,13,9,14,9,15,9,16,4,17,0,18,4,19,13,20,22,21,59,22,77,23,90,0,72,1,63,2,27,,,,,,,6,0,7,0,8,9,9,22,10,31,11,18,12,13,13,9,14,18,15,13,16,36,17,54,18,72,19,45,20,31,21,27,22,45,23,40,0,31,1,9,2,4,,,,,,,,,6,0,7,0,8,4,9,13,10,27,11,22,12,13,13,27,14,31,15,36,16,36,17,22,18,36,19,40,20,81,21,90,22,86,23,77,0,72,1,40,2,40,,,,,,,6,0,7,0,8,9,9,27,10,36,11,40,12,40,13,27,14,22,15,13,16,4,17,4,18,4,19,13,20,36,21,40,22,31,23,27,0,27,1,36,2,27,,,,,,,6,0,7,0,8,9,9,22,10,9,11,13,12,22,13,27,14,18,15,9,16,0,17,0,18,9,19,22,20,45,21,45,22,40,23,63,0,90,1,90,2,68,,,,,,,6,0,7,0,8,9,9,18,10,40,11,31,12,13,13,0,14,0,15,0,16,4,17,9,18,4,19,9,20,18,21,36,22,68,23,77,0,77,1,59,2,40,,,,,,,6,0,7,0,8,0,9,4,10,9,11,18,12,13,13,18,14,9,15,9,16,4,17,0,18,9,19,22,20,50,21,59,22,100,23,86,0,50,1,13,2,0,,,,,,,,66050-140,,15,,1,,1,0,0,0,0,Pará,"R. Ferreira Pena, 614",,,,Conveniência A Referência,5,https://www.google.com/maps/search/?api=1&query=Conveni%C3%AAncia%20A%20Refer%C3%AAncia&query_place_id=ChIJbYkfpYKPpJIRuONyNQqlTeY,
,,TRUE,,,,,,,,,,,,,,,,,,,,,,,,,,,,,,,,,,TRUE,,,,,,,,,,,,TRUE,,,,,,,,,,,,,,,,,,,,,,,,,,,,,,,,,,,,,,,,,,TRUE,,,,TRUE,,,,TRUE,TRUE,,,,,,,,,,,,"Marco, Belém - PA, 66095-491, Brasil",Loja de Conveniência,,,,,,,,,Loja de Conveniência,1.67043E+19,Belém,BR,0x92a48d8a2943bc5f:0xe7d16b99a99fb3d9,,,-1.4455013,-48.4605562,,Marco,segunda-feira,08:00 to 22:00,terça-feira,08:00 to 22:00,quarta-feira,08:00 to 22:00,quinta-feira,08:00 to 22:00,sexta-feira,Atendimento 24 horas,sábado,Atendimento 24 horas,domingo,Atendimento 24 horas,14,Tudo Conveniência Antônio Barreto,4.4,Outras pessoas pesquisaram,223,Tudo Conveniência Boaventura,4.5,Outras pessoas pesquisaram,34,Tudo Conveniência Entroncamento,4.1,Outras pessoas pesquisaram,9,Tudo Conveniência Serzedelo,3.6,,,,,,,ChIJX7xDKYqNpJIR2bOfqZlr0ec,"HG3Q+QQ Marco, Belém - PA, Brasil",0,13,1,7,2,8,3,5,4,7,5,13,6,22,7,30,8,27,9,26,10,26,11,33,12,35,13,36,14,35,15,43,16,57,17,73,18,92,19,95,20,92,21,72,22,60,23,47,6,0,7,0,8,22,9,26,10,22,11,22,12,22,13,25,14,29,15,43,16,61,17,77,18,80,19,69,20,55,21,42,22,0,23,0,,,,,,,,,,,,,,,0,35,1,21,2,12,3,9,4,7,5,9,6,16,7,27,8,42,9,50,10,48,11,45,12,38,13,32,14,33,15,33,16,41,17,44,18,56,19,66,20,73,21,72,22,59,23,46,0,30,1,19,2,11,3,8,4,8,5,9,6,12,7,19,8,27,9,27,10,30,11,27,12,28,13,26,14,32,15,28,16,32,17,42,18,53,19,57,20,54,21,47,22,39,23,28,6,0,7,0,8,20,9,26,10,31,11,33,12,30,13,26,14,26,15,34,16,47,17,64,18,75,19,70,20,57,21,41,22,0,23,0,,,,,,,,,,,,,6,0,7,0,8,27,9,26,10,27,11,29,12,30,13,26,14,25,15,32,16,49,17,70,18,94,19,100,20,87,21,63,22,0,23,0,,,,,,,,,,,,,6,0,7,0,8,26,9,25,10,28,11,28,12,30,13,30,14,30,15,32,16,45,17,63,18,77,19,77,20,70,21,52,22,0,23,0,,,,,,,,,,,,,39,66095-491,,12,,64,,49,7,2,5,1,Pará,,,,,Tudo Conveniencia João Paulo,4.6,https://www.google.com/maps/search/?api=1&query=Tudo%20Conveniencia%20Jo%C3%A3o%20Paulo&query_place_id=ChIJX7xDKYqNpJIR2bOfqZlr0ec,
,,,,,,,,,,,,,,,,,,,,,,,,,,,,,,,,,,,,,,,,,,,,,,,,,,,,,,,,,,,,,,,,,,,,,,,,,,,,,,,,,,,,,,,,,,TRUE,,,,,,,,,,,,,,,,,,,,,"Tv. da Estrella, 2114 - Marco, Belém - PA, 66080-009, Brasil",Loja de Conveniência,,,,,,,,,Loja de Conveniência,5.46326E+18,Belém,BR,0x92a48da591caec79:0x4bd168d2352f8c95,,,-1.4343678,-48.4654886,,Marco,,,,,,,,,,,,,,,63,Tudo Conveniencia João Paulo,4.6,Outras pessoas pesquisaram,4,Conveniência Bom Jesus. - Marco,4.3,,,,,,,,,,,,,+55 91 98993-2269,5591989932269,ChIJeezKkaWNpJIRlYwvNdJo0Us,"HG8M+7R Marco, Belém - PA, Brasil",,,,,,,,,,,,,,,,,,,,,,,,,,,,,,,,,,,,,,,,,,,,,,,,,,,,,,,,,,,,,,,,,,,,,,,,,,,,,,,,,,,,,,,,,,,,,,,,,,,,,,,,,,,,,,,,,,,,,,,,,,,,,,,,,,,,,,,,,,,,,,,,,,,,,,,,,,,,,,,,,,,,,,,,,,,,,,,,,,,,,,,,,,,,,,,,,,,,,,,,,,,,,,,,,,,,,,,,,,,,,,,,,,,,,,,,,,,,,,,,,,,,,,,,,,,,,,,,,,,,,,,,,,,,,,,,,,,,,,,,,,,,,,,,,,,,,,,,,,,,,,,,,,,,,,,,,,,,,,,,,,,,,,,,,,,,,,,,,,,,66080-009,,10,,2,,2,0,0,0,0,Pará,"Tv. da Estrella, 2114",,,,W.E Conveniência,5,https://www.google.com/maps/search/?api=1&query=W.E%20Conveni%C3%AAncia&query_place_id=ChIJeezKkaWNpJIRlYwvNdJo0Us,
,,,,,,,,,,,,,,,,,,,,,,,,,,,,,,,,,,,,,,,,,,,,,,,,,,,,,,,,,,,,,,,,,,,,,,,,,,,,,,,,,,,,,,,,,,,,,,,,,,,,,,,,,,,,,,,"Travessa curuzu, Passagem Nsr. do Bonfim, n 38 - Fátima, Belém - PA, 66085-504, Brasil",Loja de Conveniência,Mercearia atacadista,,,,,,,,Loja de Conveniência,1.35191E+19,Belém,BR,0x92a48c1b6533726b:0xbb9d7a657d36093e,,,-1.4383338,-48.4729179,,Fátima,segunda-feira,Atendimento 24 horas,terça-feira,Atendimento 24 horas,quarta-feira,Atendimento 24 horas,quinta-feira,Atendimento 24 horas,sexta-feira,Atendimento 24 horas,sábado,Atendimento 24 horas,domingo,06:30 to 00:00,0,Santágua,0,Outras pessoas pesquisaram,3,Sauaia Conveniência,4.7,Outras pessoas pesquisaram,0,Quase Conveniência,0,Outras pessoas pesquisaram,3,Conveniência Umarizal - Sinta-se à vontade!,4.7,,,,,+55 91 98129-5901,5591981295901,ChIJa3IzZRuMpJIRPgk2fWV6nbs,"HG6G+MR Fátima, Belém - PA, Brasil",0,0,1,0,2,18,3,45,4,9,5,0,6,0,7,0,8,0,9,0,10,0,11,18,12,27,13,27,14,36,15,36,16,27,17,9,18,0,19,9,20,18,21,9,22,0,23,9,0,18,1,18,2,9,3,0,4,0,5,0,6,9,7,9,8,0,9,0,10,18,11,36,12,72,13,36,14,18,15,0,16,9,17,18,18,36,19,72,20,45,21,18,22,0,23,0,,,0,18,1,36,2,27,3,27,4,36,5,9,6,0,7,0,8,18,9,54,10,72,11,27,12,9,13,0,14,0,15,0,16,0,17,0,18,9,19,0,20,0,21,0,22,9,23,18,5,0,6,0,7,0,8,0,9,0,10,9,11,18,12,9,13,0,14,9,15,27,16,72,17,54,18,81,19,81,20,36,21,9,22,9,23,18,,,,,,,,,,,0,54,1,27,2,9,3,0,4,90,5,45,6,27,7,0,8,9,9,18,10,18,11,9,12,27,13,9,14,0,15,9,16,27,17,9,18,18,19,45,20,90,21,54,22,36,23,9,0,9,1,0,2,0,3,0,4,18,5,9,6,0,7,0,8,9,9,18,10,27,11,18,12,9,13,9,14,27,15,72,16,54,17,27,18,18,19,9,20,0,21,0,22,0,23,9,0,18,1,54,2,36,3,45,4,18,5,45,6,100,7,72,8,81,9,45,10,45,11,81,12,45,13,45,14,27,15,36,16,18,17,9,18,0,19,18,20,27,21,18,22,27,23,54,,66085-504,,9,,2,,2,0,0,0,0,PA,"Travessa curuzu, Passagem Nsr. do Bonfim, n 38",,,,Conveniência e mercearia da xuxu,5,https://www.google.com/maps/search/?api=1&query=Conveni%C3%AAncia%20e%20mercearia%20da%20xuxu&query_place_id=ChIJa3IzZRuMpJIRPgk2fWV6nbs,
,,TRUE,,,,,TRUE,,,,,,,,,,,,,,,,,,,,,,,,,,,,,TRUE,,,,,,,,,,,,,,,,,,,,,,,,,,,,,,,,,,,,,,,,,,,,,,,,,,,,,,TRUE,,,,,,,,,,,,,,,,,,,,,"Esq. com a - Trav. Antônio Baena, Av. João Paulo II, 882 - Marco, Belém - PA, 66093-082, Brasil",Loja de Conveniência,,,,,,,,,Loja de Conveniência,6.4909E+18,Belém,BR,0x92a48d5c72b4c90f:0x5a144b73975b0ba3,,,-1.4473357,-48.462248,,Marco,segunda-feira,06:00 to 23:00,terça-feira,06:00 to 23:00,quarta-feira,06:00 to 23:00,quinta-feira,06:00 to 23:00,sexta-feira,06:00 to 23:00,sábado,06:00 to 00:00,domingo,06:00 to 23:00,2,Dallas Express - Umarizal,5,Outras pessoas pesquisaram,0,Dallas Express - Pedreira,0,Outras pessoas pesquisaram,3,Dallas Express - Arthur Bernardes,4.7,Outras pessoas pesquisaram,250,Posto Petrobras,4.1,,,,,+55 91 98334-0008,5591983340008,ChIJD8m0clyNpJIRowtbl3NLFFo,"HG3Q+34 Marco, Belém - PA, Brasil",5,0,6,6,7,11,8,14,9,17,10,27,11,39,12,51,13,56,14,53,15,51,16,49,17,59,18,71,19,86,20,94,21,100,22,94,,,,,,,,,,,,,5,0,6,4,7,6,8,8,9,8,10,11,11,20,12,24,13,25,14,26,15,22,16,22,17,21,18,25,19,29,20,31,21,25,22,14,,,,,,,,,,,,,,,5,0,6,1,7,2,8,9,9,17,10,29,11,38,12,42,13,41,14,39,15,36,16,36,17,38,18,47,19,57,20,66,21,73,22,69,23,54,,,,,,,,,,,5,0,6,4,7,4,8,8,9,8,10,14,11,30,12,42,13,44,14,35,15,20,16,19,17,25,18,36,19,35,20,38,21,35,22,28,,,,,,,,,,,,,5,0,6,4,7,2,8,3,9,8,10,20,11,35,12,51,13,52,14,44,15,29,16,26,17,34,18,49,19,60,20,61,21,56,22,47,,,,,,,,,,,,,5,0,6,3,7,7,8,12,9,15,10,22,11,28,12,37,13,37,14,38,15,28,16,26,17,28,18,40,19,49,20,50,21,47,22,36,,,,,,,,,,,,,5,0,6,3,7,5,8,11,9,21,10,30,11,36,12,40,13,45,14,44,15,39,16,41,17,42,18,51,19,57,20,67,21,68,22,56,,,,,,,,,,,,,,66093-082,,8,,16,,10,1,5,0,0,PA,"Esq. com a - Trav. Antônio Baena, Av. João Paulo II, 882",,,,Dallas Express - João Paulo II,3.7,https://www.google.com/maps/search/?api=1&query=Dallas%20Express%20-%20Jo%C3%A3o%20Paulo%20II&query_place_id=ChIJD8m0clyNpJIRowtbl3NLFFo,
,,,,,,,,,,,,,,,,,,,,,,,,,,,,,,,,,,,,,,,,,,,,,,,,,,,,,,,,,,,,,,,,,,,,,,,,,,,,,,,,,,,,,,,,,,TRUE,,,,TRUE,,,,TRUE,TRUE,,,,,,,,,,,,"Tv. Quatorze de Abril, 1061 - loja - Fátima, Belém - PA, 66060-460, Brasil",Loja de Conveniência,,,,,,,,,Loja de Conveniência,1.93484E+18,Belém,BR,0x92a48dfdb8b29819:0x1ad9edbace8f114c,,,-1.4492027,-48.4726522,,Fátima,,,,,,,,,,,,,,,0,Baiuca Variedades,0,,,,,,,,,,,,,,,,,+55 91 98290-0881,5591982900881,ChIJGZiyuP2NpJIRTBGPzrrt2Ro,"HG2G+8W Fátima, Belém - PA, Brasil",,,,,,,,,,,,,,,,,,,,,,,,,,,,,,,,,,,,,,,,,,,,,,,,,,,,,,,,,,,,,,,,,,,,,,,,,,,,,,,,,,,,,,,,,,,,,,,,,,,,,,,,,,,,,,,,,,,,,,,,,,,,,,,,,,,,,,,,,,,,,,,,,,,,,,,,,,,,,,,,,,,,,,,,,,,,,,,,,,,,,,,,,,,,,,,,,,,,,,,,,,,,,,,,,,,,,,,,,,,,,,,,,,,,,,,,,,,,,,,,,,,,,,,,,,,,,,,,,,,,,,,,,,,,,,,,,,,,,,,,,,,,,,,,,,,,,,,,,,,,,,,,,,,,,,,,,,,,,,,,,,,,,,,,,,,,,,,,,,,,66060-460,,5,,12,,7,2,2,0,1,Pará,"Tv. Quatorze de Abril, 1061 - loja",,,,Baiuca da Resenha,3.9,https://www.google.com/maps/search/?api=1&query=Baiuca%20da%20Resenha&query_place_id=ChIJGZiyuP2NpJIRTBGPzrrt2Ro,
,,,,,,,,,,,,,,,,,,,,,,,,,,,,,,,,,,,,,,,,,,,,,,,,,,,,,,,,,,,,,,,,,,,,,,,,,,,,,,,,,,,,,,,,,,TRUE,,,,,,,,,,,,,,,,,,,,,"Paraíso, Belém - PA, 66929-030, Brasil",Loja de Conveniência,,,,,,,,,Loja de Conveniência,1.54595E+19,Belém,BR,0x92a43d37059d1f25:0xd68b530da337bbcc,,,-1.0671118,-48.3830297,,Paraíso,,,,,,,,,,,,,,,1,CONVENIÊNCIA,5,Outras pessoas pesquisaram,3,Conveniencia Beira Mar,5,Outras pessoas pesquisaram,15,Estacionamento Deus Proverá,3.8,,,,,,,,,,,ChIJJR-dBTc9pJIRzLs3ow1Ti9Y,"WJM8+5Q Paraíso, Belém - PA, Brasil",,,,,,,,,,,,,,,,,,,,,,,,,,,,,,,,,,,,,,,,,,,,,,,,,,,,,,,,,,,,,,,,,,,,,,,,,,,,,,,,,,,,,,,,,,,,,,,,,,,,,,,,,,,,,,,,,,,,,,,,,,,,,,,,,,,,,,,,,,,,,,,,,,,,,,,,,,,,,,,,,,,,,,,,,,,,,,,,,,,,,,,,,,,,,,,,,,,,,,,,,,,,,,,,,,,,,,,,,,,,,,,,,,,,,,,,,,,,,,,,,,,,,,,,,,,,,,,,,,,,,,,,,,,,,,,,,,,,,,,,,,,,,,,,,,,,,,,,,,,,,,,,,,,,,,,,,,,,,,,,,,,,,,,,,,,,,,,,,,,,,,15,,0,,,,,,,Pará,,,,,Conveniência paraíso,,https://www.google.com/maps/search/?api=1&query=Conveni%C3%AAncia%20para%C3%ADso&query_place_id=ChIJJR-dBTc9pJIRzLs3ow1Ti9Y,
,,FALSE,,,,,FALSE,,,,,,,,,,,,,,,,,,,,,,,,,,,,,,,,,,,,,,,,,,,,,,,,,,,,,,,,,,,,,,,,,,,,,,,,,,,,,,,,,,,,TRUE,,,,TRUE,TRUE,,,,,,,,,,,,,,,"Av. Conselheiro Furtado, 231 - Canudos, Belém - PA, 66075-050, Brasil",Loja de Conveniência,,,,,,,,,Loja de Conveniência,1.3692E+19,Belém,BR,0x92a48c33d0ae823b:0xbe03dc476826e72b,,,-1.4557692,-48.4656256,,Canudos,segunda-feira,08:00 to 00:00,terça-feira,08:00 to 00:00,quarta-feira,08:00 to 00:00,quinta-feira,08:00 to 00:00,sexta-feira,08:00 to 00:00,sábado,08:00 to 00:00,domingo,08:00 to 00:00,9,Casa do Alimento,4.3,Outras pessoas pesquisaram,1,Mercearia do pity,5,,,,,,,,,,,,,+55 91 98285-5756,5591982855756,ChIJO4Ku0DOMpJIRK-cmaEfcA74,"GGVM+MP Canudos, Belém - PA, Brasil",6,0,7,0,8,25,9,29,10,29,11,29,12,29,13,22,14,29,15,16,16,19,17,25,18,41,19,32,20,25,21,35,22,58,23,70,,,,,,,,,,,,,6,0,7,0,8,48,9,51,10,41,11,29,12,25,13,41,14,51,15,61,16,41,17,48,18,64,19,100,20,83,21,58,22,41,23,32,,,,,,,,,,,,,,,6,0,7,0,8,35,9,58,10,32,11,25,12,25,13,29,14,22,15,25,16,48,17,58,18,80,19,90,20,87,21,51,22,45,23,32,,,,,,,,,,,,,6,0,7,0,8,9,9,25,10,22,11,29,12,32,13,29,14,16,15,16,16,22,17,38,18,58,19,61,20,58,21,45,22,35,23,22,,,,,,,,,,,,,6,0,7,0,8,25,9,32,10,58,11,51,12,38,13,22,14,12,15,16,16,35,17,74,18,77,19,83,20,41,21,19,22,12,23,12,,,,,,,,,,,,,6,0,7,0,8,9,9,19,10,29,11,38,12,25,13,16,14,19,15,35,16,45,17,54,18,58,19,54,20,41,21,41,22,54,23,35,,,,,,,,,,,,,6,0,7,0,8,3,9,6,10,19,11,48,12,48,13,48,14,61,15,64,16,77,17,74,18,90,19,74,20,77,21,61,22,45,23,19,,,,,,,,,,,,,,66075-050,,3,,12,,7,1,2,1,1,Pará,"Av. Conselheiro Furtado, 231",,,,Mercearia da Pretinha,3.8,https://www.google.com/maps/search/?api=1&query=Mercearia%20da%20Pretinha&query_place_id=ChIJO4Ku0DOMpJIRK-cmaEfcA74,
,,,,,,,,,,,,,,,,,,,,,,,,,,,,,,,,,,,,,,,,,,,,,,,,,,,,,,,,,,,,,,,,,,,,,,,,,,,,,,,,,,,,,,,,,,,,,,,,,,,,,,,,,,,,,,,"Passagem Iracema, 41 - Marambaia, Belém - PA, 66623-140, Brasil",Loja de Conveniência,,,,,,,,,Loja de Conveniência,9.19642E+18,Belém,BR,0x92a48bb28da7855b:0x7fa03fdafec071e5,,,-1.4033758,-48.4479361,,Marambaia,segunda-feira,08:00 to 00:00,terça-feira,08:00 to 00:00,quarta-feira,08:00 to 00:00,quinta-feira,08:00 to 00:00,sexta-feira,08:00 to 00:00,sábado,08:00 to 00:00,domingo,08:00 to 00:00,1,Anne Beer Conveniência,5,Outras pessoas pesquisaram,3,M. Alves Conveniência,4.7,Outras pessoas pesquisaram,1,Kelly Bebidas e conveniência,5,,,,,,,,,,,ChIJW4WnjbKLpJIR5XHA_to_oH8,"HHW2+JR Marambaia, Belém - PA, Brasil",6,0,7,0,8,26,9,10,10,10,11,10,12,15,13,26,14,52,15,36,16,31,17,26,18,36,19,52,20,47,21,47,22,47,23,52,,,,,,,,,,,,,6,0,7,0,8,100,9,68,10,47,11,42,12,26,13,36,14,15,15,5,16,10,17,15,18,15,19,26,20,26,21,21,22,5,23,0,,,,,,,,,,,,,,,6,0,7,0,8,5,9,21,10,47,11,73,12,78,13,78,14,47,15,26,16,15,17,10,18,10,19,31,20,42,21,57,22,63,23,68,,,,,,,,,,,,,6,0,7,0,8,10,9,26,10,15,11,31,12,57,13,57,14,31,15,31,16,15,17,5,18,0,19,5,20,10,21,26,22,10,23,5,,,,,,,,,,,,,6,0,7,0,8,68,9,42,10,21,11,26,12,52,13,57,14,26,15,15,16,10,17,5,18,10,19,26,20,36,21,31,22,21,23,26,,,,,,,,,,,,,6,0,7,0,8,0,9,0,10,0,11,5,12,10,13,10,14,15,15,5,16,5,17,15,18,36,19,31,20,21,21,26,22,26,23,52,,,,,,,,,,,,,6,0,7,0,8,68,9,31,10,10,11,5,12,21,13,47,14,42,15,26,16,31,17,36,18,63,19,78,20,47,21,36,22,10,23,5,,,,,,,,,,,,,,66623-140,,20,,1,,1,0,0,0,0,Pará,"Passagem Iracema, 41",,,,Anne Kelly conveniência,5,https://www.google.com/maps/search/?api=1&query=Anne%20Kelly%20conveni%C3%AAncia&query_place_id=ChIJW4WnjbKLpJIR5XHA_to_oH8,
,TRUE,,,,,TRUE,,,TRUE,,TRUE,,TRUE,TRUE,,,,,,,,,,TRUE,,TRUE,,TRUE,TRUE,TRUE,TRUE,,,,,,TRUE,,,,,,,TRUE,,,,,,,,,,TRUE,,,,,,,,,,,,,,,,TRUE,,,,TRUE,,TRUE,,,TRUE,,TRUE,,,,TRUE,,,TRUE,,TRUE,,,,TRUE,,,,TRUE,TRUE,,,TRUE,,,TRUE,,,,,,"Av. Rodolfo Chermont, 8 - Marambaia, Belém - PA, 66615-170, Brasil",Bar,Loja de Conveniência,Loja de bebidas,,,,,,,Bar,1.40152E+19,Belém,BR,0x92a48bba1019a44d:0xc2801bb3df8a7e2e,"https://food.google.com/chooseprovider?restaurantId=/g/1pzpxbldw&g2lbs=AOHF13kMEjg_cJlDefp-UZlLRflCMV_ihQlQHIumnpQeSXUCcrHhehyVeyZRFNIZIqCaODjV9wIxKmSnyh0vRQWHPqLzTYNHSVPHGknc6zFjqHJZt1r2OR4%3D&hl=pt-BR&gl=us&fo_m=MfohQo559jFvMUOzJVpjPL1YMfZ3bInYwBDuMfaXTPp5KXh-&utm_source=tactile&gei=UXCxZpn4I-7dptQPuYuDqA4&ei=UXCxZpn4I-7dptQPuYuDqA4&fo_s=OA,SOE&opi=79508299&foub=mcpp",,-1.408137,-48.453235,,Marambaia,segunda-feira,Fechado,terça-feira,08:00 to 04:00,quarta-feira,08:00 to 04:00,quinta-feira,08:00 to 04:00,sexta-feira,08:00 to 04:00,sábado,08:00 to 04:00,domingo,08:00 to 04:00,384,RIO VIBE CARIOCA,4.4,Outras pessoas pesquisaram,7,Medellín Pub,3.9,Outras pessoas pesquisaram,29,Mendes Bar,4.2,,,,,,,,,+55 91 98396-5563,5591983965563,ChIJTaQZELqLpJIRLn6K37MbgMI,"HGRW+PP Marambaia, Belém - PA, Brasil",6,0,7,0,8,4,9,5,10,9,11,11,12,12,13,12,14,11,15,11,16,13,17,16,18,21,19,29,20,43,21,63,22,84,23,95,0,79,1,65,2,46,3,32,,,,,,,,,,,,,,,,,,,,,,,,,,,,,,,,,,,,,,,,,,,,,,,,,,,,,,,6,0,7,0,8,5,9,8,10,11,11,14,12,15,13,16,14,16,15,18,16,21,17,25,18,28,19,33,20,46,21,70,22,91,23,100,0,80,1,65,2,50,3,37,,,,,6,0,7,0,8,3,9,3,10,5,11,8,12,11,13,12,14,13,15,13,16,16,17,19,18,23,19,29,20,37,21,42,22,44,23,41,0,32,1,23,2,15,3,10,,,,,6,0,7,0,8,2,9,5,10,7,11,8,12,8,13,7,14,7,15,7,16,9,17,12,18,14,19,16,20,20,21,27,22,33,23,36,0,28,1,21,2,13,3,7,,,,,6,0,7,0,8,3,9,4,10,6,11,8,12,9,13,7,14,6,15,7,16,9,17,10,18,11,19,13,20,15,21,20,22,22,23,23,0,17,1,11,2,6,3,3,,,,,6,0,7,0,8,3,9,3,10,5,11,7,12,8,13,9,14,10,15,9,16,9,17,10,18,13,19,17,20,26,21,36,22,43,23,44,0,33,1,23,2,14,3,8,,,,,,66615-170,$$,23,,138,,79,37,7,11,4,Pará,"Av. Rodolfo Chermont, 8",,,,Momentum Bar & Conveniência,4.3,https://www.google.com/maps/search/?api=1&query=Momentum%20Bar%20%26%20Conveni%C3%AAncia&query_place_id=ChIJTaQZELqLpJIRLn6K37MbgMI,
,,,,,,,,,,,,,,TRUE,,,,,,,,,,,,,,,,,,,,,,,,,TRUE,,,,,,,,,,,,,,,,,,,,,,,,,,,,,,,TRUE,,,,TRUE,,TRUE,,,TRUE,,,TRUE,,,,,,,,TRUE,,,,,,,,,,,,,,,TRUE,,,,,,"Av. Dr. Freitas, 759 - Sacramenta, Belém - PA, 66123-050, Brasil",Bar,Loja de Conveniência,,,,,,,,Bar,8.60496E+18,Belém,BR,0x92a48b88afb8f3d7:0x776af6780bb342a2,,,-1.4145,-48.4666816,,Sacramenta,segunda-feira,08:00 to 18:00,terça-feira,08:00 to 18:00,quarta-feira,08:00 to 00:00,quinta-feira,08:00 to 00:00,sexta-feira,08:00 to 00:00,sábado,08:00 to 00:00,domingo,18:00 to 00:00,13,Buteko Beer,5,Outras pessoas pesquisaram,4,Express Beer,3.5,Outras pessoas pesquisaram,0,Duarte Beer,0,,,,,,,,,+55 91 98309-6493,5591983096493,ChIJ1_O4r4iLpJIRokKzC3j2anc,"HGPM+58 Sacramenta, Belém - PA, Brasil",6,0,7,0,8,33,9,44,10,44,11,44,12,44,13,11,14,0,15,0,16,11,17,44,18,33,19,11,20,0,21,0,22,11,23,33,,,,,,,,,,,,,6,0,7,0,8,66,9,44,10,44,11,44,12,66,13,66,14,33,15,22,16,11,17,0,18,0,19,0,20,0,21,0,22,0,23,0,,,,,,,,,,,,,,,6,0,7,0,8,11,9,11,10,0,11,0,12,11,13,11,14,0,15,0,16,0,17,0,18,0,19,0,20,0,21,11,22,44,23,33,,,,,,,,,,,,,6,0,7,0,8,0,9,0,10,0,11,0,12,0,13,0,14,0,15,0,16,0,17,0,18,0,19,0,20,0,21,0,22,11,23,0,,,,,,,,,,,,,6,0,7,0,8,11,9,22,10,22,11,33,12,44,13,22,14,22,15,33,16,22,17,33,18,11,19,0,20,0,21,0,22,11,23,22,,,,,,,,,,,,,6,0,7,0,8,22,9,11,10,33,11,44,12,77,13,33,14,22,15,44,16,44,17,22,18,0,19,0,20,0,21,0,22,0,23,0,,,,,,,,,,,,,6,0,7,0,8,0,9,0,10,0,11,0,12,0,13,22,14,44,15,100,16,44,17,33,18,11,19,33,20,11,21,0,22,22,23,33,,,,,,,,,,,,,,66123-050,,22,,0,,,,,,,Pará,"Av. Dr. Freitas, 759",,,,Dr. Beer Official,,https://www.google.com/maps/search/?api=1&query=Dr.%20Beer%20Official&query_place_id=ChIJ1_O4r4iLpJIRokKzC3j2anc,https://instagram.com/dr.beerofficial?igshid=ZDdkNTZiNTM=
,,,,,,,,,,,,,,,,,,,,,,,,,,,,,,,,,,,,,,,,,,,,,,,,,,,,,,,,,,,,,,,,,,,,,,,,,,,,,,,,,,,,,,,,,,,,,,,,,,,,,,,,,,,,,,,"Av. Dr. Freitas, 3102 - Marco, Belém - PA, 66077-830, Brasil",Loja de Conveniência,,,,,,,,,Loja de Conveniência,7.42022E+18,Belém,BR,0x92a48ddf9a3aaa8b:0x66f9e95851af9a35,,,-1.4303107,-48.452171,,Marco,segunda-feira,09:00 to 23:00,terça-feira,09:00 to 23:00,quarta-feira,09:00 to 23:00,quinta-feira,09:00 to 23:00,sexta-feira,09:00 to 23:00,sábado,09:00 to 23:00,domingo,09:00 to 23:00,2,REIS CONVENIÊNCIA,5,Outras pessoas pesquisaram,63,Tudo Conveniencia João Paulo,4.6,,,,,,,,,,,,,+55 91 98525-7906,5591985257906,ChIJi6o6mt-NpJIRNZqvUVjp-WY,"HG9X+V4 Marco, Belém - PA, Brasil",6,0,7,0,8,0,9,54,10,45,11,54,12,27,13,27,14,9,15,18,16,45,17,45,18,18,19,27,20,27,21,9,22,0,23,0,,,,,,,,,,,,,6,0,7,0,8,0,9,72,10,54,11,81,12,45,13,54,14,45,15,45,16,72,17,100,18,90,19,45,20,27,21,45,22,18,23,0,,,,,,,,,,,,,,,6,0,7,0,8,0,9,9,10,27,11,63,12,54,13,54,14,27,15,18,16,18,17,18,18,18,19,9,20,9,21,18,22,9,23,0,,,,,,,,,,,,,6,0,7,0,8,0,9,0,10,0,11,9,12,18,13,36,14,45,15,72,16,90,17,54,18,63,19,72,20,27,21,9,22,0,23,0,,,,,,,,,,,,,6,0,7,0,8,0,9,0,10,9,11,18,12,18,13,18,14,54,15,45,16,63,17,36,18,36,19,36,20,27,21,18,22,27,23,0,,,,,,,,,,,,,6,0,7,0,8,0,9,27,10,54,11,36,12,45,13,27,14,18,15,18,16,9,17,0,18,0,19,0,20,0,21,9,22,9,23,0,,,,,,,,,,,,,6,0,7,0,8,0,9,9,10,27,11,54,12,90,13,36,14,18,15,9,16,0,17,9,18,9,19,27,20,18,21,18,22,18,23,0,,,,,,,,,,,,,,66077-830,,19,,12,,12,0,0,0,0,Pará,"Av. Dr. Freitas, 3102",,,,Depósito & Conveniência.A.S,5,https://www.google.com/maps/search/?api=1&query=Dep%C3%B3sito%20%26%20Conveni%C3%AAncia.A.S&query_place_id=ChIJi6o6mt-NpJIRNZqvUVjp-WY,
,,TRUE,,,,,TRUE,,,,,,,,,,,,,,,,,,,,,,,,,,,,TRUE,,,,,,,,,,FALSE,,,,,,,,,,,,,,,,,,,,,,,,,,,,,,,,,,,,,,,,,,,,,TRUE,,,,,,,,,,,,,,,,,,,,,"Av Joao Paulo Ii 262 A, Belém - PA, 66630-505, Brasil",Loja de Conveniência,Caixa eletrônico,Café,Posto de combustível,Loja de sucos,Serviço de troca de óleo,Sanduicheria,Ponto de acesso Wi-Fi,,Loja de Conveniência,1.90763E+18,Belém,BR,0x92a48b86a277d12f:0x1a7941cc27ea30f5,,,-1.426112,-48.4450096,,Curió-Utinga,,,,,,,,,,,,,,,0,ampm,0,Outras pessoas pesquisaram,9,BR Mania Conveniência,5,Outras pessoas pesquisaram,2,Conveniência AmPm - Ipiranga,1,,,,,,,,,+55 3003-3451,,ChIJL9F3ooaLpJIR9TDqJ8xBeRo,"HHF3+HX Belém, Pará, Brasil",,,,,,,,,,,,,,,,,,,,,,,,,,,,,,,,,,,,,,,,,,,,,,,,,,,,,,,,,,,,,,,,,,,,,,,,,,,,,,,,,,,,,,,,,,,,,,,,,,,,,,,,,,,,,,,,,,,,,,,,,,,,,,,,,,,,,,,,,,,,,,,,,,,,,,,,,,,,,,,,,,,,,,,,,,,,,,,,,,,,,,,,,,,,,,,,,,,,,,,,,,,,,,,,,,,,,,,,,,,,,,,,,,,,,,,,,,,,,,,,,,,,,,,,,,,,,,,,,,,,,,,,,,,,,,,,,,,,,,,,,,,,,,,,,,,,,,,,,,,,,,,,,,,,,,,,,,,,,,,,,,,,,,,,,,,,,,,,,,,,66630-505,,18,,2,,2,0,0,0,0,PA,Av Joao Paulo Ii 262 A,,,,Conveniência AmPm - Ipiranga,5,https://www.google.com/maps/search/?api=1&query=Conveni%C3%AAncia%20AmPm%20-%20Ipiranga&query_place_id=ChIJL9F3ooaLpJIR9TDqJ8xBeRo,http://www.ipiranga.com.br/
,,,,,,,,,,,,,,,,,,,,,,,,,,,,,,,,,,,,TRUE,,,,,,,,,,,,TRUE,TRUE,,,,,,,,,,,,,,,,,,,,,,,,,,,,,,,,,,,,,,,,,TRUE,,,,,,,,,,,,,,,,,,,,,"Av. Dalva, 763 - Marambaia, Belém - PA, 66615-850, Brasil",Loja de Conveniência,,,,,,,,,Loja de Conveniência,4.79464E+18,Belém,BR,0x92a45f910fa69613:0x4289fd1d1bf488e3,,,-1.4057741,-48.4384651,,Marambaia,segunda-feira,07:30 to 21:30,terça-feira,07:30 to 21:30,quarta-feira,07:30 to 21:30,quinta-feira,07:30 to 21:30,sexta-feira,07:30 to 21:30,sábado,07:30 to 21:30,domingo,08:00 to 21:00,174,Bar Maramba's Beer,4.3,Outras pessoas pesquisaram,0,3n - Conveniências,0,Outras pessoas pesquisaram,2,Deposito de Bebidas Marambaia Zero Hora,5,Outras pessoas pesquisaram,3,M. Alves Conveniência,4.7,,,,,+55 91 98621-5214,5591986215214,ChIJE5amD5FfpJIR44j0Gx39iUI,"HHV6+MJ Marambaia, Belém - PA, Brasil",6,0,7,8,8,16,9,16,10,16,11,8,12,16,13,16,14,16,15,0,16,0,17,8,18,0,19,0,20,0,21,16,22,0,23,0,,,,,,,,,,,,,6,0,7,0,8,8,9,16,10,41,11,25,12,33,13,25,14,41,15,66,16,58,17,50,18,83,19,58,20,50,21,58,22,0,23,0,,,,,,,,,,,,,,,6,0,7,0,8,0,9,8,10,25,11,8,12,0,13,8,14,8,15,16,16,8,17,0,18,0,19,0,20,0,21,8,22,0,23,0,,,,,,,,,,,,,6,0,7,0,8,8,9,16,10,16,11,25,12,33,13,25,14,8,15,0,16,0,17,8,18,16,19,8,20,8,21,0,22,0,23,0,,,,,,,,,,,,,6,0,7,91,8,83,9,100,10,75,11,33,12,8,13,8,14,0,15,0,16,8,17,16,18,33,19,16,20,16,21,8,22,0,23,0,,,,,,,,,,,,,6,0,7,50,8,58,9,58,10,25,11,16,12,33,13,75,14,58,15,33,16,33,17,33,18,58,19,50,20,25,21,33,22,0,23,0,,,,,,,,,,,,,6,0,7,25,8,8,9,0,10,0,11,8,12,25,13,8,14,0,15,0,16,8,17,16,18,33,19,25,20,25,21,16,22,0,23,0,,,,,,,,,,,,,,66615-850,,16,,11,,11,0,0,0,0,Pará,"Av. Dalva, 763",,,,Marambeer,5,https://www.google.com/maps/search/?api=1&query=Marambeer&query_place_id=ChIJE5amD5FfpJIR44j0Gx39iUI,https://marambeer.negocio.site/?utm_source=gmb&utm_medium=referral
,,,,,,,,,,,,,,,,,,,,,,,,,,,,,,,,,,,,,,,,,,,,,,,,,,,,,,,,,,,,,,,,,,,,,,,,,,,,,,,,,,,,,,,,,,TRUE,,,,,,,,,,,,,,,,,,,,,"Av. Tavares Bastos - Souza, Belém - PA, 66615-005, Brasil",Loja de Conveniência,,,,,,,,,Loja de Conveniência,1.38709E+19,Belém,BR,0x92a48ba5bd32eed1:0xc07f5c4360c89a71,,,-1.4085374,-48.4456189,,Souza,segunda-feira,Atendimento 24 horas,terça-feira,Atendimento 24 horas,quarta-feira,Atendimento 24 horas,quinta-feira,Atendimento 24 horas,sexta-feira,Atendimento 24 horas,sábado,Atendimento 24 horas,domingo,Atendimento 24 horas,2,Deposito de Bebidas Marambaia Zero Hora,5,Outras pessoas pesquisaram,4,Conveniência do Zeca Júlio César,4,Outras pessoas pesquisaram,4,Conveniência do Zeca,4,,,,,,,,,,,ChIJ0e4yvaWLpJIRcZrIYENcf8A,"HHR3+HQ Souza, Belém - PA, Brasil",4,30,5,15,6,7,7,0,8,7,9,15,10,30,11,23,12,23,13,38,14,15,15,7,16,7,17,0,18,0,19,0,20,23,21,46,22,69,23,38,0,15,1,0,2,7,3,15,4,38,5,61,6,92,7,76,8,76,9,30,10,23,11,7,12,23,13,7,14,0,15,0,16,0,17,0,18,0,19,7,20,23,21,23,22,30,23,23,0,23,1,23,2,23,3,23,,,4,23,5,30,6,69,7,46,8,53,9,38,10,15,11,0,12,0,13,7,14,23,15,53,16,23,17,15,18,23,19,7,20,7,21,0,22,15,23,38,0,92,1,76,2,69,3,23,4,46,5,30,6,38,7,76,8,84,9,61,10,23,11,15,12,23,13,15,14,23,15,53,16,30,17,23,18,7,19,0,20,0,21,15,22,30,23,38,0,23,1,7,2,15,3,30,4,38,5,23,6,30,7,38,8,30,9,15,10,0,11,0,12,0,13,0,14,7,15,23,16,46,17,23,18,7,19,0,20,7,21,15,22,38,23,61,0,76,1,100,2,76,3,53,4,0,5,7,6,23,7,46,8,61,9,38,10,46,11,15,12,7,13,0,14,0,15,0,16,15,17,38,18,46,19,38,20,38,21,15,22,15,23,30,0,23,1,23,2,7,3,0,4,23,5,46,6,23,7,7,8,0,9,7,10,23,11,7,12,7,13,23,14,23,15,38,16,38,17,15,18,7,19,0,20,7,21,7,22,23,23,7,0,0,1,0,2,0,3,7,,66615-005,,14,,4,,3,0,1,0,0,Pará,Av. Tavares Bastos,,,,Conveniência do Zeca Marambaia,4,https://www.google.com/maps/search/?api=1&query=Conveni%C3%AAncia%20do%20Zeca%20Marambaia&query_place_id=ChIJ0e4yvaWLpJIRcZrIYENcf8A,
,,,,,,,,,,,,,,,,,,,,,,,,,,,,,,,,,,,TRUE,,,,,,,,,,,,,,,,,,,,,,,,,,,,,,,,,,,,,,,,,,,,,,,,,,,,,,,TRUE,,,,,,,,,,,,,,,,,,,,,"R. da Mata, 596 - Marambaia, Belém - PA, 66615-420, Brasil",Loja de Conveniência,,,,,,,,,Loja de Conveniência,1.75659E+19,Belém,BR,0x92a48ba85cd9551f:0xf3c67b3f55e08aa7,,,-1.4016556,-48.4504593,,Marambaia,segunda-feira,11:00 to 00:00,terça-feira,11:00 to 00:00,quarta-feira,11:00 to 00:00,quinta-feira,11:00 to 00:00,sexta-feira,11:00 to 00:00,sábado,11:00 to 00:00,domingo,11:00 to 00:00,2,Box do Bigode,5,Outras pessoas pesquisaram,4,Conveniência do Zeca Marambaia,4,Outras pessoas pesquisaram,8,Marques beer,5,,,,,,,,,,,ChIJH1XZXKiLpJIRp4rgVT97xvM,"HGXX+8R Marambaia, Belém - PA, Brasil",6,0,7,0,8,0,9,0,10,0,11,38,12,38,13,61,14,46,15,23,16,7,17,7,18,0,19,0,20,0,21,0,22,0,23,0,,,,,,,,,,,,,6,0,7,0,8,0,9,0,10,0,11,15,12,23,13,23,14,46,15,23,16,7,17,7,18,15,19,7,20,0,21,15,22,30,23,69,,,,,,,,,,,,,,,6,0,7,0,8,0,9,0,10,0,11,7,12,15,13,46,14,61,15,23,16,15,17,30,18,38,19,61,20,38,21,15,22,15,23,15,,,,,,,,,,,,,6,0,7,0,8,0,9,0,10,0,11,69,12,100,13,53,14,38,15,15,16,30,17,61,18,76,19,38,20,15,21,0,22,0,23,0,,,,,,,,,,,,,6,0,7,0,8,0,9,0,10,0,11,0,12,0,13,0,14,15,15,15,16,23,17,38,18,38,19,15,20,15,21,15,22,30,23,23,,,,,,,,,,,,,6,0,7,0,8,0,9,0,10,0,11,0,12,0,13,0,14,0,15,7,16,0,17,7,18,23,19,46,20,38,21,38,22,61,23,30,,,,,,,,,,,,,6,0,7,0,8,0,9,0,10,0,11,15,12,15,13,15,14,23,15,46,16,69,17,53,18,53,19,76,20,61,21,30,22,15,23,23,,,,,,,,,,,,,,66615-420,,13,,1,,1,0,0,0,0,Pará,"R. da Mata, 596",,,,Conveniência,5,https://www.google.com/maps/search/?api=1&query=Conveni%C3%AAncia&query_place_id=ChIJH1XZXKiLpJIRp4rgVT97xvM,https://www.lojalocal.com/amstel/00001120536294
,,,,,,,,,,,,,,,,,,,,,,,,,,,,,,,,,,,TRUE,,,,,,,,,,,,,,,,,,,,,,,,,,,,,,,,,,,,,,,,,,,,,,,,,,,,,,,TRUE,,,,,,,,,,,,,,,,,,,,,"R. da Mata, 542 - Marambaia, Belém - PA, 66615-420, Brasil",Loja de Conveniência,,,,,,,,,Loja de Conveniência,4.66999E+18,Belém,BR,0x92a48bacc0b04dc5:0x40cf2585de53919d,,,-1.4018331,-48.4485076,,Marambaia,segunda-feira,11:00 to 00:00,terça-feira,11:00 to 00:00,quarta-feira,11:00 to 00:00,quinta-feira,11:00 to 00:00,sexta-feira,11:00 to 00:00,sábado,11:00 to 00:00,domingo,11:00 to 00:00,2,Moura Conveniência & Distribuidora de Bebidas na Marambaia.,5,Outras pessoas pesquisaram,1,bet conveniência,5,Outras pessoas pesquisaram,4,Conveniência do Zeca Marambaia,4,Outras pessoas pesquisaram,1,Conveniência,5,Outras pessoas pesquisaram,125,Icebode Marambaia,4.4,+55 91 98296-3867,5591982963867,ChIJxU2wwKyLpJIRnZFT3oUlz0A,"HHX2+7H Marambaia, Belém - PA, Brasil",6,0,7,0,8,0,9,0,10,0,11,17,12,17,13,29,14,23,15,35,16,41,17,17,18,5,19,5,20,29,21,64,22,100,23,82,,,,,,,,,,,,,6,0,7,0,8,0,9,0,10,0,11,23,12,35,13,47,14,35,15,29,16,17,17,17,18,11,19,0,20,11,21,29,22,52,23,29,,,,,,,,,,,,,,,6,0,7,0,8,0,9,0,10,0,11,0,12,0,13,17,14,29,15,58,16,70,17,58,18,41,19,17,20,11,21,29,22,41,23,76,,,,,,,,,,,,,6,0,7,0,8,0,9,0,10,0,11,23,12,11,13,11,14,35,15,23,16,23,17,17,18,41,19,17,20,11,21,0,22,0,23,0,,,,,,,,,,,,,6,0,7,0,8,0,9,0,10,0,11,17,12,5,13,0,14,0,15,0,16,17,17,41,18,58,19,29,20,29,21,41,22,52,23,35,,,,,,,,,,,,,6,0,7,0,8,0,9,0,10,0,11,0,12,0,13,5,14,17,15,5,16,0,17,5,18,11,19,23,20,11,21,17,22,17,23,23,,,,,,,,,,,,,6,0,7,0,8,0,9,0,10,0,11,17,12,23,13,35,14,17,15,23,16,35,17,41,18,23,19,29,20,47,21,52,22,35,23,17,,,,,,,,,,,,,,66615-420,,12,,3,,3,0,0,0,0,Pará,"R. da Mata, 542",,,,Conveniência Dudu,5,https://www.google.com/maps/search/?api=1&query=Conveni%C3%AAncia%20Dudu&query_place_id=ChIJxU2wwKyLpJIRnZFT3oUlz0A,
,,TRUE,,,,,TRUE,,,,,,,,,,,,,,,,,,,,,,,,,,,,,TRUE,,,,,,,,,,,,,,,,,,,,,,,,,,,,,,,,,,,,,,,,,,,,,,,,,,,,,,TRUE,,,,TRUE,,,,TRUE,TRUE,,,,,,,,,,,,"Av. Alm. Barroso, 5501 - Castanheira, Belém - PA, 66645-250, Brasil",Loja de Conveniência,Loja de bebidas,,,,,,,,Loja de Conveniência,7.67214E+18,Belém,BR,0x92a48bcf6b42c429:0x6a78e74fd0f9abdb,,Posto Shell,-1.4080894,-48.4372672,,Castanheira,segunda-feira,Atendimento 24 horas,terça-feira,Atendimento 24 horas,quarta-feira,Atendimento 24 horas,quinta-feira,Atendimento 24 horas,sexta-feira,Atendimento 24 horas,sábado,Atendimento 24 horas,domingo,Atendimento 24 horas,63,Tudo Conveniencia João Paulo,4.6,Outras pessoas pesquisaram,14,Tudo Conveniência Antônio Barreto,4.4,Outras pessoas pesquisaram,11,Tudo Conveniência Centenário,4.4,,,,,,,,,+55 91 99310-2500,5591993102500,ChIJKcRCa8-LpJIR26v50E_neGo,"HHR7+Q3 Castanheira, Belém - PA, Brasil",,,,,,,,,,,,,,,,,,,,,,,,,,,,,,,,,,,,,,,,,,,,,,,,,,,,,,,,,,,,,,,,,,,,,,,,,,,,,,,,,,,,,,,,,,,,,,,,,,,,,,,,,,,,,,,,,,,,,,,,,,,,,,,,,,,,,,,,,,,,,,,,,,,,,,,,,,,,,,,,,,,,,,,,,,,,,,,,,,,,,,,,,,,,,,,,,,,,,,,,,,,,,,,,,,,,,,,,,,,,,,,,,,,,,,,,,,,,,,,,,,,,,,,,,,,,,,,,,,,,,,,,,,,,,,,,,,,,,,,,,,,,,,,,,,,,,,,,,,,,,,,,,,,,,,,,,,,,,,,,,,,,,,,,,,,,,,,,,,,,66645-250,,11,,34,,22,4,6,2,0,Pará,"Av. Alm. Barroso, 5501",,,,Tudo Conveniência Entroncamento,4.1,https://www.google.com/maps/search/?api=1&query=Tudo%20Conveni%C3%AAncia%20Entroncamento&query_place_id=ChIJKcRCa8-LpJIR26v50E_neGo,
,,,,,,,,,,,,,,,,,,,,,,,,,,,,,,,,,,,,,,,,,,,,,,,,,,,,,,,,,,,,,,,,,,,,,,,,,,,,,,,,,,,,,,,,,,TRUE,,,,,,,,,,,,,,,,,,,,,"Av. Dalva, 705A - Marambaia, Belém - PA, 66615-850, Brasil",Loja de Conveniência,,,,,,,,,Loja de Conveniência,7.1411E+18,Belém,BR,0x92a48b28dba4efa9:0x631a4cd325e10c32,,,-1.4052126,-48.4388738,,Marambaia,,,,,,,,,,,,,,,1,Disk Breja Delivery,5,Outras pessoas pesquisaram,1,Depósito de Bebidas Express,5,Outras pessoas pesquisaram,2,Moura Conveniência & Distribuidora de Bebidas na Marambaia.,5,,,,,,,,,+55 91 3229-0677,559132290677,ChIJqe-k2yiLpJIRMgzhJdNMGmM,"HHV6+WF Marambaia, Belém - PA, Brasil",,,,,,,,,,,,,,,,,,,,,,,,,,,,,,,,,,,,,,,,,,,,,,,,,,,,,,,,,,,,,,,,,,,,,,,,,,,,,,,,,,,,,,,,,,,,,,,,,,,,,,,,,,,,,,,,,,,,,,,,,,,,,,,,,,,,,,,,,,,,,,,,,,,,,,,,,,,,,,,,,,,,,,,,,,,,,,,,,,,,,,,,,,,,,,,,,,,,,,,,,,,,,,,,,,,,,,,,,,,,,,,,,,,,,,,,,,,,,,,,,,,,,,,,,,,,,,,,,,,,,,,,,,,,,,,,,,,,,,,,,,,,,,,,,,,,,,,,,,,,,,,,,,,,,,,,,,,,,,,,,,,,,,,,,,,,,,,,,,,,66615-850,,10,,2,,2,0,0,0,0,Pará,"Av. Dalva, 705A",,,,Deposito de Bebidas Marambaia Zero Hora,5,https://www.google.com/maps/search/?api=1&query=Deposito%20de%20Bebidas%20Marambaia%20Zero%20Hora&query_place_id=ChIJqe-k2yiLpJIRMgzhJdNMGmM,
,,,,,,,,,,,,,,,,,,,,,,,,,,,,,,,,,,,,,,,,,,,,,,,,,,,,,,,,,,,,,,,,,,,,,,,,,,,,,,,,,,,,,,,,,,TRUE,,,,TRUE,,,,TRUE,TRUE,,,,,,,,,,,,"Av. Rodolfo Chermont, 469 - Marambaia, Belém - PA, 66615-170, Brasil",Loja de Conveniência,,,,,,,,,Loja de Conveniência,3.52858E+18,Belém,BR,0x92a48b5dd46ca7ed:0x30f8075daad95143,,,-1.4058835,-48.4532746,,Marambaia,,,,,,,,,,,,,,,2,King Beer,5,Outras pessoas pesquisaram,2,Moura Conveniência & Distribuidora de Bebidas na Marambaia.,5,Outras pessoas pesquisaram,0,Nápoli Conveniência,0,Outras pessoas pesquisaram,138,Momentum Bar & Conveniência,4.3,,,,,,,ChIJ7ads1F2LpJIRQ1HZql0H-DA,"HGVW+JM Marambaia, Belém - PA, Brasil",,,,,,,,,,,,,,,,,,,,,,,,,,,,,,,,,,,,,,,,,,,,,,,,,,,,,,,,,,,,,,,,,,,,,,,,,,,,,,,,,,,,,,,,,,,,,,,,,,,,,,,,,,,,,,,,,,,,,,,,,,,,,,,,,,,,,,,,,,,,,,,,,,,,,,,,,,,,,,,,,,,,,,,,,,,,,,,,,,,,,,,,,,,,,,,,,,,,,,,,,,,,,,,,,,,,,,,,,,,,,,,,,,,,,,,,,,,,,,,,,,,,,,,,,,,,,,,,,,,,,,,,,,,,,,,,,,,,,,,,,,,,,,,,,,,,,,,,,,,,,,,,,,,,,,,,,,,,,,,,,,,,,,,,,,,,,,,,,,,,66615-170,,8,,0,,,,,,,Pará,"Av. Rodolfo Chermont, 469",,,,King's Beer Conveniência,,https://www.google.com/maps/search/?api=1&query=King's%20Beer%20Conveni%C3%AAncia&query_place_id=ChIJ7ads1F2LpJIRQ1HZql0H-DA,
,,,,,,,,,,,,,,,,,,,,,,,,,,,,,,,,,,,,,,,,,TRUE,,,,,,,TRUE,TRUE,,,,,,,,,,,,,,,,,,,,,,,,,,,,,,,,,,,,,,,,,TRUE,,,,TRUE,,,,TRUE,TRUE,,,,,,,,,,,,"Passagem São Tomé, 330 - Marambaia, Belém - PA, 66620-600, Brasil",Loja de Conveniência,Loja de bebidas,,,,,,,,Loja de Conveniência,1.73481E+19,Belém,BR,0x92a48a4ccd003e59:0xf0c0fa017d1f5f9d,,,-1.4001898,-48.4520026,,Marambaia,segunda-feira,07:00 to 00:00,terça-feira,07:00 to 00:00,quarta-feira,07:00 to 00:00,quinta-feira,07:00 to 00:00,sexta-feira,07:00 to 00:00,sábado,07:00 to 00:00,domingo,07:00 to 00:00,2,Deposito de Bebidas Marambaia Zero Hora,5,Outras pessoas pesquisaram,1,Disk Breja Delivery,5,Outras pessoas pesquisaram,0,2E Depósito de Bebidas,0,Outras pessoas pesquisaram,1,Depósito de Bebidas Express,5,,,,,,,ChIJWT4AzUyKpJIRnV8ffQH6wPA,"HGXX+W5 Marambaia, Belém - PA, Brasil",6,0,7,6,8,0,9,0,10,6,11,20,12,26,13,26,14,40,15,53,16,26,17,20,18,20,19,26,20,33,21,53,22,73,23,60,,,,,,,,,,,,,6,0,7,0,8,0,9,0,10,6,11,20,12,53,13,33,14,33,15,20,16,20,17,13,18,13,19,40,20,26,21,13,22,6,23,13,,,,,,,,,,,,,,,6,0,7,46,8,66,9,46,10,60,11,53,12,26,13,6,14,6,15,13,16,6,17,13,18,46,19,73,20,86,21,60,22,26,23,6,,,,,,,,,,,,,6,0,7,26,8,33,9,40,10,20,11,20,12,33,13,40,14,60,15,73,16,40,17,26,18,33,19,13,20,13,21,13,22,33,23,33,,,,,,,,,,,,,6,0,7,13,8,13,9,46,10,53,11,66,12,53,13,33,14,20,15,6,16,6,17,20,18,20,19,33,20,40,21,40,22,73,23,100,,,,,,,,,,,,,6,0,7,0,8,6,9,26,10,46,11,60,12,53,13,20,14,6,15,6,16,13,17,6,18,6,19,13,20,33,21,53,22,46,23,26,,,,,,,,,,,,,6,0,7,40,8,33,9,20,10,20,11,46,12,40,13,20,14,13,15,13,16,33,17,26,18,46,19,53,20,86,21,66,22,66,23,40,,,,,,,,,,,,,,66620-600,,7,,2,,2,0,0,0,0,Pará,"Passagem São Tomé, 330",,,,Moura Conveniência & Distribuidora de Bebidas na Marambaia.,5,https://www.google.com/maps/search/?api=1&query=Moura%20Conveni%C3%AAncia%20%26%20Distribuidora%20de%20Bebidas%20na%20Marambaia.&query_place_id=ChIJWT4AzUyKpJIRnV8ffQH6wPA,
,,,,,,,,,,,,,,,,,,,,,,,,,,,,,,,,,,,,TRUE,,,,,,,,,,,,,,,,,,,,,,,,,,,,,,,,,,,,,,,,,,,,,,,,,,,,,,TRUE,,,,TRUE,,,,TRUE,TRUE,,,,,,,,,,,,"Passagem Getúlio Vargas, 49 - Souza, Belém - PA, 66613-070, Brasil",Loja de Conveniência,,,,,,,,,Loja de Conveniência,1.0824E+19,Belém,BR,0x92a48b03454e9089:0x96368bd8242c4706,,,-1.4167267,-48.4492165,,Souza,segunda-feira,"08:00 to 13:00, 15:00 to 00:00",terça-feira,"08:00 to 13:00, 15:00 to 00:00",quarta-feira,"08:00 to 13:00, 15:00 to 00:00",quinta-feira,"08:00 to 13:00, 15:00 to 00:00",sexta-feira,"08:00 to 13:00, 15:00 to 00:00",sábado,"08:00 to 13:00, 15:00 to 00:00",domingo,"08:00 to 14:00, 17:00 to 00:00",,,,,,,,,,,,,,,,,,,,+55 91 98073-9042,5591980739042,ChIJiZBORQOLpJIRBkcsJNiLNpY,"HHM2+88 Souza, Belém - PA, Brasil",6,0,7,0,8,15,9,15,10,7,11,0,12,0,13,0,14,0,15,38,16,15,17,23,18,23,19,53,20,23,21,7,22,0,23,0,,,,,,,,,,,,,6,0,7,0,8,23,9,30,10,53,11,23,12,7,13,0,14,0,15,23,16,15,17,0,18,0,19,0,20,0,21,7,22,30,23,23,,,,,,,,,,,,,,,6,0,7,0,8,15,9,7,10,0,11,0,12,7,13,0,14,0,15,7,16,7,17,23,18,23,19,7,20,15,21,15,22,7,23,0,,,,,,,,,,,,,6,0,7,0,8,0,9,7,10,0,11,7,12,23,13,7,14,0,15,0,16,0,17,53,18,61,19,100,20,53,21,23,22,0,23,15,,,,,,,,,,,,,6,0,7,0,8,0,9,30,10,61,11,100,12,53,13,0,14,0,15,0,16,0,17,0,18,7,19,0,20,0,21,7,22,0,23,0,,,,,,,,,,,,,6,0,7,0,8,38,9,23,10,15,11,38,12,30,13,0,14,0,15,38,16,76,17,38,18,15,19,0,20,7,21,15,22,38,23,38,,,,,,,,,,,,,6,0,7,0,8,0,9,0,10,0,11,0,12,7,13,0,14,0,15,23,16,23,17,30,18,15,19,7,20,0,21,7,22,15,23,46,,,,,,,,,,,,,,66613-070,,4,,2,,2,0,0,0,0,Pará,"Passagem Getúlio Vargas, 49",,,,Zero Hora Conveniência,5,https://www.google.com/maps/search/?api=1&query=Zero%20Hora%20Conveni%C3%AAncia&query_place_id=ChIJiZBORQOLpJIRBkcsJNiLNpY,
,,,,,,,,,,,,,,,,,,,,,,,,,,,,,,,,,,,,,,,,,,,,,,,,,,,,,,,,,,,,,,,,,,,,,,,,,,,,,,,,,,,,,,,,,,TRUE,,,,,,,,,,,,,,,,,,,,,"Av. Primeiro de Dezembro, 57 - Guanabara, Belém - PA, 67010-165, Brasil",Loja de Conveniência,,,,,,,,,Loja de Conveniência,2.75769E+18,Belém,BR,0x92a48b14047a2f57:0x264546e568285e43,,,-1.4062087,-48.4235841,,Guanabara,segunda-feira,Fechado,terça-feira,Fechado,quarta-feira,Fechado,quinta-feira,10:00 to 00:00,sexta-feira,10:00 to 02:00,sábado,10:00 to 04:00,domingo,08:30 to 00:00,1,UPAs BAR pub,5,Outras pessoas pesquisaram,1,Pub Hall Conveniência 24hs,5,Outras pessoas pesquisaram,2,Búuu Conveniência,5,Outras pessoas pesquisaram,0,PUB CONVENIENCIAS 24,0,,,,,+55 47 98885-7997,5547988857997,ChIJVy96BBSLpJIRQ14oaOVGRSY,"HHVG+GH Guanabara, Ananindeua - PA, Brasil",6,0,7,0,8,0,9,0,10,23,11,23,12,23,13,19,14,28,15,23,16,38,17,76,18,90,19,76,20,61,21,52,22,71,23,90,0,61,1,47,,,,,,,,,,,,,,,,,,,,,,,,,,,,,,,,,,,,,,,,,,,,,,,,,,,,,,,,,,,6,0,7,0,8,0,9,0,10,19,11,23,12,33,13,28,14,47,15,38,16,66,17,76,18,100,19,95,20,66,21,61,22,66,23,71,0,42,1,42,2,47,3,47,,,,,6,0,7,0,8,52,9,76,10,71,11,38,12,38,13,52,14,61,15,61,16,66,17,42,18,47,19,23,20,23,21,19,22,33,23,28,,,,,,,,,,,,,6,0,7,0,8,0,9,0,10,71,11,71,12,38,13,28,14,19,15,33,16,80,17,85,18,85,19,57,20,57,21,76,22,85,23,52,,,,,,,,,,,,,,,,,,,,,,,,,,,,,,,,,,,,,,,,,,,,,,,,,,,,,,,,,,,,,,,,,,,,,,,,,,,,,,,,,,,,,,,,,,,,,,,,,,,,,,,,,,,,,,67010-165,,1,,1,,1,0,0,0,0,Pará,"Av. Primeiro de Dezembro, 57",,,,Pub e conveniência UPA 2.0,5,https://www.google.com/maps/search/?api=1&query=Pub%20e%20conveni%C3%AAncia%20UPA%202.0&query_place_id=ChIJVy96BBSLpJIRQ14oaOVGRSY,
,,,,,,,,,,,,,,,,,,,,,,,,,,,,,,,,,,,,,,,,,,,,,,,,,,,,,,,,,,,,,,,,,,,,,,,,,,,,,,,,,,,,,,,,,,TRUE,,,,,,,,,,,,,,,,,,,,,"R. Jutaí, 20 - Paracuri, Belém - PA, 66814-210, Brasil",Loja de Conveniência,,,,,,,,,Loja de Conveniência,9.63921E+18,Belém,BR,0x92a46150969ddeff:0x85c5576d0bb39be1,,,-1.3149871,-48.4782407,,Paracuri,,,,,,,,,,,,,,,1,Conveniência canto certo,4,Outras pessoas pesquisaram,1,Conveniência do pizza,3,Outras pessoas pesquisaram,0,Casa Santos - Lanchonete/Mercado/Xerox,0,Outras pessoas pesquisaram,3,Comercial Santos,5,,,,,,,ChIJ_96dllBhpJIR4ZuzC21XxYU,"MGPC+2P Paracuri, Belém - PA, Brasil",,,,,,,,,,,,,,,,,,,,,,,,,,,,,,,,,,,,,,,,,,,,,,,,,,,,,,,,,,,,,,,,,,,,,,,,,,,,,,,,,,,,,,,,,,,,,,,,,,,,,,,,,,,,,,,,,,,,,,,,,,,,,,,,,,,,,,,,,,,,,,,,,,,,,,,,,,,,,,,,,,,,,,,,,,,,,,,,,,,,,,,,,,,,,,,,,,,,,,,,,,,,,,,,,,,,,,,,,,,,,,,,,,,,,,,,,,,,,,,,,,,,,,,,,,,,,,,,,,,,,,,,,,,,,,,,,,,,,,,,,,,,,,,,,,,,,,,,,,,,,,,,,,,,,,,,,,,,,,,,,,,,,,,,,,,,,,,,,,,,66814-210,,20,,1,,1,0,0,0,0,Pará,"R. Jutaí, 20",,,,conveniência Santos,5,https://www.google.com/maps/search/?api=1&query=conveni%C3%AAncia%20Santos&query_place_id=ChIJ_96dllBhpJIR4ZuzC21XxYU,
,,,,,,,,,,,,,,,,,,,,,,,,,,,,,,,,,,,TRUE,,,,,,,,,,,,,,,,,,,,,,,,,,,,,,,,,,,,,,,,,,,,,,,,,,,,,,,,,,,,,,,,,,,,,,,,,,,,"R. Quinze de Agosto, 364 - Paracuri, Belém - PA, 66812-480, Brasil",Loja de Conveniência,,,,,,,,,Loja de Conveniência,1.4468E+19,Belém,BR,0x92a465067c25da57:0xc8c88101c0cfa698,,,-1.311423,-48.4826862,,Paracuri,segunda-feira,Fechado,terça-feira,09:00 to 20:30,quarta-feira,09:00 to 00:00,quinta-feira,09:00 to 00:00,sexta-feira,09:00 to 00:00,sábado,08:00 to 00:00,domingo,08:00 to 00:00,1,Comercial Miriam,5,Outras pessoas pesquisaram,1,Conveniência canto certo,4,Outras pessoas pesquisaram,0,JHONIS CONVENIÊNCIA,0,,,,,,,,,+55 91 98362-9148,5591983629148,ChIJV9olfAZlpJIRmKbPwAGByMg,"MGQ8+CW Belém, Pará, Brasil",6,0,7,0,8,0,9,14,10,35,11,28,12,42,13,21,14,28,15,7,16,7,17,21,18,14,19,21,20,35,21,14,22,7,23,7,,,,,,,,,,,,,,,,,,,,,,,,,,,,,,,,,,,,,,,,,,,,,,,,,,,,,,,,,,,,,,,6,0,7,0,8,0,9,0,10,0,11,0,12,0,13,7,14,21,15,21,16,7,17,0,18,0,19,0,20,14,21,21,22,7,23,7,,,,,,,,,,,,,6,0,7,0,8,0,9,14,10,21,11,28,12,28,13,42,14,35,15,14,16,7,17,0,18,0,19,0,20,0,21,0,22,0,23,0,,,,,,,,,,,,,6,0,7,0,8,0,9,28,10,14,11,14,12,14,13,7,14,0,15,7,16,28,17,71,18,100,19,92,20,57,21,42,22,42,23,28,,,,,,,,,,,,,6,0,7,0,8,0,9,21,10,14,11,21,12,7,13,7,14,28,15,21,16,14,17,7,18,14,19,7,20,7,21,0,22,0,23,0,,,,,,,,,,,,,6,0,7,0,8,0,9,21,10,21,11,7,12,7,13,0,14,0,15,7,16,21,17,21,18,35,19,28,20,42,21,28,22,35,23,14,,,,,,,,,,,,,,66812-480,,17,,2,,2,0,0,0,0,Pará,"R. Quinze de Agosto, 364",,,,Conveniência do marquinho,5,https://www.google.com/maps/search/?api=1&query=Conveni%C3%AAncia%20do%20marquinho&query_place_id=ChIJV9olfAZlpJIRmKbPwAGByMg,
,,,,,,,,,,,,,,,,,,,,,,,,,,,,,,,,,,,TRUE,,,,,,,,,,,,,,,,,,,,,,,,,,,,,,,,,,,,,,,,,,,,,,,,,,,,,,,TRUE,,,,TRUE,,,,TRUE,TRUE,,,,,,,,,,,,"R. Quinze de Agosto, 1333 - Icoaraci, Belém - PA, 66812-480, Brasil",Loja de Conveniência,,,,,,,,,Loja de Conveniência,2.84315E+18,Belém,BR,0x92a4659d7ed46b8b:0x2774e4b31d6e3c07,,,-1.3118618,-48.4828435,,Icoaraci,segunda-feira,09:00 to 00:00,terça-feira,09:00 to 00:00,quarta-feira,09:00 to 00:00,quinta-feira,09:00 to 00:00,sexta-feira,09:00 to 03:00,sábado,09:00 to 03:00,domingo,09:00 to 03:00,0,Conveniência Silva,0,Outras pessoas pesquisaram,20,Cohab Depósito & Conveniência,3.9,,,,,,,,,,,,,+55 91 99810-3558,5591998103558,ChIJi2vUfp1lpJIRBzxuHbPkdCc,"MGQ8+7V Icoaraci, Belém - PA, Brasil",6,0,7,0,8,0,9,28,10,57,11,35,12,28,13,35,14,28,15,28,16,14,17,7,18,0,19,0,20,0,21,0,22,7,23,21,0,7,1,0,2,7,,,,,,,6,0,7,0,8,0,9,14,10,7,11,7,12,0,13,7,14,21,15,21,16,42,17,42,18,35,19,50,20,28,21,21,22,7,23,0,,,,,,,,,,,,,,,6,0,7,0,8,0,9,7,10,14,11,28,12,28,13,28,14,42,15,64,16,28,17,14,18,0,19,7,20,14,21,14,22,21,23,7,0,0,1,0,2,0,,,,,,,6,0,7,0,8,0,9,14,10,7,11,0,12,7,13,14,14,7,15,0,16,7,17,14,18,28,19,21,20,7,21,0,22,7,23,7,0,14,1,7,2,0,,,,,,,6,0,7,0,8,0,9,0,10,0,11,7,12,14,13,35,14,28,15,50,16,50,17,64,18,28,19,21,20,7,21,21,22,7,23,0,,,,,,,,,,,,,6,0,7,0,8,0,9,7,10,0,11,7,12,14,13,21,14,21,15,35,16,92,17,100,18,78,19,28,20,7,21,0,22,7,23,0,,,,,,,,,,,,,6,0,7,0,8,0,9,0,10,0,11,21,12,42,13,64,14,35,15,28,16,14,17,14,18,7,19,7,20,14,21,7,22,0,23,0,,,,,,,,,,,,,,66812-480,,16,,1,,0,0,0,1,0,Pará,"R. Quinze de Agosto, 1333",,,,Conveniência do pizza,3,https://www.google.com/maps/search/?api=1&query=Conveni%C3%AAncia%20do%20pizza&query_place_id=ChIJi2vUfp1lpJIRBzxuHbPkdCc,https://www.lojalocal.com/00026481707234
,,,,,,,,,,,,,,,,,,,,,,,,,,,,,,,,,,,,,,,,,,,,,,,,,,,,,,,,,,,,,,,,,,,,,,,,,,,,,,,,,,,,,,,,,,TRUE,,,,,,,,,,,,,,,,,,,,,"Av. Arthur Bernardes, 6628-6736 - Tapanã, Belém - PA, Brasil",Loja de Conveniência,,,,,,,,,Loja de Conveniência,7.82805E+18,Belém,BR,0x92a463a13fd0d353:0x6ca2d3acb1ac263e,,,-1.3209276,-48.4852643,,Tapanã,,,,,,,,,,,,,,,1,DB Conveniência,5,,,,,,,,,,,,,,,,,+55 91 99231-4413,5591992314413,ChIJU9PQP6FjpJIRPiassazTomw,"MGH7+JV Tapanã, Belém - PA, Brasil",,,,,,,,,,,,,,,,,,,,,,,,,,,,,,,,,,,,,,,,,,,,,,,,,,,,,,,,,,,,,,,,,,,,,,,,,,,,,,,,,,,,,,,,,,,,,,,,,,,,,,,,,,,,,,,,,,,,,,,,,,,,,,,,,,,,,,,,,,,,,,,,,,,,,,,,,,,,,,,,,,,,,,,,,,,,,,,,,,,,,,,,,,,,,,,,,,,,,,,,,,,,,,,,,,,,,,,,,,,,,,,,,,,,,,,,,,,,,,,,,,,,,,,,,,,,,,,,,,,,,,,,,,,,,,,,,,,,,,,,,,,,,,,,,,,,,,,,,,,,,,,,,,,,,,,,,,,,,,,,,,,,,,,,,,,,,,,,,,,,,,11,,0,,,,,,,Pará,"Av. Arthur Bernardes, 6628-6736",,,,Banca Da TJ Sports E Conveniencia,,https://www.google.com/maps/search/?api=1&query=Banca%20Da%20TJ%20Sports%20E%20Conveniencia&query_place_id=ChIJU9PQP6FjpJIRPiassazTomw,http://www.tjsports.bet/
,,,,,,,,,,,,,,,,,,,,,,,,,,,,,,,,,,,,TRUE,,,,,,,,,,,,,,,,,,,,,,,,,,,,,,,,,,,,,,,,,,,,,,,,,,,,,,,TRUE,,,,TRUE,TRUE,,,,,,,,,,,,,,,"Tv. Soares Carneiro, 313 - Umarizal, Belém - PA, 66050-520, Brasil",Loja de Conveniência,,,,,,,,,Loja de Conveniência,1.76783E+19,Belém,BR,0x92a48fec40fd852d:0xf5561891d9acf8b2,,,-1.4347176,-48.4892105,,Umarizal,segunda-feira,17:00 to 00:30,terça-feira,16:00 to 01:00,quarta-feira,10:00 to 01:00,quinta-feira,10:00 to 01:00,sexta-feira,10:00 to 02:00,sábado,09:00 to 02:30,domingo,09:00 to 01:00,131,Premium Conveniência | Doca,4.9,Outras pessoas pesquisaram,0,Na Hora Convêniencia,0,Outras pessoas pesquisaram,5,Conveniencia do Dias,5,Outras pessoas pesquisaram,1,Conveniência A Referência,5,,,,,,,ChIJLYX9QOyPpJIRsvis2ZEYVvU,"HG86+48 Umarizal, Belém - PA, Brasil",6,0,7,0,8,0,9,0,10,10,11,40,12,40,13,20,14,20,15,40,16,20,17,20,18,20,19,20,20,10,21,30,22,10,23,10,0,20,1,10,,,,,,,,,6,0,7,0,8,0,9,0,10,0,11,0,12,0,13,0,14,0,15,0,16,0,17,40,18,40,19,50,20,60,21,20,22,10,23,10,0,20,,,,,,,,,,,,,6,0,7,0,8,0,9,40,10,60,11,100,12,60,13,50,14,60,15,90,16,70,17,80,18,60,19,70,20,30,21,20,22,30,23,70,0,30,1,10,2,0,,,,,,,6,0,7,0,8,0,9,30,10,10,11,0,12,10,13,30,14,20,15,30,16,70,17,80,18,40,19,10,20,0,21,0,22,10,23,30,0,10,,,,,,,,,,,6,0,7,0,8,0,9,0,10,30,11,30,12,40,13,20,14,10,15,10,16,20,17,20,18,30,19,40,20,10,21,0,22,10,23,20,0,20,,,,,,,,,,,6,0,7,0,8,0,9,0,10,0,11,0,12,0,13,0,14,0,15,0,16,10,17,20,18,40,19,80,20,40,21,20,22,0,23,10,0,30,,,,,,,,,,,6,0,7,0,8,0,9,0,10,40,11,40,12,10,13,10,14,0,15,0,16,0,17,0,18,20,19,40,20,50,21,40,22,50,23,60,0,20,,,,,,,,,,,,66050-520,,20,,0,,,,,,,Pará,"Tv. Soares Carneiro, 313",,,,CONVENIENCIA MUNICIPAL,,https://www.google.com/maps/search/?api=1&query=CONVENIENCIA%20MUNICIPAL&query_place_id=ChIJLYX9QOyPpJIRsvis2ZEYVvU,
,,TRUE,,,,,TRUE,,,,,,,,,,,,,,,,,,,,,,,,,,,,,TRUE,,,,,,,,,,,,,,,,,,,,,,,,,,,,,,,,,,,,,,,,,,,,,,,,,,,,,,TRUE,,,,TRUE,,,,TRUE,TRUE,,,,,,,,,,,,"R. Antônio Barreto, 74 - Umarizal, Belém - PA, 66055-170, Brasil",Loja de Conveniência,,,,,,,,,Loja de Conveniência,1.32094E+19,Belém,BR,0x92a48f02643709f5:0xb751550c54b5c823,,,-1.4461123,-48.4875188,,Umarizal,segunda-feira,Atendimento 24 horas,terça-feira,Atendimento 24 horas,quarta-feira,Atendimento 24 horas,quinta-feira,Atendimento 24 horas,sexta-feira,Atendimento 24 horas,sábado,Atendimento 24 horas,domingo,Atendimento 24 horas,223,Tudo Conveniência Boaventura,4.5,Outras pessoas pesquisaram,9,Tudo Conveniência Serzedelo,3.6,Outras pessoas pesquisaram,63,Tudo Conveniencia João Paulo,4.6,Outras pessoas pesquisaram,34,Tudo Conveniência Entroncamento,4.1,Outras pessoas pesquisaram,8,Tudo Conveniência Brás de Aguiar,3.3,+55 91 98404-1739,5591984041739,ChIJ9Qk3ZAKPpJIRI8i1VAxVUbc,"HG36+HX Umarizal, Belém - PA, Brasil",4,22,5,16,6,20,7,33,8,47,9,56,10,57,11,52,12,50,13,47,14,50,15,50,16,58,17,63,18,68,19,72,20,69,21,72,22,82,23,100,0,95,1,83,2,63,3,40,4,8,5,8,6,12,7,19,8,27,9,36,10,40,11,41,12,39,13,38,14,41,15,47,16,53,17,59,18,67,19,68,20,66,21,63,22,67,23,63,0,48,1,30,2,14,3,7,,,4,30,5,25,6,19,7,26,8,35,9,48,10,55,11,53,12,45,13,33,14,32,15,34,16,36,17,36,18,38,19,44,20,55,21,66,22,82,23,88,0,83,1,73,2,61,3,47,4,21,5,21,6,21,7,21,8,24,9,29,10,34,11,36,12,35,13,31,14,25,15,25,16,24,17,31,18,40,19,55,20,59,21,63,22,63,23,62,0,51,1,43,2,33,3,27,4,11,5,10,6,18,7,36,8,47,9,51,10,52,11,50,12,44,13,43,14,50,15,55,16,66,17,72,18,77,19,80,20,74,21,78,22,77,23,84,0,69,1,54,2,39,3,25,4,11,5,11,6,15,7,21,8,31,9,38,10,42,11,44,12,38,13,38,14,40,15,47,16,54,17,62,18,63,19,66,20,60,21,66,22,67,23,68,0,53,1,33,2,20,3,13,4,9,5,10,6,16,7,27,8,36,9,41,10,45,11,45,12,40,13,33,14,39,15,44,16,52,17,58,18,67,19,72,20,70,21,63,22,72,23,77,0,70,1,52,2,34,3,17,40,66055-170,,18,,14,,11,1,2,0,0,Pará,"R. Antônio Barreto, 74",,,,Tudo Conveniência Antônio Barreto,4.4,https://www.google.com/maps/search/?api=1&query=Tudo%20Conveni%C3%AAncia%20Ant%C3%B4nio%20Barreto&query_place_id=ChIJ9Qk3ZAKPpJIRI8i1VAxVUbc,
,,,,,,,,,,,,,,,,,,,,,,,,,,,,,,,,,,,,TRUE,,,,,,,,,,,,,,,,,,,,,,,,,,,,,,,,,,,,,,,,,,,,,,,,,,,,,,,,,,,,,,,,,,,,,,,,,,,"R. Barão de Igarapé Miri - Guamá, Belém - PA, 66075-045, Brasil",Loja de Conveniência,,,,,,,,,Loja de Conveniência,3.50923E+18,Belém,BR,0x92a48d9771ec2db7:0x30b34924116791cb,,,-1.4673629,-48.4596668,,Guamá,segunda-feira,10:00 to 23:00,terça-feira,10:00 to 23:00,quarta-feira,10:00 to 23:00,quinta-feira,Atendimento 24 horas,sexta-feira,Atendimento 24 horas,sábado,Atendimento 24 horas,domingo,Atendimento 24 horas,1,PRIDE CONVENIÊNCIA,5,Outras pessoas pesquisaram,3,Conveniência Pit Stop,4.7,Outras pessoas pesquisaram,1,Santana Variedades,5,Outras pessoas pesquisaram,184,Mercadinho Barão,4.1,Outras pessoas pesquisaram,1,Império Conveniência,5,+55 91 98319-0309,5591983190309,ChIJty3scZeNpJIRy5FnESRJszA,"GGMR+34 Guamá, Belém - PA, Brasil",0,22,1,0,2,0,3,0,4,0,5,0,6,22,7,33,8,88,9,88,10,44,11,11,12,0,13,11,14,22,15,33,16,22,17,44,18,22,19,11,20,11,21,33,22,11,23,0,6,0,7,0,8,0,9,0,10,66,11,44,12,55,13,44,14,11,15,0,16,11,17,0,18,0,19,0,20,0,21,0,22,22,23,0,,,,,,,,,,,,,,,0,0,1,0,2,0,3,0,4,44,5,33,6,44,7,33,8,22,9,0,10,0,11,0,12,11,13,22,14,11,15,22,16,22,17,55,18,44,19,22,20,11,21,33,22,77,23,33,0,11,1,11,2,33,3,77,4,11,5,33,6,66,7,77,8,88,9,33,10,11,11,0,12,11,13,11,14,22,15,11,16,0,17,0,18,0,19,11,20,0,21,0,22,11,23,22,0,66,1,77,2,77,3,55,4,11,5,22,6,11,7,0,8,11,9,22,10,22,11,0,12,0,13,0,14,11,15,22,16,22,17,33,18,33,19,33,20,55,21,100,22,55,23,44,6,0,7,0,8,0,9,0,10,11,11,0,12,0,13,11,14,22,15,11,16,0,17,22,18,55,19,88,20,44,21,33,22,22,23,0,,,,,,,,,,,,,6,0,7,0,8,0,9,0,10,0,11,0,12,11,13,55,14,88,15,77,16,44,17,11,18,11,19,33,20,11,21,0,22,11,23,0,,,,,,,,,,,,,,66075-045,,19,,1,,1,0,0,0,0,Pará,R. Barão de Igarapé Miri,,,,STOP conveniência,5,https://www.google.com/maps/search/?api=1&query=STOP%20conveni%C3%AAncia&query_place_id=ChIJty3scZeNpJIRy5FnESRJszA,
,,,,,,,,,,,,,,,,,,,,,,,,,,,,,,,,,,,TRUE,,,,,,,,,,,,,,,,,,,,,,,,,,,,,,,,,,,,,,,,,,,,,,,,,,,,,,,TRUE,,,,TRUE,,,,TRUE,,,,,,,,,,,,,"Tv. Vileta, 3500 - Marco, Belém - PA, 66095-346, Brasil",Loja de Conveniência,,,,,,,,,Loja de Conveniência,7.47224E+18,Belém,BR,0x92a48dd61a583609:0x67b2b71ef849beeb,,,-1.4447533,-48.4548857,,Marco,segunda-feira,17:00 to 00:00,terça-feira,17:00 to 00:00,quarta-feira,17:00 to 00:00,quinta-feira,17:00 to 00:00,sexta-feira,17:00 to 00:00,sábado,17:00 to 00:00,domingo,17:00 to 00:00,4,Empório Real,5,Outras pessoas pesquisaram,3678,Armazém Auto Serviço,4.1,Outras pessoas pesquisaram,0,RL Bebidas,0,,,,,,,,,+55 91 98574-9628,5591985749628,ChIJCTZYGtaNpJIR675J-B63smc,"HG4W+32 Marco, Belém - PA, Brasil",,,,,,,,,,,,,,,,,,,,,,,,,,,,,,,,,,,,,,,,,,,,,,,,,,,,,,,,,,,,,,,,,,,,,,,,,,,,,,,,,,,,,,,,,,,,,,,,,,,,,,,,,,,,,,,,,,,,,,,,,,,,,,,,,,,,,,,,,,,,,,,,,,,,,,,,,,,,,,,,,,,,,,,,,,,,,,,,,,,,,,,,,,,,,,,,,,,,,,,,,,,,,,,,,,,,,,,,,,,,,,,,,,,,,,,,,,,,,,,,,,,,,,,,,,,,,,,,,,,,,,,,,,,,,,,,,,,,,,,,,,,,,,,,,,,,,,,,,,,,,,,,,,,,,,,,,,,,,,,,,,,,,,,,,,,,,,,,,,,,66095-346,,5,,0,,,,,,,Pará,"Tv. Vileta, 3500",,,,Empório Me Beer,,https://www.google.com/maps/search/?api=1&query=Emp%C3%B3rio%20Me%20Beer&query_place_id=ChIJCTZYGtaNpJIR675J-B63smc,https://www.lojalocal.com/00001842197282
,,,,,,,,,,,,,,,,,,,,,,,,,,,,,,,,,,,,,,,,,,,,,,,,,,,,,,,,,,,,,,,,,,,,,,,,,,,,,,,,,,,,,,,,,,,,,,,,,,,,,,,,,,,,,,,"R. Lauro Sodré, 285 - Terra Firme, Belém - PA, 66077-291, Brasil",Loja de Conveniência,,,,,,,,,Loja de Conveniência,1.17011E+19,Belém,BR,0x92a48d9c7479cf6b:0xa26294e9a10e32de,,,-1.4549149,-48.4516956,,Terra Firme,segunda-feira,Atendimento 24 horas,terça-feira,Atendimento 24 horas,quarta-feira,Atendimento 24 horas,quinta-feira,Atendimento 24 horas,sexta-feira,Atendimento 24 horas,sábado,Atendimento 24 horas,domingo,Atendimento 24 horas,1,Nete conveniência,5,Outras pessoas pesquisaram,1,Central da cerveja,5,Outras pessoas pesquisaram,3,DRINKS FIRME,5,,,,,,,,,+55 91 98604-5949,5591986045949,ChIJa895dJyNpJIR3jIOoemUYqI,"GGWX+28 Terra Firme, Belém - PA, Brasil",4,25,5,16,6,33,7,16,8,8,9,8,10,0,11,0,12,0,13,0,14,0,15,8,16,41,17,41,18,75,19,66,20,50,21,25,22,33,23,16,0,33,1,50,2,83,3,33,4,0,5,0,6,0,7,0,8,0,9,0,10,16,11,41,12,50,13,16,14,8,15,8,16,8,17,25,18,50,19,25,20,8,21,0,22,8,23,25,0,25,1,41,2,25,3,8,,,4,8,5,16,6,33,7,16,8,8,9,0,10,8,11,16,12,8,13,0,14,0,15,0,16,0,17,16,18,33,19,41,20,16,21,16,22,0,23,0,0,8,1,0,2,0,3,0,4,8,5,25,6,25,7,16,8,25,9,8,10,0,11,0,12,0,13,8,14,16,15,8,16,16,17,16,18,33,19,33,20,25,21,41,22,16,23,16,0,16,1,41,2,16,3,8,4,16,5,0,6,0,7,0,8,0,9,0,10,0,11,0,12,8,13,16,14,25,15,41,16,58,17,50,18,66,19,100,20,50,21,33,22,16,23,33,0,25,1,25,2,41,3,41,4,8,5,16,6,41,7,66,8,41,9,25,10,8,11,33,12,33,13,16,14,16,15,33,16,33,17,41,18,41,19,16,20,16,21,8,22,16,23,8,0,16,1,16,2,33,3,16,4,25,5,25,6,16,7,16,8,16,9,8,10,8,11,0,12,0,13,0,14,16,15,16,16,41,17,41,18,16,19,0,20,0,21,0,22,0,23,0,0,0,1,8,2,0,3,8,,66077-291,,18,,1,,1,0,0,0,0,Pará,"R. Lauro Sodré, 285",,,,Conveniência Central da Cerveja,5,https://www.google.com/maps/search/?api=1&query=Conveni%C3%AAncia%20Central%20da%20Cerveja&query_place_id=ChIJa895dJyNpJIR3jIOoemUYqI,
,,,,,,,,,,,,,,,,,,,,,,,,,,,,,,,,,,,,,,,,,,,,,,,,,,,,,,,,,,,,,,,,,,,,,,,,,,,,,,,,,,,,,,,,,,,,,,,,,,,,,,,,,,,,,,,"R. da Horta - Terra Firme, Belém - PA, 66842-180, Brasil",Loja de Conveniência,,,,,,,,,Loja de Conveniência,1.46168E+19,Belém,BR,0x92a48dddc1331051:0xcad9342bcda06b3c,,,-1.4446889,-48.448718,,Terra Firme,,,,,,,,,,,,,,,11,JD Pub Point Beer,5,Outras pessoas pesquisaram,1,Conveniência Central da Cerveja,5,Outras pessoas pesquisaram,1,Pub bee,5,,,,,,,,,+55 91 98063-2381,5591980632381,ChIJURAzwd2NpJIRPGugzSs02co,"HH42+4G Terra Firme, Belém - PA, Brasil",,,,,,,,,,,,,,,,,,,,,,,,,,,,,,,,,,,,,,,,,,,,,,,,,,,,,,,,,,,,,,,,,,,,,,,,,,,,,,,,,,,,,,,,,,,,,,,,,,,,,,,,,,,,,,,,,,,,,,,,,,,,,,,,,,,,,,,,,,,,,,,,,,,,,,,,,,,,,,,,,,,,,,,,,,,,,,,,,,,,,,,,,,,,,,,,,,,,,,,,,,,,,,,,,,,,,,,,,,,,,,,,,,,,,,,,,,,,,,,,,,,,,,,,,,,,,,,,,,,,,,,,,,,,,,,,,,,,,,,,,,,,,,,,,,,,,,,,,,,,,,,,,,,,,,,,,,,,,,,,,,,,,,,,,,,,,,,,,,,,66842-180,,8,,0,,,,,,,Pará,R. da Horta,,,,Pub Unick,,https://www.google.com/maps/search/?api=1&query=Pub%20Unick&query_place_id=ChIJURAzwd2NpJIRPGugzSs02co,
,,,,,,,,,,,,TRUE,,TRUE,,,,,,,,,,,,,,,,,,,TRUE,,,,,,,,TRUE,,,,,TRUE,,,,,TRUE,,,,,,,,TRUE,,,,,,,,,,,,,TRUE,,,TRUE,,,TRUE,,,,,,,,,,,,TRUE,,,,TRUE,,,,TRUE,TRUE,,,TRUE,,TRUE,,TRUE,TRUE,,,,"R. Silva Castro - Guamá, Belém - PA, 66075-104, Brasil",Bar,Loja de Conveniência,Petiscaria,Depósito,,,,,,Bar,1.4289E+19,Belém,BR,0x92a48dea9c12e27d:0xc64cb9c1733261bd,"https://food.google.com/chooseprovider?restaurantId=/g/11p0sykpbk&g2lbs=AOHF13mMsS61qhBEVSes9zUJJPiUR5K5yQsx4BQAj68sYRCoV77T_lR8G4BV-dncUgV1W0NEaumUQfz6Eo9Ar8I09Lt38CSZxaFJ5CUHNhOuhmhEyHU7ADs%3D&hl=pt-BR&gl=us&fo_m=MfohQo559jFvMUOzJVpjPL1YMfZ3bInYwBDuMfaXTPp5KXh-&utm_source=tactile&gei=znCxZp_BGq6YptQPsICZ-Qo&ei=znCxZp_BGq6YptQPsICZ-Qo&fo_s=OA,SOE&opi=79508299&foub=mcpp",,-1.4650772,-48.4639498,,Guamá,segunda-feira,08:00 to 00:00,terça-feira,08:00 to 00:00,quarta-feira,08:00 to 00:00,quinta-feira,08:00 to 00:00,sexta-feira,08:00 to 00:00,sábado,08:00 to 00:00,domingo,08:00 to 00:00,0,BLACK CERVEJA,0,Outras pessoas pesquisaram,3,Bravo Empório Beer,3.7,Outras pessoas pesquisaram,14,Periferia Grill,4.5,Outras pessoas pesquisaram,0,Bar da prima,0,,,,,,,ChIJfeISnOqNpJIRvWEyc8G5TMY,"GGMP+XC Guamá, Belém - PA, Brasil",6,0,7,0,8,50,9,40,10,30,11,20,12,10,13,30,14,10,15,20,16,30,17,70,18,50,19,40,20,30,21,50,22,60,23,80,,,,,,,,,,,,,6,0,7,0,8,60,9,90,10,90,11,100,12,100,13,50,14,20,15,0,16,10,17,20,18,50,19,40,20,60,21,40,22,30,23,10,,,,,,,,,,,,,,,6,0,7,0,8,10,9,0,10,0,11,10,12,30,13,30,14,10,15,10,16,20,17,20,18,10,19,10,20,0,21,0,22,10,23,0,,,,,,,,,,,,,6,0,7,0,8,30,9,70,10,60,11,20,12,0,13,0,14,10,15,30,16,60,17,40,18,30,19,30,20,40,21,60,22,30,23,50,,,,,,,,,,,,,6,0,7,0,8,40,9,20,10,10,11,0,12,10,13,20,14,10,15,10,16,20,17,50,18,30,19,40,20,30,21,10,22,0,23,0,,,,,,,,,,,,,6,0,7,0,8,20,9,20,10,50,11,40,12,70,13,70,14,40,15,30,16,40,17,20,18,10,19,0,20,0,21,0,22,0,23,0,,,,,,,,,,,,,6,0,7,0,8,0,9,20,10,20,11,30,12,20,13,50,14,40,15,50,16,50,17,20,18,20,19,20,20,40,21,30,22,40,23,30,,,,,,,,,,,,,,66075-104,,17,,1,,1,0,0,0,0,Pará,R. Silva Castro,,wa.me,https://wa.me/message/NRXYCRQT5W5PD1,Parceria Beer - Comércio de Bebidas,5,https://www.google.com/maps/search/?api=1&query=Parceria%20Beer%20-%20Com%C3%A9rcio%20de%20Bebidas&query_place_id=ChIJfeISnOqNpJIRvWEyc8G5TMY,
,,,,,,,,,,,,,,,TRUE,,,TRUE,,,,,,,,,,,,,,,,,,TRUE,,,,,,,,,,,,TRUE,TRUE,,,,,,,,,,,,,,,,,,,,,,,,,,,,,,,,,,,,,,,,,,TRUE,,,,TRUE,TRUE,,,,,,,,,,,,,,,"Vila Moreira - Guamá, Belém - PA, 66075-325, Brasil",Loja de Conveniência,Depósito,,,,,,,,Loja de Conveniência,1.24861E+19,Belém,BR,0x92a48d1c7ed69007:0xad478a4513dd73ec,,,-1.4747046,-48.4595483,,Guamá,segunda-feira,08:00 to 22:00,terça-feira,08:00 to 22:00,quarta-feira,08:00 to 22:00,quinta-feira,08:00 to 22:00,sexta-feira,08:00 to 00:00,sábado,08:00 to 00:00,domingo,09:00 to 23:00,5,Conveniência Pit Stop BR,4.8,Outras pessoas pesquisaram,1,STOP conveniência,5,,,,,,,,,,,,,,,ChIJB5DWfhyNpJIR7HPdE0WKR60,"GGGR+45 Guamá, Belém - PA, Brasil",6,0,7,0,8,0,9,0,10,0,11,23,12,46,13,69,14,30,15,23,16,15,17,15,18,23,19,23,20,30,21,15,22,7,23,7,,,,,,,,,,,,,6,0,7,0,8,30,9,23,10,15,11,30,12,23,13,15,14,15,15,30,16,15,17,7,18,0,19,0,20,0,21,0,22,0,23,0,,,,,,,,,,,,,,,6,0,7,0,8,15,9,23,10,46,11,30,12,30,13,38,14,30,15,46,16,23,17,23,18,7,19,0,20,7,21,38,22,38,23,69,,,,,,,,,,,,,6,0,7,0,8,0,9,15,10,30,11,15,12,7,13,7,14,0,15,0,16,0,17,0,18,0,19,7,20,38,21,84,22,100,23,0,,,,,,,,,,,,,6,0,7,0,8,15,9,7,10,0,11,0,12,0,13,0,14,0,15,0,16,7,17,7,18,15,19,7,20,0,21,7,22,0,23,0,,,,,,,,,,,,,6,0,7,0,8,38,9,23,10,7,11,0,12,0,13,0,14,0,15,7,16,15,17,38,18,38,19,15,20,0,21,7,22,0,23,0,,,,,,,,,,,,,6,0,7,0,8,15,9,7,10,0,11,7,12,23,13,30,14,53,15,46,16,53,17,15,18,15,19,30,20,38,21,69,22,0,23,0,,,,,,,,,,,,,,66075-325,,12,,3,,2,1,0,0,0,Pará,Vila Moreira,,,,Conveniência Pit Stop,4.7,https://www.google.com/maps/search/?api=1&query=Conveni%C3%AAncia%20Pit%20Stop&query_place_id=ChIJB5DWfhyNpJIR7HPdE0WKR60,
,,,,,,,,,,,,,,TRUE,,,,,,,,,,,,,,,,,,,,,TRUE,,,,,,,,,,,,,,,,,,,,,,,,,,,,,,,,,,,,,,,,,,,,,,,,,,,,,,,TRUE,,,,,,,,,,,,,,,,,,,,,"Avenida Perimetral, 760 Entre São Domingos e, Av. Cipriano Santos - Montese Ou T Firme, Belém - PA, 66077-830, Brasil",Loja de Conveniência,Bar,Fornecedor de alimentos e bebidas para catering,,,,,,,Loja de Conveniência,1.9798E+17,Belém,BR,0x92a48dbc07e8214b:0x2bf5da687fc63db,,,-1.4501621,-48.4468046,,Montese Ou T Firme,segunda-feira,"08:00 to 13:00, 18:00 to 00:00",terça-feira,08:00 to 00:00,quarta-feira,08:00 to 00:00,quinta-feira,08:00 to 00:00,sexta-feira,08:00 to 00:00,sábado,08:00 to 00:00,domingo,08:00 to 00:00,5,Empório conveniência terra firme,4.8,Outras pessoas pesquisaram,14,Drive Beer conveniência,4.9,,,,,,,,,,,,,+55 91 98442-6529,5591984426529,ChIJSyHoB7yNpJIR22P8h6ZdvwI,"GHX3+W7 Belém, Pará, Brasil",6,0,7,0,8,73,9,57,10,53,11,52,12,55,13,53,14,60,15,57,16,76,17,86,18,90,19,85,20,85,21,84,22,76,23,59,,,,,,,,,,,,,6,0,7,0,8,72,9,68,10,61,11,61,12,56,13,0,14,0,15,0,16,0,17,0,18,72,19,88,20,86,21,72,22,52,23,34,,,,,,,,,,,,,,,6,0,7,0,8,59,9,56,10,53,11,52,12,61,13,69,14,76,15,77,16,78,17,89,18,92,19,96,20,98,21,98,22,82,23,71,,,,,,,,,,,,,6,0,7,0,8,67,9,69,10,71,11,63,12,65,13,61,14,59,15,52,16,43,17,52,18,68,19,73,20,73,21,67,22,60,23,55,,,,,,,,,,,,,6,0,7,0,8,75,9,77,10,81,11,84,12,85,13,78,14,71,15,65,16,72,17,78,18,85,19,90,20,98,21,98,22,81,23,63,,,,,,,,,,,,,6,0,7,0,8,78,9,85,10,86,11,84,12,73,13,61,14,55,15,55,16,60,17,72,18,80,19,100,20,100,21,89,22,61,23,44,,,,,,,,,,,,,6,0,7,0,8,69,9,68,10,67,11,60,12,60,13,57,14,55,15,53,16,60,17,75,18,85,19,94,20,93,21,86,22,72,23,55,,,,,,,,,,,,,,66077-830,,7,,0,,,,,,,PA,"Avenida Perimetral, 760 Entre São Domingos e, Av. Cipriano Santos",,,,Conveniência do Mario,,https://www.google.com/maps/search/?api=1&query=Conveni%C3%AAncia%20do%20Mario&query_place_id=ChIJSyHoB7yNpJIR22P8h6ZdvwI,
,,,,,,,,,,,,,,,,,,,,,,,,,,,,,,,,,,,,,,,,,,,,,,,,,,,,,,,,,,,,,,,,,,,,,,,,,,,,,,,,,,,,,,,,,,TRUE,,,,,,,,,,,,,,,,,,,,,"R. São Domingos, 690 - Terra Firme, Belém - PA, 66077-650, Brasil",Loja de bebidas,Loja de Conveniência,,,,,,,,Loja de bebidas,4.86257E+18,Belém,BR,0x92a48da76893a575:0x437b5307b8e8fbf4,,,-1.453853,-48.44882,,Terra Firme,segunda-feira,00:00 to 06:00,terça-feira,Fechado,quarta-feira,19:00 to 00:00,quinta-feira,"00:00 to 05:30, 18:30 to 00:00",sexta-feira,"00:00 to 06:00, 18:30 to 00:00",sábado,"00:00 to 06:00, 18:30 to 00:00",domingo,"00:00 to 06:00, 17:00 to 00:00",26,Conveniência JOEL DO GELO,4.5,,,,,,,,,,,,,,,,,+55 91 92001-6197,5591920016197,ChIJdaWTaKeNpJIR9PvouAdTe0M,"GHW2+FF Terra Firme, Belém - PA, Brasil",,,,,,,,,,,,,,,,,,,,,,,,,,,,,,,,,,,,,,,,,,,,,,,,,,,,,,,,,,,,,,,,,,,,,,,,,,,,,,,,,,,,,,,,,,,,,,,,,,,,,,,,,,,,,,,,,,,,,,,,,,,,,,,,,,,,,,,,,,,,,,,,,,,,,,,,,,,,,,,,,,,,,,,,,,,,,,,,,,,,,,,,,,,,,,,,,,,,,,,,,,,,,,,,,,,,,,,,,,,,,,,,,,,,,,,,,,,,,,,,,,,,,,,,,,,,,,,,,,,,,,,,,,,,,,,,,,,,,,,,,,,,,,,,,,,,,,,,,,,,,,,,,,,,,,,,,,,,,,,,,,,,,,,,,,,,,,,,,,,,66077-650,,4,,6,,6,0,0,0,0,Pará,"R. São Domingos, 690",,,,Conveniencia MegaPrimus Pub,5,https://www.google.com/maps/search/?api=1&query=Conveniencia%20MegaPrimus%20Pub&query_place_id=ChIJdaWTaKeNpJIR9PvouAdTe0M,https://convenienciamegaprimus.kyte.site/
,,TRUE,,,,,TRUE,,,,,,,,,,,,,,,,,,,,,,,,,,,,,TRUE,,,,,,,,,,,,,,,,,,,,,,,,,,,,,,,,,,,,,,,,,,,,,,,,,,,,,,TRUE,,,,TRUE,,,,TRUE,TRUE,,,,,,,,,,,,"Av. Cmte. Brás de Aguiar, 607 - Nazaré, Belém - PA, 66035-405, Brasil",Loja de Conveniência,,,,,,,,,Loja de Conveniência,1.67963E+19,Belém,BR,0x92a48f6aebc6779b:0xe918701157774d66,,,-1.4544109,-48.4864661,,Nazaré,segunda-feira,06:00 to 22:00,terça-feira,06:00 to 22:00,quarta-feira,06:00 to 22:00,quinta-feira,06:00 to 22:00,sexta-feira,06:00 to 22:00,sábado,06:00 to 22:00,domingo,06:00 to 22:00,14,Tudo Conveniência Antônio Barreto,4.4,Outras pessoas pesquisaram,63,Tudo Conveniencia João Paulo,4.6,Outras pessoas pesquisaram,11,Tudo Conveniência Centenário,4.4,Outras pessoas pesquisaram,0,Na 14 Conveniência e Doceria,0,,,,,+55 91 98521-3645,5591985213645,ChIJm3fG62qPpJIRZk13VxFwGOk,"GGW7+6C Nazaré, Belém - PA, Brasil",5,0,6,11,7,31,8,50,9,68,10,76,11,73,12,63,13,66,14,70,15,76,16,81,17,88,18,81,19,70,20,55,21,41,22,0,,,,,,,,,,,,,5,0,6,23,7,38,8,56,9,58,10,73,11,63,12,61,13,50,14,56,15,68,16,86,17,83,18,88,19,73,20,50,21,25,22,0,,,,,,,,,,,,,,,5,0,6,13,7,26,8,43,9,55,10,50,11,45,12,43,13,35,14,30,15,21,16,35,17,46,18,51,19,48,20,43,21,33,22,0,,,,,,,,,,,,,5,0,6,8,7,21,8,28,9,33,10,33,11,35,12,33,13,25,14,33,15,30,16,43,17,50,18,58,19,60,20,51,21,33,22,0,,,,,,,,,,,,,5,0,6,18,7,48,8,65,9,80,10,70,11,58,12,45,13,50,14,53,15,66,16,80,17,88,18,78,19,66,20,50,21,41,22,0,,,,,,,,,,,,,5,0,6,21,7,36,8,56,9,60,10,63,11,46,12,41,13,43,14,58,15,65,16,80,17,88,18,91,19,78,20,58,21,48,22,0,,,,,,,,,,,,,5,0,6,11,7,28,8,45,9,43,10,45,11,40,12,28,13,30,14,40,15,50,16,76,17,93,18,100,19,85,20,68,21,51,22,0,,,,,,,,,,,,,30,66035-405,,17,,8,,4,0,3,1,0,Pará,"Av. Cmte. Brás de Aguiar, 607",,,,Tudo Conveniência Brás de Aguiar,3.3,https://www.google.com/maps/search/?api=1&query=Tudo%20Conveni%C3%AAncia%20Br%C3%A1s%20de%20Aguiar&query_place_id=ChIJm3fG62qPpJIRZk13VxFwGOk,
,,,,,,,,,,,,,,,,,,,,,,,,,,,,,,,,,,,,,,,,,,,,,,,,,,,,,,,,,,,,,,,,,,,,,,,,,,,,,,,,,,,,,,,,,,TRUE,,,,,,,,,,,,,,,,,,,,,"R. dos Quarenta e Oito, 90A - Batista Campos, Belém - PA, 66015-200, Brasil",Loja de Conveniência,,,,,,,,,Loja de Conveniência,9.33084E+18,Belém,BR,0x92a48e8bdffd3f69:0x817dca60a043bf5d,,,-1.4570932,-48.4937564,,Batista Campos,,,,,,,,,,,,,,,,,,,,,,,,,,,,,,,,,,,,ChIJaT_934uOpJIRXb9DoGDKfYE,"GGV4+5F Batista Campos, Belém - PA, Brasil",,,,,,,,,,,,,,,,,,,,,,,,,,,,,,,,,,,,,,,,,,,,,,,,,,,,,,,,,,,,,,,,,,,,,,,,,,,,,,,,,,,,,,,,,,,,,,,,,,,,,,,,,,,,,,,,,,,,,,,,,,,,,,,,,,,,,,,,,,,,,,,,,,,,,,,,,,,,,,,,,,,,,,,,,,,,,,,,,,,,,,,,,,,,,,,,,,,,,,,,,,,,,,,,,,,,,,,,,,,,,,,,,,,,,,,,,,,,,,,,,,,,,,,,,,,,,,,,,,,,,,,,,,,,,,,,,,,,,,,,,,,,,,,,,,,,,,,,,,,,,,,,,,,,,,,,,,,,,,,,,,,,,,,,,,,,,,,,,,,,66015-200,,15,,0,,,,,,,Pará,"R. dos Quarenta e Oito, 90A",,,,Stela Conveniência,,https://www.google.com/maps/search/?api=1&query=Stela%20Conveni%C3%AAncia&query_place_id=ChIJaT_934uOpJIRXb9DoGDKfYE,
,,,,,,,,,,,,,,,,,,,,,,,,,,,,,,,,,,,,,,,,,,,,,,,,,,,,,,,,,,,,,,,,,,,,,,,,,,,,,,,,,,,,,,,,,,,,,,,,,,,,,,,,,,,,,,,"R. Vinte e Oito de Setembro, 64 - Campina, Belém - PA, 66015-051, Brasil",Loja de Conveniência,,,,,,,,,Loja de Conveniência,1.4846E+19,Belém,BR,0x92a48eed3903ee7f:0xce079eacd54c6216,,,-1.450816,-48.498437,,Campina,,,,,,,,,,,,,,,0,Rose Conveniência,0,Outras pessoas pesquisaram,0,Conveniência da Rose,0,,,,,,,,,,,,,+55 91 3241-0934,559132410934,ChIJf-4DOe2OpJIRFmJM1ayeB84,"GGX2+MJ Campina, Belém - PA, Brasil",,,,,,,,,,,,,,,,,,,,,,,,,,,,,,,,,,,,,,,,,,,,,,,,,,,,,,,,,,,,,,,,,,,,,,,,,,,,,,,,,,,,,,,,,,,,,,,,,,,,,,,,,,,,,,,,,,,,,,,,,,,,,,,,,,,,,,,,,,,,,,,,,,,,,,,,,,,,,,,,,,,,,,,,,,,,,,,,,,,,,,,,,,,,,,,,,,,,,,,,,,,,,,,,,,,,,,,,,,,,,,,,,,,,,,,,,,,,,,,,,,,,,,,,,,,,,,,,,,,,,,,,,,,,,,,,,,,,,,,,,,,,,,,,,,,,,,,,,,,,,,,,,,,,,,,,,,,,,,,,,,,,,,,,,,,,,,,,,,,,66015-051,,10,,1,,0,1,0,0,0,Pará,"R. Vinte e Oito de Setembro, 64",,,,Rosineide M Santa Rosa,4,https://www.google.com/maps/search/?api=1&query=Rosineide%20M%20Santa%20Rosa&query_place_id=ChIJf-4DOe2OpJIRFmJM1ayeB84,
,,,,,,,,,,,,,,,,,,,,,,,,,,,,,,,,,,,TRUE,,,,,,,,,,,,,,,,,,,,,,,,,,,,,,,,,,,,,,,,,,,,,,,,,,,,,,,TRUE,,,,TRUE,,,,TRUE,TRUE,,,,,,,,,,,,"Tv. Benjamin Constant, 300 - Loja 103 - Reduto, Belém - PA, 66053-355, Brasil",Loja de Conveniência,,,,,,,,,Loja de Conveniência,6.69513E+18,Belém,BR,0x92a48e95d84cc26d:0x5ce9dd14a44bb3ee,,,-1.4464898,-48.4938713,,Reduto,segunda-feira,07:00 to 23:00,terça-feira,07:00 to 23:00,quarta-feira,07:00 to 23:00,quinta-feira,07:00 to 23:00,sexta-feira,07:00 to 03:30,sábado,07:00 to 03:30,domingo,08:00 to 20:00,1,Athena Loja de Conveniência,5,Outras pessoas pesquisaram,4,Panificadora e conveniência,4.8,Outras pessoas pesquisaram,0,Na Hora Convêniencia,0,Outras pessoas pesquisaram,14,Tudo Conveniência Antônio Barreto,4.4,,,,,+55 91 3348-5445,559133485445,ChIJbcJM2JWOpJIR7rNLpBTd6Vw,"HG34+CF Reduto, Belém - PA, Brasil",6,0,7,14,8,35,9,42,10,50,11,21,12,7,13,0,14,14,15,28,16,64,17,78,18,50,19,35,20,14,21,14,22,7,23,7,0,7,1,0,2,0,3,7,,,,,6,0,7,0,8,0,9,0,10,0,11,0,12,0,13,0,14,0,15,7,16,14,17,35,18,28,19,28,20,21,21,42,22,50,23,0,,,,,,,,,,,,,,,6,0,7,21,8,64,9,71,10,100,11,42,12,21,13,0,14,7,15,0,16,14,17,21,18,28,19,21,20,35,21,28,22,64,23,50,0,50,1,14,2,7,3,0,,,,,6,0,7,0,8,50,9,28,10,14,11,7,12,21,13,42,14,21,15,7,16,14,17,35,18,57,19,28,20,0,21,0,22,0,23,0,,,,,,,,,,,,,6,0,7,0,8,0,9,0,10,0,11,0,12,14,13,28,14,42,15,21,16,21,17,7,18,7,19,28,20,42,21,57,22,28,23,0,,,,,,,,,,,,,6,0,7,7,8,7,9,21,10,14,11,0,12,0,13,0,14,7,15,14,16,21,17,14,18,35,19,42,20,28,21,28,22,14,23,0,,,,,,,,,,,,,6,0,7,42,8,14,9,14,10,14,11,35,12,14,13,7,14,0,15,0,16,14,17,50,18,78,19,78,20,42,21,14,22,0,23,0,,,,,,,,,,,,,,66053-355,,13,,1,,0,0,0,1,0,Pará,"Tv. Benjamin Constant, 300 - Loja 103",,,,Athena Conveniência,3,https://www.google.com/maps/search/?api=1&query=Athena%20Conveni%C3%AAncia&query_place_id=ChIJbcJM2JWOpJIR7rNLpBTd6Vw,
,,,,,,,,,,,,,,,,,,,,,,,,,,,,,,,,,,,,,,,,,TRUE,,,,,TRUE,,,,,TRUE,,,,,,,,,,,,,,,,,,,,,,,,,,,,,,,,,,,,,,,,,,,,,,,,,,,,,TRUE,,TRUE,,,,,"Av. Assis de Vasconcelos, 623 subsolo - Campina, Belém - PA, 66017-070, Brasil",Loja de Conveniência,,,,,,,,,Loja de Conveniência,2.53416E+18,Belém,BR,0x92a48fa2803888ef:0x232b2874a0ae4795,,,-1.4513971,-48.4937341,,Campina,segunda-feira,08:00 to 18:00,terça-feira,08:00 to 18:00,quarta-feira,08:00 to 18:00,quinta-feira,08:00 to 18:00,sexta-feira,08:00 to 18:00,sábado,08:00 to 16:00,domingo,08:00 to 16:00,8,Tudo Conveniência Brás de Aguiar,3.3,Outras pessoas pesquisaram,1,Box 26,5,,,,,,,,,,,,,+55 91 98161-2608,5591981612608,ChIJ74g4gKKPpJIRlUeuoHQoKyM,"GGX4+CG Campina, Belém - PA, Brasil",,,,,,,,,,,,,,,,,,,,,,,,,,,,,,,,,,,,,,,,,,,,,,,,,,,,,,,,,,,,,,,,,,,,,,,,,,,,,,,,,,,,,,,,,,,,,,,,,,,,,,,,,,,,,,,,,,,,,,,,,,,,,,,,,,,,,,,,,,,,,,,,,,,,,,,,,,,,,,,,,,,,,,,,,,,,,,,,,,,,,,,,,,,,,,,,,,,,,,,,,,,,,,,,,,,,,,,,,,,,,,,,,,,,,,,,,,,,,,,,,,,,,,,,,,,,,,,,,,,,,,,,,,,,,,,,,,,,,,,,,,,,,,,,,,,,,,,,,,,,,,,,,,,,,,,,,,,,,,,,,,,,,,,,,,,,,,,,,,,,66017-070,,14,,1,,1,0,0,0,0,Pará,"Av. Assis de Vasconcelos, 623 subsolo",,,,Conveniência do Momento,5,https://www.google.com/maps/search/?api=1&query=Conveni%C3%AAncia%20do%20Momento&query_place_id=ChIJ74g4gKKPpJIRlUeuoHQoKyM,
,,,,,,,,,,,,,,,,,,,,,,,,,,,,,,,,,,,,,,,,,,,,,,,,,,,,,,,,,,,,,,,,,,,,,,,,,,,,,,,,,,,,,,,,,,,,,,,,,,,,,,,,,,,,,,,"R. São Boaventura, 9 - Cidade Velha, Belém - PA, 66020-550, Brasil",Loja de Conveniência,,,,,,,,,Loja de Conveniência,6.91484E+18,Belém,BR,0x92a48fdd98a91d6f:0x5ff672b4d9c5d0c0,,,-1.4600173,-48.5060842,,Cidade Velha,segunda-feira,08:00 to 20:00,terça-feira,08:00 to 20:00,quarta-feira,08:00 to 20:00,quinta-feira,08:00 to 20:00,sexta-feira,08:00 to 20:00,sábado,08:00 to 20:00,domingo,11:00 to 18:00,0,Tem aqui Conveniência,0,Outras pessoas pesquisaram,223,Tudo Conveniência Boaventura,4.5,Outras pessoas pesquisaram,8,Tudo Conveniência Brás de Aguiar,3.3,,,,,,,,,+55 91 99805-8158,5591998058158,ChIJbx2pmN2PpJIRwNDF2bRy9l8,"GFQV+XH Cidade Velha, Belém - PA, Brasil",,,,,,,,,,,,,,,,,,,,,,,,,,,,,,,,,,,,,,,,,,,,,,,,,,,,,,,,,,,,,,,,,,,,,,,,,,,,,,,,,,,,,,,,,,,,,,,,,,,,,,,,,,,,,,,,,,,,,,,,,,,,,,,,,,,,,,,,,,,,,,,,,,,,,,,,,,,,,,,,,,,,,,,,,,,,,,,,,,,,,,,,,,,,,,,,,,,,,,,,,,,,,,,,,,,,,,,,,,,,,,,,,,,,,,,,,,,,,,,,,,,,,,,,,,,,,,,,,,,,,,,,,,,,,,,,,,,,,,,,,,,,,,,,,,,,,,,,,,,,,,,,,,,,,,,,,,,,,,,,,,,,,,,,,,,,,,,,,,,,66020-550,,6,,4,,4,0,0,0,0,Pará,"R. São Boaventura, 9",,,,Conveniência aqui tem!,5,https://www.google.com/maps/search/?api=1&query=Conveni%C3%AAncia%20aqui%20tem!&query_place_id=ChIJbx2pmN2PpJIRwNDF2bRy9l8,https://instagram.com/conveniencia_aqui_tem?igshid=ZDdkNTZiNTM=
,,,,,,,,,,,,,,,,,,,,,,,,,,,,,,,,,,,,TRUE,,,,,,TRUE,,,,,,,,,,,,,,,,,,,,,,,,,,,,,,,,,,,,,,,,,,,,,,,,TRUE,,,,TRUE,,,,TRUE,TRUE,,,,,,,,,,,,"Passagem Deusa, 20 - Parque Guajará, Belém - PA, 66821-290, Brasil",Loja de Conveniência,,,,,,,,,Loja de Conveniência,5.87351E+16,Belém,BR,0x92a467f4827f395d:0xd0ab4322513b06,,,-1.3078518,-48.4627492,,Parque Guajará,segunda-feira,Atendimento 24 horas,terça-feira,Atendimento 24 horas,quarta-feira,Atendimento 24 horas,quinta-feira,Atendimento 24 horas,sexta-feira,Atendimento 24 horas,sábado,Atendimento 24 horas,domingo,Atendimento 24 horas,2,JJ conveniência gelo em escama,5,Outras pessoas pesquisaram,1,MJ Conveniência,5,,,,,,,,,,,,,+55 91 99820-4942,5591998204942,ChIJXTl_gvRnpJIRBjtRIkOr0AA,"MGRP+VW Parque Guajará, Belém - PA, Brasil",4,43,5,31,6,37,7,25,8,37,9,12,10,6,11,6,12,18,13,12,14,12,15,12,16,18,17,25,18,12,19,6,20,6,21,12,22,18,23,25,0,50,1,37,2,50,3,31,4,18,5,43,6,31,7,37,8,18,9,25,10,12,11,0,12,0,13,6,14,12,15,25,16,12,17,6,18,0,19,0,20,0,21,6,22,0,23,6,0,12,1,25,2,18,3,12,,,4,0,5,0,6,0,7,12,8,25,9,56,10,37,11,56,12,56,13,100,14,56,15,31,16,12,17,6,18,0,19,6,20,18,21,43,22,25,23,18,0,31,1,25,2,25,3,6,4,37,5,43,6,12,7,12,8,0,9,0,10,6,11,18,12,18,13,6,14,0,15,0,16,6,17,12,18,18,19,25,20,43,21,31,22,56,23,37,0,12,1,6,2,12,3,37,4,12,5,6,6,0,7,0,8,0,9,18,10,43,11,62,12,25,13,12,14,12,15,37,16,75,17,56,18,37,19,31,20,37,21,18,22,25,23,18,0,6,1,6,2,0,3,6,4,31,5,18,6,6,7,18,8,25,9,50,10,25,11,18,12,0,13,0,14,0,15,0,16,0,17,0,18,0,19,0,20,6,21,0,22,6,23,18,0,25,1,25,2,43,3,56,4,6,5,0,6,6,7,12,8,31,9,12,10,6,11,0,12,12,13,37,14,87,15,68,16,31,17,6,18,0,19,0,20,6,21,0,22,0,23,6,0,18,1,37,2,25,3,18,,66821-290,,19,,0,,,,,,,Pará,"Passagem Deusa, 20",,,,Najibson & Paula,,https://www.google.com/maps/search/?api=1&query=Najibson%20%26%20Paula&query_place_id=ChIJXTl_gvRnpJIRBjtRIkOr0AA,https://www.lojalocal.com/amstel/41755651000179
,,TRUE,,,,,,,,,,,,TRUE,,,TRUE,,,,,TRUE,,,,,,,,,,TRUE,,,,,,,,,TRUE,,,,,TRUE,,,,,TRUE,,,,,,,,,,TRUE,TRUE,,,,,TRUE,TRUE,TRUE,,,,,,,,,,,,,,,,,,,,,TRUE,,,,TRUE,,,,TRUE,TRUE,,,,,,,,,,,,"R. Uirapuru, 1 - Parque Verde, Belém - PA, 66635-240, Brasil",Padaria,Bar,Loja de Conveniência,Confeitaria,Pizzaria,Restaurante,Supermercado,,,Padaria,1.67941E+19,Belém,BR,0x92a461cffa89ade9:0xe910bdcdef409577,"https://food.google.com/chooseprovider?restaurantId=/g/1th7zd_h&g2lbs=AOHF13kggmiBEzDmAGU1epXzdBO-zGniFKbKqzM2VlnyYnz2-4-5pehseYO_L_IX18b-9HzzyQ1r-6p0-6-UzCOTALXpNWbd68_iv1mg51EApxuN9dUq2WU%3D&hl=pt-BR&gl=us&fo_m=MfohQo559jFvMUOzJVpjPL1YMfZ3bInYwBDuMfaXTPp5KXh-&utm_source=tactile&gei=QHGxZoiVIYi1ptQPv4PmyQk&ei=QHGxZoiVIYi1ptQPv4PmyQk&fo_s=OA,SOE&opi=79508299&foub=mcpp",,-1.3611422,-48.449839,https://www.ifood.com.br/delivery/belem-pa/pizzaria-e-restaurante-uirapuru-parque-verde,Parque Verde,segunda-feira,06:30 to 23:00,terça-feira,06:30 to 23:00,quarta-feira,06:30 to 23:00,quinta-feira,06:30 to 23:00,sexta-feira,06:30 to 00:00,sábado,06:30 to 00:00,domingo,06:30 to 23:00,1475,Panificadora Montenegro,4.5,Outras pessoas pesquisaram,274,Panificadora Utinga,4.2,Outras pessoas pesquisaram,1,Panificadora Ouro Branco,5,Outras pessoas pesquisaram,4,Panificadora Pão e Pães.,5,,,,,+55 91 98161-9852,5591981619852,ChIJ6a2J-s9hpJIRd5VA7829EOk,"JHQ2+G3 Parque Verde, Belém - PA, Brasil",5,0,6,12,7,25,8,38,9,27,10,34,11,47,12,63,13,58,14,42,15,36,16,54,17,85,18,100,19,98,20,76,21,68,22,56,23,36,,,,,,,,,,,5,0,6,31,7,46,8,40,9,34,10,36,11,41,12,53,13,40,14,37,15,30,16,47,17,58,18,61,19,48,20,36,21,31,22,29,,,,,,,,,,,,,,,5,0,6,19,7,35,8,35,9,39,10,37,11,51,12,52,13,51,14,38,15,30,16,40,17,48,18,52,19,47,20,52,21,48,22,43,23,30,,,,,,,,,,,5,0,6,4,7,9,8,15,9,14,10,18,11,21,12,31,13,31,14,31,15,27,16,35,17,38,18,35,19,38,20,36,21,34,22,18,,,,,,,,,,,,,5,0,6,5,7,14,8,27,9,39,10,49,11,56,12,52,13,46,14,26,15,23,16,28,17,40,18,38,19,35,20,45,21,43,22,37,,,,,,,,,,,,,5,0,6,19,7,16,8,19,9,21,10,46,11,58,12,65,13,54,14,45,15,46,16,40,17,39,18,34,19,35,20,32,21,24,22,25,,,,,,,,,,,,,5,0,6,32,7,25,8,28,9,38,10,54,11,59,12,57,13,50,14,42,15,37,16,36,17,49,18,51,19,59,20,63,21,57,22,50,,,,,,,,,,,,,,66635-240,$$,22,,50,,23,13,5,7,2,Pará,"R. Uirapuru, 1",,,,Panificadora Uirapuru,3.9,https://www.google.com/maps/search/?api=1&query=Panificadora%20Uirapuru&query_place_id=ChIJ6a2J-s9hpJIRd5VA7829EOk,
,,,,,,,,,,,,,,,,,,,,,,,,,,,,,,,,,,,,,,,,,,,,,,,,,,,,,,,,,,,,,,,,,,,,,,,,,,,,,,,,,,,,,,,,,,,,,,,,,,,,,,,,,,,,,,,"Passagem 11 de Fevereiro - São Clemente, Belém - PA, Brasil",Loja de Conveniência,,,,,,,,,Loja de Conveniência,1.21177E+19,Belém,BR,0x92a4611ba98901b5:0xa82ab1b3773c63e0,,,-1.364767,-48.4663991,,São Clemente,segunda-feira,06:30 to 22:18,terça-feira,06:30 to 22:18,quarta-feira,06:30 to 22:18,quinta-feira,06:30 to 22:18,sexta-feira,06:30 to 22:18,sábado,06:30 to 22:20,domingo,06:30 to 22:18,0,Conveniência da Val,0,Outras pessoas pesquisaram,2,REIS CONVENIÊNCIA,5,Outras pessoas pesquisaram,2,Ângelo conveniência,4,Outras pessoas pesquisaram,0,Almeida conveniência,0,Outras pessoas pesquisaram,1,Mercearia Pegue e Pague,5,+55 91 98505-5260,5591985055260,ChIJtQGJqRthpJIR4GM8d7OxKqg,"JGPM+3C São Clemente, Belém - PA, Brasil",5,0,6,17,7,27,8,31,9,20,10,27,11,37,12,51,13,44,14,34,15,17,16,17,17,10,18,13,19,17,20,27,21,58,22,100,,,,,,,,,,,,,5,0,6,20,7,34,8,27,9,17,10,3,11,6,12,10,13,31,14,37,15,31,16,20,17,20,18,20,19,20,20,24,21,27,22,37,,,,,,,,,,,,,,,5,0,6,13,7,13,8,17,9,10,10,13,11,24,12,24,13,20,14,10,15,6,16,10,17,10,18,20,19,24,20,27,21,31,22,44,,,,,,,,,,,,,5,0,6,0,7,0,8,0,9,0,10,0,11,0,12,3,13,0,14,6,15,13,16,31,17,24,18,13,19,10,20,3,21,3,22,3,,,,,,,,,,,,,5,0,6,31,7,37,8,34,9,17,10,13,11,24,12,13,13,10,14,6,15,6,16,13,17,37,18,31,19,31,20,20,21,27,22,10,,,,,,,,,,,,,5,0,6,6,7,0,8,6,9,10,10,17,11,34,12,37,13,31,14,27,15,37,16,41,17,27,18,13,19,13,20,20,21,17,22,17,,,,,,,,,,,,,5,0,6,6,7,3,8,0,9,0,10,3,11,10,12,17,13,24,14,17,15,6,16,0,17,10,18,20,19,34,20,37,21,34,22,31,,,,,,,,,,,,,,,,19,,0,,,,,,,Pará,Passagem 11 de Fevereiro,,,,CONVENIÊNCIA DA 11,,https://www.google.com/maps/search/?api=1&query=CONVENI%C3%8ANCIA%20DA%2011&query_place_id=ChIJtQGJqRthpJIR4GM8d7OxKqg,
,,,,,,,,,,,,,,,,,,,,,,,,,,,,,,,,,,,,,,,,,,,,,,,,,,,,,,,,,,,,,,,,,,,,,,,,,,,,,,,,,,,,,,,,,,TRUE,,,,,,,,,,,,,,,,,,,,,"Passagem Ferreira Filho, 34 - Benguí, Belém - PA, 66630-200, Brasil",Loja de Conveniência,,,,,,,,,Loja de Conveniência,1.77556E+19,Belém,BR,0x92a48b1833dc4723:0xf6686ea901ef9cd6,,,-1.3742456,-48.4523892,,Benguí,segunda-feira,Atendimento 24 horas,terça-feira,Atendimento 24 horas,quarta-feira,Atendimento 24 horas,quinta-feira,Atendimento 24 horas,sexta-feira,Atendimento 24 horas,sábado,Atendimento 24 horas,domingo,Atendimento 24 horas,3,Conveniência oliveira bengui,5,Outras pessoas pesquisaram,0,Mix Pancadão,0,Outras pessoas pesquisaram,6,Conveniência Saideira,4.8,Outras pessoas pesquisaram,1,Conveniência e hamburgueria Irmãos beer,5,Outras pessoas pesquisaram,6,Rota 68 conveniência,5,+55 91 98057-9938,5591980579938,ChIJI0fcMxiLpJIR1pzvAaluaPY,"JGGX+82 Benguí, Belém - PA, Brasil",4,5,5,2,6,0,7,0,8,0,9,2,10,13,11,13,12,22,13,11,14,8,15,2,16,5,17,11,18,11,19,13,20,13,21,36,22,72,23,100,0,77,1,58,2,25,3,11,4,0,5,5,6,11,7,19,8,19,9,22,10,8,11,8,12,13,13,22,14,27,15,27,16,27,17,16,18,16,19,11,20,11,21,11,22,11,23,19,0,11,1,11,2,2,3,0,,,4,11,5,19,6,19,7,16,8,8,9,8,10,11,11,25,12,16,13,8,14,0,15,0,16,8,17,13,18,30,19,22,20,36,21,52,22,88,23,88,0,50,1,25,2,16,3,13,4,2,5,0,6,2,7,5,8,5,9,8,10,16,11,25,12,33,13,38,14,47,15,44,16,33,17,27,18,11,19,8,20,11,21,25,22,19,23,13,0,13,1,8,2,11,3,8,4,11,5,5,6,13,7,5,8,2,9,2,10,8,11,8,12,2,13,0,14,0,15,0,16,2,17,8,18,11,19,11,20,16,21,22,22,22,23,11,0,11,1,11,2,22,3,11,4,11,5,8,6,13,7,5,8,5,9,8,10,5,11,8,12,5,13,8,14,2,15,0,16,0,17,0,18,2,19,5,20,5,21,0,22,0,23,5,0,8,1,11,2,19,3,16,4,5,5,5,6,8,7,16,8,22,9,16,10,11,11,13,12,16,13,22,14,8,15,2,16,11,17,22,18,33,19,16,20,13,21,11,22,13,23,11,0,8,1,5,2,5,3,2,,66630-200,,18,,1,,1,0,0,0,0,Pará,"Passagem Ferreira Filho, 34",,,,CONVENIÊNCIA TOP BEER,5,https://www.google.com/maps/search/?api=1&query=CONVENI%C3%8ANCIA%20TOP%20BEER&query_place_id=ChIJI0fcMxiLpJIR1pzvAaluaPY,
,,,,,,,,,,,,,,,,,,,,,,,,,,,,,,,,,,,,,,,,,,,,,,,,,,,,,,,,,,,,,,,,,,,,,,,,,,,,,,,,,,,,,,,,,,TRUE,,,,,,,,,,,,,,,,,,,,,"Passagem John Engelhard - Pratinha II, Belém - PA, 66816-030, Brasil",Loja de Conveniência,,,,,,,,,Loja de Conveniência,9.11288E+18,Belém,BR,0x92a461439fe493bf:0x7e7771c5fa780f19,,,-1.3615056,-48.4718233,,Pratinha II,,,,,,,,,,,,,,,0,Conveniência A e L,0,,,,,,,,,,,,,,,,,+55 91 99393-1679,5591993931679,ChIJv5Pkn0NhpJIRGQ94-sVxd34,"JGQH+97 Belém, Pará, Brasil",,,,,,,,,,,,,,,,,,,,,,,,,,,,,,,,,,,,,,,,,,,,,,,,,,,,,,,,,,,,,,,,,,,,,,,,,,,,,,,,,,,,,,,,,,,,,,,,,,,,,,,,,,,,,,,,,,,,,,,,,,,,,,,,,,,,,,,,,,,,,,,,,,,,,,,,,,,,,,,,,,,,,,,,,,,,,,,,,,,,,,,,,,,,,,,,,,,,,,,,,,,,,,,,,,,,,,,,,,,,,,,,,,,,,,,,,,,,,,,,,,,,,,,,,,,,,,,,,,,,,,,,,,,,,,,,,,,,,,,,,,,,,,,,,,,,,,,,,,,,,,,,,,,,,,,,,,,,,,,,,,,,,,,,,,,,,,,,,,,,66816-030,,9,,1,,1,0,0,0,0,Pará,Passagem John Engelhard,,,,A.L conveniência,5,https://www.google.com/maps/search/?api=1&query=A.L%20conveni%C3%AAncia&query_place_id=ChIJv5Pkn0NhpJIRGQ94-sVxd34,
,,TRUE,,,,,TRUE,,,,,,,,,,,,,,,,,,,,,,,,,,,,,,,,,,,,,,,,,,,,,,,,,,,,,,,,,,,,,,,,,,,,,,,,,,,,,,,,,,,TRUE,,,,,,,,,,,,,,,,,,,,,"Av. Centenário, 2000 - Mangueirão, Belém - PA, 66635-679, Brasil",Loja de Conveniência,,,,,,,,,Loja de Conveniência,1.6675E+19,Belém,BR,0x92a48b0b4a90719b:0xe76985e0c73756da,,,-1.3859657,-48.4595201,,Mangueirão,,,,,,,,,,,,,,,34,Tudo Conveniência Entroncamento,4.1,Outras pessoas pesquisaram,63,Tudo Conveniencia João Paulo,4.6,Outras pessoas pesquisaram,9,Tudo Conveniência Serzedelo,3.6,Outras pessoas pesquisaram,223,Tudo Conveniência Boaventura,4.5,,,,,,,ChIJm3GQSguLpJIR2lY3x-CFaec,"JG7R+J5 Mangueirão, Belém - PA, Brasil",,,,,,,,,,,,,,,,,,,,,,,,,,,,,,,,,,,,,,,,,,,,,,,,,,,,,,,,,,,,,,,,,,,,,,,,,,,,,,,,,,,,,,,,,,,,,,,,,,,,,,,,,,,,,,,,,,,,,,,,,,,,,,,,,,,,,,,,,,,,,,,,,,,,,,,,,,,,,,,,,,,,,,,,,,,,,,,,,,,,,,,,,,,,,,,,,,,,,,,,,,,,,,,,,,,,,,,,,,,,,,,,,,,,,,,,,,,,,,,,,,,,,,,,,,,,,,,,,,,,,,,,,,,,,,,,,,,,,,,,,,,,,,,,,,,,,,,,,,,,,,,,,,,,,,,,,,,,,,,,,,,,,,,,,,,,,,,,,,,,66635-679,,7,,11,,8,1,1,1,0,Pará,"Av. Centenário, 2000",,,,Tudo Conveniência Centenário,4.4,https://www.google.com/maps/search/?api=1&query=Tudo%20Conveni%C3%AAncia%20Centen%C3%A1rio&query_place_id=ChIJm3GQSguLpJIR2lY3x-CFaec,
,,,,,,,,,,,,,,,,,,,,,,,,,,,,,,,,,,,,,,,,,,,,,,,,,,,,,,,,,,,,,,,,,,,,,,,,,,,,,,,,,,,,,,,,,,,,,,,,,,,,,,,,,,,,,,,"R. São Mateus, 289 - Benguí, Belém - PA, 66630-175, Brasil",Loja de Conveniência,,,,,,,,,Loja de Conveniência,1.78503E+19,Belém,BR,0x92a48bd0afd68051:0xf7b903d9973514cf,,,-1.3746906,-48.4560149,,Benguí,segunda-feira,07:00 to 01:00,terça-feira,07:00 to 01:00,quarta-feira,07:00 to 01:00,quinta-feira,07:00 to 01:00,sexta-feira,07:00 to 01:00,sábado,07:00 to 01:00,domingo,07:00 to 01:00,1568,Mix Mateus Benguí,4.5,Outras pessoas pesquisaram,1,CONVENIÊNCIA TOP BEER,5,Outras pessoas pesquisaram,4,Mercearia do Nego,5,Outras pessoas pesquisaram,3,Conveniência oliveira bengui,5,Outras pessoas pesquisaram,0,NS CONVENIÊNCIA,0,+55 91 98558-0829,5591985580829,ChIJUYDWr9CLpJIRzxQ1l9kDufc,"JGGV+4H Benguí, Belém - PA, Brasil",6,0,7,13,8,0,9,0,10,0,11,0,12,0,13,0,14,0,15,6,16,20,17,20,18,40,19,26,20,13,21,13,22,13,23,6,0,6,,,,,,,,,,,6,0,7,6,8,26,9,26,10,13,11,13,12,13,13,13,14,20,15,6,16,0,17,0,18,6,19,20,20,20,21,13,22,20,23,6,0,6,,,,,,,,,,,,,6,0,7,6,8,20,9,40,10,20,11,6,12,0,13,0,14,6,15,40,16,46,17,60,18,33,19,33,20,20,21,33,22,26,23,13,0,6,,,,,,,,,,,6,0,7,20,8,40,9,46,10,26,11,26,12,26,13,20,14,20,15,26,16,13,17,13,18,26,19,20,20,26,21,26,22,20,23,6,0,0,,,,,,,,,,,6,0,7,13,8,26,9,13,10,6,11,0,12,20,13,26,14,60,15,60,16,80,17,100,18,66,19,33,20,20,21,26,22,20,23,6,0,0,,,,,,,,,,,6,0,7,0,8,6,9,13,10,6,11,6,12,6,13,20,14,46,15,53,16,26,17,13,18,0,19,0,20,6,21,33,22,80,23,86,0,66,,,,,,,,,,,6,0,7,20,8,26,9,13,10,6,11,0,12,6,13,0,14,0,15,6,16,20,17,6,18,0,19,6,20,20,21,46,22,40,23,53,0,40,,,,,,,,,,,,66630-175,,6,,2,,2,0,0,0,0,Pará,"R. São Mateus, 289",,,,Mix do nini,5,https://www.google.com/maps/search/?api=1&query=Mix%20do%20nini&query_place_id=ChIJUYDWr9CLpJIRzxQ1l9kDufc,
,,,,,,,,,,,,,,,,,,,,,,,,,,,,,,,,,,,,,,,,,,,,,,,,,,,,,,,,,,,,,,,,,,,,,,,,,,,,,,,,,,,,,,,,,,TRUE,,,,,,,,,,,,,,,,,,,,,"Passagem São João, 102 - São Clemente, Belém - PA, 66643-690, Brasil",Loja de Conveniência,,,,,,,,,Loja de Conveniência,1.05795E+19,Belém,BR,0x92a461d6fca73dfb:0x92d2029a41862d12,,,-1.3675121,-48.4604091,,São Clemente,segunda-feira,08:00 to 22:00,terça-feira,08:00 to 22:00,quarta-feira,08:00 to 22:00,quinta-feira,08:00 to 22:00,sexta-feira,08:00 to 22:00,sábado,08:00 to 22:00,domingo,08:00 to 13:30,5,Comercial Neves,4.6,Outras pessoas pesquisaram,2,"Mercearia, Fé Em Deus",3.5,,,,,,,,,,,,,,,ChIJ-z2n_NZhpJIREi2GQZoC0pI,"JGJQ+XR São Clemente, Belém - PA, Brasil",6,0,7,0,8,21,9,10,10,3,11,3,12,10,13,28,14,21,15,28,16,32,17,32,18,53,19,89,20,100,21,100,22,0,23,0,,,,,,,,,,,,,6,0,7,0,8,50,9,50,10,35,11,17,12,14,13,25,14,21,15,17,16,17,17,17,18,14,19,14,20,21,21,28,22,0,23,0,,,,,,,,,,,,,,,6,0,7,0,8,25,9,21,10,28,11,50,12,57,13,42,14,39,15,35,16,53,17,67,18,53,19,46,20,57,21,60,22,0,23,0,,,,,,,,,,,,,6,0,7,0,8,28,9,42,10,39,11,32,12,21,13,21,14,0,15,0,16,0,17,0,18,0,19,0,20,0,21,0,22,0,23,0,,,,,,,,,,,,,6,0,7,0,8,32,9,42,10,28,11,32,12,17,13,25,14,14,15,28,16,28,17,53,18,32,19,28,20,17,21,39,22,0,23,0,,,,,,,,,,,,,6,0,7,0,8,21,9,32,10,50,11,28,12,14,13,0,14,3,15,10,16,21,17,32,18,53,19,60,20,53,21,42,22,0,23,0,,,,,,,,,,,,,6,0,7,0,8,25,9,35,10,35,11,42,12,28,13,17,14,14,15,14,16,32,17,39,18,53,19,64,20,67,21,50,22,0,23,0,,,,,,,,,,,,,,66643-690,,4,,2,,2,0,0,0,0,Pará,"Passagem São João, 102",,,,COMERCIAL EDNEY,5,https://www.google.com/maps/search/?api=1&query=COMERCIAL%20EDNEY&query_place_id=ChIJ-z2n_NZhpJIREi2GQZoC0pI,
,,,,,,,,,,,,,,,TRUE,,,TRUE,,,,,,,,,,,,,,,,,TRUE,,,,,,,,,,,,,,,,,,,,,,,,,,,,,,,,,,,,TRUE,,,,,,,,,,,,,,,,,,,TRUE,,,,TRUE,,TRUE,,,,,,,,TRUE,,TRUE,,,,,"Av. Padre Bruno Sechi - Parque Verde, Belém - PA, 66630-420, Brasil",Loja de Conveniência,Cafeteria,,,,,,,,Loja de Conveniência,9.26977E+18,Belém,BR,0x92a4610c408c1af3:0x80a4d98d5ee435de,,,-1.3670047,-48.4582863,,Parque Verde,segunda-feira,Fechado,terça-feira,06:00 to 23:30,quarta-feira,06:00 to 23:30,quinta-feira,06:00 to 23:30,sexta-feira,06:00 to 23:30,sábado,06:00 to 23:30,domingo,06:00 to 23:30,1,CONVENIÊNCIA TOP BEER,5,Outras pessoas pesquisaram,0,Mix Pancadão,0,Outras pessoas pesquisaram,6,Conveniência Black Chopp,4.8,Outras pessoas pesquisaram,5,CONVENIÊNCIA FK,5,,,,,+55 63 99971-9343,5563999719343,ChIJ8xqMQAxhpJIR3jXkXo3ZpIA,"JGMR+5M Parque Verde, Belém - PA, Brasil",5,0,6,16,7,41,8,41,9,16,10,16,11,0,12,0,13,0,14,8,15,0,16,0,17,0,18,0,19,8,20,8,21,25,22,58,23,25,,,,,,,,,,,,,,,,,,,,,,,,,,,,,,,,,,,,,,,,,,,,,,,,,,,,,,,,,,,,,5,0,6,33,7,41,8,91,9,75,10,66,11,33,12,8,13,0,14,0,15,8,16,16,17,41,18,16,19,8,20,8,21,41,22,83,23,91,,,,,,,,,,,5,0,6,16,7,16,8,16,9,8,10,8,11,50,12,75,13,100,14,50,15,41,16,25,17,8,18,0,19,8,20,16,21,8,22,8,23,16,,,,,,,,,,,5,0,6,8,7,0,8,8,9,25,10,41,11,58,12,50,13,16,14,16,15,41,16,58,17,50,18,25,19,8,20,0,21,0,22,8,23,25,,,,,,,,,,,5,0,6,25,7,8,8,0,9,8,10,16,11,16,12,8,13,25,14,8,15,0,16,0,17,0,18,0,19,8,20,33,21,33,22,41,23,66,,,,,,,,,,,5,0,6,25,7,58,8,66,9,41,10,33,11,8,12,8,13,16,14,33,15,16,16,8,17,8,18,16,19,33,20,16,21,8,22,0,23,8,,,,,,,,,,,,66630-420,,2,,1,,1,0,0,0,0,Pará,Av. Padre Bruno Sechi,,,,Conveniência e hamburgueria Irmãos beer,5,https://www.google.com/maps/search/?api=1&query=Conveni%C3%AAncia%20e%20hamburgueria%20Irm%C3%A3os%20beer&query_place_id=ChIJ8xqMQAxhpJIR3jXkXo3ZpIA,
,,,,,,,,,,,,,,,,,,,,,,,,,,,,,,,,,,,,,,,,,,,,,,,,,,,,,,,,,,,,,,,,,,,,,,,,,,,,,,,,,,,,,,,,,,,,,,,,,,,,,,,,,,,,,,,"Av. Padre Bruno Sechi, 199 - Benguí, Belém - PA, 66635-595, Brasil",Loja de Conveniência,,,,,,,,,Loja de Conveniência,1.79974E+19,Belém,BR,0x92a461612be124a7:0xf9c3a63df3e4e84a,,,-1.3684572,-48.4584952,,Benguí,segunda-feira,"09:00 to 13:00, 16:00 to 22:00",terça-feira,"09:00 to 13:00, 16:00 to 22:00",quarta-feira,"09:00 to 13:00, 16:00 to 22:00",quinta-feira,"09:00 to 13:00, 16:00 to 22:00",sexta-feira,"09:00 to 13:00, 16:00 to 22:00",sábado,"09:00 to 13:00, 16:00 to 22:00",domingo,"09:00 to 13:00, 16:00 to 22:00",2,Mix do nini,5,Outras pessoas pesquisaram,1,Distribuidora De Bebidas,5,Outras pessoas pesquisaram,1,Comercial Avenida,5,,,,,,,,,,,ChIJpyThK2FhpJIRSujk8z2mw_k,"JGJR+JJ Benguí, Belém - PA, Brasil",,,,,,,,,,,,,,,,,,,,,,,,,,,,,,,,,,,,,,,,,,,,,,,,,,,,,,,,,,,,,,,,,,,,,,,,,,,,,,,,,,,,,,,,,,,,,,,,,,,,,,,,,,,,,,,,,,,,,,,,,,,,,,,,,,,,,,,,,,,,,,,,,,,,,,,,,,,,,,,,,,,,,,,,,,,,,,,,,,,,,,,,,,,,,,,,,,,,,,,,,,,,,,,,,,,,,,,,,,,,,,,,,,,,,,,,,,,,,,,,,,,,,,,,,,,,,,,,,,,,,,,,,,,,,,,,,,,,,,,,,,,,,,,,,,,,,,,,,,,,,,,,,,,,,,,,,,,,,,,,,,,,,,,,,,,,,,,,,,,,66635-595,,1,,4,,4,0,0,0,0,Pará,"Av. Padre Bruno Sechi, 199",,,,Mercearia do Nego,5,https://www.google.com/maps/search/?api=1&query=Mercearia%20do%20Nego&query_place_id=ChIJpyThK2FhpJIRSujk8z2mw_k,
,,,,,,,,,,,,,,,,,,,,,,,,,,,,,,,,,,,TRUE,,,,,,,,,,,,,,,,,,,,,,,,,,,,,,,,,,,,,,,,,,,,,,,,,,,,,,,TRUE,,,,,,,,,,,,,,,,,,,,,"Av. Paulo Costa, 1596 - Outeiro, Belém - PA, 66843-590, Brasil",Loja de Conveniência,,,,,,,,,Loja de Conveniência,2.11716E+18,Belém,BR,0x92a46966c7b0fedf:0x1d61aaec6a17c8a3,,,-1.2532846,-48.4546604,,Outeiro,segunda-feira,Fechado,terça-feira,08:00 to 22:00,quarta-feira,Fechado,quinta-feira,08:00 to 22:00,sexta-feira,08:00 to 22:00,sábado,08:00 to 22:00,domingo,08:00 to 22:00,0,Conveniencia-sa,0,Outras pessoas pesquisaram,0,Melo coral,0,,,,,,,,,,,,,+55 91 98510-1205,5591985101205,ChIJ3_6wx2ZppJIRo8gXauyqYR0,"PGWW+M4 Outeiro, Belém - PA, Brasil",6,0,7,0,8,23,9,30,10,34,11,34,12,32,13,28,14,28,15,48,16,61,17,69,18,61,19,42,20,25,21,17,22,0,23,0,,,,,,,,,,,,,,,,,,,,,,,,,,,,,,,,,,,,,,,,,,,,,,,,,,,,,,,,,,,,,,,6,0,7,0,8,25,9,61,10,90,11,100,12,59,13,28,14,11,15,25,16,44,17,65,18,63,19,61,20,36,21,26,22,0,23,0,,,,,,,,,,,,,6,0,7,0,8,19,9,32,10,61,11,73,12,63,13,38,14,17,15,7,16,5,17,13,18,26,19,32,20,17,21,11,22,0,23,0,,,,,,,,,,,,,6,0,7,0,8,25,9,40,10,50,11,42,12,28,13,19,14,28,15,44,16,63,17,65,18,63,19,38,20,25,21,11,22,0,23,0,,,,,,,,,,,,,6,0,7,0,8,17,9,42,10,65,11,67,12,46,13,21,14,9,15,13,16,32,17,46,18,51,19,36,20,19,21,13,22,0,23,0,,,,,,,,,,,,,,,,,,,,,,,,,,,,,,,,,,,,,,,,,,,,,,,,,,,,,,,,,,,,,,,,20,,11,,11,0,0,0,0,Pará,"Av. Paulo Costa, 1596",,,,Conveniência Mel Miranda.,5,https://www.google.com/maps/search/?api=1&query=Conveni%C3%AAncia%20Mel%20Miranda.&query_place_id=ChIJ3_6wx2ZppJIRo8gXauyqYR0,
,,,,,,,,,,,,,,,,,,,,,,,,,,,,,,,,,,,,,,,,,,,,,,,,,,,,,,,,,,,,,,,,,,,,,,,,,,,,,,,,,,,,,,,,,,TRUE,,,,,,,,,,,,,,,,,,,,,"R. da Olaria, 35 - Terra Firme, Belém - PA, 66070-710, Brasil",Loja de Conveniência,,,,,,,,,Loja de Conveniência,8.74126E+18,Belém,BR,0x92a48d6e66a1771b:0x794f2fd269b25548,,,-1.4539936,-48.4559508,,Terra Firme,segunda-feira,"08:00 to 12:00, 15:00 to 23:00",terça-feira,"08:00 to 12:00, 15:00 to 23:00",quarta-feira,"08:00 to 12:00, 15:00 to 23:00",quinta-feira,"08:00 to 12:00, 15:00 to 23:00",sexta-feira,"08:00 to 12:00, 15:00 to 23:00",sábado,"08:00 to 12:00, 15:00 to 23:00",domingo,"08:00 to 12:00, 15:00 to 23:00",1,Conveniência Central da Cerveja,5,,,,,,,,,,,,,,,,,+55 91 98284-4638,5591982844638,ChIJG3ehZm6NpJIRSFWyadIvT3k,"GGWV+CJ Terra Firme, Belém - PA, Brasil",,,,,,,,,,,,,,,,,,,,,,,,,,,,,,,,,,,,,,,,,,,,,,,,,,,,,,,,,,,,,,,,,,,,,,,,,,,,,,,,,,,,,,,,,,,,,,,,,,,,,,,,,,,,,,,,,,,,,,,,,,,,,,,,,,,,,,,,,,,,,,,,,,,,,,,,,,,,,,,,,,,,,,,,,,,,,,,,,,,,,,,,,,,,,,,,,,,,,,,,,,,,,,,,,,,,,,,,,,,,,,,,,,,,,,,,,,,,,,,,,,,,,,,,,,,,,,,,,,,,,,,,,,,,,,,,,,,,,,,,,,,,,,,,,,,,,,,,,,,,,,,,,,,,,,,,,,,,,,,,,,,,,,,,,,,,,,,,,,,,66070-710,,20,,1,,1,0,0,0,0,Pará,"R. da Olaria, 35",,,,Nete conveniência,5,https://www.google.com/maps/search/?api=1&query=Nete%20conveni%C3%AAncia&query_place_id=ChIJG3ehZm6NpJIRSFWyadIvT3k,https://www.facebook.com/nete.conveniencia.5?mibextid=ZbWKwL
,,,,,,,,,,,,,,,,,,,,,,,,,,,,,,,,,,,TRUE,,,,,,,,,,,,,,,,,,,,,,,,,,,,,,,,,,,,,,,,,,,,,,,,,,,,,,,TRUE,,,,TRUE,,TRUE,,,,,,,,TRUE,,TRUE,,,,,"Luiseugenio15es@gmail.com - Águas Lindas, Belém - PA, 66690-805, Brasil",Loja de Conveniência,,,,,,,,,Loja de Conveniência,1.27499E+19,Belém,BR,0x92a4f53e113f9575:0xb0f0b50851562dfd,,,-1.4131361,-48.3962734,,Águas Lindas,segunda-feira,Fechado,terça-feira,06:00 to 23:00,quarta-feira,06:00 to 23:00,quinta-feira,06:00 to 00:00,sexta-feira,06:00 to 00:00,sábado,06:00 to 00:00,domingo,06:00 to 23:30,0,Conveniência Da Loló,0,Outras pessoas pesquisaram,0,Carla colchas,0,,,,,,,,,,,,,+55 91 98306-0807,5591983060807,ChIJdZU_ET71pJIR_S1WUQi18LA,"HJP3+PF Águas Lindas, Belém - PA, Brasil",5,0,6,0,7,5,8,15,9,10,10,10,11,25,12,10,13,5,14,0,15,10,16,20,17,40,18,20,19,20,20,30,21,40,22,40,23,20,,,,,,,,,,,,,,,,,,,,,,,,,,,,,,,,,,,,,,,,,,,,,,,,,,,,,,,,,,,,,5,0,6,15,7,5,8,5,9,15,10,25,11,40,12,30,13,40,14,30,15,10,16,10,17,30,18,40,19,25,20,30,21,25,22,40,23,50,,,,,,,,,,,5,0,6,30,7,55,8,30,9,20,10,15,11,15,12,5,13,20,14,55,15,100,16,85,17,60,18,30,19,25,20,15,21,20,22,25,23,45,,,,,,,,,,,5,0,6,0,7,5,8,15,9,20,10,15,11,15,12,30,13,30,14,15,15,10,16,15,17,20,18,15,19,15,20,15,21,15,22,30,23,35,,,,,,,,,,,5,0,6,5,7,15,8,35,9,25,10,25,11,20,12,35,13,50,14,50,15,25,16,15,17,35,18,70,19,75,20,55,21,40,22,35,,,,,,,,,,,,,5,0,6,15,7,30,8,15,9,10,10,20,11,40,12,60,13,40,14,50,15,50,16,45,17,55,18,25,19,15,20,5,21,25,22,50,,,,,,,,,,,,,,66690-805,,7,,0,,,,,,,Pará,Luiseugenio15es@gmail.com,,,,Bar da lora pub,,https://www.google.com/maps/search/?api=1&query=Bar%20da%20lora%20pub&query_place_id=ChIJdZU_ET71pJIR_S1WUQi18LA,
,,,,,,,,,,,,,,,,,,,,,,,,,,,,,,,,,,,TRUE,,,,,,,,,,,,,,,,,,,,,,,,,,,,,,,,,,,,,,,,,,,,,,,,,,,,,,,TRUE,,,,TRUE,,,,TRUE,TRUE,,,,,,,,,,,,"Passagem José Leal Martins, 676 - Marco, Belém - PA, 66095-280, Brasil",Loja de Conveniência,,,,,,,,,Loja de Conveniência,7.22245E+18,Belém,BR,0x92a48d9dc594c677:0x643b4b1ee93a95cd,,,-1.437721,-48.451869,,Marco,segunda-feira,08:00 to 23:00,terça-feira,08:00 to 23:00,quarta-feira,08:00 to 23:00,quinta-feira,08:00 to 23:00,sexta-feira,08:00 to 23:00,sábado,08:00 to 23:00,domingo,08:00 to 23:00,64,Tudo Conveniencia João Paulo,4.6,Outras pessoas pesquisaram,1,Distribuidora do Jones,5,Outras pessoas pesquisaram,12,Depósito & Conveniência.A.S,5,,,,,,,,,+55 91 99919-6736,5591999196736,ChIJd8aUxZ2NpJIRzZU66R5LO2Q,"HG6X+W7 Marco, Belém - PA, Brasil",6,0,7,0,8,16,9,41,10,33,11,25,12,0,13,0,14,8,15,16,16,33,17,41,18,50,19,58,20,58,21,75,22,75,23,0,,,,,,,,,,,,,6,0,7,0,8,0,9,0,10,0,11,0,12,0,13,0,14,8,15,25,16,41,17,66,18,50,19,41,20,25,21,66,22,100,23,0,,,,,,,,,,,,,,,6,0,7,0,8,33,9,66,10,33,11,41,12,41,13,50,14,33,15,16,16,8,17,8,18,16,19,41,20,41,21,41,22,16,23,0,,,,,,,,,,,,,6,0,7,0,8,0,9,16,10,33,11,66,12,50,13,25,14,16,15,41,16,50,17,33,18,50,19,58,20,100,21,75,22,75,23,0,,,,,,,,,,,,,6,0,7,0,8,33,9,25,10,16,11,16,12,16,13,41,14,83,15,50,16,33,17,33,18,16,19,16,20,16,21,41,22,33,23,0,,,,,,,,,,,,,6,0,7,0,8,8,9,16,10,16,11,33,12,75,13,91,14,66,15,58,16,33,17,16,18,16,19,41,20,75,21,41,22,25,23,0,,,,,,,,,,,,,6,0,7,0,8,0,9,8,10,25,11,50,12,33,13,16,14,0,15,0,16,25,17,58,18,100,19,66,20,33,21,16,22,25,23,0,,,,,,,,,,,,,,66095-280,,18,,2,,2,0,0,0,0,Pará,"Passagem José Leal Martins, 676",,,,REIS CONVENIÊNCIA,5,https://www.google.com/maps/search/?api=1&query=REIS%20CONVENI%C3%8ANCIA&query_place_id=ChIJd8aUxZ2NpJIRzZU66R5LO2Q,https://www.lojalocal.com/30750821000106
,,,,,,,,,,,,,,,,,,,,,,,,,,,,,,,,,,,,,,,,,,,,,,,,,,,,,,,,,,,,,,,,,,,,,,,,,,,,,,,,,,,,,,,,,,,,,,,,,,,,,,,,,,,,,,,"Tv. da Estrella, 3622 - Marco, Belém - PA, 66080-471, Brasil",Loja de Conveniência,,,,,,,,,Loja de Conveniência,1.24107E+19,Belém,BR,0x92a48d1d6ce20a9b:0xac3bae19c1964563,,,-1.4425577,-48.4533185,,Marco,segunda-feira,09:00 to 00:00,terça-feira,09:00 to 00:00,quarta-feira,09:00 to 00:00,quinta-feira,09:00 to 00:00,sexta-feira,09:00 to 00:00,sábado,09:00 to 00:00,domingo,09:00 to 23:30,64,Tudo Conveniencia João Paulo,4.6,,,,,,,,,,,,,,,,,+55 91 98308-0490,5591983080490,ChIJmwribB2NpJIRY0WWwRmuO6w,"HG4W+XM Marco, Belém - PA, Brasil",6,0,7,0,8,0,9,8,10,2,11,0,12,8,13,20,14,28,15,22,16,20,17,22,18,28,19,62,20,68,21,57,22,31,23,22,,,,,,,,,,,,,6,0,7,0,8,0,9,14,10,11,11,17,12,20,13,11,14,17,15,17,16,22,17,8,18,2,19,8,20,22,21,48,22,40,23,25,,,,,,,,,,,,,,,6,0,7,0,8,0,9,8,10,17,11,20,12,40,13,40,14,40,15,34,16,37,17,62,18,60,19,82,20,82,21,100,22,85,23,65,,,,,,,,,,,,,6,0,7,0,8,0,9,5,10,17,11,31,12,25,13,11,14,5,15,14,16,20,17,37,18,48,19,51,20,54,21,34,22,17,23,11,,,,,,,,,,,,,6,0,7,0,8,0,9,31,10,22,11,11,12,8,13,22,14,25,15,31,16,20,17,28,18,25,19,34,20,31,21,25,22,20,23,17,,,,,,,,,,,,,6,0,7,0,8,0,9,28,10,14,11,8,12,5,13,2,14,2,15,8,16,11,17,22,18,17,19,17,20,25,21,42,22,31,23,14,,,,,,,,,,,,,6,0,7,0,8,0,9,17,10,11,11,8,12,2,13,0,14,5,15,14,16,28,17,31,18,25,19,25,20,34,21,42,22,31,23,28,,,,,,,,,,,,,,66080-471,,16,,4,,2,1,0,1,0,Pará,"Tv. da Estrella, 3622",,,,Conveniência Bom Jesus. - Marco,4.3,https://www.google.com/maps/search/?api=1&query=Conveni%C3%AAncia%20Bom%20Jesus.%20-%20Marco&query_place_id=ChIJmwribB2NpJIRY0WWwRmuO6w,
,,TRUE,,,,,,,,,,,,,,,,,,,,,,,,,,,,,,,,,,,TRUE,,,,,,,TRUE,,,,,,,,,,,,,,,,,,,,,,,,,,,,,,,,,,,,,,,,,,,,,,TRUE,,,,,,,,,,,,,,,,,,,,,"Av. Perimetral, 3303 - Curió-Utinga, Belém - PA, 66095-310, Brasil",Loja de Conveniência,,,,,,,,,Loja de Conveniência,4.53066E+18,Belém,BR,0x92a48d3239a5dabb:0x3ee02532f6c5b16b,,,-1.4322213,-48.450944,,Curió-Utinga,segunda-feira,Atendimento 24 horas,terça-feira,Atendimento 24 horas,quarta-feira,Atendimento 24 horas,quinta-feira,Atendimento 24 horas,sexta-feira,Atendimento 24 horas,sábado,Atendimento 24 horas,domingo,Atendimento 24 horas,917,Point Show,4.1,Outras pessoas pesquisaram,6,Depósito de bebidas 24 horas,4.7,Outras pessoas pesquisaram,3,Point PUB - Conveniência,5,,,,,,,,,+55 91 98160-9125,5591981609125,ChIJu9qlOTKNpJIRa7HF9jIl4D4,"HG9X+4J Curió-Utinga, Belém - PA, Brasil",4,7,5,15,6,30,7,15,8,15,9,15,10,7,11,0,12,0,13,0,14,7,15,0,16,0,17,0,18,0,19,0,20,0,21,0,22,0,23,0,0,0,1,7,2,15,3,7,4,0,5,7,6,23,7,7,8,0,9,0,10,0,11,7,12,0,13,0,14,0,15,0,16,0,17,7,18,15,19,7,20,0,21,0,22,7,23,30,0,30,1,30,2,15,3,7,,,4,92,5,84,6,30,7,7,8,7,9,23,10,69,11,76,12,84,13,69,14,100,15,46,16,23,17,0,18,0,19,0,20,7,21,0,22,0,23,0,0,0,1,15,2,23,3,61,4,23,5,7,6,0,7,7,8,15,9,15,10,23,11,61,12,69,13,38,14,23,15,7,16,0,17,0,18,7,19,0,20,0,21,0,22,0,23,15,0,38,1,76,2,61,3,61,4,0,5,0,6,0,7,0,8,0,9,7,10,15,11,7,12,7,13,23,14,53,15,38,16,15,17,0,18,0,19,0,20,0,21,7,22,30,23,23,0,7,1,7,2,0,3,0,4,23,5,7,6,0,7,0,8,0,9,7,10,15,11,7,12,15,13,23,14,7,15,0,16,0,17,7,18,23,19,30,20,7,21,0,22,0,23,0,0,0,1,7,2,15,3,30,4,7,5,7,6,15,7,15,8,15,9,30,10,15,11,7,12,0,13,15,14,30,15,69,16,38,17,38,18,7,19,0,20,0,21,0,22,7,23,15,0,7,1,7,2,23,3,30,,66095-310,,15,,1,,1,0,0,0,0,Pará,"Av. Perimetral, 3303",,,,Point Conveniência 24 Horas,5,https://www.google.com/maps/search/?api=1&query=Point%20Conveni%C3%AAncia%2024%20Horas&query_place_id=ChIJu9qlOTKNpJIRa7HF9jIl4D4,
,,,,,,,,,,,,,,,,,,,,,,,,,,,,,,,,,,,TRUE,,,,,,,,,,,,,,,,,,,,,,,,,,,,,,,,,,,,,,,,,,,,,,,,,,,,,,,TRUE,,,,,,,,,,,,,,,,,,,,,"Av. Franklin de Menezes, 236 - São João do Outeiro, Belém - PA, 66840-105, Brasil",Loja de Conveniência,,,,,,,,,Loja de Conveniência,1.72097E+19,Belém,BR,0x92a467d99bdb6489:0xeed530325e91a306,,,-1.2579976,-48.4663057,,São João do Outeiro,segunda-feira,08:00 to 20:00,terça-feira,08:00 to 20:00,quarta-feira,08:00 to 20:00,quinta-feira,08:00 to 20:00,sexta-feira,08:00 to 20:00,sábado,08:00 to 21:30,domingo,08:00 to 21:30,2,Comercial mao forte,4.5,Outras pessoas pesquisaram,0,Reis Gás,0,Outras pessoas pesquisaram,0,FN Acessórios e Variedades,0,,,,,,,,,,,ChIJiWTbm9lnpJIRBqORXjIw1e4,"PGRM+RF São João do Outeiro, Belém - PA, Brasil",6,0,7,0,8,9,9,22,10,38,11,29,12,32,13,16,14,16,15,9,16,16,17,19,18,32,19,48,20,0,21,0,22,0,23,0,,,,,,,,,,,,,6,0,7,0,8,12,9,9,10,16,11,12,12,19,13,19,14,19,15,35,16,32,17,54,18,32,19,45,20,0,21,0,22,0,23,0,,,,,,,,,,,,,,,6,0,7,0,8,19,9,32,10,38,11,38,12,29,13,12,14,12,15,22,16,25,17,32,18,38,19,45,20,51,21,61,22,0,23,0,,,,,,,,,,,,,6,0,7,0,8,22,9,41,10,64,11,83,12,100,13,96,14,80,15,74,16,58,17,74,18,77,19,67,20,58,21,45,22,0,23,0,,,,,,,,,,,,,6,0,7,0,8,6,9,6,10,12,11,25,12,35,13,25,14,16,15,9,16,3,17,0,18,3,19,12,20,0,21,0,22,0,23,0,,,,,,,,,,,,,6,0,7,0,8,0,9,3,10,6,11,19,12,25,13,19,14,29,15,22,16,25,17,22,18,16,19,16,20,0,21,0,22,0,23,0,,,,,,,,,,,,,6,0,7,0,8,9,9,16,10,38,11,29,12,22,13,6,14,6,15,0,16,3,17,12,18,19,19,38,20,0,21,0,22,0,23,0,,,,,,,,,,,,,,66840-105,,18,,0,,,,,,,Pará,"Av. Franklin de Menezes, 236",,,,RF CONVENIÊNCIA,,https://www.google.com/maps/search/?api=1&query=RF%20CONVENI%C3%8ANCIA&query_place_id=ChIJiWTbm9lnpJIRBqORXjIw1e4,https://instagram.com/rf_conveniencia23?igshid=MzNlNGNkZWQ4Mg==
,,,,,,,,,,,,,,,,,,,,,,,,,,,,,,,,,,,,,,,,,,,,,,,,,,,,,,,,,,,,,,,,,,,,,,,,,,,,,,,,,,,,,,,,,,TRUE,,,,TRUE,,,,TRUE,TRUE,,,,,,,,,,,,"Av. Nossa Sra. da Conceição - São João do Outeiro (Outeiro), Belém - PA, 66840-320, Brasil",Loja de Conveniência,,,,,,,,,Loja de Conveniência,8.0049E+18,Belém,BR,0x92a468a0694baf1f:0x6f171bb589f6c50a,,,-1.2539855,-48.4603601,,São João do Outeiro (Outeiro),,,,,,,,,,,,,,,9,Comercial Tá na mão,5,Outras pessoas pesquisaram,0,RF CONVENIÊNCIA,0,Outras pessoas pesquisaram,68,Comercial Magalhães,4.3,Outras pessoas pesquisaram,1,conveniência & Deposito cocô dourado,5,,,,,+55 91 98955-6638,5591989556638,ChIJH69LaaBopJIRCsX2ibUbF28,"PGWQ+CV Belém, Pará, Brasil",,,,,,,,,,,,,,,,,,,,,,,,,,,,,,,,,,,,,,,,,,,,,,,,,,,,,,,,,,,,,,,,,,,,,,,,,,,,,,,,,,,,,,,,,,,,,,,,,,,,,,,,,,,,,,,,,,,,,,,,,,,,,,,,,,,,,,,,,,,,,,,,,,,,,,,,,,,,,,,,,,,,,,,,,,,,,,,,,,,,,,,,,,,,,,,,,,,,,,,,,,,,,,,,,,,,,,,,,,,,,,,,,,,,,,,,,,,,,,,,,,,,,,,,,,,,,,,,,,,,,,,,,,,,,,,,,,,,,,,,,,,,,,,,,,,,,,,,,,,,,,,,,,,,,,,,,,,,,,,,,,,,,,,,,,,,,,,,,,,,66840-320,,4,,2,,1,1,0,0,0,Pará,Av. Nossa Sra. da Conceição,,,,Comercial mao forte,4.5,https://www.google.com/maps/search/?api=1&query=Comercial%20mao%20forte&query_place_id=ChIJH69LaaBopJIRCsX2ibUbF28,
,,,TRUE,,,,,,,,,,,,,,,,,,,,,,,,,,,,,,,,,,,,,,,,,,,,,,,,,,,,,,,,,,,,,,,,,,,,,,,,,,,,,,,,,,,,,,,,,,,,,,,,,,,,,,,,,,,,"Est. Piraiba, 805 - Maracacuera, Belém - PA, 66815-160, Brasil",Loja de Conveniência,,,,,,,,,Loja de Conveniência,2.34878E+18,Belém,BR,0x92a4672f6b883f57:0x20988cafb0fbe8a3,,,-1.2920266,-48.4603315,,Maracacuera,segunda-feira,08:00 to 21:00,terça-feira,08:00 to 21:00,quarta-feira,08:00 to 21:00,quinta-feira,08:00 to 21:00,sexta-feira,08:00 to 00:00,sábado,08:00 to 00:00,domingo,Fechado,4,Conveniência Point Super Pressão,5,Outras pessoas pesquisaram,0,Ponto da Bênção,0,Outras pessoas pesquisaram,1,Point da vila,5,,,,,,,,,+55 91 98246-7980,5591982467980,ChIJVz-Iay9npJIRo-j7sK-MmCA,"PG5Q+5V Maracacuera, Belém - PA, Brasil",6,0,7,0,8,18,9,18,10,25,11,12,12,12,13,18,14,6,15,6,16,6,17,25,18,18,19,37,20,25,21,43,22,62,23,100,,,,,,,,,,,,,6,0,7,0,8,31,9,12,10,18,11,18,12,43,13,31,14,18,15,25,16,12,17,6,18,0,19,6,20,0,21,0,22,0,23,0,,,,,,,,,,,,,,,6,0,7,0,8,6,9,0,10,6,11,18,12,18,13,12,14,0,15,12,16,12,17,12,18,12,19,31,20,43,21,50,22,56,23,81,,,,,,,,,,,,,,,,,,,,,,,,,,,,,,,,,,,,,,,,,,,,,,,,,,,,,,,,,,,,,6,0,7,0,8,50,9,37,10,43,11,25,12,37,13,18,14,12,15,25,16,25,17,50,18,62,19,43,20,50,21,0,22,0,23,0,,,,,,,,,,,,,6,0,7,0,8,31,9,37,10,43,11,37,12,31,13,37,14,37,15,12,16,6,17,0,18,12,19,18,20,18,21,0,22,0,23,0,,,,,,,,,,,,,6,0,7,0,8,6,9,31,10,37,11,43,12,25,13,25,14,12,15,12,16,12,17,18,18,43,19,56,20,37,21,0,22,0,23,0,,,,,,,,,,,,,,66815-160,,20,,3,,2,1,0,0,0,Pará,"Est. Piraiba, 805",,,,Restaurante & Conveniência Point da Hora,4.7,https://www.google.com/maps/search/?api=1&query=Restaurante%20%26%20Conveni%C3%AAncia%20Point%20da%20Hora&query_place_id=ChIJVz-Iay9npJIRo-j7sK-MmCA,
,,,,,,,,,,,,,,,,,,,,,,,,,,,,,,,,,,,TRUE,,,,,,,,,,,,,,,,,,,,,,,,,,,,,,,,,,,,,,,,,,,,,,,,,,,,,,,TRUE,,,,,,,,,,,,,,,,,,,,,"Rod. Augusto Montenegro, 540 - Parque Guajará, Belém - PA, 66645-001, Brasil",Loja de Conveniência,,,,,,,,,Loja de Conveniência,1.83169E+19,Belém,BR,0x92a461b4cfb2ada3:0xfe3293b5d92a6e1e,,,-1.316323,-48.4543946,,Parque Guajará,segunda-feira,Fechado,terça-feira,08:00 to 22:00,quarta-feira,08:00 to 22:00,quinta-feira,08:00 to 22:00,sexta-feira,08:00 to 00:00,sábado,08:00 to 00:00,domingo,09:00 to 19:00,0,Conveniência toda hora,0,Outras pessoas pesquisaram,0,Na Hora Convêniencia,0,Outras pessoas pesquisaram,3,Gr Conveniéncia,3.7,,,,,,,,,+55 91 3085-1950,559130851950,ChIJo62yz7RhpJIRHm4q2bWTMv4,"MGMW+F6 Parque Guajará, Belém - PA, Brasil",,,,,,,,,,,,,,,,,,,,,,,,,,,,,,,,,,,,,,,,,,,,,,,,,,,,,,,,,,,,,,,,,,,,,,,,,,,,,,,,,,,,,,,,,,,,,,,,,,,,,,,,,,,,,,,,,,,,,,,,,,,,,,,,,,,,,,,,,,,,,,,,,,,,,,,,,,,,,,,,,,,,,,,,,,,,,,,,,,,,,,,,,,,,,,,,,,,,,,,,,,,,,,,,,,,,,,,,,,,,,,,,,,,,,,,,,,,,,,,,,,,,,,,,,,,,,,,,,,,,,,,,,,,,,,,,,,,,,,,,,,,,,,,,,,,,,,,,,,,,,,,,,,,,,,,,,,,,,,,,,,,,,,,,,,,,,,,,,,,,66645-001,,15,,1,,1,0,0,0,0,Pará,"Rod. Augusto Montenegro, 540",,,,DA HORA CONVENIÊNCIA,5,https://www.google.com/maps/search/?api=1&query=DA%20HORA%20CONVENI%C3%8ANCIA&query_place_id=ChIJo62yz7RhpJIRHm4q2bWTMv4,
,,,,,,,,,,,,,,,,,,,,,,,,,,,,,,,,,,,TRUE,,,,,,,,,,,,,,,,,,,,,,,,,,,,,,,,,,,,,,,,,,,,,,,,,,,,,,,TRUE,,,,,,,,,,,,,,,,,,,,,"R. Oito de Outubro, 25 - Tenoné, Belém - PA, 66820-720, Brasil",Loja de Conveniência,,,,,,,,,Loja de Conveniência,5.98183E+18,Belém,BR,0x92a46124993c396d:0x5303b75a4660ab44,,,-1.3223945,-48.4385778,,Tenoné,,,,,,,,,,,,,,,0,Conveniência Fé em Deus,0,Outras pessoas pesquisaram,0,Panda variedades,0,Outras pessoas pesquisaram,3,Mercearia e Conveniência J & L,5,Outras pessoas pesquisaram,0,Conveniência a Referência,0,,,,,+55 91 98597-9803,5591985979803,ChIJbTk8mSRhpJIRRKtgRlq3A1M,"MHH6+2H Tenoné, Belém - PA, Brasil",,,,,,,,,,,,,,,,,,,,,,,,,,,,,,,,,,,,,,,,,,,,,,,,,,,,,,,,,,,,,,,,,,,,,,,,,,,,,,,,,,,,,,,,,,,,,,,,,,,,,,,,,,,,,,,,,,,,,,,,,,,,,,,,,,,,,,,,,,,,,,,,,,,,,,,,,,,,,,,,,,,,,,,,,,,,,,,,,,,,,,,,,,,,,,,,,,,,,,,,,,,,,,,,,,,,,,,,,,,,,,,,,,,,,,,,,,,,,,,,,,,,,,,,,,,,,,,,,,,,,,,,,,,,,,,,,,,,,,,,,,,,,,,,,,,,,,,,,,,,,,,,,,,,,,,,,,,,,,,,,,,,,,,,,,,,,,,,,,,,66820-720,,16,,0,,,,,,,Pará,"R. Oito de Outubro, 25",,,,Conveniência Polo Norte,,https://www.google.com/maps/search/?api=1&query=Conveni%C3%AAncia%20Polo%20Norte&query_place_id=ChIJbTk8mSRhpJIRRKtgRlq3A1M,https://www.lojalocal.com/amstel/00006677985288
,,,,,,,,,,,,,,,,,,,,,,,,,,,,,,,,,,,TRUE,,,,,,,,,,,,,,,,,,,,,,,,,,,,,,,,,,,,,,,,,,,,,,,,,,,,,,,,,,,,,,,,,,,,,,,,,,,,"R. 17 de Abril - Parque Guajará, Belém - PA, 66821-005, Brasil",Loja de Conveniência,,,,,,,,,Loja de Conveniência,1.43239E+19,Belém,BR,0x92a46194b332dc47:0xc6c8d140a4e2ed05,,,-1.3147883,-48.4663491,,Parque Guajará,segunda-feira,08:00 to 23:00,terça-feira,08:00 to 23:00,quarta-feira,08:00 to 23:00,quinta-feira,08:00 to 23:00,sexta-feira,08:00 to 23:00,sábado,08:00 to 23:00,domingo,08:00 to 23:00,0,Souza Depósito e conveniência,0,Outras pessoas pesquisaram,2,Depósito Souza,5,Outras pessoas pesquisaram,0,Depósito Souza Gás,0,Outras pessoas pesquisaram,2,Depósito do Keke,4.5,,,,,+55 91 98278-3550,5591982783550,ChIJR9wys5RhpJIRBe3ipEDRyMY,"MGPM+3F Parque Guajará, Belém - PA, Brasil",6,0,7,0,8,14,9,35,10,21,11,21,12,35,13,14,14,7,15,21,16,35,17,50,18,57,19,92,20,85,21,71,22,71,23,0,,,,,,,,,,,,,6,0,7,0,8,7,9,7,10,14,11,28,12,14,13,14,14,21,15,28,16,7,17,7,18,14,19,14,20,14,21,42,22,28,23,0,,,,,,,,,,,,,,,6,0,7,0,8,50,9,42,10,28,11,7,12,0,13,7,14,0,15,0,16,0,17,0,18,7,19,35,20,78,21,100,22,57,23,0,,,,,,,,,,,,,6,0,7,0,8,28,9,42,10,35,11,35,12,71,13,57,14,57,15,14,16,14,17,14,18,14,19,0,20,0,21,14,22,35,23,0,,,,,,,,,,,,,6,0,7,0,8,7,9,21,10,42,11,28,12,21,13,28,14,50,15,42,16,50,17,21,18,7,19,0,20,28,21,42,22,64,23,0,,,,,,,,,,,,,6,0,7,0,8,21,9,28,10,14,11,14,12,35,13,21,14,21,15,21,16,35,17,71,18,57,19,28,20,7,21,7,22,21,23,0,,,,,,,,,,,,,6,0,7,0,8,57,9,35,10,7,11,0,12,0,13,0,14,0,15,0,16,0,17,7,18,14,19,35,20,21,21,28,22,14,23,0,,,,,,,,,,,,,,66821-005,,19,,0,,,,,,,Pará,R. 17 de Abril,,,,Deposito Souza,,https://www.google.com/maps/search/?api=1&query=Deposito%20Souza&query_place_id=ChIJR9wys5RhpJIRBe3ipEDRyMY,https://www.lojalocal.com/00045374899287
,,,,,,,,,,,,,,,,,,,,,,,,,,,,,,,,,,,TRUE,,,,,,,,,,,,,,,,,,,,,,,,,,,,,,,,,,,,,,,,,,,,,,,,,,,,,,,TRUE,,,,TRUE,,,,TRUE,TRUE,,,,,,,,,,,,"Passagem Sexta Linha, 167 - Tenoné, Belém - PA, 66820-170, Brasil",Loja de Conveniência,,,,,,,,,Loja de Conveniência,1.14831E+19,Belém,BR,0x92a4673618dfcfed:0x9f5c1a6c0567cd83,,,-1.312278,-48.4362585,,Tenoné,,,,,,,,,,,,,,,1,Conveniência Deus proverá,5,Outras pessoas pesquisaram,3,Mercearia e Conveniência J & L,5,,,,,,,,,,,,,+55 91 99274-8429,5591992748429,ChIJ7c_fGDZnpJIRg81nBWwaXJ8,"MHQ7+3F Tenoné, Belém - PA, Brasil",,,,,,,,,,,,,,,,,,,,,,,,,,,,,,,,,,,,,,,,,,,,,,,,,,,,,,,,,,,,,,,,,,,,,,,,,,,,,,,,,,,,,,,,,,,,,,,,,,,,,,,,,,,,,,,,,,,,,,,,,,,,,,,,,,,,,,,,,,,,,,,,,,,,,,,,,,,,,,,,,,,,,,,,,,,,,,,,,,,,,,,,,,,,,,,,,,,,,,,,,,,,,,,,,,,,,,,,,,,,,,,,,,,,,,,,,,,,,,,,,,,,,,,,,,,,,,,,,,,,,,,,,,,,,,,,,,,,,,,,,,,,,,,,,,,,,,,,,,,,,,,,,,,,,,,,,,,,,,,,,,,,,,,,,,,,,,,,,,,,66820-170,,14,,0,,,,,,,Pará,"Passagem Sexta Linha, 167",,,,Conveniência a Referência,,https://www.google.com/maps/search/?api=1&query=Conveni%C3%AAncia%20a%20Refer%C3%AAncia&query_place_id=ChIJ7c_fGDZnpJIRg81nBWwaXJ8,https://www.lojalocal.com/45238295000177
,,,,,,,,,,,,,,,,,,,,,,,,,,,,,,,,,,,,,,,,,,,,,,,,,,,,,,,,,,,,,,,,,,,,,,,,,,,,,,,,,,,,,,,,,,TRUE,,,,TRUE,,,,TRUE,TRUE,,,,,,,,,,,,"R. Central N103 (entre quinta linha e - três Marias, Belém - PA, Brasil",Loja de Conveniência,,,,,,,,,Loja de Conveniência,6.20766E+17,Belém,BR,0x92a46196814d93ad:0x89d67658df187a5,,,-1.3228357,-48.4408313,,três Marias,segunda-feira,08:00 to 22:30,terça-feira,08:00 to 22:30,quarta-feira,08:00 to 22:30,quinta-feira,08:00 to 22:30,sexta-feira,08:00 to 22:30,sábado,08:00 to 18:00,domingo,08:30 to 18:00,72,Mercadinho Central,4.3,Outras pessoas pesquisaram,1,Conveniência George,5,Outras pessoas pesquisaram,3,Mercearia e Conveniência J & L,5,Outras pessoas pesquisaram,1,Mercantil e conveniência do Julio,4,,,,,+55 91 98168-4370,5591981684370,ChIJrZNNgZZhpJIRpYfxjWVnnQg,"MHG5+VM Belém, Pará, Brasil",6,0,7,0,8,0,9,0,10,0,11,0,12,0,13,0,14,0,15,9,16,27,17,18,18,27,19,9,20,0,21,0,22,0,23,0,,,,,,,,,,,,,6,0,7,0,8,45,9,18,10,18,11,18,12,9,13,0,14,0,15,9,16,9,17,18,18,9,19,0,20,0,21,9,22,18,23,0,,,,,,,,,,,,,,,6,0,7,0,8,45,9,36,10,36,11,27,12,9,13,0,14,0,15,0,16,9,17,27,18,0,19,0,20,0,21,0,22,0,23,0,,,,,,,,,,,,,6,0,7,0,8,36,9,36,10,54,11,36,12,63,13,63,14,63,15,36,16,27,17,36,18,0,19,0,20,0,21,0,22,0,23,0,,,,,,,,,,,,,6,0,7,0,8,9,9,18,10,18,11,18,12,45,13,45,14,63,15,27,16,9,17,9,18,18,19,27,20,36,21,72,22,45,23,0,,,,,,,,,,,,,6,0,7,0,8,45,9,18,10,9,11,0,12,0,13,0,14,0,15,0,16,9,17,0,18,0,19,9,20,9,21,18,22,9,23,0,,,,,,,,,,,,,6,0,7,0,8,100,9,63,10,27,11,0,12,9,13,18,14,9,15,0,16,9,17,18,18,36,19,18,20,9,21,0,22,0,23,0,,,,,,,,,,,,,,,,3,,0,,,,,,,PA,R. Central N103 (entre quinta linha e,,,,Conveniências Central,,https://www.google.com/maps/search/?api=1&query=Conveni%C3%AAncias%20Central&query_place_id=ChIJrZNNgZZhpJIRpYfxjWVnnQg,
,,,,,,,,,,,,,,,,,,,,,,,,,,,,,,,,,,,TRUE,,,,,,,,,,,,,,,,,,,,,,,,,,,,,,,,,,,,,,,,,,,,,,,,,,,,,,,TRUE,,,,TRUE,,,,TRUE,TRUE,,,,,,,,,,,,"Residencial liberdade ll - Av. Tucunduba - Terra Firme, Belém - PA, 66079-030, Brasil",Loja de Conveniência,,,,,,,,,Loja de Conveniência,1.83271E+19,Belém,BR,0x92a48d7d0eb6f4b3:0xfe5709f71bcef9c6,,,-1.4668897,-48.4524433,,Terra Firme,segunda-feira,07:00 to 23:00,terça-feira,07:00 to 23:00,quarta-feira,07:00 to 23:00,quinta-feira,07:00 to 23:00,sexta-feira,07:00 to 23:00,sábado,07:00 to 23:00,domingo,07:00 to 23:00,0,Irene Variedades,0,,,,,,,,,,,,,,,,,+55 91 99635-0187,5591996350187,ChIJs_S2Dn2NpJIRxvnOG_cJV_4,"GGMX+62 Terra Firme, Belém - PA, Brasil",6,0,7,53,8,20,9,20,10,26,11,33,12,20,13,20,14,6,15,0,16,6,17,26,18,26,19,6,20,6,21,13,22,6,23,0,,,,,,,,,,,,,6,0,7,6,8,0,9,6,10,0,11,0,12,6,13,13,14,33,15,20,16,26,17,20,18,33,19,26,20,40,21,26,22,40,23,0,,,,,,,,,,,,,,,6,0,7,6,8,0,9,0,10,0,11,6,12,13,13,40,14,26,15,20,16,20,17,40,18,20,19,6,20,6,21,26,22,20,23,0,,,,,,,,,,,,,6,0,7,0,8,0,9,0,10,0,11,6,12,20,13,6,14,0,15,0,16,0,17,6,18,20,19,13,20,26,21,26,22,46,23,0,,,,,,,,,,,,,6,0,7,6,8,6,9,6,10,0,11,0,12,6,13,6,14,20,15,46,16,40,17,46,18,46,19,20,20,6,21,6,22,13,23,0,,,,,,,,,,,,,6,0,7,26,8,60,9,46,10,53,11,46,12,46,13,26,14,33,15,13,16,6,17,13,18,33,19,40,20,13,21,6,22,6,23,0,,,,,,,,,,,,,6,0,7,86,8,100,9,80,10,40,11,13,12,6,13,13,14,33,15,20,16,20,17,6,18,13,19,40,20,73,21,53,22,46,23,0,,,,,,,,,,,,,,66079-030,,20,,1,,1,0,0,0,0,Pará,Residencial liberdade ll - Av. Tucunduba,,,,Conveniência Liberdade 2,5,https://www.google.com/maps/search/?api=1&query=Conveni%C3%AAncia%20Liberdade%202&query_place_id=ChIJs_S2Dn2NpJIRxvnOG_cJV_4,
,,,,,,,,,,,,,,,,,,,,,,,,,,,,,,,,,,,TRUE,,,,,,,,,,,,,,,,,,,,,,,,,,,,,,,,,,,,,,,,,,,,,,,,,,,,,,,TRUE,,,,,,,,,,,,,,,,,,,,,"R. Salvador, n:39 - com Ceará, Ananindeua - PA, 67020-250, Brasil",Loja de Conveniência,,,,,,,,,Loja de Conveniência,1.08012E+19,Ananindeua,BR,0x92a4f5ecc77253d1:0x95e58c6be41ccee9,,,-1.396783,-48.3932943,,com Ceará,segunda-feira,06:00 to 00:00,terça-feira,06:00 to 00:00,quarta-feira,06:00 to 00:00,quinta-feira,06:00 to 00:00,sexta-feira,Atendimento 24 horas,sábado,Atendimento 24 horas,domingo,06:00 to 01:30,1,Império JT,3,Outras pessoas pesquisaram,1,AM IMPÉRIO DEPÓSITO DE BEBIDAS,5,Outras pessoas pesquisaram,2,Conveniência Império das Bebidas,5,,,,,,,,,+55 91 98707-6154,5591987076154,ChIJ0VNyx-z1pJIR6c4c5GuM5ZU,"JJ34+7M Ananindeua, Pará, Brasil",0,81,1,63,2,54,3,18,4,0,5,18,6,18,7,36,8,18,9,9,10,0,11,0,12,0,13,9,14,27,15,54,16,54,17,27,18,18,19,18,20,36,21,27,22,27,23,36,5,0,6,72,7,54,8,18,9,9,10,18,11,18,12,27,13,54,14,27,15,9,16,9,17,27,18,27,19,36,20,18,21,9,22,9,23,18,,,,,,,,,,,,,0,18,1,9,2,9,3,0,4,45,5,36,6,18,7,9,8,27,9,27,10,45,11,27,12,27,13,18,14,27,15,9,16,0,17,9,18,18,19,45,20,18,21,18,22,0,23,18,5,0,6,45,7,81,8,36,9,36,10,36,11,27,12,45,13,36,14,54,15,18,16,18,17,27,18,9,19,0,20,0,21,0,22,9,23,18,0,36,1,27,,,,,,,5,0,6,0,7,9,8,9,9,18,10,45,11,27,12,27,13,9,14,0,15,0,16,9,17,27,18,63,19,36,20,27,21,18,22,36,23,54,,,,,,,,,,,5,0,6,18,7,27,8,63,9,72,10,63,11,27,12,18,13,36,14,72,15,100,16,54,17,54,18,27,19,9,20,0,21,0,22,0,23,0,,,,,,,,,,,5,0,6,18,7,45,8,54,9,36,10,45,11,27,12,45,13,54,14,27,15,18,16,18,17,18,18,0,19,0,20,0,21,9,22,9,23,18,,,,,,,,,,,,67020-250,,17,,0,,,,,,,Pará,"R. Salvador, n:39",,,,Conveniência Imperius,,https://www.google.com/maps/search/?api=1&query=Conveni%C3%AAncia%20Imperius&query_place_id=ChIJ0VNyx-z1pJIR6c4c5GuM5ZU,
,,,,,,,,,,,,,,,,,,,,,,,,,,,,,,,,,,,,TRUE,,,,,,,,,,,,,,,,,,,,,,,,,,,,,,,,,,,,,,,,,,,,,,,,,,,,,,,,,,,,,,,,,,,,,,,,,,,"Passagem Santa Cecília, 33 - Águas Lindas, Belém - PA, 66690-630, Brasil",Loja de Conveniência,,,,,,,,,Loja de Conveniência,9.67264E+18,Belém,BR,0x92a4f5f65ececf77:0x863c1cf1663a9a78,,,-1.4039643,-48.3960731,,Águas Lindas,segunda-feira,07:30 to 22:00,terça-feira,Atendimento 24 horas,quarta-feira,Atendimento 24 horas,quinta-feira,Atendimento 24 horas,sexta-feira,Atendimento 24 horas,sábado,Atendimento 24 horas,domingo,Atendimento 24 horas,0,Depósito de Bebidas & Conveniência Altas Horas,0,Outras pessoas pesquisaram,2,RS Conveniência,5,Outras pessoas pesquisaram,31,Zero Grau - Conveniência,4.1,Outras pessoas pesquisaram,0,Depósito de Bebidas DG,0,,,,,+55 91 98947-9469,5591989479469,ChIJd8_OXvb1pJIReJo6ZvEcPIY,"HJW3+CH Águas Lindas, Belém - PA, Brasil",0,15,1,5,2,0,3,0,4,0,5,0,6,0,7,5,8,15,9,20,10,40,11,25,12,25,13,15,14,5,15,5,16,15,17,45,18,55,19,65,20,40,21,25,22,40,23,35,6,0,7,25,8,15,9,0,10,10,11,10,12,20,13,15,14,15,15,30,16,35,17,70,18,90,19,100,20,90,21,50,22,0,23,0,,,,,,,,,,,,,,,0,35,1,20,2,20,3,5,4,10,5,10,6,20,7,45,8,55,9,45,10,45,11,15,12,15,13,15,14,20,15,20,16,10,17,5,18,5,19,15,20,15,21,5,22,0,23,5,0,0,1,5,2,10,3,25,4,25,5,15,6,5,7,5,8,20,9,20,10,30,11,15,12,10,13,10,14,10,15,10,16,30,17,40,18,65,19,60,20,55,21,40,22,25,23,10,0,0,1,5,2,15,3,25,4,0,5,0,6,0,7,10,8,20,9,25,10,10,11,10,12,15,13,15,14,15,15,35,16,45,17,40,18,35,19,40,20,15,21,5,22,0,23,5,0,20,1,25,2,60,3,40,4,20,5,5,6,5,7,15,8,30,9,15,10,5,11,15,12,30,13,40,14,15,15,10,16,5,17,15,18,25,19,65,20,75,21,80,22,60,23,25,0,5,1,5,2,20,3,35,4,40,5,35,6,15,7,10,8,10,9,5,10,0,11,0,12,0,13,10,14,25,15,45,16,60,17,80,18,60,19,45,20,30,21,10,22,5,23,0,,66690-630,,18,,2,,1,0,1,0,0,Pará,"Passagem Santa Cecília, 33",,,,Depósito de Bebidas Zero Grau,3,https://www.google.com/maps/search/?api=1&query=Dep%C3%B3sito%20de%20Bebidas%20Zero%20Grau&query_place_id=ChIJd8_OXvb1pJIReJo6ZvEcPIY,
,,,,,,,,,,,,,,,,,,,,,,,,,,,,,,,,,,,,,,,,,TRUE,,,TRUE,,,,,,,,,,,TRUE,TRUE,,,,,,,,TRUE,,,,,,,,,,,,,,,,,,,,,,,,,,TRUE,,,,TRUE,,,,TRUE,TRUE,,,,,,,,,,,,"Tv. Ezeriel Mônico de Matos, 37 - Guamá, Belém - PA, 66075-220, Brasil",Loja de Conveniência,,,,,,,,,Loja de Conveniência,1.80107E+19,Belém,BR,0x92a48d9dc3a00c0b:0xf9f2ec0bd4a51553,,,-1.4679103,-48.4623208,,Guamá,segunda-feira,08:30 to 23:30,terça-feira,08:00 to 23:30,quarta-feira,08:00 to 23:30,quinta-feira,08:30 to 23:30,sexta-feira,Atendimento 24 horas,sábado,Atendimento 24 horas,domingo,09:00 to 23:30,12,TOP Conveniência,4.3,Outras pessoas pesquisaram,9,Primo Conveniência,4.7,Outras pessoas pesquisaram,0,Comercial,0,Outras pessoas pesquisaram,0,BLACK CERVEJA,0,,,,,+55 91 99167-9819,5591991679819,ChIJCwygw52NpJIRUxWl1Avs8vk,"GGJQ+R3 Guamá, Belém - PA, Brasil",0,20,1,60,2,50,3,40,4,20,5,20,6,50,7,50,8,70,9,70,10,30,11,10,12,0,13,0,14,10,15,30,16,60,17,70,18,50,19,30,20,30,21,50,22,40,23,70,6,0,7,0,8,50,9,30,10,40,11,30,12,50,13,30,14,20,15,0,16,10,17,10,18,30,19,60,20,70,21,40,22,30,23,10,,,,,,,,,,,,,,,0,50,1,20,2,10,3,20,4,40,5,30,6,20,7,20,8,30,9,50,10,50,11,90,12,100,13,50,14,20,15,0,16,0,17,0,18,0,19,10,20,40,21,50,22,60,23,60,6,0,7,0,8,0,9,20,10,20,11,30,12,10,13,0,14,0,15,0,16,0,17,10,18,20,19,50,20,20,21,20,22,20,23,10,,,,,,,,,,,,,6,0,7,0,8,30,9,10,10,10,11,20,12,20,13,20,14,30,15,30,16,40,17,80,18,50,19,40,20,10,21,20,22,20,23,20,,,,,,,,,,,,,6,0,7,0,8,0,9,0,10,10,11,30,12,40,13,10,14,10,15,30,16,10,17,20,18,20,19,50,20,20,21,10,22,30,23,40,,,,,,,,,,,,,6,0,7,0,8,10,9,20,10,20,11,10,12,0,13,0,14,10,15,20,16,10,17,0,18,30,19,50,20,90,21,50,22,30,23,10,,,,,,,,,,,,,,66075-220,,18,,1,,1,0,0,0,0,Pará,"Tv. Ezeriel Mônico de Matos, 37",,,,Império Conveniência,5,https://www.google.com/maps/search/?api=1&query=Imp%C3%A9rio%20Conveni%C3%AAncia&query_place_id=ChIJCwygw52NpJIRUxWl1Avs8vk,
,,,,,,,,,,,,,,,,,,,,,,,,,,,,,,,,,,,,,,,,,TRUE,,,,,TRUE,,,,,TRUE,,,,,,,,,,TRUE,TRUE,,,,TRUE,,,,,,,,,,,,,,,,,,,,,,,,TRUE,,,,TRUE,,,,TRUE,,,,,,TRUE,,,,,,,"66065-160, Passagem Bom Sossego Ramo I, nº 10 - Condor, Belém - PA, 66065-160, Brasil",Loja de Conveniência,,,,,,,,,Loja de Conveniência,1.08677E+19,Belém,BR,0x92a48db794a51301:0x96d1dcdbb32f7916,,,-1.4738994,-48.4719424,,Condor,segunda-feira,08:30 to 02:30,terça-feira,08:30 to 02:30,quarta-feira,08:30 to 02:30,quinta-feira,08:30 to 00:00,sexta-feira,07:00 to 00:00,sábado,Atendimento 24 horas,domingo,08:30 to 04:00,1,Depósito de bebidas G.S,4,,,,,,,,,,,,,,,,,+55 91 99138-2139,5591991382139,ChIJAROllLeNpJIRFnkvs9vc0ZY,"GGGH+C6 Condor, Belém - PA, Brasil",6,0,7,0,8,0,9,0,10,0,11,8,12,25,13,50,14,33,15,8,16,0,17,0,18,0,19,8,20,16,21,16,22,16,23,41,,,,,,,,,,,,,6,0,7,0,8,0,9,0,10,0,11,0,12,0,13,0,14,0,15,8,16,16,17,50,18,41,19,33,20,33,21,25,22,41,23,58,0,83,1,91,2,83,,,,,,,,,0,16,1,16,2,25,3,50,4,25,5,8,6,0,7,0,8,8,9,25,10,25,11,41,12,16,13,25,14,33,15,41,16,16,17,8,18,0,19,8,20,25,21,58,22,100,23,100,6,0,7,0,8,0,9,0,10,8,11,16,12,33,13,16,14,16,15,0,16,0,17,0,18,8,19,25,20,33,21,25,22,16,23,25,0,8,1,0,2,8,3,25,,,,,6,0,7,0,8,8,9,25,10,16,11,25,12,25,13,50,14,33,15,41,16,16,17,8,18,0,19,8,20,0,21,0,22,0,23,0,,,,,,,,,,,,,6,0,7,0,8,0,9,8,10,16,11,25,12,58,13,25,14,16,15,0,16,16,17,41,18,75,19,83,20,58,21,25,22,25,23,58,0,50,1,25,2,16,,,,,,,6,0,7,0,8,16,9,8,10,0,11,0,12,8,13,33,14,41,15,75,16,33,17,25,18,0,19,0,20,8,21,33,22,33,23,33,0,75,1,66,2,50,,,,,,,,66065-160,,17,,3,,3,0,0,0,0,PA,"66065-160, Passagem Bom Sossego Ramo I, nº 10",,,,G9 CONVENIÊNCIA,5,https://www.google.com/maps/search/?api=1&query=G9%20CONVENI%C3%8ANCIA&query_place_id=ChIJAROllLeNpJIRFnkvs9vc0ZY,
,,,,,,,,,,,,,,,,,,,,,,,,,,,,,,,,,,,,,,,,,,,,,,,,,,,,,,,,,,,,,,,,,,,,,,,,,,,,,,,,,,,,,,,,,,TRUE,,,,,,,,,,,,,,,,,,,,,"R. Barão de Igarapé Miri, 1023 - Guamá, Belém - PA, 66075-045, Brasil",Loja de Conveniência,,,,,,,,,Loja de Conveniência,1.13361E+18,Belém,BR,0x92a48daac8f0c895:0xfbb64b3c65f8fe5,,,-1.4669211,-48.4592769,,Guamá,segunda-feira,"07:30 to 12:30, 15:00 to 22:00",terça-feira,"07:30 to 12:30, 15:00 to 22:00",quarta-feira,"07:30 to 12:30, 15:00 to 22:00",quinta-feira,"07:30 to 12:30, 15:00 to 22:00",sexta-feira,"07:30 to 12:30, 15:00 to 22:00",sábado,"07:30 to 12:30, 15:00 to 22:00",domingo,08:00 to 12:00,1,STOP conveniência,5,Outras pessoas pesquisaram,0,Conveniência da Cleide,0,Outras pessoas pesquisaram,0,Conveniência dos Amigos,0,,,,,,,,,+55 91 98953-0062,5591989530062,ChIJlcjwyKqNpJIR5Y9fxrNkuw8,"GGMR+67 Guamá, Belém - PA, Brasil",6,0,7,23,8,17,9,11,10,29,11,11,12,17,13,0,14,0,15,23,16,17,17,29,18,35,19,47,20,47,21,35,22,0,23,0,,,,,,,,,,,,,6,0,7,35,8,41,9,17,10,17,11,29,12,23,13,0,14,0,15,29,16,23,17,35,18,35,19,35,20,47,21,29,22,0,23,0,,,,,,,,,,,,,,,6,0,7,11,8,35,9,47,10,82,11,70,12,29,13,0,14,0,15,29,16,41,17,58,18,58,19,52,20,64,21,47,22,0,23,0,,,,,,,,,,,,,6,0,7,0,8,41,9,47,10,41,11,17,12,0,13,0,14,0,15,0,16,0,17,0,18,0,19,0,20,0,21,0,22,0,23,0,,,,,,,,,,,,,6,0,7,35,8,29,9,23,10,41,11,35,12,52,13,0,14,0,15,0,16,11,17,17,18,35,19,17,20,5,21,11,22,0,23,0,,,,,,,,,,,,,6,0,7,58,8,47,9,35,10,17,11,17,12,29,13,0,14,0,15,29,16,64,17,88,18,70,19,64,20,41,21,23,22,0,23,0,,,,,,,,,,,,,6,0,7,17,8,5,9,23,10,52,11,82,12,52,13,0,14,0,15,100,16,82,17,70,18,82,19,82,20,47,21,11,22,0,23,0,,,,,,,,,,,,,,66075-045,,10,,1,,1,0,0,0,0,Pará,"R. Barão de Igarapé Miri, 1023",,,,PRIDE CONVENIÊNCIA,5,https://www.google.com/maps/search/?api=1&query=PRIDE%20CONVENI%C3%8ANCIA&query_place_id=ChIJlcjwyKqNpJIR5Y9fxrNkuw8,
,,,,,,,,,,,,,,,,,,,,,,,,,,,,,,,,,,,,,,,,,,,,,,,,,,,,,,,,,,,,,,,,,,,,,,,,,,,,,,,,,,,,,,,,,,TRUE,,,,,,,,,,,,,,,,,,,,,"R. Barão de Igarapé Miri, 1497 - Guamá, Belém - PA, 66075-045, Brasil",Loja de Conveniência,,,,,,,,,Loja de Conveniência,5.60595E+18,Belém,BR,0x92a48d4f411a5fc3:0x4dcc58bbe81e8c19,,,-1.4676316,-48.4552227,,Guamá,segunda-feira,07:00 to 22:00,terça-feira,07:00 to 22:00,quarta-feira,07:00 to 22:00,quinta-feira,Atendimento 24 horas,sexta-feira,Atendimento 24 horas,sábado,Atendimento 24 horas,domingo,Atendimento 24 horas,,,,,,,,,,,,,,,,,,,,+55 91 98261-0893,5591982610893,ChIJw18aQU-NpJIRGYwe6LtYzE0,"GGJV+WW Guamá, Belém - PA, Brasil",0,10,1,0,2,0,3,0,4,30,5,20,6,20,7,10,8,0,9,0,10,0,11,0,12,0,13,10,14,0,15,0,16,0,17,10,18,40,19,60,20,30,21,10,22,0,23,20,6,0,7,20,8,40,9,50,10,20,11,10,12,10,13,20,14,50,15,20,16,20,17,0,18,10,19,40,20,40,21,40,22,0,23,0,,,,,,,,,,,,,,,0,50,1,100,2,50,3,40,4,0,5,0,6,0,7,0,8,10,9,30,10,30,11,10,12,10,13,20,14,10,15,0,16,0,17,10,18,20,19,10,20,0,21,10,22,20,23,50,0,50,1,70,2,30,3,10,4,10,5,20,6,50,7,80,8,40,9,20,10,20,11,40,12,60,13,80,14,60,15,30,16,20,17,0,18,0,19,0,20,0,21,0,22,10,23,0,0,0,1,10,2,30,3,10,4,10,5,30,6,40,7,70,8,40,9,30,10,10,11,10,12,0,13,0,14,0,15,10,16,0,17,0,18,20,19,20,20,60,21,50,22,50,23,30,6,0,7,0,8,0,9,0,10,0,11,20,12,30,13,10,14,0,15,10,16,20,17,30,18,50,19,100,20,90,21,70,22,0,23,0,,,,,,,,,,,,,6,0,7,10,8,20,9,10,10,0,11,10,12,30,13,20,14,20,15,30,16,50,17,70,18,30,19,10,20,10,21,30,22,0,23,0,,,,,,,,,,,,,,66075-045,,14,,0,,,,,,,Pará,"R. Barão de Igarapé Miri, 1497",,,,Jr conveniência,,https://www.google.com/maps/search/?api=1&query=Jr%20conveni%C3%AAncia&query_place_id=ChIJw18aQU-NpJIRGYwe6LtYzE0,https://www.instagram.com/jrconveniencia3?igsh=OGxzajdnZm80cXRqhttps://www.instagram.com/jrconveniencia3?igsh=OGxzajdnZm80cXRq
,,,,,,,,,,,,,,,,,,,,,,,,,,,,,,,,,,,,,,,,,,,,,,,,,,,,,,,,,,,,,,,,,,,,,,,,,,,,,,,,,,,,,,,,,,,,,,,,,,,,,,,,,,,,,,,"Passagem Nova II - Terra Firme, Belém - PA, 66077-440, Brasil",Loja de Conveniência,,,,,,,,,Loja de Conveniência,1.6205E+19,Belém,BR,0x92a48df8f70cd58d:0xe0e3b89e47082492,,,-1.4600977,-48.4515965,,Terra Firme,segunda-feira,09:00 to 00:00,terça-feira,09:00 to 00:00,quarta-feira,09:00 to 00:00,quinta-feira,09:00 to 00:00,sexta-feira,09:00 to 00:00,sábado,Atendimento 24 horas,domingo,12:00 to 00:00,,,,,,,,,,,,,,,,,,,,+55 91 98235-7588,5591982357588,ChIJjdUM9_iNpJIRkiQIR5644-A,"GGQX+X9 Terra Firme, Belém - PA, Brasil",6,0,7,0,8,0,9,27,10,45,11,63,12,36,13,27,14,36,15,18,16,9,17,0,18,0,19,0,20,0,21,0,22,9,23,0,,,,,,,,,,,,,6,0,7,0,8,0,9,9,10,0,11,0,12,0,13,0,14,9,15,18,16,9,17,0,18,0,19,0,20,0,21,0,22,27,23,54,,,,,,,,,,,,,,,0,0,1,9,2,18,3,36,4,18,5,18,6,36,7,18,8,9,9,9,10,27,11,36,12,9,13,0,14,9,15,18,16,18,17,27,18,36,19,36,20,36,21,18,22,36,23,27,6,0,7,0,8,0,9,0,10,0,11,0,12,0,13,9,14,0,15,9,16,36,17,90,18,90,19,45,20,27,21,36,22,18,23,18,,,,,,,,,,,,,6,0,7,0,8,0,9,54,10,72,11,45,12,18,13,0,14,0,15,0,16,9,17,36,18,72,19,100,20,45,21,18,22,9,23,0,,,,,,,,,,,,,6,0,7,0,8,0,9,9,10,18,11,18,12,27,13,54,14,36,15,27,16,36,17,36,18,36,19,54,20,36,21,36,22,9,23,9,,,,,,,,,,,,,6,0,7,0,8,0,9,45,10,45,11,18,12,18,13,36,14,27,15,9,16,9,17,36,18,72,19,63,20,36,21,27,22,9,23,0,,,,,,,,,,,,,,66077-440,,8,,1,,1,0,0,0,0,Pará,Passagem Nova II,,,,Conveniência Brasil,5,https://www.google.com/maps/search/?api=1&query=Conveni%C3%AAncia%20Brasil&query_place_id=ChIJjdUM9_iNpJIRkiQIR5644-A,https://www.instagram.com/conveniencia_brasill?igsh=djg1czNjc2ZvYzBs
,,,,,,,,,,,,,,,,,,,,,,,,,,,,,,,,,,,TRUE,,,,,,,,,,,,,,,,,,,,,,,,,,,,,,,,,,,,,,,,,,,,,,,,,,,,,,,,,,,,,,,,,,,,,,,,,,,,"II - Residencial Liberdade - Terra Firme, Belém - PA, 66077-665, Brasil",Loja de Conveniência,,,,,,,,,Loja de Conveniência,9.79031E+18,Belém,BR,0x92a48dfe28a87c77:0x87de29b7756d7b88,,,-1.4667311,-48.4516112,,Terra Firme,segunda-feira,11:00 to 00:00,terça-feira,11:00 to 00:00,quarta-feira,11:00 to 00:00,quinta-feira,11:00 to 00:00,sexta-feira,11:00 to 00:00,sábado,11:00 to 00:00,domingo,11:00 to 00:00,0,Faell Conveniência,0,Outras pessoas pesquisaram,3,DRINKS FIRME,5,Outras pessoas pesquisaram,4,Pão Quente Panificadora e Confeitaria,4.3,,,,,,,,,+55 91 98843-4743,5591988434743,ChIJd3yoKP6NpJIRiHttdbcp3oc,"GGMX+89 Terra Firme, Belém - PA, Brasil",6,0,7,0,8,0,9,0,10,0,11,6,12,33,13,66,14,73,15,33,16,26,17,40,18,66,19,66,20,46,21,40,22,33,23,26,,,,,,,,,,,,,6,0,7,0,8,0,9,0,10,0,11,6,12,6,13,26,14,60,15,73,16,80,17,93,18,66,19,46,20,53,21,33,22,40,23,40,,,,,,,,,,,,,,,6,0,7,0,8,0,9,0,10,0,11,13,12,33,13,33,14,46,15,26,16,6,17,0,18,0,19,13,20,33,21,60,22,53,23,46,,,,,,,,,,,,,6,0,7,0,8,0,9,0,10,0,11,13,12,6,13,6,14,6,15,26,16,33,17,40,18,40,19,20,20,26,21,40,22,26,23,13,,,,,,,,,,,,,6,0,7,0,8,0,9,0,10,0,11,40,12,40,13,13,14,13,15,6,16,13,17,26,18,20,19,33,20,60,21,66,22,53,23,80,,,,,,,,,,,,,6,0,7,0,8,0,9,0,10,0,11,20,12,26,13,40,14,20,15,20,16,13,17,33,18,46,19,73,20,80,21,73,22,60,23,66,,,,,,,,,,,,,6,0,7,0,8,0,9,0,10,0,11,26,12,33,13,46,14,20,15,6,16,13,17,33,18,73,19,46,20,46,21,66,22,73,23,100,,,,,,,,,,,,,,66077-665,,4,,0,,,,,,,PA,II - Residencial Liberdade,,,,Leide Laura Beer,,https://www.google.com/maps/search/?api=1&query=Leide%20Laura%20Beer&query_place_id=ChIJd3yoKP6NpJIRiHttdbcp3oc,https://www.lojalocal.com/amstel/00087579618249
,,,,,,,,,,,,,,,,,,,,,,,,,,,,,,,,,,,,,,,,,,,,,,,,,,,,,,,,,,,,,,,,,,,,,,,,,,,,,,,,,,,,,,,,,,TRUE,,,,TRUE,,,,TRUE,TRUE,,,,,,,,,,,,"Passagem Vinte e Um de Abril, 245 - Condor, Belém - PA, 66065-168, Brasil",Loja de Conveniência,,,,,,,,,Loja de Conveniência,2.17859E+18,Belém,BR,0x92a48df46cd4255b:0x1e3beb6d781c331a,,,-1.4702071,-48.4736209,,Condor,segunda-feira,08:30 to 00:30,terça-feira,08:30 to 00:30,quarta-feira,08:30 to 00:30,quinta-feira,08:30 to 00:30,sexta-feira,08:30 to 00:30,sábado,08:30 to 00:30,domingo,08:30 to 00:30,0,R/A Conveniência,0,Outras pessoas pesquisaram,0,Loja De Conveniência,0,Outras pessoas pesquisaram,0,Almeida Mercearia,0,Outras pessoas pesquisaram,1,Mercearia do Vizinho,5,,,,,,,ChIJWyXUbPSNpJIRGjMceG3rOx4,"GGHG+WH Condor, Belém - PA, Brasil",6,0,7,0,8,36,9,54,10,45,11,72,12,27,13,18,14,27,15,45,16,27,17,27,18,36,19,36,20,54,21,81,22,81,23,45,0,18,,,,,,,,,,,6,0,7,0,8,9,9,0,10,9,11,18,12,36,13,27,14,9,15,9,16,18,17,36,18,18,19,18,20,18,21,36,22,18,23,9,0,0,,,,,,,,,,,,,6,0,7,0,8,0,9,9,10,27,11,18,12,27,13,36,14,27,15,9,16,9,17,0,18,0,19,9,20,36,21,36,22,54,23,27,0,27,,,,,,,,,,,6,0,7,0,8,36,9,18,10,18,11,18,12,27,13,45,14,63,15,45,16,18,17,9,18,18,19,9,20,0,21,0,22,9,23,9,0,0,,,,,,,,,,,6,0,7,0,8,36,9,36,10,54,11,45,12,63,13,81,14,63,15,27,16,9,17,9,18,0,19,9,20,27,21,81,22,100,23,100,0,72,,,,,,,,,,,6,0,7,0,8,0,9,9,10,0,11,0,12,0,13,0,14,0,15,18,16,54,17,63,18,36,19,27,20,72,21,72,22,90,23,36,0,18,,,,,,,,,,,6,0,7,0,8,9,9,9,10,18,11,18,12,27,13,27,14,18,15,36,16,72,17,63,18,45,19,27,20,36,21,18,22,18,23,0,0,9,,,,,,,,,,,,66065-168,,14,,0,,,,,,,Pará,"Passagem Vinte e Um de Abril, 245",,,,Almeida conveniência,,https://www.google.com/maps/search/?api=1&query=Almeida%20conveni%C3%AAncia&query_place_id=ChIJWyXUbPSNpJIRGjMceG3rOx4,
,,,,,,,,,,,,,,,,,,,,,,,,,,,,,,,,,,,,,,,,,,,,,,,,,,,,,,,,,,,,,,,,,,,,,,,,,,,,,,,,,,,,,,,,,,TRUE,,,,,,,,,,,,,,,,,,,,,"Av. Principal CJ. Maguari 73 Box coqueiro, Cj - Maguari, Belém - PA, 66823-095, Brasil",Loja de Conveniência,,,,,,,,,Loja de Conveniência,3.10038E+18,Belém,BR,0x92a461b23a59a375:0x2b06c4cf13eeda29,,,-1.3294924,-48.4336181,,Maguari,segunda-feira,16:00 to 00:00,terça-feira,Fechado,quarta-feira,16:00 to 00:00,quinta-feira,16:00 to 00:00,sexta-feira,10:00 to 00:00,sábado,10:00 to 00:00,domingo,10:00 to 00:00,0,Depósito de bebidas do mestre,0,Outras pessoas pesquisaram,1,Expresso Maguari,5,Outras pessoas pesquisaram,0,Cervejeiros Conveniência,0,Outras pessoas pesquisaram,1,MESTRE DAS BEBIDAS,5,,,,,+55 91 98398-6418,5591983986418,ChIJdaNZOrJhpJIRKdruE8_EBis,"MHC8+6H Belém, Pará, Brasil",,,,,,,,,,,,,,,,,,,,,,,,,,,,,,,,,,,,,,,,,,,,,,,,,,,,,,,,,,,,,,,,,,,,,,,,,,,,,,,,,,,,,,,,,,,,,,,,,,,,,,,,,,,,,,,,,,,,,,,,,,,,,,,,,,,,,,,,,,,,,,,,,,,,,,,,,,,,,,,,,,,,,,,,,,,,,,,,,,,,,,,,,,,,,,,,,,,,,,,,,,,,,,,,,,,,,,,,,,,,,,,,,,,,,,,,,,,,,,,,,,,,,,,,,,,,,,,,,,,,,,,,,,,,,,,,,,,,,,,,,,,,,,,,,,,,,,,,,,,,,,,,,,,,,,,,,,,,,,,,,,,,,,,,,,,,,,,,,,,,66823-095,,13,,0,,,,,,,PA,"Av. Principal CJ. Maguari 73 Box coqueiro, Cj",,,,Mestre cervejeiro,,https://www.google.com/maps/search/?api=1&query=Mestre%20cervejeiro&query_place_id=ChIJdaNZOrJhpJIRKdruE8_EBis,
,,,,,,,,,,,,TRUE,,TRUE,,TRUE,,,,,,,,,,,,,,,,,,,,,,,TRUE,,,,,,,,,,,,,,,,,,,,,,,,,,,,,,,TRUE,,,,TRUE,,TRUE,,,TRUE,,TRUE,,,TRUE,,,TRUE,,,TRUE,,,,TRUE,,,,TRUE,TRUE,,,,,,TRUE,,,,,,"Tv. Mauriti, 991 - Pedreira, Belém - PA, 66080-650, Brasil",Bar e Grill,,,,,,,,,Bar e Grill,6.7525E+18,Belém,BR,0x92a48d155d9f2d05:0x5db5b4cc97282e61,,,-1.4263701,-48.4743817,,Pedreira,segunda-feira,Fechado,terça-feira,16:00 to 02:00,quarta-feira,16:00 to 02:00,quinta-feira,16:00 to 02:00,sexta-feira,16:00 to 03:30,sábado,16:00 to 03:30,domingo,16:00 to 03:30,3,Hamburgueria e churrascaria 87,4.7,Outras pessoas pesquisaram,0,Mr. Brasa Espetaria,0,Outras pessoas pesquisaram,1,Conveniência RK,5,Outras pessoas pesquisaram,0,Tudo na brasa espeto&hamburguer,0,,,,,+55 91 98813-1921,5591988131921,ChIJBS2fXRWNpJIRYS4ol8y0tV0,"HGFG+F6 Pedreira, Belém - PA, Brasil",,,,,,,,,,,,,,,,,,,,,,,,,,,,,,,,,,,,,,,,,,,,,,,,,,,,,,,,,,,,,,,,,,,,,,,,,,,,,,,,,,,,,,,,,,,,,,,,,,,,,,,,,,,,,,,,,,,,,,,,,,,,,,,,,,,,,,,,,,,,,,,,,,,,,,,,,,,,,,,,,,,,,,,,,,,,,,,,,,,,,,,,,,,,,,,,,,,,,,,,,,,,,,,,,,,,,,,,,,,,,,,,,,,,,,,,,,,,,,,,,,,,,,,,,,,,,,,,,,,,,,,,,,,,,,,,,,,,,,,,,,,,,,,,,,,,,,,,,,,,,,,,,,,,,,,,,,,,,,,,,,,,,,,,,,,,,,,,,,,,66080-650,,25,,12,,9,2,1,0,0,Pará,"Tv. Mauriti, 991",,,,RR87 STEAK & BEER,4.5,https://www.google.com/maps/search/?api=1&query=RR87%20STEAK%20%26%20BEER&query_place_id=ChIJBS2fXRWNpJIRYS4ol8y0tV0,
,,,,,,,,,,,,,,,,,,,,,,,,,,,,,,,,,,,,,,,,,,,,,,,,,,,,,,,,,,,,,,,,,,,,,,,,,,,,,,,,,,,,,,,,,,,,,,,,,,,,,,,,,,,,,,,"Av. Pedro Miranda - Pedreira, Belém - PA, 68447-000, Brasil",Loja de Conveniência,,,,,,,,,Loja de Conveniência,1.41182E+19,Belém,BR,0x92a48bfa63613cc1:0xc3ee002dbd1e112c,,Posto de Gasolina Ipiranga,-1.4246239,-48.4695857,,Pedreira,segunda-feira,08:00 to 22:00,terça-feira,08:00 to 22:00,quarta-feira,08:00 to 22:00,quinta-feira,08:00 to 22:00,sexta-feira,08:00 to 22:00,sábado,08:00 to 22:00,domingo,08:00 to 22:00,2,Dallas Express - Umarizal,5,Outras pessoas pesquisaram,3,Dallas Express - Arthur Bernardes,4.7,Outras pessoas pesquisaram,16,Dallas Express - João Paulo II,3.7,Outras pessoas pesquisaram,0,Shell Select,0,,,,,,,ChIJwTxhY_qLpJIRLBEevS0A7sM,"HGGJ+55 Pedreira, Belém - PA, Brasil",,,,,,,,,,,,,,,,,,,,,,,,,,,,,,,,,,,,,,,,,,,,,,,,,,,,,,,,,,,,,,,,,,,,,,,,,,,,,,,,,,,,,,,,,,,,,,,,,,,,,,,,,,,,,,,,,,,,,,,,,,,,,,,,,,,,,,,,,,,,,,,,,,,,,,,,,,,,,,,,,,,,,,,,,,,,,,,,,,,,,,,,,,,,,,,,,,,,,,,,,,,,,,,,,,,,,,,,,,,,,,,,,,,,,,,,,,,,,,,,,,,,,,,,,,,,,,,,,,,,,,,,,,,,,,,,,,,,,,,,,,,,,,,,,,,,,,,,,,,,,,,,,,,,,,,,,,,,,,,,,,,,,,,,,,,,,,,,,,,,,,14,,0,,,,,,,Pará,Av. Pedro Miranda,,,,Dallas Express - Pedreira,,https://www.google.com/maps/search/?api=1&query=Dallas%20Express%20-%20Pedreira&query_place_id=ChIJwTxhY_qLpJIRLBEevS0A7sM,
,,,,,,,,,,,,,,,,,,,,,,,,,,,,,,,,,,,,,,,,,TRUE,,,TRUE,,,,,,,,,,,TRUE,TRUE,,,,,,,,TRUE,,,,,,,,,,,,,,,,,,,,,,,,,,TRUE,,,,TRUE,,,,TRUE,TRUE,,,,,,,,,,,,"Cj paraíso dos pássaros - Maracangalha, Belém - PA, 66110-131, Brasil",Loja de Conveniência,,,,,,,,,Loja de Conveniência,1.69279E+19,Belém,BR,0x92a489333e7e69f7:0xeaebf97df316b3b1,,,-1.4047775,-48.4820505,,Maracangalha,segunda-feira,08:00 to 00:00,terça-feira,08:00 to 00:00,quarta-feira,08:00 to 00:00,quinta-feira,08:00 to 00:00,sexta-feira,08:00 to 00:00,sábado,08:00 to 00:00,domingo,08:00 to 17:00,0,Comercial da esquina,0,Outras pessoas pesquisaram,1,SC ALIMENTOS,5,Outras pessoas pesquisaram,0,Núbia Conveniência,0,,,,,,,,,+55 91 3223-0849,559132230849,ChIJ92l-PjOJpJIRsbMW83356-o,"HGW9+35 Maracangalha, Belém - PA, Brasil",6,0,7,0,8,22,9,22,10,11,11,0,12,0,13,11,14,33,15,66,16,100,17,88,18,77,19,22,20,22,21,22,22,55,23,44,,,,,,,,,,,,,6,0,7,0,8,33,9,11,10,11,11,22,12,55,13,44,14,77,15,55,16,44,17,44,18,22,19,11,20,22,21,55,22,77,23,33,,,,,,,,,,,,,,,6,0,7,0,8,0,9,11,10,33,11,55,12,100,13,100,14,55,15,11,16,0,17,22,18,33,19,11,20,0,21,11,22,33,23,77,,,,,,,,,,,,,6,0,7,0,8,33,9,66,10,66,11,33,12,22,13,11,14,0,15,0,16,22,17,0,18,0,19,0,20,0,21,0,22,0,23,0,,,,,,,,,,,,,6,0,7,0,8,0,9,11,10,22,11,66,12,44,13,22,14,0,15,0,16,11,17,11,18,22,19,55,20,77,21,77,22,55,23,22,,,,,,,,,,,,,6,0,7,0,8,33,9,22,10,22,11,11,12,0,13,0,14,11,15,11,16,44,17,44,18,33,19,66,20,77,21,44,22,44,23,11,,,,,,,,,,,,,6,0,7,0,8,11,9,0,10,0,11,0,12,11,13,33,14,11,15,11,16,22,17,22,18,22,19,11,20,22,21,22,22,11,23,22,,,,,,,,,,,,,,66110-131,,18,,0,,,,,,,PA,Cj paraíso dos pássaros,,,,Super Conveniência Skina paraíso,,https://www.google.com/maps/search/?api=1&query=Super%20Conveni%C3%AAncia%20Skina%20para%C3%ADso&query_place_id=ChIJ92l-PjOJpJIRsbMW83356-o,
,,,,,,,,,,,,,,,,,,,,,,,,,,,,,,,,,,,,,,,,,,,,,,,,,,,,,,,,,,,,,,,,,,,,,,,,,,,,,,,,,,,,,,,,,,TRUE,,,,,,,,,,,,,,,,,,,,,"R. João Balbi, 784 - Nazaré, Belém - PA, 66055-280, Brasil",Loja de Conveniência,,,,,,,,,Loja de Conveniência,5.78569E+18,Belém,BR,0x92a48f01513a5f87:0x504ae990986ceb7a,,Açaí da 14 de Março,-1.4481135,-48.4809121,,Nazaré,segunda-feira,06:00 to 23:00,terça-feira,06:00 to 23:00,quarta-feira,06:00 to 23:00,quinta-feira,06:00 to 23:00,sexta-feira,06:00 to 23:00,sábado,06:00 to 23:00,domingo,06:00 to 23:00,,,,,,,,,,,,,,,,,,,,,,ChIJh186UQGPpJIReutsmJDpSlA,"HG29+QJ Nazaré, Belém - PA, Brasil",5,0,6,47,7,69,8,60,9,52,10,39,11,47,12,47,13,21,14,17,15,21,16,43,17,34,18,39,19,69,20,78,21,52,22,21,,,,,,,,,,,,,5,0,6,21,7,34,8,73,9,91,10,65,11,34,12,30,13,60,14,47,15,47,16,39,17,56,18,26,19,21,20,26,21,39,22,30,,,,,,,,,,,,,,,5,0,6,34,7,39,8,47,9,78,10,78,11,52,12,52,13,34,14,60,15,52,16,82,17,47,18,52,19,43,20,56,21,34,22,13,,,,,,,,,,,,,5,0,6,60,7,100,8,43,9,21,10,8,11,13,12,13,13,8,14,0,15,0,16,4,17,8,18,17,19,21,20,8,21,8,22,8,,,,,,,,,,,,,5,0,6,52,7,39,8,47,9,56,10,56,11,39,12,43,13,30,14,21,15,13,16,30,17,30,18,21,19,30,20,52,21,56,22,34,,,,,,,,,,,,,5,0,6,34,7,65,8,65,9,65,10,52,11,60,12,52,13,30,14,26,15,34,16,52,17,65,18,52,19,73,20,52,21,43,22,56,,,,,,,,,,,,,5,0,6,4,7,8,8,26,9,34,10,21,11,30,12,60,13,69,14,39,15,13,16,17,17,39,18,82,19,52,20,39,21,30,22,47,,,,,,,,,,,,,7,66055-280,,20,,4,,1,1,0,1,1,Pará,"R. João Balbi, 784",,,,Tudo conveniência João balbi,3.5,https://www.google.com/maps/search/?api=1&query=Tudo%20conveni%C3%AAncia%20Jo%C3%A3o%20balbi&query_place_id=ChIJh186UQGPpJIReutsmJDpSlA,https://www.instagram.com/tudoconveniencia?igsh=MTFrcjZybGFoa2Zkbg==
,,,,,,,,,,,,,,TRUE,,,TRUE,,,,,TRUE,,,,,,,,,,,,,,,,,,,TRUE,,,TRUE,,,,,,,,,,,TRUE,TRUE,,,,,,,,TRUE,,,,,,,,,,,,,,,,,,,,,,,,,,TRUE,,,,TRUE,,,,TRUE,TRUE,,,,,,,,,,,,"Viela Cidade Jardim, 06 - Pedreira, Belém - PA, 66083-170, Brasil",Loja de Conveniência,,,,,,,,,Loja de Conveniência,8.71833E+18,Belém,BR,0x92a48bb3c99dd53f:0x78fdb7b8434c8be8,,,-1.4228869,-48.4753078,,Pedreira,segunda-feira,17:00 to 00:00,terça-feira,Fechado,quarta-feira,17:00 to 00:00,quinta-feira,17:00 to 00:00,sexta-feira,17:00 to 00:00,sábado,17:00 to 00:00,domingo,17:00 to 00:00,6,JS Conveniência,4.2,Outras pessoas pesquisaram,1,S.o.S Conveniência,5,Outras pessoas pesquisaram,1,SOS Loja de Conveniência,5,Outras pessoas pesquisaram,5,SOS Loja de Conveniências,3.8,Outras pessoas pesquisaram,0,CONVENIÊNCIA SP,0,+55 91 98233-2475,5591982332475,ChIJP9WdybOLpJIR6ItMQ7i3_Xg,"HGGF+RV Pedreira, Belém - PA, Brasil",,,,,,,,,,,,,,,,,,,,,,,,,,,,,,,,,,,,,,,,,,,,,,,,,,,,,,,,,,,,,,,,,,,,,,,,,,,,,,,,,,,,,,,,,,,,,,,,,,,,,,,,,,,,,,,,,,,,,,,,,,,,,,,,,,,,,,,,,,,,,,,,,,,,,,,,,,,,,,,,,,,,,,,,,,,,,,,,,,,,,,,,,,,,,,,,,,,,,,,,,,,,,,,,,,,,,,,,,,,,,,,,,,,,,,,,,,,,,,,,,,,,,,,,,,,,,,,,,,,,,,,,,,,,,,,,,,,,,,,,,,,,,,,,,,,,,,,,,,,,,,,,,,,,,,,,,,,,,,,,,,,,,,,,,,,,,,,,,,,,66083-170,,20,,0,,,,,,,Pará,"Viela Cidade Jardim, 06",,,,S.O.S Conveniência Pedreira,,https://www.google.com/maps/search/?api=1&query=S.O.S%20Conveni%C3%AAncia%20Pedreira&query_place_id=ChIJP9WdybOLpJIR6ItMQ7i3_Xg,https://www.facebook.com/robertynha.pantoja?mibextid=ZbWKwL
,,,,,,,,,,,,,,,,,,,,,,,,,,,,,,,,,,,,TRUE,,,,,,TRUE,,,,,,,,,,,,,,,,,,,,,,,,,,,,,,,,,,,,,,,,,,,,,,,,,,,,,,,,,,,,,,,,,,,,,"Tv. São Sebastião, SN - Sacramenta, Belém - PA, 66123-620, Brasil",Loja de Conveniência,,,,,,,,,Loja de Conveniência,1.42462E+19,Belém,BR,0x92a48bf4e4d1a15f:0xc5b48bb35b898a13,,,-1.4121184,-48.4761112,,Sacramenta,segunda-feira,14:00 to 00:00,terça-feira,14:00 to 00:00,quarta-feira,14:00 to 00:00,quinta-feira,14:00 to 00:00,sexta-feira,14:00 to 00:00,sábado,14:00 to 00:00,domingo,14:00 to 00:00,0,Conveniência Fé em Deus,0,Outras pessoas pesquisaram,0,Souza Depósito e conveniência,0,Outras pessoas pesquisaram,0,RL Bebidas,0,,,,,,,,,+55 91 98552-1298,5591985521298,ChIJX6HR5PSLpJIRE4qJW7OLtMU,"HGQF+5H Sacramenta, Belém - PA, Brasil",6,0,7,0,8,0,9,0,10,0,11,0,12,0,13,0,14,13,15,8,16,26,17,30,18,52,19,47,20,34,21,8,22,0,23,0,,,,,,,,,,,,,6,0,7,0,8,0,9,0,10,0,11,0,12,0,13,0,14,8,15,0,16,0,17,0,18,4,19,17,20,13,21,21,22,21,23,30,,,,,,,,,,,,,,,6,0,7,0,8,0,9,0,10,0,11,0,12,0,13,0,14,17,15,8,16,21,17,47,18,95,19,100,20,78,21,43,22,26,23,13,,,,,,,,,,,,,6,0,7,0,8,0,9,0,10,0,11,0,12,0,13,0,14,21,15,21,16,8,17,0,18,8,19,21,20,39,21,21,22,21,23,26,,,,,,,,,,,,,6,0,7,0,8,0,9,0,10,0,11,0,12,0,13,0,14,21,15,30,16,43,17,43,18,39,19,26,20,39,21,30,22,21,23,4,,,,,,,,,,,,,6,0,7,0,8,0,9,0,10,0,11,0,12,0,13,0,14,4,15,8,16,17,17,21,18,26,19,26,20,13,21,13,22,4,23,0,,,,,,,,,,,,,6,0,7,0,8,0,9,0,10,0,11,0,12,0,13,0,14,8,15,17,16,30,17,56,18,47,19,47,20,34,21,56,22,34,23,26,,,,,,,,,,,,,,66123-620,,11,,1,,0,0,1,0,0,Pará,"Tv. São Sebastião, SN",,,,Conveniência e deposito 2D,1,https://www.google.com/maps/search/?api=1&query=Conveni%C3%AAncia%20e%20deposito%202D&query_place_id=ChIJX6HR5PSLpJIRE4qJW7OLtMU,https://www.lojalocal.com/amstel/00059009349268
,,,,,,,,,,,,,,,,,,,,,,,,,,,,,,,,,,,,,,,,,TRUE,,,,,,,TRUE,TRUE,,,,,,,,,,,,,,,,,,,,,,,,,,,,,,,,,,,,,,,,,TRUE,,,,TRUE,,,,TRUE,TRUE,,,,,,,,,,,,"Av. Marquês de Herval, 2279 - Pedreira, Belém - PA, 66080-680, Brasil",Loja de Conveniência,,,,,,,,,Loja de Conveniência,6.98181E+18,Belém,BR,0x92a48b8781e64695:0x60e46250a9b1d601,,,-1.421887,-48.4645021,,Pedreira,segunda-feira,09:00 to 00:30,terça-feira,08:00 to 00:30,quarta-feira,09:00 to 00:30,quinta-feira,09:00 to 00:30,sexta-feira,09:00 to 00:30,sábado,09:00 to 00:30,domingo,08:00 to 00:30,0,3n - Conveniências,0,Outras pessoas pesquisaram,4,Conveniência do Zeca Marambaia,4,Outras pessoas pesquisaram,0,TEM (CONVENIÊNCIA),0,Outras pessoas pesquisaram,0,Sp conveniência,0,,,,,+55 91 98968-4917,5591989684917,ChIJlUbmgYeLpJIRAdaxqVBi5GA,"HGHP+65 Pedreira, Belém - PA, Brasil",6,0,7,0,8,0,9,23,10,15,11,23,12,7,13,0,14,7,15,23,16,7,17,0,18,0,19,7,20,7,21,23,22,15,23,7,0,30,,,,,,,,,,,6,0,7,0,8,0,9,15,10,7,11,0,12,0,13,0,14,7,15,0,16,0,17,0,18,0,19,7,20,15,21,7,22,15,23,15,0,38,,,,,,,,,,,,,6,0,7,0,8,0,9,7,10,0,11,0,12,0,13,0,14,0,15,15,16,46,17,69,18,38,19,38,20,30,21,46,22,61,23,23,0,23,,,,,,,,,,,6,0,7,0,8,0,9,7,10,15,11,7,12,7,13,23,14,76,15,69,16,100,17,53,18,38,19,7,20,0,21,0,22,7,23,23,0,30,,,,,,,,,,,6,0,7,0,8,0,9,15,10,30,11,23,12,23,13,23,14,15,15,7,16,0,17,0,18,0,19,0,20,0,21,0,22,0,23,23,0,46,,,,,,,,,,,6,0,7,0,8,0,9,0,10,7,11,15,12,46,13,53,14,92,15,100,16,69,17,76,18,53,19,30,20,23,21,15,22,0,23,0,0,0,,,,,,,,,,,6,0,7,0,8,0,9,0,10,7,11,7,12,0,13,0,14,7,15,23,16,7,17,0,18,0,19,7,20,23,21,7,22,0,23,0,0,0,,,,,,,,,,,,66080-680,,9,,0,,,,,,,Pará,"Av. Marquês de Herval, 2279",,,,CONVENIÊNCIA SP,,https://www.google.com/maps/search/?api=1&query=CONVENI%C3%8ANCIA%20SP&query_place_id=ChIJlUbmgYeLpJIRAdaxqVBi5GA,
,,,,,,,,,,,,,,,,,,,,,,,,,,,,,,,,,,,TRUE,,,,,,,,,,,,,,,,,,,,,,,,,,,,,,,,,,,,TRUE,,,,,,,,,,,,,,,,,,,TRUE,,,,TRUE,,TRUE,,,,,,,,TRUE,,TRUE,,,,,"R. da Pedreira, 194 - Aeroporto, Belém - PA, 66915-000, Brasil",Loja de Conveniência,,,,,,,,,Loja de Conveniência,1.15204E+19,Belém,BR,0x92a46b3cf3111827:0x9fe0d8272427e3c4,,,-1.1430048,-48.455153,,Aeroporto,segunda-feira,07:00 to 20:00,terça-feira,07:10 to 20:00,quarta-feira,07:10 to 20:00,quinta-feira,07:10 to 20:00,sexta-feira,07:10 to 20:00,sábado,07:10 to 20:00,domingo,07:30 to 13:00,0,Depósito do Kaka,0,Outras pessoas pesquisaram,0,Comercial da ilha,0,Outras pessoas pesquisaram,1,Shopping Caiak,3,Outras pessoas pesquisaram,9,Comercial Tá na mão,5,,,,,+55 91 98524-7862,5591985247862,ChIJJxgR8zxrpJIRxOMnJCfY4J8,"VG4V+QW Aeroporto, Belém - PA, Brasil",,,,,,,,,,,,,,,,,,,,,,,,,,,,,,,,,,,,,,,,,,,,,,,,,,,,,,,,,,,,,,,,,,,,,,,,,,,,,,,,,,,,,,,,,,,,,,,,,,,,,,,,,,,,,,,,,,,,,,,,,,,,,,,,,,,,,,,,,,,,,,,,,,,,,,,,,,,,,,,,,,,,,,,,,,,,,,,,,,,,,,,,,,,,,,,,,,,,,,,,,,,,,,,,,,,,,,,,,,,,,,,,,,,,,,,,,,,,,,,,,,,,,,,,,,,,,,,,,,,,,,,,,,,,,,,,,,,,,,,,,,,,,,,,,,,,,,,,,,,,,,,,,,,,,,,,,,,,,,,,,,,,,,,,,,,,,,,,,,,,66915-000,,18,,0,,,,,,,Pará,"R. da Pedreira, 194",,,,Comercial kaka,,https://www.google.com/maps/search/?api=1&query=Comercial%20kaka&query_place_id=ChIJJxgR8zxrpJIRxOMnJCfY4J8,
,,TRUE,,,,,,,,,,,,,,,,,,,,,,,,,,,,,,,,,,,,,,,,,,,,,,,,,,,,,,,,,,,,,,,,,,,,,,,,,,,,,,,,,,,,,,,,TRUE,,,,TRUE,,TRUE,,,,,,,,,,,,,,,"Av. Dezesseis de Novembro, Alameda Asclepíades, Belém - PA, 66913-240, Brasil",Loja de bebidas,Supermercado,,,,,,,,Loja de bebidas,4.38413E+17,Belém,BR,0x92a46b442a5b4bc1:0x6158e74d0d9643e,,,-1.147746,-48.4639046,,Praia Grande,segunda-feira,07:30 to 21:00,terça-feira,07:00 to 21:00,quarta-feira,07:30 to 20:30,quinta-feira,07:30 to 20:30,sexta-feira,07:30 to 22:00,sábado,07:30 to 22:00,domingo,07:30 to 21:30,3,Depósito Noronha,5,Outras pessoas pesquisaram,14,Deposito de bebidas LA CASA DE BEBIDAS,4.4,Outras pessoas pesquisaram,1,Empório da Ilha - Depósito e Conveniência,5,Outras pessoas pesquisaram,2,Depósito João Gonzaga,5,,,,,+55 91 99614-0978,5591996140978,ChIJwUtbKkRrpJIRPmTZ0HSOFQY,"VG2P+WC Belém, Pará, Brasil",6,0,7,21,8,33,9,46,10,54,11,54,12,49,13,42,14,40,15,43,16,49,17,55,18,57,19,60,20,60,21,67,22,0,23,0,,,,,,,,,,,,,6,0,7,22,8,30,9,40,10,38,11,38,12,32,13,29,14,32,15,37,16,44,17,46,18,43,19,38,20,31,21,0,22,0,23,0,,,,,,,,,,,,,,,6,0,7,34,8,49,9,70,10,87,11,100,12,97,13,83,14,72,15,62,16,61,17,63,18,72,19,80,20,82,21,87,22,0,23,0,,,,,,,,,,,,,6,0,7,40,8,56,9,72,10,85,11,93,12,91,13,79,14,68,15,58,16,52,17,51,18,50,19,50,20,46,21,47,22,0,23,0,,,,,,,,,,,,,6,0,7,19,8,29,9,42,10,52,11,51,12,47,13,32,14,29,15,27,16,30,17,31,18,33,19,35,20,37,21,0,22,0,23,0,,,,,,,,,,,,,6,0,7,23,8,31,9,34,10,36,11,34,12,32,13,31,14,27,15,29,16,30,17,32,18,36,19,38,20,39,21,0,22,0,23,0,,,,,,,,,,,,,6,0,7,21,8,30,9,39,10,49,11,51,12,45,13,37,14,33,15,38,16,41,17,45,18,44,19,41,20,36,21,0,22,0,23,0,,,,,,,,,,,,,,66913-240,,15,,289,,141,64,5,62,17,PA,"Av. Dezesseis de Novembro, Alameda Asclepíades",,,,Depósito Comercial Bucólica,4.1,https://www.google.com/maps/search/?api=1&query=Dep%C3%B3sito%20Comercial%20Buc%C3%B3lica&query_place_id=ChIJwUtbKkRrpJIRPmTZ0HSOFQY,https://www.facebook.com/comercialbucolica
,,,,,,,,,,,,,,,,,,,,,,,,,,,,,,,,,,,,,,,,,,,,,,,,,,,,,,,,,,,,,,,,,,,,,,,,,,,,,,,,,,,,,,,,,,,,,,,,,,,,,,,,,,,,,,,"Chapéu virado, R. Camilo Salgado - Aeroporto, Belém - PA, 66913-320, Brasil",Loja de Conveniência,,,,,,,,,Loja de Conveniência,1.17004E+19,Belém,BR,0x92a46b221f9e7937:0xa2603a16e25889a2,,,-1.1438187,-48.4562639,,Aeroporto,,,,,,,,,,,,,,,1,Descartáveis Da Ilha,4,Outras pessoas pesquisaram,1,Comecial Muniz,5,Outras pessoas pesquisaram,1,Empório da Ilha - Depósito e Conveniência,5,Outras pessoas pesquisaram,0,Comercial kaka,0,,,,,,,ChIJN3meHyJrpJIRoolY4hY6YKI,"VG4V+FF Aeroporto, Belém - PA, Brasil",,,,,,,,,,,,,,,,,,,,,,,,,,,,,,,,,,,,,,,,,,,,,,,,,,,,,,,,,,,,,,,,,,,,,,,,,,,,,,,,,,,,,,,,,,,,,,,,,,,,,,,,,,,,,,,,,,,,,,,,,,,,,,,,,,,,,,,,,,,,,,,,,,,,,,,,,,,,,,,,,,,,,,,,,,,,,,,,,,,,,,,,,,,,,,,,,,,,,,,,,,,,,,,,,,,,,,,,,,,,,,,,,,,,,,,,,,,,,,,,,,,,,,,,,,,,,,,,,,,,,,,,,,,,,,,,,,,,,,,,,,,,,,,,,,,,,,,,,,,,,,,,,,,,,,,,,,,,,,,,,,,,,,,,,,,,,,,,,,,,66913-320,,12,,0,,,,,,,PA,"Chapéu virado, R. Camilo Salgado",,,,Comercial da ilha,,https://www.google.com/maps/search/?api=1&query=Comercial%20da%20ilha&query_place_id=ChIJN3meHyJrpJIRoolY4hY6YKI,
,,,,,,,,,,,,,,,,,,,,,,,,,,,,,,,,,,,,,,,,,,,,,,,,,,,,,,,,,,,,,,,,,,,,,,,,,,,,,,,,,,,,,,,,,,TRUE,,,,TRUE,,,,TRUE,TRUE,,,,,,,,,,,,"R. Holanda, 148 - Coqueiro, Belém - PA, 66650-250, Brasil",Loja de Conveniência,,,,,,,,,Loja de Conveniência,1.51988E+19,Belém,BR,0x92a460306b1a3fb1:0xd2ed2651a9c08023,,,-1.3623946,-48.4298288,,Coqueiro,,,,,,,,,,,,,,,2,Conveniência do Park,5,Outras pessoas pesquisaram,1,Corujao conveniência,5,Outras pessoas pesquisaram,10,Jardim Secreto pocket park,5,,,,,,,,,,,ChIJsT8aazBgpJIRI4DAqVEm7dI,"JHQC+23 Coqueiro, Belém - PA, Brasil",,,,,,,,,,,,,,,,,,,,,,,,,,,,,,,,,,,,,,,,,,,,,,,,,,,,,,,,,,,,,,,,,,,,,,,,,,,,,,,,,,,,,,,,,,,,,,,,,,,,,,,,,,,,,,,,,,,,,,,,,,,,,,,,,,,,,,,,,,,,,,,,,,,,,,,,,,,,,,,,,,,,,,,,,,,,,,,,,,,,,,,,,,,,,,,,,,,,,,,,,,,,,,,,,,,,,,,,,,,,,,,,,,,,,,,,,,,,,,,,,,,,,,,,,,,,,,,,,,,,,,,,,,,,,,,,,,,,,,,,,,,,,,,,,,,,,,,,,,,,,,,,,,,,,,,,,,,,,,,,,,,,,,,,,,,,,,,,,,,,66650-250,,12,,2,,2,0,0,0,0,Pará,"R. Holanda, 148",,,,Jardin Conveniências,5,https://www.google.com/maps/search/?api=1&query=Jardin%20Conveni%C3%AAncias&query_place_id=ChIJsT8aazBgpJIRI4DAqVEm7dI,
,,,,,,,,,,,,,,,,,,,,,,,,,,,,,,,,,,,,,TRUE,,,,,,,TRUE,,,,,,,,,,,TRUE,TRUE,,,,,,,,,,,,,,,,,,,,,,,,,,,,,,,,,,TRUE,,,,TRUE,,,,TRUE,TRUE,,,,,,,,,,,,"R. Dom Manoel, Q 101 - casa 51 - Parque Verde, Belém - PA, 66633-740, Brasil",Loja de Conveniência,,,,,,,,,Loja de Conveniência,3.25969E+18,Belém,BR,0x92a48b981799763f:0x2d3cbe9c8b816bf3,,,-1.3728356,-48.4410079,,Parque Verde,segunda-feira,09:00 to 23:00,terça-feira,09:00 to 00:00,quarta-feira,09:00 to 00:00,quinta-feira,09:00 to 00:00,sexta-feira,09:00 to 01:00,sábado,09:00 to 01:00,domingo,09:00 to 23:00,1,DB Conveniência,5,Outras pessoas pesquisaram,1,Comercial Avenida,5,Outras pessoas pesquisaram,1,Conveniência AmPm - Ipiranga,4,,,,,,,,,+55 91 98500-2417,5591985002417,ChIJP3aZF5iLpJIR82uBi5y-PC0,"JHG5+VH Belém, Pará, Brasil",6,0,7,0,8,0,9,27,10,45,11,27,12,36,13,27,14,45,15,90,16,100,17,63,18,27,19,36,20,63,21,54,22,36,23,36,0,54,,,,,,,,,,,6,0,7,0,8,0,9,18,10,9,11,0,12,9,13,27,14,9,15,9,16,27,17,9,18,0,19,0,20,9,21,27,22,36,23,0,,,,,,,,,,,,,,,6,0,7,0,8,0,9,36,10,45,11,36,12,36,13,9,14,0,15,0,16,0,17,0,18,9,19,0,20,0,21,0,22,9,23,0,0,0,,,,,,,,,,,6,0,7,0,8,0,9,18,10,36,11,72,12,72,13,27,14,9,15,0,16,0,17,0,18,9,19,18,20,45,21,36,22,36,23,0,,,,,,,,,,,,,6,0,7,0,8,0,9,27,10,18,11,9,12,27,13,36,14,36,15,54,16,27,17,27,18,54,19,81,20,81,21,36,22,9,23,9,,,,,,,,,,,,,6,0,7,0,8,0,9,9,10,9,11,27,12,63,13,36,14,27,15,9,16,9,17,9,18,0,19,9,20,18,21,18,22,9,23,18,,,,,,,,,,,,,6,0,7,0,8,0,9,27,10,27,11,36,12,27,13,27,14,18,15,27,16,36,17,27,18,45,19,18,20,9,21,0,22,0,23,0,,,,,,,,,,,,,,66633-740,,5,,2,,2,0,0,0,0,Pará,"R. Dom Manoel, Q 101 - casa 51",,,,Conveniência À Bientôt,5,https://www.google.com/maps/search/?api=1&query=Conveni%C3%AAncia%20%C3%80%20Bient%C3%B4t&query_place_id=ChIJP3aZF5iLpJIR82uBi5y-PC0,https://www.lojalocal.com/00095537996200
,,,,,,,,,,,,,,,,,,,,,,,,,,,,,,,,,,,,,,,,,,,,,,,,,,,,,,,,,,,,,,,,,,,,,,,,,,,,,,,,,,,,,,,,,,TRUE,,,,,,,,,,,,,,,,,,,,,"Esquina com - Passagem do Una, R. do Fio, 36 - Una, Belém - PA, 66652-150, Brasil",Loja de Conveniência,Pizzaria,,,,,,,,Loja de Conveniência,1.6191E+19,Belém,BR,0x92a48a9b7fb0862d:0xe0b22a04210d500c,,,-1.3745185,-48.4264065,,Una,segunda-feira,00:00 to 12:00,terça-feira,18:30 to 23:30,quarta-feira,18:30 to 23:30,quinta-feira,18:30 to 23:30,sexta-feira,18:30 to 23:30,sábado,18:30 to 23:30,domingo,18:30 to 00:00,506,Restô Skina Mix Rodolfo Chermont,4.5,Outras pessoas pesquisaram,4,Skina Mix Bar Lanchonete e Pizzaria,4.3,Outras pessoas pesquisaram,40,Bar Esquina Mix,4,Outras pessoas pesquisaram,4,Restaurante Esquina do Sabor,4.5,,,,,+55 91 98804-3973,5591988043973,ChIJLYawf5uKpJIRDFANIQQqsuA,"JHGF+5C Una, Belém - PA, Brasil",,,,,,,,,,,,,,,,,,,,,,,,,,,,,,,,,,,,,,,,,,,,,,,,,,,,,,,,,,,,,,,,,,,,,,,,,,,,,,,,,,,,,,,,,,,,,,,,,,,,,,,,,,,,,,,,,,,,,,,,,,,,,,,,,,,,,,,,,,,,,,,,,,,,,,,,,,,,,,,,,,,,,,,,,,,,,,,,,,,,,,,,,,,,,,,,,,,,,,,,,,,,,,,,,,,,,,,,,,,,,,,,,,,,,,,,,,,,,,,,,,,,,,,,,,,,,,,,,,,,,,,,,,,,,,,,,,,,,,,,,,,,,,,,,,,,,,,,,,,,,,,,,,,,,,,,,,,,,,,,,,,,,,,,,,,,,,,,,,,,66652-150,,24,,3,,1,0,0,1,1,PA,"Esquina com - Passagem do Una, R. do Fio, 36",,,,Esquina Mix,3.3,https://www.google.com/maps/search/?api=1&query=Esquina%20Mix&query_place_id=ChIJLYawf5uKpJIRDFANIQQqsuA,
,,,,,,,,,,,,,,,,,,,,,,,,,,,,,,,,,,,,TRUE,,,,,,,,,,,,TRUE,TRUE,,,,,,,,,TRUE,,,,,,,,,,,,,,,,,,,,,,,,,,,,,,,,,,,,,,,,,,,,,,,,,,,,,"Passagem São Pedro, 63 - Cabanagem, Belém - PA, 66625-500, Brasil",Loja de Conveniência,,,,,,,,,Loja de Conveniência,5.04094E+18,Belém,BR,0x92a48b6e9ed12b05:0x45f50014682329e1,,,-1.3721505,-48.4340197,,Cabanagem,segunda-feira,09:30 to 00:00,terça-feira,09:00 to 00:30,quarta-feira,09:00 to 00:30,quinta-feira,09:00 to 00:00,sexta-feira,Atendimento 24 horas,sábado,Atendimento 24 horas,domingo,Atendimento 24 horas,1,MJ Conveniência,5,Outras pessoas pesquisaram,3,Barões conveniência,5,Outras pessoas pesquisaram,4,Conveniência Point Super Pressão,5,Outras pessoas pesquisaram,0,KS Conveniência,0,,,,,+55 91 98166-6956,5591981666956,ChIJBSvRnm6LpJIR4SkjaBQA9UU,"JHH8+49 Cabanagem, Belém - PA, Brasil",0,82,1,94,2,76,3,52,4,11,5,11,6,5,7,0,8,0,9,0,10,5,11,17,12,23,13,29,14,58,15,64,16,58,17,29,18,35,19,29,20,47,21,29,22,41,23,70,6,0,7,0,8,0,9,23,10,17,11,11,12,17,13,5,14,11,15,23,16,52,17,52,18,52,19,47,20,58,21,64,22,70,23,82,,,,,,,,,,,,,,,0,70,1,41,2,17,3,17,4,41,5,41,6,35,7,29,8,41,9,41,10,35,11,35,12,23,13,29,14,35,15,64,16,47,17,58,18,35,19,29,20,52,21,52,22,64,23,82,0,88,1,76,2,88,3,47,4,0,5,5,6,5,7,11,8,35,9,47,10,76,11,88,12,76,13,70,14,35,15,35,16,35,17,23,18,41,19,35,20,58,21,52,22,41,23,17,6,0,7,0,8,0,9,94,10,100,11,64,12,35,13,11,14,23,15,47,16,52,17,47,18,52,19,35,20,47,21,58,22,52,23,58,,,,,,,,,,,,,6,0,7,0,8,0,9,23,10,35,11,23,12,29,13,35,14,58,15,47,16,58,17,58,18,76,19,100,20,94,21,94,22,88,23,52,0,29,,,,,,,,,,,6,0,7,0,8,0,9,47,10,23,11,29,12,17,13,29,14,41,15,70,16,88,17,52,18,58,19,64,20,82,21,58,22,64,23,47,0,17,,,,,,,,,,,,66625-500,,4,,2,,2,0,0,0,0,Pará,"Passagem São Pedro, 63",,,,BARFÔMETRO CONVENIÊNCIA,5,https://www.google.com/maps/search/?api=1&query=BARF%C3%94METRO%20CONVENI%C3%8ANCIA&query_place_id=ChIJBSvRnm6LpJIR4SkjaBQA9UU,
,,,,,,,,,,,,,,,,,,,,,,,,,,,,,,,,,,,,,,,,,TRUE,,,TRUE,,,,,,TRUE,,,,,,TRUE,,,,,,,,,,,,,,,,,,,,,,,,,,,,,,,,,,TRUE,,,,TRUE,,,,TRUE,TRUE,,,,,,,,,,,,"R. Morada dos Ventos, 152 - Mangueirão, Belém - PA, 66640-425, Brasil",Loja de Conveniência,,,,,,,,,Loja de Conveniência,9.55688E+18,Belém,BR,0x92a48a89547584d7:0x84a0db784d04ff39,,,-1.3814938,-48.4339863,,Mangueirão,segunda-feira,10:00 to 22:00,terça-feira,10:00 to 22:00,quarta-feira,10:00 to 22:00,quinta-feira,10:00 to 23:00,sexta-feira,10:00 to 23:00,sábado,10:00 to 23:00,domingo,10:00 to 22:00,3,Zero Grau Conveniência,4.3,Outras pessoas pesquisaram,7,CERVEJARIA ZERO GRAU,5,Outras pessoas pesquisaram,2,Depósito de Bebidas Zero Grau,3,,,,,,,,,+55 91 98012-3823,5591980123823,ChIJ14R1VImKpJIROf8ETXjboIQ,"JH98+CC Mangueirão, Belém - PA, Brasil",6,0,7,0,8,0,9,0,10,58,11,76,12,82,13,94,14,92,15,84,16,64,17,64,18,61,19,71,20,71,21,61,22,61,23,0,,,,,,,,,,,,,6,0,7,0,8,0,9,0,10,56,11,58,12,53,13,48,14,56,15,51,16,53,17,58,18,74,19,61,20,53,21,43,22,0,23,0,,,,,,,,,,,,,,,6,0,7,0,8,0,9,0,10,71,11,82,12,82,13,71,14,76,15,69,16,76,17,69,18,69,19,84,20,92,21,94,22,76,23,0,,,,,,,,,,,,,6,0,7,0,8,0,9,0,10,20,11,33,12,61,13,71,14,84,15,74,16,79,17,79,18,84,19,84,20,87,21,92,22,0,23,0,,,,,,,,,,,,,6,0,7,0,8,0,9,0,10,53,11,66,12,61,13,61,14,48,15,53,16,48,17,58,18,58,19,79,20,76,21,71,22,66,23,0,,,,,,,,,,,,,6,0,7,0,8,0,9,0,10,58,11,64,12,71,13,64,14,56,15,56,16,74,17,82,18,79,19,74,20,61,21,56,22,0,23,0,,,,,,,,,,,,,6,0,7,0,8,0,9,0,10,46,11,66,12,84,13,100,14,92,15,87,16,79,17,82,18,82,19,58,20,51,21,35,22,0,23,0,,,,,,,,,,,,,,66640-425,$,3,,31,,21,3,4,1,2,Pará,"R. Morada dos Ventos, 152",,,,Zero Grau - Conveniência,4.1,https://www.google.com/maps/search/?api=1&query=Zero%20Grau%20-%20Conveni%C3%AAncia&query_place_id=ChIJ14R1VImKpJIROf8ETXjboIQ,
,,,,,,,,,,,,,,,,,,,,,,,,,,,,,,,,,,,TRUE,,,,,,,,,,,,,,,,,,,,,,,,,,,,,,,,,,,,,,,,,,,,,,,,,,,,,,,TRUE,,,,,,,,,,,,,,,,,,,,,"R. Santana, 12 - Guanabara, Ananindeua - PA, 67010-340, Brasil",Loja de Conveniência,,,,,,,,,Loja de Conveniência,1.65572E+19,Ananindeua,BR,0x92a48bde7cbcbc1b:0xe5c6f3f6b6b04b97,,,-1.4013615,-48.4222726,,Guanabara,segunda-feira,09:00 to 23:00,terça-feira,09:00 to 23:00,quarta-feira,09:00 to 23:00,quinta-feira,09:00 to 23:00,sexta-feira,09:00 to 23:00,sábado,09:00 to 23:00,domingo,09:00 to 23:00,1,Conveniência Sant'ana,5,Outras pessoas pesquisaram,0,Conveniência e Lanchonete do Papão,0,Outras pessoas pesquisaram,0,Tudo em conta alimentos e bebidas,0,Outras pessoas pesquisaram,0,Coisinha de Papai,0,,,,,,,ChIJG7y8fN6LpJIRl0uwtvbzxuU,"HHXH+F3 Guanabara, Ananindeua - PA, Brasil",6,0,7,0,8,0,9,0,10,0,11,9,12,18,13,45,14,45,15,27,16,9,17,0,18,0,19,0,20,9,21,45,22,63,23,0,,,,,,,,,,,,,6,0,7,0,8,0,9,9,10,0,11,0,12,0,13,9,14,27,15,18,16,27,17,45,18,54,19,18,20,9,21,9,22,27,23,0,,,,,,,,,,,,,,,6,0,7,0,8,0,9,45,10,27,11,9,12,27,13,27,14,9,15,0,16,27,17,63,18,90,19,36,20,36,21,36,22,72,23,0,,,,,,,,,,,,,6,0,7,0,8,0,9,27,10,54,11,27,12,9,13,0,14,0,15,0,16,0,17,18,18,63,19,81,20,72,21,36,22,9,23,0,,,,,,,,,,,,,6,0,7,0,8,0,9,9,10,9,11,36,12,27,13,18,14,27,15,9,16,9,17,27,18,36,19,45,20,100,21,100,22,63,23,0,,,,,,,,,,,,,6,0,7,0,8,0,9,27,10,18,11,36,12,45,13,45,14,36,15,54,16,63,17,54,18,18,19,0,20,18,21,54,22,81,23,0,,,,,,,,,,,,,6,0,7,0,8,0,9,45,10,45,11,36,12,9,13,0,14,9,15,27,16,36,17,18,18,9,19,0,20,0,21,0,22,0,23,0,,,,,,,,,,,,,,67010-340,,20,,0,,,,,,,Pará,"R. Santana, 12",,,,Conveniência Fim de Papo,,https://www.google.com/maps/search/?api=1&query=Conveni%C3%AAncia%20Fim%20de%20Papo&query_place_id=ChIJG7y8fN6LpJIRl0uwtvbzxuU,https://www.lojalocal.com/amstel/00057926816272
,,,,,,,,,,,,,,,,,,,,,,,,,,,,,,,,,,,,,,,,,,,,,,,,,,,,,,,,,,,,,,,,,,,,,,,,,,,,,,,,,,,,,,,,,,,,,,,,,,,,,,,,,,,,,,,"Av. Paulo Costa - Outeiro, Belém - PA, 66843-005, Brasil",Loja de Conveniência,,,,,,,,,Loja de Conveniência,1.58969E+19,Belém,BR,0x92a4679fa9b7c315:0xdc9d277699104a5f,,,-1.2566049,-48.4510925,,Outeiro,segunda-feira,08:30 to 21:00,terça-feira,08:30 to 21:00,quarta-feira,08:30 to 21:00,quinta-feira,08:30 to 21:00,sexta-feira,08:30 to 21:00,sábado,09:00 to 22:00,domingo,09:00 to 15:00,11,Conveniência Mel Miranda.,5,Outras pessoas pesquisaram,1,SC ALIMENTOS,5,,,,,,,,,,,,,+55 91 98612-4838,5591986124838,ChIJFcO3qZ9npJIRX0oQmXYnndw,"PGVX+9H Outeiro, Belém - PA, Brasil",,,,,,,,,,,,,,,,,,,,,,,,,,,,,,,,,,,,,,,,,,,,,,,,,,,,,,,,,,,,,,,,,,,,,,,,,,,,,,,,,,,,,,,,,,,,,,,,,,,,,,,,,,,,,,,,,,,,,,,,,,,,,,,,,,,,,,,,,,,,,,,,,,,,,,,,,,,,,,,,,,,,,,,,,,,,,,,,,,,,,,,,,,,,,,,,,,,,,,,,,,,,,,,,,,,,,,,,,,,,,,,,,,,,,,,,,,,,,,,,,,,,,,,,,,,,,,,,,,,,,,,,,,,,,,,,,,,,,,,,,,,,,,,,,,,,,,,,,,,,,,,,,,,,,,,,,,,,,,,,,,,,,,,,,,,,,,,,,,,,66843-005,,11,,0,,,,,,,Pará,Av. Paulo Costa,,,,Conveniencia-sa,,https://www.google.com/maps/search/?api=1&query=Conveniencia-sa&query_place_id=ChIJFcO3qZ9npJIRX0oQmXYnndw,http://www.conveniencia-sa.servicos.ltda/
,,,,,,,,,,,,,,,,,,,,,,,,,,,,,,,,,,,,TRUE,,,,,,,,,,,,,,,,,,,,,,,,,,,,,,,,,,,,,,,,,,,,,,,,,,,,,,,,,,,,,,,,,,,,,,,,,,,"R. Jardim Esmeralda, 614 - Guanabara, Ananindeua - PA, 67010-660, Brasil",Loja de Conveniência,,,,,,,,,Loja de Conveniência,3.00154E+18,Ananindeua,BR,0x92a48b000e2e487d:0x29a79ddf176ed4f1,,,-1.3999091,-48.4202782,,Guanabara,,,,,,,,,,,,,,,,,,,,,,,,,,,,,,,,,,,,ChIJfUguDgCLpJIR8dRuF9-dpyk,"JH2H+2V Guanabara, Ananindeua - PA, Brasil",,,,,,,,,,,,,,,,,,,,,,,,,,,,,,,,,,,,,,,,,,,,,,,,,,,,,,,,,,,,,,,,,,,,,,,,,,,,,,,,,,,,,,,,,,,,,,,,,,,,,,,,,,,,,,,,,,,,,,,,,,,,,,,,,,,,,,,,,,,,,,,,,,,,,,,,,,,,,,,,,,,,,,,,,,,,,,,,,,,,,,,,,,,,,,,,,,,,,,,,,,,,,,,,,,,,,,,,,,,,,,,,,,,,,,,,,,,,,,,,,,,,,,,,,,,,,,,,,,,,,,,,,,,,,,,,,,,,,,,,,,,,,,,,,,,,,,,,,,,,,,,,,,,,,,,,,,,,,,,,,,,,,,,,,,,,,,,,,,,,67010-660,,19,,0,,,,,,,Pará,"R. Jardim Esmeralda, 614",,,,JP CONVENIÊNCIA,,https://www.google.com/maps/search/?api=1&query=JP%20CONVENI%C3%8ANCIA&query_place_id=ChIJfUguDgCLpJIR8dRuF9-dpyk,
,,,,,,,,,,,,,,,,,,,,,,,,,,,,,,,,,,,,,,,,,,,,,,,,,,,,,,,,,,,,,,,,,,,,,,,,,,,,,,,,,,,,,,,,,,TRUE,,,,,,,,,,,,,,,,,,,,,"R. Mariano, 270 - Castanheira, Belém - PA, 66645-414, Brasil",Loja de Conveniência,,,,,,,,,Loja de Conveniência,9.67231E+17,Belém,BR,0x92a48bb442eab50f:0xd6c4b58c52e3b30,,,-1.4111686,-48.4321116,,Castanheira,segunda-feira,"08:00 to 14:00, 15:30 to 22:00",terça-feira,"08:00 to 14:00, 15:30 to 22:00",quarta-feira,"08:00 to 14:00, 15:30 to 22:00",quinta-feira,"08:00 to 14:00, 15:30 to 22:00",sexta-feira,"08:00 to 14:00, 15:30 to 22:00",sábado,08:00 to 22:00,domingo,08:00 to 22:00,0,UBN Conveniência,0,Outras pessoas pesquisaram,1,Depósito Noronha,5,Outras pessoas pesquisaram,34,Tudo Conveniência Entroncamento,4.1,,,,,,,,,+55 91 98420-6818,5591984206818,ChIJD7XqQrSLpJIRMDsuxVhLbA0,"HHQ9+G5 Castanheira, Belém - PA, Brasil",6,0,7,0,8,22,9,55,10,55,11,77,12,66,13,33,14,0,15,44,16,44,17,11,18,11,19,33,20,66,21,44,22,0,23,0,,,,,,,,,,,,,6,0,7,0,8,0,9,11,10,11,11,33,12,77,13,44,14,0,15,66,16,44,17,33,18,11,19,0,20,11,21,33,22,0,23,0,,,,,,,,,,,,,,,6,0,7,0,8,11,9,33,10,66,11,55,12,66,13,100,14,88,15,66,16,77,17,66,18,77,19,33,20,11,21,0,22,0,23,0,,,,,,,,,,,,,6,0,7,0,8,33,9,22,10,44,11,22,12,11,13,0,14,0,15,0,16,11,17,33,18,44,19,22,20,33,21,77,22,0,23,0,,,,,,,,,,,,,6,0,7,0,8,55,9,22,10,22,11,33,12,33,13,11,14,0,15,0,16,22,17,44,18,55,19,22,20,11,21,0,22,0,23,0,,,,,,,,,,,,,6,0,7,0,8,33,9,44,10,33,11,22,12,33,13,22,14,0,15,22,16,33,17,44,18,11,19,0,20,0,21,0,22,0,23,0,,,,,,,,,,,,,6,0,7,0,8,0,9,0,10,0,11,0,12,0,13,11,14,0,15,44,16,11,17,0,18,22,19,55,20,88,21,55,22,0,23,0,,,,,,,,,,,,,,66645-414,,18,,0,,,,,,,Pará,"R. Mariano, 270",,,,Conveniência do Guilherme,,https://www.google.com/maps/search/?api=1&query=Conveni%C3%AAncia%20do%20Guilherme&query_place_id=ChIJD7XqQrSLpJIRMDsuxVhLbA0,
,,,,,,,,,,,,,,,,,,,,,,,,,,,,,,,,,,,TRUE,,,,,,,,,,,,,,,,,,,,,,,,,,,,,,,,,,,,,,,,,,,,,,,,,,,,,,,,,,,,,,,,,,,,,,,,,,,,"R MARX (RES OLGA BENARIO), S/N - Águas Lindas, Belém - PA, 66690-300, Brasil",Loja de Conveniência,,,,,,,,,Loja de Conveniência,5.03859E+18,Belém,BR,0x92a4f559cc1140f9:0x45ecaa96e9dd33c1,,,-1.4076348,-48.3941597,,Águas Lindas,,,,,,,,,,,,,,,0,Conveniência Jr,0,Outras pessoas pesquisaram,0,Rafaela Conveniência,0,Outras pessoas pesquisaram,2,RS Conveniência,5,Outras pessoas pesquisaram,1,R&R CONVENIÊNCIA,5,,,,,+55 91 98511-9442,5591985119442,ChIJ-UARzFn1pJIRwTPd6Zaq7EU,"HJR4+W8 Águas Lindas, Belém - PA, Brasil",,,,,,,,,,,,,,,,,,,,,,,,,,,,,,,,,,,,,,,,,,,,,,,,,,,,,,,,,,,,,,,,,,,,,,,,,,,,,,,,,,,,,,,,,,,,,,,,,,,,,,,,,,,,,,,,,,,,,,,,,,,,,,,,,,,,,,,,,,,,,,,,,,,,,,,,,,,,,,,,,,,,,,,,,,,,,,,,,,,,,,,,,,,,,,,,,,,,,,,,,,,,,,,,,,,,,,,,,,,,,,,,,,,,,,,,,,,,,,,,,,,,,,,,,,,,,,,,,,,,,,,,,,,,,,,,,,,,,,,,,,,,,,,,,,,,,,,,,,,,,,,,,,,,,,,,,,,,,,,,,,,,,,,,,,,,,,,,,,,,66690-300,,14,,1,,1,0,0,0,0,PA,"R MARX (RES OLGA BENARIO), S/N",,,,W.R CONVENIÊNCIA,5,https://www.google.com/maps/search/?api=1&query=W.R%20CONVENI%C3%8ANCIA&query_place_id=ChIJ-UARzFn1pJIRwTPd6Zaq7EU,https://www.lojalocal.com/44678971000160
,,,,,,,,,,,,,,,,,,,,,,,,,,,,,,,,,,,TRUE,,,,,,,,,,,,,,,,,,,,,,,,,,,,,,,,,,,,,,,,,,,,,,,,,,,,,,,,,,,,,,,,,,,,,,,,,,,,"Passagem Otil, 60 - Castanheira, Belém - PA, 66645-100, Brasil",Loja de Conveniência,,,,,,,,,Loja de Conveniência,1.41243E+19,Belém,BR,0x92a48bb1bb1e76ef:0xc403ba9482e408b6,,,-1.4090442,-48.4273854,,Castanheira,segunda-feira,09:00 to 00:00,terça-feira,09:00 to 00:00,quarta-feira,09:00 to 00:00,quinta-feira,09:00 to 00:00,sexta-feira,09:00 to 00:00,sábado,09:00 to 03:00,domingo,08:00 to 00:00,5,Conveniência Pit Stop BR,4.8,Outras pessoas pesquisaram,0,Conveniência Pirajá,0,Outras pessoas pesquisaram,12,Bar do Paraguai,4.2,,,,,,,,,+55 91 98597-0090,5591985970090,ChIJ73Yeu7GLpJIRtgjkgpS6A8Q,"HHRF+92 Castanheira, Belém - PA, Brasil",6,0,7,0,8,0,9,11,10,5,11,5,12,11,13,5,14,0,15,0,16,5,17,0,18,0,19,0,20,11,21,29,22,41,23,29,,,,,,,,,,,,,6,0,7,0,8,0,9,41,10,23,11,11,12,0,13,0,14,0,15,11,16,17,17,23,18,35,19,17,20,5,21,0,22,11,23,11,,,,,,,,,,,,,,,6,0,7,0,8,0,9,47,10,29,11,35,12,47,13,47,14,23,15,11,16,17,17,41,18,17,19,23,20,41,21,64,22,35,23,29,0,23,1,35,2,29,,,,,,,6,0,7,0,8,11,9,0,10,5,11,23,12,17,13,29,14,23,15,35,16,29,17,47,18,17,19,17,20,17,21,5,22,0,23,0,,,,,,,,,,,,,6,0,7,0,8,0,9,5,10,0,11,5,12,17,13,29,14,23,15,35,16,23,17,23,18,35,19,52,20,52,21,82,22,100,23,76,,,,,,,,,,,,,6,0,7,0,8,0,9,5,10,0,11,5,12,5,13,11,14,29,15,17,16,23,17,41,18,52,19,41,20,23,21,29,22,41,23,23,,,,,,,,,,,,,6,0,7,0,8,0,9,23,10,29,11,35,12,52,13,58,14,47,15,29,16,5,17,0,18,0,19,0,20,17,21,23,22,29,23,17,,,,,,,,,,,,,,66645-100,,15,,1,,1,0,0,0,0,Pará,"Passagem Otil, 60",,,,Conveniência Piauí,5,https://www.google.com/maps/search/?api=1&query=Conveni%C3%AAncia%20Piau%C3%AD&query_place_id=ChIJ73Yeu7GLpJIRtgjkgpS6A8Q,
,,,,,,,,,,,,,,,,,,,,,,,,,,,,,,,,,,,,,,,,,,,,,,,,,,,,,,,,,,,,,,,,,,,,,,,,,,,,,,,,,,,,,,,,,,,,,,,,,,,,,,,,,,,,,,,"R. Euclides da Cunha - Castanheira, Belém - PA, 66645-130, Brasil",Loja de Conveniência,,,,,,,,,Loja de Conveniência,1.69713E+18,Belém,BR,0x92a48b001d807967:0x178d6d73c954c6a1,,,-1.4091969,-48.4284666,,Castanheira,,,,,,,,,,,,,,,,,,,,,,,,,,,,,,,,,,,,ChIJZ3mAHQCLpJIRocZUyXNtjRc,"HHRC+8J Castanheira, Belém - PA, Brasil",,,,,,,,,,,,,,,,,,,,,,,,,,,,,,,,,,,,,,,,,,,,,,,,,,,,,,,,,,,,,,,,,,,,,,,,,,,,,,,,,,,,,,,,,,,,,,,,,,,,,,,,,,,,,,,,,,,,,,,,,,,,,,,,,,,,,,,,,,,,,,,,,,,,,,,,,,,,,,,,,,,,,,,,,,,,,,,,,,,,,,,,,,,,,,,,,,,,,,,,,,,,,,,,,,,,,,,,,,,,,,,,,,,,,,,,,,,,,,,,,,,,,,,,,,,,,,,,,,,,,,,,,,,,,,,,,,,,,,,,,,,,,,,,,,,,,,,,,,,,,,,,,,,,,,,,,,,,,,,,,,,,,,,,,,,,,,,,,,,,66645-130,,13,,0,,,,,,,Pará,R. Euclides da Cunha,,,,Bar do dragão,,https://www.google.com/maps/search/?api=1&query=Bar%20do%20drag%C3%A3o&query_place_id=ChIJZ3mAHQCLpJIRocZUyXNtjRc,
,,,,,,,,,,,,,,,,,,,,,,,,,,,,,,,,,,,,TRUE,,,,,,TRUE,,,,,,,,,,,,,,,,,,,,,,,,,,,,,,,,,,,,,,,,,,,,,,,,TRUE,,,,,,,,,,,,,TRUE,,,,,,,,"R. da Mata, 22 - Águas Lindas, Belém - PA, 66690-790, Brasil",Loja de Conveniência,,,,,,,,,Loja de Conveniência,1.52501E+19,Belém,BR,0x92a4f5726d0462eb:0xd3a3407b64b1eadb,,,-1.4121671,-48.3954625,,Águas Lindas,segunda-feira,07:30 to 22:00,terça-feira,08:00 to 00:00,quarta-feira,07:30 to 22:00,quinta-feira,07:30 to 22:00,sexta-feira,07:30 to 22:00,sábado,07:30 to 22:00,domingo,11:00 to 22:00,1,W.R CONVENIÊNCIA,5,Outras pessoas pesquisaram,0,Rafaela Conveniência,0,Outras pessoas pesquisaram,0,Roger Conveniência,0,Outras pessoas pesquisaram,2,RS Conveniência,5,Outras pessoas pesquisaram,1,Depósito de bebidas do Cláudio,5,+55 91 98435-5395,5591984355395,ChIJ62IEbXL1pJIR2-qxZHtAo9M,"HJQ3+4R Águas Lindas, Belém - PA, Brasil",6,0,7,7,8,21,9,35,10,14,11,7,12,0,13,0,14,7,15,7,16,14,17,42,18,50,19,64,20,64,21,78,22,0,23,0,,,,,,,,,,,,,6,0,7,7,8,0,9,14,10,14,11,28,12,21,13,28,14,7,15,0,16,0,17,0,18,7,19,7,20,0,21,7,22,0,23,0,,,,,,,,,,,,,,,6,0,7,7,8,7,9,28,10,28,11,14,12,14,13,28,14,21,15,28,16,42,17,42,18,50,19,85,20,85,21,100,22,0,23,0,,,,,,,,,,,,,6,0,7,0,8,0,9,0,10,0,11,14,12,35,13,71,14,35,15,21,16,7,17,14,18,28,19,14,20,7,21,0,22,0,23,0,,,,,,,,,,,,,6,0,7,57,8,50,9,42,10,28,11,7,12,0,13,7,14,21,15,42,16,42,17,35,18,57,19,42,20,35,21,35,22,0,23,0,,,,,,,,,,,,,6,0,7,0,8,42,9,21,10,21,11,28,12,35,13,14,14,21,15,21,16,50,17,21,18,7,19,14,20,35,21,64,22,92,23,100,,,,,,,,,,,,,6,0,7,0,8,7,9,0,10,0,11,0,12,0,13,0,14,7,15,14,16,28,17,14,18,28,19,42,20,78,21,85,22,0,23,0,,,,,,,,,,,,,,66690-790,,12,,1,,1,0,0,0,0,Pará,"R. da Mata, 22",,,,CLAUDIO ROGER e RENATA ALBUQUERQUE,5,https://www.google.com/maps/search/?api=1&query=CLAUDIO%20ROGER%20e%20RENATA%20ALBUQUERQUE&query_place_id=ChIJ62IEbXL1pJIR2-qxZHtAo9M,
,,,,,,,,,,,,,,,TRUE,,,TRUE,,,,,,,,,,,,,,,,,,TRUE,,,,,,,,,,,,TRUE,,,,TRUE,,,,,,,,,,,,,,,,,,,,,,,,,,,,,,,,,,,,,,TRUE,,,,TRUE,,,,TRUE,TRUE,,,,,,,,,,,,"Passagem Santa Cecília - Águas Lindas, Belém - PA, 66690-630, Brasil",Loja de Conveniência,,,,,,,,,Loja de Conveniência,1.44939E+19,Belém,BR,0x92a4f5f19fccb4ff:0xc924932c258d4961,,,-1.4041664,-48.3972077,,Águas Lindas,segunda-feira,07:00 to 22:00,terça-feira,07:00 to 22:00,quarta-feira,07:00 to 22:00,quinta-feira,07:00 to 22:00,sexta-feira,07:00 to 04:00,sábado,07:00 to 04:00,domingo,07:00 to 04:00,2,Depósito de Bebidas Zero Grau,3,Outras pessoas pesquisaram,2,Bebidas 24 horas,5,Outras pessoas pesquisaram,0,Depósito de Bebidas & Conveniência Altas Horas,0,Outras pessoas pesquisaram,1,W.R CONVENIÊNCIA,5,,,,,+55 91 3202-8855,559132028855,ChIJ_7TMn_H1pJIRYUmNJSyTJMk,"HJW3+84 Águas Lindas, Belém - PA, Brasil",6,0,7,50,8,50,9,83,10,58,11,33,12,16,13,41,14,50,15,33,16,16,17,25,18,58,19,41,20,41,21,16,22,16,23,16,0,16,1,8,2,16,3,33,,,,,6,0,7,8,8,8,9,0,10,8,11,16,12,33,13,16,14,8,15,0,16,0,17,0,18,8,19,8,20,16,21,16,22,0,23,0,,,,,,,,,,,,,,,6,0,7,50,8,25,9,0,10,0,11,0,12,0,13,8,14,16,15,16,16,16,17,16,18,16,19,8,20,8,21,0,22,0,23,8,0,25,1,58,2,100,3,50,,,,,6,0,7,58,8,25,9,16,10,25,11,25,12,33,13,33,14,66,15,41,16,16,17,0,18,0,19,8,20,16,21,16,22,0,23,0,0,0,1,0,2,0,3,8,,,,,6,0,7,8,8,25,9,16,10,0,11,16,12,41,13,66,14,58,15,33,16,33,17,16,18,16,19,0,20,16,21,33,22,0,23,0,,,,,,,,,,,,,6,0,7,33,8,25,9,33,10,16,11,16,12,25,13,50,14,58,15,50,16,41,17,8,18,0,19,8,20,25,21,50,22,0,23,0,,,,,,,,,,,,,6,0,7,58,8,41,9,58,10,41,11,16,12,0,13,0,14,8,15,33,16,25,17,25,18,41,19,41,20,25,21,41,22,0,23,0,,,,,,,,,,,,,,66690-630,,6,,2,,2,0,0,0,0,Pará,Passagem Santa Cecília,,,,RS Conveniência,5,https://www.google.com/maps/search/?api=1&query=RS%20Conveni%C3%AAncia&query_place_id=ChIJ_7TMn_H1pJIRYUmNJSyTJMk,
,,,,,,,,,,,,,,,,,,,,,,,,,,,,,,,,,,,,,,,,,,,,,,,,,,,,,,,,,,,,,,,,,,,,,,,,,,,,,,,,,,,,,,,,,,TRUE,,,,TRUE,,,,TRUE,TRUE,,,,,,,,,,,,"Passagem Sta Terezinha, 49 - Condor, Belém - PA, 66033-190, Brasil",Loja de Conveniência,,,,,,,,,Loja de Conveniência,1.64291E+19,Belém,BR,0x92a48f8dad19b2fb:0xe3ffb61c0562f1b3,,,-1.4766927,-48.4825734,,Condor,segunda-feira,09:00 to 22:00,terça-feira,09:00 to 22:00,quarta-feira,09:00 to 22:00,quinta-feira,09:00 to 22:00,sexta-feira,09:00 to 22:00,sábado,09:00 to 22:00,domingo,09:00 to 22:00,,,,,,,,,,,,,,,,,,,,+55 62 99362-0315,5562993620315,ChIJ-7IZrY2PpJIRs_FiBRy2_-M,"GGF8+8X Condor, Belém - PA, Brasil",6,0,7,0,8,0,9,37,10,25,11,18,12,37,13,50,14,62,15,68,16,56,17,43,18,37,19,18,20,25,21,18,22,0,23,0,,,,,,,,,,,,,6,0,7,0,8,0,9,56,10,50,11,56,12,31,13,37,14,12,15,12,16,0,17,0,18,0,19,6,20,12,21,31,22,0,23,0,,,,,,,,,,,,,,,6,0,7,0,8,0,9,43,10,62,11,37,12,31,13,25,14,12,15,18,16,37,17,37,18,43,19,75,20,75,21,50,22,0,23,0,,,,,,,,,,,,,6,0,7,0,8,0,9,37,10,56,11,56,12,37,13,25,14,37,15,43,16,50,17,100,18,75,19,87,20,43,21,18,22,0,23,0,,,,,,,,,,,,,6,0,7,0,8,0,9,43,10,56,11,25,12,18,13,18,14,37,15,25,16,18,17,25,18,18,19,12,20,6,21,12,22,0,23,0,,,,,,,,,,,,,6,0,7,0,8,0,9,25,10,37,11,37,12,25,13,18,14,6,15,6,16,12,17,12,18,25,19,37,20,56,21,50,22,0,23,0,,,,,,,,,,,,,6,0,7,0,8,0,9,56,10,25,11,12,12,0,13,6,14,0,15,6,16,12,17,6,18,0,19,0,20,6,21,6,22,0,23,0,,,,,,,,,,,,,,66033-190,,10,,2,,2,0,0,0,0,Pará,"Passagem Sta Terezinha, 49",,,,Célia variedades,5,https://www.google.com/maps/search/?api=1&query=C%C3%A9lia%20variedades&query_place_id=ChIJ-7IZrY2PpJIRs_FiBRy2_-M,
,,,,,,,,,,,,,,,,,,,,,,,,,,,,,,,,,,,,,,,,,,,,,,,,,,,,,,,,,,,,,,,,,,,,,,,,,,,,,,,,,,,,,,,,,,,,,,,,,,,,,,,,,,,,,,,"Av. Beira Mar - São Francisco, Belém - PA, 66920-790, Brasil",Loja de Conveniência,,,,,,,,,Loja de Conveniência,1.65644E+19,Belém,BR,0x92a415995c1e74f5:0xe5e079113089dd37,,,-1.1089049,-48.4224351,,São Francisco,,,,,,,,,,,,,,,,,,,,,,,,,,,,,,,,,,,,ChIJ9XQeXJkVpJIRN92JMBF54OU,"VHRH+C2 São Francisco, Belém - PA, Brasil",,,,,,,,,,,,,,,,,,,,,,,,,,,,,,,,,,,,,,,,,,,,,,,,,,,,,,,,,,,,,,,,,,,,,,,,,,,,,,,,,,,,,,,,,,,,,,,,,,,,,,,,,,,,,,,,,,,,,,,,,,,,,,,,,,,,,,,,,,,,,,,,,,,,,,,,,,,,,,,,,,,,,,,,,,,,,,,,,,,,,,,,,,,,,,,,,,,,,,,,,,,,,,,,,,,,,,,,,,,,,,,,,,,,,,,,,,,,,,,,,,,,,,,,,,,,,,,,,,,,,,,,,,,,,,,,,,,,,,,,,,,,,,,,,,,,,,,,,,,,,,,,,,,,,,,,,,,,,,,,,,,,,,,,,,,,,,,,,,,,66920-790,,6,,0,,,,,,,Pará,Av. Beira Mar,,,,Comercial do Gigante,,https://www.google.com/maps/search/?api=1&query=Comercial%20do%20Gigante&query_place_id=ChIJ9XQeXJkVpJIRN92JMBF54OU,
